{
  "name": "Bulbasaur",
  "dex": 1,
  "defaultForms": [
    ""
  ],
  "forms": [
    {
      "name": "",
      "experienceGroup": "MEDIUM_SLOW",
      "dimensions": {
        "height": 0.62,
        "width": 0.7,
        "length": 1,
        "eyeHeight": 0.62,
        "hoverHeight": 0.62
      },
      "moves": {
        "levelUpMoves": [
          {
            "level": 0,
            "attacks": [
              "Growl",
              "Tackle"
            ]
          },
          {
            "level": 3,
            "attacks": [
              "Vine Whip"
            ]
          },
          {
            "level": 6,
            "attacks": [
              "Growth"
            ]
          },
          {
            "level": 9,
            "attacks": [
              "Leech Seed"
            ]
          },
          {
            "level": 12,
            "attacks": [
              "Razor Leaf"
            ]
          },
          {
            "level": 15,
            "attacks": [
              "Poison Powder",
              "Sleep Powder"
            ]
          },
          {
            "level": 18,
            "attacks": [
              "Seed Bomb"
            ]
          },
          {
            "level": 21,
            "attacks": [
              "Take Down"
            ]
          },
          {
            "level": 24,
            "attacks": [
              "Sweet Scent"
            ]
          },
          {
            "level": 27,
            "attacks": [
              "Synthesis"
            ]
          },
          {
            "level": 30,
            "attacks": [
              "Worry Seed"
            ]
          },
          {
            "level": 33,
            "attacks": [
              "Double-Edge"
            ]
          },
          {
            "level": 36,
            "attacks": [
              "Solar Beam"
            ]
          }
        ],
        "tutorMoves": [
          "Grass Pledge",
          "Grassy Glide"
        ],
        "eggMoves": [
          "Curse",
          "Ingrain",
          "Nature Power",
          "Petal Dance",
          "Skull Bash",
          "Toxic"
        ],
        "tmMoves8": [
          "Magical Leaf",
          "Solar Beam",
          "Light Screen",
          "Safeguard",
          "Rest",
          "Snore",
          "Protect",
          "Giga Drain",
          "Charm",
          "Attract",
          "Sunny Day",
          "Facade",
          "Helping Hand",
          "Weather Ball",
          "Bullet Seed",
          "Venoshock",
          "Round",
          "Grassy Terrain",
          "False Swipe"
        ],
        "trMoves": [
          "Swords Dance",
          "Body Slam",
          "Amnesia",
          "Substitute",
          "Sludge Bomb",
          "Endure",
          "Sleep Talk",
          "Seed Bomb",
          "Energy Ball",
          "Leaf Storm",
          "Power Whip",
          "Grass Knot",
          "Work Up"
        ],
        "hmMoves": [],
        "transferMoves": [
          "Bide",
          "Bind",
          "Block",
          "Captivate",
          "Celebrate",
          "Confide",
          "Cut",
          "Defense Curl",
          "Double Team",
          "Echoed Voice",
          "Flash",
          "Frenzy Plant",
          "Frustration",
          "Fury Cutter",
          "Grass Whistle",
          "Headbutt",
          "Hidden Power",
          "Knock Off",
          "Mega Drain",
          "Mimic",
          "Mud-Slap",
          "Natural Gift",
          "Outrage",
          "Rage",
          "Razor Wind",
          "Reflect",
          "Return",
          "Rock Smash",
          "Secret Power",
          "Sludge",
          "Strength",
          "String Shot",
          "Swagger"
        ],
        "tmMoves7": [
          "Work Up",
          "Toxic",
          "Venoshock",
          "Hidden Power",
          "Sunny Day",
          "Light Screen",
          "Protect",
          "Safeguard",
          "Frustration",
          "Solar Beam",
          "Return",
          "Double Team",
          "Sludge Bomb",
          "Facade",
          "Rest",
          "Attract",
          "Round",
          "Echoed Voice",
          "Energy Ball",
          "Swords Dance",
          "Grass Knot",
          "Swagger",
          "Sleep Talk",
          "Substitute",
          "Nature Power",
          "Confide"
        ],
        "tmMoves6": [
          "Toxic",
          "Venoshock",
          "Hidden Power",
          "Sunny Day",
          "Light Screen",
          "Protect",
          "Safeguard",
          "Frustration",
          "Solar Beam",
          "Return",
          "Double Team",
          "Sludge Bomb",
          "Facade",
          "Rest",
          "Attract",
          "Round",
          "Echoed Voice",
          "Energy Ball",
          "Flash",
          "Swords Dance",
          "Grass Knot",
          "Swagger",
          "Sleep Talk",
          "Substitute",
          "Secret Power",
          "Nature Power",
          "Confide"
        ],
        "tmMoves5": [
          "Toxic",
          "Venoshock",
          "Hidden Power",
          "Sunny Day",
          "Light Screen",
          "Protect",
          "Safeguard",
          "Frustration",
          "Solar Beam",
          "Return",
          "Double Team",
          "Sludge Bomb",
          "Facade",
          "Rest",
          "Attract",
          "Round",
          "Echoed Voice",
          "Energy Ball",
          "Flash",
          "Swords Dance",
          "Grass Knot",
          "Swagger",
          "Substitute",
          "Rock Smash"
        ],
        "tmMoves4": [
          "Toxic",
          "Bullet Seed",
          "Hidden Power",
          "Sunny Day",
          "Protect",
          "Giga Drain",
          "Frustration",
          "Solar Beam",
          "Return",
          "Double Team",
          "Sludge Bomb",
          "Facade",
          "Secret Power",
          "Rest",
          "Attract",
          "Energy Ball",
          "Endure",
          "Flash",
          "Swords Dance",
          "Captivate",
          "Sleep Talk",
          "Natural Gift",
          "Grass Knot",
          "Swagger",
          "Substitute"
        ],
        "tmMoves3": [
          "Toxic",
          "Bullet Seed",
          "Hidden Power",
          "Sunny Day",
          "Protect",
          "Giga Drain",
          "Frustration",
          "Solar Beam",
          "Return",
          "Double Team",
          "Sludge Bomb",
          "Facade",
          "Secret Power",
          "Rest",
          "Attract"
        ],
        "tmMoves2": [
          "Headbutt",
          "Curse",
          "Toxic",
          "Hidden Power",
          "Sunny Day",
          "Sweet Scent",
          "Snore",
          "Protect",
          "Giga Drain",
          "Endure",
          "Frustration",
          "Solar Beam",
          "Return",
          "Mud-Slap",
          "Double Team",
          "Swagger",
          "Sleep Talk",
          "Defense Curl",
          "Rest",
          "Attract",
          "Fury Cutter"
        ],
        "tmMoves1": [
          "Swords Dance",
          "Toxic",
          "Body Slam",
          "Take Down",
          "Double-Edge",
          "Rage",
          "Mega Drain",
          "Solar Beam",
          "Mimic",
          "Double Team",
          "Reflect",
          "Bide",
          "Rest",
          "Substitute"
        ],
        "tmMoves": []
      },
      "abilities": {
        "abilities": [
          "Overgrow"
        ],
        "hiddenAbilities": [
          "Chlorophyll"
        ]
      },
      "movement": {
        "rideable": false,
        "canFly": false,
        "canSurf": false,
        "canRideShoulder": false
      },
      "aggression": {
        "timid": 80,
        "passive": 0,
        "aggressive": 20
      },
      "battleStats": {
        "hp": 45,
        "attack": 49,
        "defense": 49,
        "specialAttack": 65,
        "specialDefense": 65,
        "speed": 45
      },
      "tags": [],
      "spawn": {
        "baseExp": 64,
        "baseFriendship": 70,
        "spawnLevel": 10,
        "spawnLevelRange": 6,
        "spawnLocations": [
          "LAND"
        ]
      },
      "possibleGenders": [
        "MALE",
        "FEMALE"
      ],
      "genderProperties": [
        {
          "gender": "ALL",
          "palettes": [
            {
              "name": "none",
              "texture": "pixelmon:pokemon/001_bulbasaur/all/base/none/texture.png",
              "sprite": "pixelmon:pokemon/001_bulbasaur/all/base/none/sprite.png",
              "particle": "",
              "modelLocator": {
                "factoryType": "NORMAL",
                "pqc": [
                  "pixelmon:pokemon/001_bulbasaur/all/base/none/model.pqc"
                ]
              },
              "sounds": []
            },
            {
              "name": "shiny",
              "texture": "pixelmon:pokemon/001_bulbasaur/all/base/shiny/texture.png",
              "sprite": "pixelmon:pokemon/001_bulbasaur/all/base/shiny/sprite.png",
              "particle": "arcanery:shiny"
            },
			{
              "name": "arctic",
              "texture": "pixelmon:pokemon/001_bulbasaur/all/base/custom-arctic/texture.png",
              "sprite": "pixelmon:pokemon/001_bulbasaur/all/base/custom-arctic/sprite.png",
              "particle": ""
            },
			{
              "name": "autumn",
              "texture": "pixelmon:pokemon/001_bulbasaur/all/base/custom-autumn/texture.png",
              "sprite": "pixelmon:pokemon/001_bulbasaur/all/base/custom-autumn/sprite.png",
              "particle": ""
            },
			{
              "name": "blood",
              "texture": "pixelmon:pokemon/001_bulbasaur/all/base/custom-blood/texture.png",
              "sprite": "pixelmon:pokemon/001_bulbasaur/all/base/custom-blood/sprite.png",
              "particle": ""
            },
			{
              "name": "coral reef",
              "texture": "pixelmon:pokemon/001_bulbasaur/all/base/custom-coralreef/texture.png",
              "sprite": "pixelmon:pokemon/001_bulbasaur/all/base/custom-coralreef/sprite.png",
              "particle": ""
            },
			{
              "name": "cosplay",
              "texture": "pixelmon:pokemon/001_bulbasaur/all/base/custom-cosplay/texture.png",
              "sprite": "pixelmon:pokemon/001_bulbasaur/all/base/custom-cosplay/sprite.png",
              "particle": ""
            },
			{
              "name": "diamond",
              "texture": "pixelmon:pokemon/001_bulbasaur/all/base/custom-diamond/texture.png",
              "sprite": "pixelmon:pokemon/001_bulbasaur/all/base/custom-diamond/sprite.png",
              "particle": ""
            },
			{
              "name": "ditto",
              "texture": "pixelmon:pokemon/001_bulbasaur/all/base/custom-ditto/texture.png",
              "sprite": "pixelmon:pokemon/001_bulbasaur/all/base/custom-ditto/sprite.png",
              "particle": ""
            },
			{
              "name": "easter",
              "texture": "pixelmon:pokemon/001_bulbasaur/all/base/custom-easter/texture.png",
              "sprite": "pixelmon:pokemon/001_bulbasaur/all/base/custom-easter/sprite.png",
              "particle": ""
            },
			{
              "name": "faceless 1",
              "texture": "pixelmon:pokemon/001_bulbasaur/all/base/custom-faceless1/texture.png",
              "sprite": "pixelmon:pokemon/001_bulbasaur/all/base/custom-faceless1/sprite.png",
              "particle": ""
            },
			{
              "name": "faceless 2",
              "texture": "pixelmon:pokemon/001_bulbasaur/all/base/custom-faceless2/texture.png",
              "sprite": "pixelmon:pokemon/001_bulbasaur/all/base/custom-faceless2/sprite.png",
              "particle": ""
            },
			{
              "name": "galaxy",
              "texture": "pixelmon:pokemon/001_bulbasaur/all/base/custom-galaxy/texture.png",
              "sprite": "pixelmon:pokemon/001_bulbasaur/all/base/custom-galaxy/sprite.png",
              "particle": ""
            },
			{
              "name": "halloween 1",
              "texture": "pixelmon:pokemon/001_bulbasaur/all/base/custom-halloween1/texture.png",
              "sprite": "pixelmon:pokemon/001_bulbasaur/all/base/custom-halloween1/sprite.png",
              "particle": ""
            },
			{
              "name": "halloween 2",
              "texture": "pixelmon:pokemon/001_bulbasaur/all/base/custom-halloween2/texture.png",
              "sprite": "pixelmon:pokemon/001_bulbasaur/all/base/custom-halloween2/sprite.png",
              "particle": ""
            },
			{
              "name": "halloween 3",
              "texture": "pixelmon:pokemon/001_bulbasaur/all/base/custom-halloween3/texture.png",
			  "emissive": "pixelmon:pokemon/001_bulbasaur/all/base/custom-halloween3/emissive.png",
              "sprite": "pixelmon:pokemon/001_bulbasaur/all/base/custom-halloween3/sprite.png",
              "particle": ""
            },
			{
              "name": "ice",
              "texture": "pixelmon:pokemon/001_bulbasaur/all/base/custom-ice/texture.png",
              "sprite": "pixelmon:pokemon/001_bulbasaur/all/base/custom-ice/sprite.png",
              "particle": ""
            },
			{
              "name": "infernal",
              "texture": "pixelmon:pokemon/001_bulbasaur/all/base/custom-infernal/texture.png",
              "sprite": "pixelmon:pokemon/001_bulbasaur/all/base/custom-infernal/sprite.png",
              "particle": ""
            },
			{
              "name": "love 1",
              "texture": "pixelmon:pokemon/001_bulbasaur/all/base/custom-love1/texture.png",
              "sprite": "pixelmon:pokemon/001_bulbasaur/all/base/custom-love1/sprite.png",
              "particle": ""
            },
			{
              "name": "love 2",
              "texture": "pixelmon:pokemon/001_bulbasaur/all/base/custom-love2/texture.png",
              "sprite": "pixelmon:pokemon/001_bulbasaur/all/base/custom-love2/sprite.png",
              "particle": ""
            },
			{
              "name": "pearl",
              "texture": "pixelmon:pokemon/001_bulbasaur/all/base/custom-pearl/texture.png",
              "sprite": "pixelmon:pokemon/001_bulbasaur/all/base/custom-pearl/sprite.png",
              "particle": ""
            },
			{
              "name": "radioactive",
              "texture": "pixelmon:pokemon/001_bulbasaur/all/base/custom-radioactive/texture.png",
              "sprite": "pixelmon:pokemon/001_bulbasaur/all/base/custom-radioactive/sprite.png",
              "particle": ""
            },
			{
              "name": "shadow",
              "texture": "pixelmon:pokemon/001_bulbasaur/all/base/custom-shadow/texture.png",
              "sprite": "pixelmon:pokemon/001_bulbasaur/all/base/custom-shadow/sprite.png",
              "particle": ""
            },
			{
              "name": "summer 1",
              "texture": "pixelmon:pokemon/001_bulbasaur/all/base/custom-summer1/texture.png",
              "sprite": "pixelmon:pokemon/001_bulbasaur/all/base/custom-summer1/sprite.png",
              "particle": ""
            },
			{
              "name": "summer 2",
              "texture": "pixelmon:pokemon/001_bulbasaur/all/base/custom-summer2/texture.png",
              "sprite": "pixelmon:pokemon/001_bulbasaur/all/base/custom-summer2/sprite.png",
              "particle": ""
            },
			{
              "name": "valentines",
              "texture": "pixelmon:pokemon/001_bulbasaur/all/base/custom-val/texture.png",
              "sprite": "pixelmon:pokemon/001_bulbasaur/all/base/custom-val/sprite.png",
              "particle": ""
            },
			{
              "name": "winter 2",
              "texture": "pixelmon:pokemon/001_bulbasaur/all/base/custom-winter2/texture.png",
              "sprite": "pixelmon:pokemon/001_bulbasaur/all/base/custom-winter2/sprite.png",
              "particle": ""
            },
			{
              "name": "winter 1",
              "texture": "pixelmon:pokemon/001_bulbasaur/all/base/custom-winter1/texture.png",
              "sprite": "pixelmon:pokemon/001_bulbasaur/all/base/custom-winter1/sprite.png",
              "particle": ""
            }			
          ]
        }
      ],
      "eggGroups": [
        "MONSTER",
        "GRASS"
      ],
      "types": [
        "GRASS",
        "POISON"
      ],
      "preEvolutions": [],
      "defaultBaseForm": "",
      "megaItems": [],
      "megas": [],
      "gigantamax": {
        "canHaveFactor": true,
        "canGigantamax": false
      },
      "eggCycles": 21,
      "weight": 6.9,
      "catchRate": 45,
      "malePercentage": 0,
      "evolutions": [
        {
          "level": 16,
          "to": "Ivysaur",
          "conditions": [],
          "evoType": "leveling"
        }
      ],
      "evYields": {
        "specialAttack": 1
      }
    }
  ],
  "generation": 1
}
