{
  "name": "Charizard",
  "dex": 6,
  "defaultForms": [
    ""
  ],
  "forms": [
    {
      "name": "",
      "experienceGroup": "MEDIUM_SLOW",
      "dimensions": {
        "height": 2.3,
        "width": 1.5,
        "length": 1,
        "eyeHeight": 2.3,
        "hoverHeight": 2.3
      },
      "moves": {
        "levelUpMoves": [
          {
            "level": 0,
            "attacks": [
              "Air Slash",
              "Dragon Claw",
              "Ember",
              "Growl",
              "Heat Wave",
              "Scratch",
              "Smokescreen"
            ]
          },
          {
            "level": 12,
            "attacks": [
              "Dragon Breath"
            ]
          },
          {
            "level": 19,
            "attacks": [
              "Fire Fang"
            ]
          },
          {
            "level": 24,
            "attacks": [
              "Slash"
            ]
          },
          {
            "level": 30,
            "attacks": [
              "Flamethrower"
            ]
          },
          {
            "level": 39,
            "attacks": [
              "Scary Face"
            ]
          },
          {
            "level": 46,
            "attacks": [
              "Fire Spin"
            ]
          },
          {
            "level": 54,
            "attacks": [
              "Inferno"
            ]
          },
          {
            "level": 62,
            "attacks": [
              "Flare Blitz"
            ]
          }
        ],
        "tutorMoves": [
          "Blast Burn",
          "Dual Wingbeat",
          "Fire Pledge",
          "Scale Shot",
          "Scorching Sands"
        ],
        "eggMoves": [
          "Ancient Power",
          "Belly Drum",
          "Bite",
          "Counter",
          "Dragon Rush",
          "Dragon Tail",
          "Metal Claw",
          "Wing Attack"
        ],
        "tmMoves8": [
          "Mega Punch",
          "Mega Kick",
          "Fire Punch",
          "Thunder Punch",
          "Fly",
          "Hyper Beam",
          "Giga Impact",
          "Solar Beam",
          "Fire Spin",
          "Dig",
          "Rest",
          "Rock Slide",
          "Snore",
          "Protect",
          "Scary Face",
          "Steel Wing",
          "Attract",
          "Sunny Day",
          "Beat Up",
          "Will-O-Wisp",
          "Facade",
          "Swift",
          "Helping Hand",
          "Brick Break",
          "Weather Ball",
          "Rock Tomb",
          "Fling",
          "Shadow Claw",
          "Fire Fang",
          "Round",
          "Acrobatics",
          "Bulldoze",
          "Mystical Fire",
          "False Swipe",
          "Air Slash",
          "Brutal Swing",
          "Breaking Swipe"
        ],
        "trMoves": [
          "Swords Dance",
          "Body Slam",
          "Flamethrower",
          "Earthquake",
          "Fire Blast",
          "Substitute",
          "Outrage",
          "Endure",
          "Sleep Talk",
          "Iron Tail",
          "Crunch",
          "Heat Wave",
          "Blaze Kick",
          "Overheat",
          "Dragon Claw",
          "Dragon Dance",
          "Flare Blitz",
          "Dragon Pulse",
          "Focus Blast",
          "Work Up",
          "Heat Crash",
          "Hurricane"
        ],
        "hmMoves": [

        ],
        "transferMoves": [
          "Aerial Ace",
          "Air Cutter",
          "Bide",
          "Block",
          "Captivate",
          "Celebrate",
          "Confide",
          "Curse",
          "Cut",
          "Defense Curl",
          "Defog",
          "Double Team",
          "Double-Edge",
          "Dragon Rage",
          "Dynamic Punch",
          "Echoed Voice",
          "Fissure",
          "Flame Burst",
          "Flame Charge",
          "Focus Punch",
          "Frustration",
          "Fury Cutter",
          "Fury Swipes",
          "Headbutt",
          "Hidden Power",
          "Hold Hands",
          "Hone Claws",
          "Howl",
          "Incinerate",
          "Leer",
          "Mimic",
          "Mud-Slap",
          "Natural Gift",
          "Ominous Wind",
          "Power-Up Punch",
          "Quick Attack",
          "Rage",
          "Reflect",
          "Return",
          "Roar",
          "Rock Smash",
          "Roost",
          "Sandstorm",
          "Secret Power",
          "Seismic Toss",
          "Skull Bash",
          "Sky Drop",
          "Strength",
          "Submission",
          "Swagger",
          "Tailwind",
          "Take Down",
          "Toxic",
          "Twister"
        ],
        "tmMoves7": [
          "Work Up",
          "Dragon Claw",
          "Roar",
          "Toxic",
          "Hidden Power",
          "Sunny Day",
          "Hyper Beam",
          "Protect",
          "Roost",
          "Frustration",
          "Solar Beam",
          "Earthquake",
          "Return",
          "Brick Break",
          "Double Team",
          "Flamethrower",
          "Fire Blast",
          "Rock Tomb",
          "Aerial Ace",
          "Facade",
          "Flame Charge",
          "Rest",
          "Attract",
          "Round",
          "Echoed Voice",
          "Overheat",
          "Steel Wing",
          "Focus Blast",
          "Fling",
          "Sky Drop",
          "Brutal Swing",
          "Will-O-Wisp",
          "Shadow Claw",
          "Giga Impact",
          "Swords Dance",
          "Fly",
          "Bulldoze",
          "Rock Slide",
          "Dragon Tail",
          "Swagger",
          "Sleep Talk",
          "Substitute",
          "Confide"
        ],
        "tmMoves6": [
          "Hone Claws",
          "Dragon Claw",
          "Roar",
          "Toxic",
          "Hidden Power",
          "Sunny Day",
          "Hyper Beam",
          "Protect",
          "Roost",
          "Frustration",
          "Solar Beam",
          "Earthquake",
          "Return",
          "Dig",
          "Brick Break",
          "Double Team",
          "Flamethrower",
          "Fire Blast",
          "Rock Tomb",
          "Aerial Ace",
          "Facade",
          "Flame Charge",
          "Rest",
          "Attract",
          "Round",
          "Echoed Voice",
          "Overheat",
          "Steel Wing",
          "Focus Blast",
          "Fling",
          "Sky Drop",
          "Incinerate",
          "Will-O-Wisp",
          "Shadow Claw",
          "Giga Impact",
          "Swords Dance",
          "Bulldoze",
          "Rock Slide",
          "Dragon Tail",
          "Swagger",
          "Sleep Talk",
          "Substitute",
          "Secret Power",
          "Power-Up Punch",
          "Confide"
        ],
        "tmMoves5": [
          "Hone Claws",
          "Dragon Claw",
          "Roar",
          "Toxic",
          "Hidden Power",
          "Sunny Day",
          "Hyper Beam",
          "Protect",
          "Frustration",
          "Solar Beam",
          "Earthquake",
          "Return",
          "Dig",
          "Brick Break",
          "Double Team",
          "Flamethrower",
          "Fire Blast",
          "Rock Tomb",
          "Aerial Ace",
          "Facade",
          "Flame Charge",
          "Rest",
          "Attract",
          "Round",
          "Echoed Voice",
          "Overheat",
          "Focus Blast",
          "Fling",
          "Sky Drop",
          "Incinerate",
          "Will-O-Wisp",
          "Shadow Claw",
          "Giga Impact",
          "Swords Dance",
          "Bulldoze",
          "Rock Slide",
          "Dragon Tail",
          "Swagger",
          "Substitute",
          "Rock Smash"
        ],
        "tmMoves4": [
          "Focus Punch",
          "Dragon Claw",
          "Roar",
          "Toxic",
          "Hidden Power",
          "Sunny Day",
          "Hyper Beam",
          "Protect",
          "Frustration",
          "Solar Beam",
          "Iron Tail",
          "Earthquake",
          "Return",
          "Dig",
          "Brick Break",
          "Double Team",
          "Flamethrower",
          "Fire Blast",
          "Rock Tomb",
          "Aerial Ace",
          "Facade",
          "Secret Power",
          "Rest",
          "Attract",
          "Steel Wing",
          "Overheat",
          "Roost",
          "Focus Blast",
          "Fling",
          "Endure",
          "Dragon Pulse",
          "Will-O-Wisp",
          "Shadow Claw",
          "Giga Impact",
          "Swords Dance",
          "Captivate",
          "Rock Slide",
          "Sleep Talk",
          "Natural Gift",
          "Swagger",
          "Substitute"
        ],
        "tmMoves3": [
          "Focus Punch",
          "Dragon Claw",
          "Roar",
          "Toxic",
          "Hidden Power",
          "Sunny Day",
          "Hyper Beam",
          "Protect",
          "Frustration",
          "Iron Tail",
          "Earthquake",
          "Return",
          "Dig",
          "Brick Break",
          "Double Team",
          "Flamethrower",
          "Fire Blast",
          "Aerial Ace",
          "Facade",
          "Secret Power",
          "Rest",
          "Attract",
          "Steel Wing",
          "Overheat"
        ],
        "tmMoves2": [
          "Dynamic Punch",
          "Headbutt",
          "Curse",
          "Roar",
          "Toxic",
          "Rock Smash",
          "Hidden Power",
          "Sunny Day",
          "Snore",
          "Hyper Beam",
          "Protect",
          "Endure",
          "Frustration",
          "Iron Tail",
          "Dragon Breath",
          "Earthquake",
          "Return",
          "Dig",
          "Mud-Slap",
          "Double Team",
          "Swagger",
          "Sleep Talk",
          "Sandstorm",
          "Fire Blast",
          "Swift",
          "Defense Curl",
          "Rest",
          "Attract",
          "Steel Wing",
          "Fire Punch",
          "Fury Cutter"
        ],
        "tmMoves1": [
          "Mega Punch",
          "Swords Dance",
          "Mega Kick",
          "Toxic",
          "Body Slam",
          "Take Down",
          "Double-Edge",
          "Hyper Beam",
          "Submission",
          "Counter",
          "Seismic Toss",
          "Rage",
          "Dragon Rage",
          "Earthquake",
          "Fissure",
          "Dig",
          "Mimic",
          "Double Team",
          "Reflect",
          "Bide",
          "Fire Blast",
          "Swift",
          "Skull Bash",
          "Rest",
          "Substitute"
        ],
        "tmMoves": [

        ]
      },
      "abilities": {
        "abilities": [
          "Blaze"
        ],
        "hiddenAbilities": [
          "SolarPower"
        ]
      },
      "movement": {
        "rideable": true,
        "canFly": true,
        "canSurf": false,
        "canRideShoulder": false,
        "ridingOffsets": {
          "standing": {
            "x": 0.0,
            "y": -0.5,
            "z": -0.1
          },
          "moving": {
            "x": 0.0,
            "y": 0.0,
            "z": 0.3
          }
        },
        "flyingParameters": {
          "flyHeightMin": 0,
          "flyHeightMax": 20,
          "flySpeedModifier": 0.8,
          "flyRefreshRateY": 100,
          "flyRefreshRateXZ": 100,
          "flyRefreshRateSpeed": 100,
          "flightTimeMin": 0,
          "flightTimeMax": 20,
          "flapRate": 5,
          "landingMaterials": "LEAVES_AND_GRASS"
        },
        "mountedFlyingParameters": {
          "type": "pixelmon:default",
          "upper_angle_limit": 50,
          "lower_angle_limit": -45,
          "max_fly_speed": 2,
          "deceleration_rate": 0.3,
          "hover_deceleration_rate": 0.07,
          "acceleration_rate": 0.05,
          "strafe_acceleration_rate": 0.9,
          "strafe_roll_conversion": 30,
          "turn_rate": 1,
          "pitch_rate": 1,
          "stays_horizontal_flying": true,
          "gravity_drop_per_tick": 0.005,
          "continuous_forward_motion": true,
          "continuous_forward_motion_ticks": 5,
          "flying_stamina_charges": 3,
          "hover_ticks": 100
        }
      },
      "aggression": {
        "timid": 80,
        "passive": 0,
        "aggressive": 20
      },
      "battleStats": {
        "hp": 78,
        "attack": 84,
        "defense": 78,
        "specialAttack": 109,
        "specialDefense": 85,
        "speed": 100
      },
      "tags": [

      ],
      "spawn": {
        "baseExp": 240,
        "baseFriendship": 70,
        "spawnLevel": 36,
        "spawnLevelRange": 14,
        "spawnLocations": [
          "AIR"
        ]
      },
      "possibleGenders": [
        "MALE",
        "FEMALE"
      ],
      "genderProperties": [
        {
          "gender": "ALL",
          "palettes": [
            {
              "name": "none",
              "texture": "pixelmon:pokemon/006_charizard/all/base/none/texture.png",
              "sprite": "pixelmon:pokemon/006_charizard/all/base/none/sprite.png",
              "particle": "",
              "modelLocator": {
                "factoryType": "NORMAL",
                "pqc": [
                  "pixelmon:pokemon/006_charizard/all/base/none/model.pqc"
                ],
                "yRotation": 24.12
              },
              "flyingModelLocator": {
                "factoryType": "NORMAL",
                "pqc": [
                  "pixelmon:pokemon/006_charizard/all/base/none/flying/model.pqc"
                ],
                "animationIncrement": 2
              },
              "sounds": [
                "pixelmon.mob.charizard",
                "pixelmon.mob.charizard"
              ]
            },
            {
              "name": "shiny",
              "texture": "pixelmon:pokemon/006_charizard/all/base/shiny/texture.png",
              "sprite": "pixelmon:pokemon/006_charizard/all/base/shiny/sprite.png",
              "particle": "arcanery:shiny"
            },
            {
              "name": "zombie",
              "texture": "pixelmon:pokemon/006_charizard/all/base/zombie/texture.png",
              "sprite": "pixelmon:pokemon/006_charizard/all/base/zombie/sprite.png",
              "particle": ""
            },
			{
              "name": "anubis",
              "texture": "pixelmon:pokemon/006_charizard/all/base/custom-anubis/texture.png",
              "sprite": "pixelmon:pokemon/006_charizard/all/base/custom-anubis/sprite.png",
              "particle": ""
            },
			{
              "name": "aquatic 1",
              "texture": "pixelmon:pokemon/006_charizard/all/base/custom-aquatic1/texture.png",
              "sprite": "pixelmon:pokemon/006_charizard/all/base/custom-aquatic1/sprite.png",
              "particle": ""
            },
			{
              "name": "aquatic 2",
              "texture": "pixelmon:pokemon/006_charizard/all/base/custom-aquatic2/texture.png",
              "sprite": "pixelmon:pokemon/006_charizard/all/base/custom-aquatic2/sprite.png",
              "particle": ""
            },
			{
              "name": "blood",
              "texture": "pixelmon:pokemon/006_charizard/all/base/custom-blood/texture.png",
              "sprite": "pixelmon:pokemon/006_charizard/all/base/custom-blood/sprite.png",
              "particle": ""
            },
			{
              "name": "cosmic",
              "texture": "pixelmon:pokemon/006_charizard/all/base/custom-cosmic/texture.png",
              "sprite": "pixelmon:pokemon/006_charizard/all/base/custom-cosmic/sprite.png",
              "particle": ""
            },
			{
              "name": "deep sea",
              "texture": "pixelmon:pokemon/006_charizard/all/base/custom-deepsea/texture.png",
              "sprite": "pixelmon:pokemon/006_charizard/all/base/custom-deepsea/sprite.png",
              "particle": ""
            },
			{
              "name": "demonic",
              "texture": "pixelmon:pokemon/006_charizard/all/base/custom-demonic/texture.png",
              "sprite": "pixelmon:pokemon/006_charizard/all/base/custom-demonic/sprite.png",
              "particle": ""
            },
			{
              "name": "diamond",
              "texture": "pixelmon:pokemon/006_charizard/all/base/custom-diamond/texture.png",
              "sprite": "pixelmon:pokemon/006_charizard/all/base/custom-diamond/sprite.png",
              "particle": ""
            },
			{
              "name": "ditto",
              "texture": "pixelmon:pokemon/006_charizard/all/base/custom-ditto/texture.png",
              "sprite": "pixelmon:pokemon/006_charizard/all/base/custom-ditto/sprite.png",
              "particle": ""
            },
			{
              "name": "easter 1",
              "texture": "pixelmon:pokemon/006_charizard/all/base/custom-easter1/texture.png",
              "sprite": "pixelmon:pokemon/006_charizard/all/base/custom-easter1/sprite.png",
              "particle": ""
            },
			{
              "name": "easter 2",
              "texture": "pixelmon:pokemon/006_charizard/all/base/custom-easter2/texture.png",
              "sprite": "pixelmon:pokemon/006_charizard/all/base/custom-easter2/sprite.png",
              "particle": ""
            },
			{
              "name": "gembound",
              "texture": "pixelmon:pokemon/006_charizard/all/base/custom-gembound/texture.png",
              "sprite": "pixelmon:pokemon/006_charizard/all/base/custom-gembound/sprite.png",
              "particle": ""
            },
			{
              "name": "halloween",
              "texture": "pixelmon:pokemon/006_charizard/all/base/custom-halloween/texture.png",
              "sprite": "pixelmon:pokemon/006_charizard/all/base/custom-halloween/sprite.png",
              "particle": ""
            },
			{
              "name": "ice",
              "texture": "pixelmon:pokemon/006_charizard/all/base/custom-ice/texture.png",
              "sprite": "pixelmon:pokemon/006_charizard/all/base/custom-ice/sprite.png",
              "particle": ""
            },
			{
              "name": "irradiated",
              "texture": "pixelmon:pokemon/006_charizard/all/base/custom-irradiated/texture.png",
              "sprite": "pixelmon:pokemon/006_charizard/all/base/custom-irradiated/sprite.png",
              "particle": ""
            },
			{
              "name": "pearl",
              "texture": "pixelmon:pokemon/006_charizard/all/base/custom-pearl/texture.png",
              "sprite": "pixelmon:pokemon/006_charizard/all/base/custom-pearl/sprite.png",
              "particle": ""
            },
			{
              "name": "radioactive",
              "texture": "pixelmon:pokemon/006_charizard/all/base/custom-radioactive/texture.png",
              "sprite": "pixelmon:pokemon/006_charizard/all/base/custom-radioactive/sprite.png",
              "particle": ""
            },
			{
              "name": "rainbow",
              "texture": "pixelmon:pokemon/006_charizard/all/base/custom-rainbow/texture.png",
              "sprite": "pixelmon:pokemon/006_charizard/all/base/custom-rainbow/sprite.png",
              "particle": ""
            },
			{
              "name": "rgb",
              "texture": "pixelmon:pokemon/006_charizard/all/base/custom-rgb/texture.png",
              "sprite": "pixelmon:pokemon/006_charizard/all/base/custom-rgb/sprite.png",
              "particle": ""
            },
			{
              "name": "shadow",
              "texture": "pixelmon:pokemon/006_charizard/all/base/custom-shadow/texture.png",
              "sprite": "pixelmon:pokemon/006_charizard/all/base/custom-shadow/sprite.png",
              "particle": ""
            },
			{
              "name": "skeletal",
              "texture": "pixelmon:pokemon/006_charizard/all/base/custom-skeletal/texture.png",
              "sprite": "pixelmon:pokemon/006_charizard/all/base/custom-skeletal/sprite.png",
              "particle": ""
            },
			{
              "name": "soulfire",
              "texture": "pixelmon:pokemon/006_charizard/all/base/custom-soulfire/texture.png",
              "sprite": "pixelmon:pokemon/006_charizard/all/base/custom-soulfire/sprite.png",
              "particle": ""
            },
			{
              "name": "winter 1",
              "texture": "pixelmon:pokemon/006_charizard/all/base/custom-winter1/texture.png",
              "sprite": "pixelmon:pokemon/006_charizard/all/base/custom-winter1/sprite.png",
              "particle": ""
            },
			{
              "name": "winter 2",
              "texture": "pixelmon:pokemon/006_charizard/all/base/custom-winter2/texture.png",
              "sprite": "pixelmon:pokemon/006_charizard/all/base/custom-winter2/sprite.png",
              "particle": ""
            }
          ]
        }
      ],
      "eggGroups": [
        "MONSTER",
        "DRAGON"
      ],
      "types": [
        "FIRE",
        "FLYING"
      ],
      "preEvolutions": [
        "Charmeleon",
        "Charmander"
      ],
      "defaultBaseForm": "",
      "megaItems": [
        "pixelmon:charizardite_x",
        "pixelmon:charizardite_y"
      ],
      "megas": [
        "megax",
        "megay"
      ],
      "gigantamax": {
        "canHaveFactor": true,
        "canGigantamax": true,
        "form": "gmax",
        "move": "G-Max Wildfire"
      },
      "eggCycles": 21,
      "weight": 90.5,
      "catchRate": 45,
      "malePercentage": 0,
      "evolutions": [

      ],
      "evYields": {
        "specialAttack": 3
      }
    },
    {
      "name": "megax",
      "dimensions": {
        "height": 2.3,
        "width": 1.2,
        "length": 1.2
      },
      "tags": [
        "temp"
      ],
      "abilities": {
        "abilities": [
          "ToughClaws"
        ]
      },
      "battleStats": {
        "hp": 78,
        "attack": 130,
        "defense": 111,
        "specialAttack": 130,
        "specialDefense": 85,
        "speed": 100
      },
      "types": [
        "FIRE",
        "DRAGON"
      ],
      "weight": 110.5,
      "genderProperties": [
        {
          "gender": "ALL",
          "palettes": [
            {
              "name": "none",
              "texture": "pixelmon:pokemon/006_charizard/all/megax/none/texture.png",
              "sprite": "pixelmon:pokemon/006_charizard/all/megax/none/sprite.png",
              "particle": "",
              "modelLocator": {
                "factoryType": "NORMAL",
                "pqc": [
                  "pixelmon:pokemon/006_charizard/all/megax/none/model.pqc"
                ],
                "yRotation": 24.12
              }
            },
            {
              "name": "shiny",
              "texture": "pixelmon:pokemon/006_charizard/all/megax/shiny/texture.png",
              "sprite": "pixelmon:pokemon/006_charizard/all/megax/shiny/sprite.png",
              "particle": "arcanery:shiny"
            },
			{
              "name": "anubis",
              "texture": "pixelmon:pokemon/006_charizard/all/megax/custom-anubis/texture.png",
              "sprite": "pixelmon:pokemon/006_charizard/all/megax/custom-anubis/sprite.png",
              "particle": ""
            },
			{
              "name": "aquatic 1",
              "texture": "pixelmon:pokemon/006_charizard/all/megax/custom-aquatic1/texture.png",
              "sprite": "pixelmon:pokemon/006_charizard/all/megax/custom-aquatic1/sprite.png",
              "particle": ""
            },
			{
              "name": "aquatic 2",
              "texture": "pixelmon:pokemon/006_charizard/all/megax/custom-aquatic2/texture.png",
              "sprite": "pixelmon:pokemon/006_charizard/all/megax/custom-aquatic2/sprite.png",
              "particle": ""
            },
			{
              "name": "blood",
              "texture": "pixelmon:pokemon/006_charizard/all/megax/custom-blood/texture.png",
              "sprite": "pixelmon:pokemon/006_charizard/all/megax/custom-blood/sprite.png",
              "particle": ""
            },
			{
              "name": "cosmic",
              "texture": "pixelmon:pokemon/006_charizard/all/megax/custom-cosmic/texture.png",
              "sprite": "pixelmon:pokemon/006_charizard/all/megax/custom-cosmic/sprite.png",
              "particle": ""
            },
			{
              "name": "deep sea",
              "texture": "pixelmon:pokemon/006_charizard/all/megax/custom-deepsea/texture.png",
              "sprite": "pixelmon:pokemon/006_charizard/all/megax/custom-deepsea/sprite.png",
              "particle": ""
            },
			{
              "name": "demonic",
              "texture": "pixelmon:pokemon/006_charizard/all/megax/custom-demonic/texture.png",
              "sprite": "pixelmon:pokemon/006_charizard/all/megax/custom-demonic/sprite.png",
              "particle": ""
            },
			{
              "name": "diamond",
              "texture": "pixelmon:pokemon/006_charizard/all/megax/custom-diamond/texture.png",
              "sprite": "pixelmon:pokemon/006_charizard/all/megax/custom-diamond/sprite.png",
              "particle": ""
            },
			{
              "name": "ditto",
              "texture": "pixelmon:pokemon/006_charizard/all/megax/custom-ditto/texture.png",
              "sprite": "pixelmon:pokemon/006_charizard/all/megax/custom-ditto/sprite.png",
              "particle": ""
            },
			{
              "name": "easter",
              "texture": "pixelmon:pokemon/006_charizard/all/megax/custom-easter/texture.png",
              "sprite": "pixelmon:pokemon/006_charizard/all/megax/custom-easter/sprite.png",
              "particle": ""
            },
			{
              "name": "gembound",
              "texture": "pixelmon:pokemon/006_charizard/all/megax/custom-gembound/texture.png",
              "sprite": "pixelmon:pokemon/006_charizard/all/megax/custom-gembound/sprite.png",
              "particle": ""
            },
			{
              "name": "halloween",
              "texture": "pixelmon:pokemon/006_charizard/all/megax/custom-halloween/texture.png",
              "sprite": "pixelmon:pokemon/006_charizard/all/megax/custom-halloween/sprite.png",
              "particle": ""
            },
			{
              "name": "ice",
              "texture": "pixelmon:pokemon/006_charizard/all/megax/custom-ice/texture.png",
              "sprite": "pixelmon:pokemon/006_charizard/all/megax/custom-ice/sprite.png",
              "particle": ""
            },
			{
              "name": "irradiated",
              "texture": "pixelmon:pokemon/006_charizard/all/megax/custom-irradiated/texture.png",
              "sprite": "pixelmon:pokemon/006_charizard/all/megax/custom-irradiated/sprite.png",
              "particle": ""
            },
			{
              "name": "pearl",
              "texture": "pixelmon:pokemon/006_charizard/all/megax/custom-pearl/texture.png",
              "sprite": "pixelmon:pokemon/006_charizard/all/megax/custom-pearl/sprite.png",
              "particle": ""
            },
			{
              "name": "radioactive",
              "texture": "pixelmon:pokemon/006_charizard/all/megax/custom-radioactive/texture.png",
              "sprite": "pixelmon:pokemon/006_charizard/all/megax/custom-radioactive/sprite.png",
              "particle": ""
            },
			{
              "name": "shadow",
              "texture": "pixelmon:pokemon/006_charizard/all/megax/custom-shadow/texture.png",
              "sprite": "pixelmon:pokemon/006_charizard/all/megax/custom-shadow/sprite.png",
              "particle": ""
            },
			{
              "name": "soulfire",
              "texture": "pixelmon:pokemon/006_charizard/all/megax/custom-soulfire/texture.png",
              "sprite": "pixelmon:pokemon/006_charizard/all/megax/custom-soulfire/sprite.png",
              "particle": ""
            },
			{
              "name": "winter 1",
              "texture": "pixelmon:pokemon/006_charizard/all/megax/custom-winter1/texture.png",
              "sprite": "pixelmon:pokemon/006_charizard/all/megax/custom-winter1/sprite.png",
              "particle": ""
            },
			{
              "name": "winter 2",
              "texture": "pixelmon:pokemon/006_charizard/all/megax/custom-winter2/texture.png",
              "sprite": "pixelmon:pokemon/006_charizard/all/megax/custom-winter2/sprite.png",
              "particle": ""
            }
          ]
        }
      ],
      "megaItems": [
        "pixelmon:charizardite_x"
      ]
    },
    {
      "name": "megay",
      "dimensions": {
        "height": 2.3,
        "width": 1.5,
        "length": 1.5
      },
      "tags": [
        "temp"
      ],
      "abilities": {
        "abilities": [
          "Drought"
        ]
      },
      "battleStats": {
        "hp": 78,
        "attack": 104,
        "defense": 78,
        "specialAttack": 159,
        "specialDefense": 115,
        "speed": 100
      },
      "weight": 100.5,
      "genderProperties": [
        {
          "gender": "ALL",
          "palettes": [
            {
              "name": "none",
              "texture": "pixelmon:pokemon/006_charizard/all/megay/none/texture.png",
              "sprite": "pixelmon:pokemon/006_charizard/all/megay/none/sprite.png",
              "particle": "",
              "modelLocator": {
                "factoryType": "NORMAL",
                "pqc": [
                  "pixelmon:pokemon/006_charizard/all/megay/none/model.pqc"
                ],
                "yRotation": 24.12
              }
            },
            {
              "name": "shiny",
              "texture": "pixelmon:pokemon/006_charizard/all/megay/shiny/texture.png",
              "sprite": "pixelmon:pokemon/006_charizard/all/megay/shiny/sprite.png",
              "particle": "arcanery:shiny"
            },
			{
              "name": "anubis",
              "texture": "pixelmon:pokemon/006_charizard/all/megax/custom-anubis/texture.png",
              "sprite": "pixelmon:pokemon/006_charizard/all/megax/custom-anubis/sprite.png",
              "particle": ""
            },
			{
              "name": "aquatic 1",
              "texture": "pixelmon:pokemon/006_charizard/all/megax/custom-aquatic1/texture.png",
              "sprite": "pixelmon:pokemon/006_charizard/all/megax/custom-aquatic1/sprite.png",
              "particle": ""
            },
			{
              "name": "aquatic 2",
              "texture": "pixelmon:pokemon/006_charizard/all/megax/custom-aquatic2/texture.png",
              "sprite": "pixelmon:pokemon/006_charizard/all/megax/custom-aquatic2/sprite.png",
              "particle": ""
            },
			{
              "name": "blood",
              "texture": "pixelmon:pokemon/006_charizard/all/megax/custom-blood/texture.png",
              "sprite": "pixelmon:pokemon/006_charizard/all/megax/custom-blood/sprite.png",
              "particle": ""
            },
			{
              "name": "cosmic",
              "texture": "pixelmon:pokemon/006_charizard/all/megax/custom-cosmic/texture.png",
              "sprite": "pixelmon:pokemon/006_charizard/all/megax/custom-cosmic/sprite.png",
              "particle": ""
            },
			{
              "name": "deep sea",
              "texture": "pixelmon:pokemon/006_charizard/all/megax/custom-deepsea/texture.png",
              "sprite": "pixelmon:pokemon/006_charizard/all/megax/custom-deepsea/sprite.png",
              "particle": ""
            },
			{
              "name": "demonic",
              "texture": "pixelmon:pokemon/006_charizard/all/megax/custom-demonic/texture.png",
              "sprite": "pixelmon:pokemon/006_charizard/all/megax/custom-demonic/sprite.png",
              "particle": ""
            },
			{
              "name": "diamond",
              "texture": "pixelmon:pokemon/006_charizard/all/megax/custom-diamond/texture.png",
              "sprite": "pixelmon:pokemon/006_charizard/all/megax/custom-diamond/sprite.png",
              "particle": ""
            },
			{
              "name": "ditto",
              "texture": "pixelmon:pokemon/006_charizard/all/megax/custom-ditto/texture.png",
              "sprite": "pixelmon:pokemon/006_charizard/all/megax/custom-ditto/sprite.png",
              "particle": ""
            },
			{
              "name": "easter",
              "texture": "pixelmon:pokemon/006_charizard/all/megax/custom-easter/texture.png",
              "sprite": "pixelmon:pokemon/006_charizard/all/megax/custom-easter/sprite.png",
              "particle": ""
            },
			{
              "name": "gembound",
              "texture": "pixelmon:pokemon/006_charizard/all/megax/custom-gembound/texture.png",
              "sprite": "pixelmon:pokemon/006_charizard/all/megax/custom-gembound/sprite.png",
              "particle": ""
            },
			{
              "name": "halloween",
              "texture": "pixelmon:pokemon/006_charizard/all/megax/custom-halloween/texture.png",
              "sprite": "pixelmon:pokemon/006_charizard/all/megax/custom-halloween/sprite.png",
              "particle": ""
            },
			{
              "name": "ice",
              "texture": "pixelmon:pokemon/006_charizard/all/megax/custom-ice/texture.png",
              "sprite": "pixelmon:pokemon/006_charizard/all/megax/custom-ice/sprite.png",
              "particle": ""
            },
			{
              "name": "irradiated",
              "texture": "pixelmon:pokemon/006_charizard/all/megax/custom-irradiated/texture.png",
              "sprite": "pixelmon:pokemon/006_charizard/all/megax/custom-irradiated/sprite.png",
              "particle": ""
            },
			{
              "name": "pearl",
              "texture": "pixelmon:pokemon/006_charizard/all/megax/custom-pearl/texture.png",
              "sprite": "pixelmon:pokemon/006_charizard/all/megax/custom-pearl/sprite.png",
              "particle": ""
            },
			{
              "name": "radioactive",
              "texture": "pixelmon:pokemon/006_charizard/all/megax/custom-radioactive/texture.png",
              "sprite": "pixelmon:pokemon/006_charizard/all/megax/custom-radioactive/sprite.png",
              "particle": ""
            },
			{
              "name": "shadow",
              "texture": "pixelmon:pokemon/006_charizard/all/megax/custom-shadow/texture.png",
              "sprite": "pixelmon:pokemon/006_charizard/all/megax/custom-shadow/sprite.png",
              "particle": ""
            },
			{
              "name": "skeletal",
              "texture": "pixelmon:pokemon/006_charizard/all/megax/custom-skeletal/texture.png",
              "sprite": "pixelmon:pokemon/006_charizard/all/megax/custom-skeletal/sprite.png",
              "particle": ""
            },
			{
              "name": "soulfire",
              "texture": "pixelmon:pokemon/006_charizard/all/megax/custom-soulfire/texture.png",
              "sprite": "pixelmon:pokemon/006_charizard/all/megax/custom-soulfire/sprite.png",
              "particle": ""
            },
			{
              "name": "winter 1",
              "texture": "pixelmon:pokemon/006_charizard/all/megax/custom-winter1/texture.png",
              "sprite": "pixelmon:pokemon/006_charizard/all/megax/custom-winter1/sprite.png",
              "particle": ""
            },
			{
              "name": "winter 2",
              "texture": "pixelmon:pokemon/006_charizard/all/megax/custom-winter2/texture.png",
              "sprite": "pixelmon:pokemon/006_charizard/all/megax/custom-winter2/sprite.png",
              "particle": ""
            }
          ]
        }
      ],
      "megaItems": [
        "pixelmon:charizardite_y"
      ]
    },
    {
      "name": "gmax",
      "tags": [
        "temp"
      ],
      "genderProperties": [
        {
          "gender": "ALL",
          "palettes": [
            {
              "name": "none",
              "texture": "pixelmon:pokemon/006_charizard/all/gmax/none/texture.png",
              "emissive": "pixelmon:pokemon/006_charizard/all/gmax/none/emissive.png",
              "sprite": "pixelmon:pokemon/006_charizard/all/gmax/none/sprite.png",
              "particle": "",
              "modelLocator": {
                "factoryType": "NORMAL",
                "pqc": [
                  "pixelmon:pokemon/006_charizard/all/gmax/none/model.pqc"
                ],
                "yRotation": 24.12
              }
            },
            {
              "name": "shiny",
              "texture": "pixelmon:pokemon/006_charizard/all/gmax/shiny/texture.png",
              "emissive": "pixelmon:pokemon/006_charizard/all/gmax/shiny/emissive.png",
              "sprite": "pixelmon:pokemon/006_charizard/all/gmax/shiny/sprite.png",
              "particle": "arcanery:shiny"
            },
			{
              "name": "aquatic 2",
              "texture": "pixelmon:pokemon/006_charizard/all/gmax/custom-aquatic2/texture.png",
              "sprite": "pixelmon:pokemon/006_charizard/all/gmax/custom-aquatic2/sprite.png",
              "particle": ""
            },
			{
              "name": "cosmic",
              "texture": "pixelmon:pokemon/006_charizard/all/gmax/custom-cosmic/texture.png",
              "sprite": "pixelmon:pokemon/006_charizard/all/gmax/custom-cosmic/sprite.png",
              "particle": ""
            },
			{
              "name": "easter",
              "texture": "pixelmon:pokemon/006_charizard/all/gmax/custom-easter/texture.png",
              "sprite": "pixelmon:pokemon/006_charizard/all/gmax/custom-easter/sprite.png",
              "particle": ""
            },
			{
              "name": "halloween",
              "texture": "pixelmon:pokemon/006_charizard/all/gmax/custom-halloween/texture.png",
              "sprite": "pixelmon:pokemon/006_charizard/all/gmax/custom-halloween/sprite.png",
              "particle": ""
            },
			{
              "name": "ice",
              "texture": "pixelmon:pokemon/006_charizard/all/gmax/custom-ice/texture.png",
              "sprite": "pixelmon:pokemon/006_charizard/all/gmax/custom-ice/sprite.png",
              "particle": ""
            },
			{
              "name": "radioactive",
              "texture": "pixelmon:pokemon/006_charizard/all/gmax/custom-radioactive/texture.png",
              "sprite": "pixelmon:pokemon/006_charizard/all/gmax/custom-radioactive/sprite.png",
              "particle": ""
            }
          ]
        }
      ]
    }
  ],
  "generation": 1
}
