{
  "name": "Raichu",
  "dex": 26,
  "defaultForms": [
    ""
  ],
  "forms": [
    {
      "name": "",
      "experienceGroup": "MEDIUM_FAST",
      "dimensions": {
        "height": 1.0,
        "width": 0.7,
        "length": 1,
        "eyeHeight": 1.0,
        "hoverHeight": 1.0
      },
      "moves": {
        "levelUpMoves": [
          {
            "level": 0,
            "attacks": [
              "Agility",
              "Charm",
              "Discharge",
              "Double Team",
              "Electro Ball",
              "Feint",
              "Growl",
              "Light Screen",
              "Nasty Plot",
              "Nuzzle",
              "Play Nice",
              "Quick Attack",
              "Slam",
              "Spark",
              "Sweet Kiss",
              "Tail Whip",
              "Thunder",
              "Thunder Punch",
              "Thunder Shock",
              "Thunder Wave",
              "Thunderbolt"
            ]
          }
        ],
        "tutorMoves": [
          "Rising Voltage"
        ],
        "eggMoves": [
          "Charge",
          "Disarming Voice",
          "Fake Out",
          "Flail",
          "Present",
          "Tickle",
          "Wish"
        ],
        "tmMoves8": [
          "Mega Punch",
          "Mega Kick",
          "Pay Day",
          "Thunder Punch",
          "Hyper Beam",
          "Giga Impact",
          "Thunder Wave",
          "Dig",
          "Light Screen",
          "Reflect",
          "Safeguard",
          "Rest",
          "Thief",
          "Snore",
          "Protect",
          "Charm",
          "Attract",
          "Rain Dance",
          "Facade",
          "Swift",
          "Helping Hand",
          "Brick Break",
          "Fling",
          "Speed Swap",
          "Round",
          "Volt Switch",
          "Electroweb",
          "Draining Kiss",
          "Electric Terrain",
          "Eerie Impulse",
          "Brutal Swing"
        ],
        "trMoves": [
          "Body Slam",
          "Surf",
          "Thunderbolt",
          "Thunder",
          "Agility",
          "Substitute",
          "Reversal",
          "Endure",
          "Sleep Talk",
          "Encore",
          "Iron Tail",
          "Uproar",
          "Focus Blast",
          "Nasty Plot",
          "Grass Knot",
          "Electro Ball",
          "Wild Charge",
          "Play Rough"
        ],
        "hmMoves": [],
        "transferMoves": [
          "Bestow",
          "Bide",
          "Calm Mind",
          "Captivate",
          "Charge Beam",
          "Confide",
          "Counter",
          "Covet",
          "Curse",
          "Defense Curl",
          "Detect",
          "Double Kick",
          "Double Slap",
          "Double-Edge",
          "Dynamic Punch",
          "Echoed Voice",
          "Endeavor",
          "Extreme Speed",
          "Flash",
          "Fly",
          "Focus Punch",
          "Follow Me",
          "Frustration",
          "Happy Hour",
          "Headbutt",
          "Heart Stamp",
          "Hidden Power",
          "Hold Hands",
          "Knock Off",
          "Laser Focus",
          "Last Resort",
          "Lucky Chant",
          "Magnet Rise",
          "Mimic",
          "Mud-Slap",
          "Natural Gift",
          "Rage",
          "Refresh",
          "Return",
          "Rock Smash",
          "Rollout",
          "Secret Power",
          "Seismic Toss",
          "Shock Wave",
          "Signal Beam",
          "Sing",
          "Skull Bash",
          "Strength",
          "Submission",
          "Swagger",
          "Sweet Scent",
          "Take Down",
          "Teeter Dance",
          "Toxic",
          "Yawn",
          "Zap Cannon"
        ],
        "tmMoves7": [
          "Toxic",
          "Hidden Power",
          "Hyper Beam",
          "Light Screen",
          "Protect",
          "Rain Dance",
          "Frustration",
          "Thunderbolt",
          "Thunder",
          "Return",
          "Brick Break",
          "Double Team",
          "Facade",
          "Rest",
          "Attract",
          "Thief",
          "Round",
          "Echoed Voice",
          "Focus Blast",
          "Fling",
          "Charge Beam",
          "Giga Impact",
          "Volt Switch",
          "Thunder Wave",
          "Grass Knot",
          "Swagger",
          "Sleep Talk",
          "Substitute",
          "Wild Charge",
          "Confide"
        ],
        "tmMoves6": [
          "Toxic",
          "Hidden Power",
          "Hyper Beam",
          "Light Screen",
          "Protect",
          "Rain Dance",
          "Frustration",
          "Thunderbolt",
          "Thunder",
          "Return",
          "Dig",
          "Brick Break",
          "Double Team",
          "Facade",
          "Rest",
          "Attract",
          "Thief",
          "Round",
          "Echoed Voice",
          "Focus Blast",
          "Fling",
          "Charge Beam",
          "Giga Impact",
          "Flash",
          "Volt Switch",
          "Thunder Wave",
          "Grass Knot",
          "Swagger",
          "Sleep Talk",
          "Substitute",
          "Wild Charge",
          "Secret Power",
          "Confide"
        ],
        "tmMoves5": [
          "Toxic",
          "Hidden Power",
          "Hyper Beam",
          "Light Screen",
          "Protect",
          "Rain Dance",
          "Frustration",
          "Thunderbolt",
          "Thunder",
          "Return",
          "Dig",
          "Brick Break",
          "Double Team",
          "Facade",
          "Rest",
          "Attract",
          "Thief",
          "Round",
          "Echoed Voice",
          "Focus Blast",
          "Fling",
          "Charge Beam",
          "Giga Impact",
          "Flash",
          "Volt Switch",
          "Thunder Wave",
          "Grass Knot",
          "Swagger",
          "Substitute",
          "Wild Charge",
          "Rock Smash"
        ],
        "tmMoves4": [
          "Focus Punch",
          "Toxic",
          "Hidden Power",
          "Hyper Beam",
          "Light Screen",
          "Protect",
          "Rain Dance",
          "Frustration",
          "Iron Tail",
          "Thunderbolt",
          "Thunder",
          "Return",
          "Dig",
          "Brick Break",
          "Double Team",
          "Shock Wave",
          "Facade",
          "Secret Power",
          "Rest",
          "Attract",
          "Thief",
          "Focus Blast",
          "Fling",
          "Charge Beam",
          "Endure",
          "Giga Impact",
          "Flash",
          "Thunder Wave",
          "Captivate",
          "Sleep Talk",
          "Natural Gift",
          "Grass Knot",
          "Swagger",
          "Substitute"
        ],
        "tmMoves3": [
          "Focus Punch",
          "Toxic",
          "Hidden Power",
          "Hyper Beam",
          "Light Screen",
          "Protect",
          "Rain Dance",
          "Frustration",
          "Iron Tail",
          "Thunderbolt",
          "Thunder",
          "Return",
          "Dig",
          "Brick Break",
          "Double Team",
          "Shock Wave",
          "Facade",
          "Secret Power",
          "Rest",
          "Attract",
          "Thief"
        ],
        "tmMoves2": [
          "Dynamic Punch",
          "Headbutt",
          "Curse",
          "Rollout",
          "Toxic",
          "Zap Cannon",
          "Hidden Power",
          "Snore",
          "Hyper Beam",
          "Protect",
          "Rain Dance",
          "Endure",
          "Frustration",
          "Iron Tail",
          "Thunder",
          "Return",
          "Mud-Slap",
          "Double Team",
          "Swagger",
          "Sleep Talk",
          "Swift",
          "Defense Curl",
          "Thunder Punch",
          "Detect",
          "Rest",
          "Attract",
          "Thief"
        ],
        "tmMoves1": [
          "Mega Punch",
          "Mega Kick",
          "Toxic",
          "Body Slam",
          "Take Down",
          "Double-Edge",
          "Hyper Beam",
          "Pay Day",
          "Submission",
          "Seismic Toss",
          "Rage",
          "Thunderbolt",
          "Thunder",
          "Mimic",
          "Double Team",
          "Reflect",
          "Bide",
          "Swift",
          "Skull Bash",
          "Rest",
          "Thunder Wave",
          "Substitute"
        ],
        "tmMoves": []
      },
      "abilities": {
        "abilities": [
          "Static"
        ],
        "hiddenAbilities": [
          "LightningRod"
        ]
      },
      "movement": {
        "rideable": false,
        "canFly": false,
        "canSurf": false,
        "canRideShoulder": false
      },
      "aggression": {
        "timid": 80,
        "passive": 0,
        "aggressive": 20
      },
      "battleStats": {
        "hp": 60,
        "attack": 90,
        "defense": 55,
        "specialAttack": 90,
        "specialDefense": 80,
        "speed": 110
      },
      "tags": [],
      "spawn": {
        "baseExp": 122,
        "baseFriendship": 70,
        "spawnLevel": 25,
        "spawnLevelRange": 25,
        "spawnLocations": [
          "LAND"
        ]
      },
      "possibleGenders": [
        "MALE",
        "FEMALE"
      ],
      "genderProperties": [
        {
          "gender": "ALL",
          "palettes": [
            {
              "name": "none",
              "texture": "pixelmon:pokemon/026_raichu/all/base/none/texture.png",
              "sprite": "pixelmon:pokemon/026_raichu/all/base/none/sprite.png",
              "particle": "",
              "modelLocator": {
                "factoryType": "NORMAL",
                "pqc": [
                  "pixelmon:pokemon/026_raichu/all/base/none/model.pqc"
                ]
              },
              "sounds": [
                "pixelmon.mob.raichu",
                "pixelmon.mob.raichu"
              ]
            },
            {
              "name": "shiny",
              "texture": "pixelmon:pokemon/026_raichu/all/base/shiny/texture.png",
              "sprite": "pixelmon:pokemon/026_raichu/all/base/shiny/sprite.png",
              "particle": "arcanery:shiny"
            },
			{
              "name": "alluring",
              "texture": "pixelmon:pokemon/026_raichu/all/base/custom-alluring/texture.png",
              "sprite": "pixelmon:pokemon/026_raichu/all/base/custom-alluring/sprite.png",
              "particle": ""
            },
			{
              "name": "beta",
              "texture": "pixelmon:pokemon/026_raichu/all/base/custom-beta/texture.png",
              "sprite": "pixelmon:pokemon/026_raichu/all/base/custom-beta/sprite.png",
              "particle": ""
            },
			{
              "name": "carnival",
              "texture": "pixelmon:pokemon/026_raichu/all/base/custom-carnival/texture.png",
              "sprite": "pixelmon:pokemon/026_raichu/all/base/custom-carnival/sprite.png",
              "particle": ""
            },
			{
              "name": "dark",
              "texture": "pixelmon:pokemon/026_raichu/all/base/custom-dark/texture.png",
              "sprite": "pixelmon:pokemon/026_raichu/all/base/custom-dark/sprite.png",
              "particle": ""
            },
			{
              "name": "ditto 1",
              "texture": "pixelmon:pokemon/026_raichu/all/base/custom-ditto1/texture.png",
              "sprite": "pixelmon:pokemon/026_raichu/all/base/custom-ditto1/sprite.png",
              "particle": ""
            },
			{
              "name": "ditto 2",
              "texture": "pixelmon:pokemon/026_raichu/all/base/custom-ditto2/texture.png",
              "sprite": "pixelmon:pokemon/026_raichu/all/base/custom-ditto2/sprite.png",
              "particle": ""
            },
			{
              "name": "ditto 3",
              "texture": "pixelmon:pokemon/026_raichu/all/base/custom-ditto3/texture.png",
              "sprite": "pixelmon:pokemon/026_raichu/all/base/custom-ditto3/sprite.png",
              "particle": ""
            },
			{
              "name": "ethereal",
              "texture": "pixelmon:pokemon/026_raichu/all/base/custom-ethereal/texture.png",
              "sprite": "pixelmon:pokemon/026_raichu/all/base/custom-ethereal/sprite.png",
              "particle": ""
            },
			{
              "name": "fusion",
              "texture": "pixelmon:pokemon/026_raichu/all/base/custom-fusion/texture.png",
              "sprite": "pixelmon:pokemon/026_raichu/all/base/custom-fusion/sprite.png",
              "particle": ""
            },
			{
              "name": "halloween",
              "texture": "pixelmon:pokemon/026_raichu/all/base/custom-halloween/texture.png",
              "sprite": "pixelmon:pokemon/026_raichu/all/base/custom-halloween/sprite.png",
              "particle": ""
            },
			{
              "name": "lunar",
              "texture": "pixelmon:pokemon/026_raichu/all/base/custom-lunar/texture.png",
              "sprite": "pixelmon:pokemon/026_raichu/all/base/custom-lunar/sprite.png",
              "particle": ""
            },
			{
              "name": "patchwork",
              "texture": "pixelmon:pokemon/026_raichu/all/base/custom-patchwork/texture.png",
              "sprite": "pixelmon:pokemon/026_raichu/all/base/custom-patchwork/sprite.png",
              "particle": ""
            },
			{
              "name": "poison",
              "texture": "pixelmon:pokemon/026_raichu/all/base/custom-poison/texture.png",
              "sprite": "pixelmon:pokemon/026_raichu/all/base/custom-poison/sprite.png",
              "particle": ""
            },
			{
              "name": "primal",
              "texture": "pixelmon:pokemon/026_raichu/all/base/custom-primal/texture.png",
              "sprite": "pixelmon:pokemon/026_raichu/all/base/custom-primal/sprite.png",
              "particle": ""
            },
			{
              "name": "rainbow",
              "texture": "pixelmon:pokemon/026_raichu/all/base/custom-rainbow/texture.png",
              "sprite": "pixelmon:pokemon/026_raichu/all/base/custom-rainbow/sprite.png",
              "particle": ""
            },
			{
              "name": "rgb",
              "texture": "pixelmon:pokemon/026_raichu/all/base/custom-rgb/texture.png",
              "sprite": "pixelmon:pokemon/026_raichu/all/base/custom-rgb/sprite.png",
              "particle": ""
            },
			{
              "name": "shadow",
              "texture": "pixelmon:pokemon/026_raichu/all/base/custom-shadow/texture.png",
              "sprite": "pixelmon:pokemon/026_raichu/all/base/custom-shadow/sprite.png",
              "particle": ""
            },
			{
              "name": "toxic",
              "texture": "pixelmon:pokemon/026_raichu/all/base/custom-toxic/texture.png",
              "sprite": "pixelmon:pokemon/026_raichu/all/base/custom-toxic/sprite.png",
              "particle": ""
            },
			{
              "name": "toy",
              "texture": "pixelmon:pokemon/026_raichu/all/base/custom-toy/texture.png",
              "sprite": "pixelmon:pokemon/026_raichu/all/base/custom-toy/sprite.png",
              "particle": ""
            },
			{
              "name": "valentines 1",
              "texture": "pixelmon:pokemon/026_raichu/all/base/custom-val1/texture.png",
              "sprite": "pixelmon:pokemon/026_raichu/all/base/custom-val1/sprite.png",
              "particle": ""
            },
			{
              "name": "valentines 2",
              "texture": "pixelmon:pokemon/026_raichu/all/base/custom-val2/texture.png",
              "sprite": "pixelmon:pokemon/026_raichu/all/base/custom-val2/sprite.png",
              "particle": ""
            }
          ]
        }
      ],
      "eggGroups": [
        "FIELD",
        "FAIRY"
      ],
      "types": [
        "ELECTRIC"
      ],
      "preEvolutions": [
        "Pikachu",
        "Pichu"
      ],
      "defaultBaseForm": "",
      "megaItems": [],
      "megas": [],
      "gigantamax": {
        "canHaveFactor": false,
        "canGigantamax": false
      },
      "eggCycles": 21,
      "weight": 30.0,
      "catchRate": 75,
      "malePercentage": 0,
      "evolutions": [],
      "evYields": {
        "speed": 3
      }
    },
	{
      "name": "advance",
      "genderProperties": [
        {
          "gender": "ALL",
          "palettes": [
            {
              "name": "none",
              "texture": "pixelmon:pokemon/026_raichu/all/advance/none/texture.png",
              "sprite": "pixelmon:pokemon/026_raichu/all/advance/none/sprite.png",
              "particle": "",
              "modelLocator": {
                "factoryType": "NORMAL",
                "pqc": [
                  "pixelmon:pokemon/026_raichu/all/advance/none/model.pqc"
                ]
              }
            }
          ]
        }
      ]
    },
    {
      "name": "alolan",
      "dimensions": {
        "height": 1.1,
        "width": 0.7,
        "length": 0.7
      },
      "moves": {
        "levelUpMoves": [
          {
            "level": 0,
            "attacks": [
              "Agility",
              "Charm",
              "Discharge",
              "Double Team",
              "Electro Ball",
              "Feint",
              "Growl",
              "Light Screen",
              "Nasty Plot",
              "Nuzzle",
              "Play Nice",
              "Psychic",
              "Quick Attack",
              "Slam",
              "Spark",
              "Sweet Kiss",
              "Tail Whip",
              "Thunder",
              "Thunder Shock",
              "Thunder Wave",
              "Thunderbolt"
            ]
          }
        ],
        "tutorMoves": [
          "Rising Voltage"
        ],
        "eggMoves": [
          "Charge",
          "Disarming Voice",
          "Fake Out",
          "Flail",
          "Present",
          "Tickle",
          "Wish"
        ],
        "tmMoves8": [
          "Mega Punch",
          "Mega Kick",
          "Pay Day",
          "Thunder Punch",
          "Hyper Beam",
          "Giga Impact",
          "Thunder Wave",
          "Dig",
          "Light Screen",
          "Reflect",
          "Safeguard",
          "Rest",
          "Thief",
          "Snore",
          "Protect",
          "Charm",
          "Attract",
          "Rain Dance",
          "Facade",
          "Swift",
          "Helping Hand",
          "Brick Break",
          "Fling",
          "Speed Swap",
          "Magic Room",
          "Round",
          "Volt Switch",
          "Electroweb",
          "Draining Kiss",
          "Electric Terrain"
        ],
        "trMoves": [
          "Body Slam",
          "Surf",
          "Thunderbolt",
          "Thunder",
          "Psychic",
          "Agility",
          "Substitute",
          "Reversal",
          "Psyshock",
          "Endure",
          "Sleep Talk",
          "Encore",
          "Iron Tail",
          "Future Sight",
          "Uproar",
          "Calm Mind",
          "Focus Blast",
          "Nasty Plot",
          "Grass Knot",
          "Electro Ball",
          "Stored Power",
          "Ally Switch",
          "Wild Charge",
          "Play Rough"
        ],
        "hmMoves": [],
        "transferMoves": [
          "Bestow",
          "Bide",
          "Charge",
          "Disarming Voice",
          "Double Slap",
          "Electric Terrain",
          "Encore",
          "Endure",
          "Fake Out",
          "Flail",
          "Lucky Chant",
          "Present",
          "Reversal",
          "Thunder Punch",
          "Tickle",
          "Wish",
          "Psyshock",
          "Calm Mind",
          "Toxic",
          "Hidden Power",
          "Hyper Beam",
          "Light Screen",
          "Protect",
          "Rain Dance",
          "Safeguard",
          "Frustration",
          "Thunderbolt",
          "Thunder",
          "Return",
          "Psychic",
          "Brick Break",
          "Double Team",
          "Reflect",
          "Facade",
          "Rest",
          "Attract",
          "Thief",
          "Round",
          "Echoed Voice",
          "Focus Blast",
          "Fling",
          "Charge Beam",
          "Giga Impact",
          "Volt Switch",
          "Thunder Wave",
          "Grass Knot",
          "Swagger",
          "Sleep Talk",
          "Substitute",
          "Wild Charge",
          "Confide"
        ],
        "tmMoves7": [
          "Psyshock",
          "Calm Mind",
          "Toxic",
          "Hidden Power",
          "Hyper Beam",
          "Light Screen",
          "Protect",
          "Rain Dance",
          "Safeguard",
          "Frustration",
          "Thunderbolt",
          "Thunder",
          "Return",
          "Psychic",
          "Brick Break",
          "Double Team",
          "Reflect",
          "Facade",
          "Rest",
          "Attract",
          "Thief",
          "Round",
          "Echoed Voice",
          "Focus Blast",
          "Fling",
          "Charge Beam",
          "Giga Impact",
          "Volt Switch",
          "Thunder Wave",
          "Grass Knot",
          "Swagger",
          "Sleep Talk",
          "Substitute",
          "Wild Charge",
          "Confide"
        ],
        "tmMoves6": [],
        "tmMoves5": [],
        "tmMoves4": [],
        "tmMoves3": [],
        "tmMoves2": [],
        "tmMoves1": [],
        "tmMoves": []
      },
      "abilities": {
        "abilities": [
          "SurgeSurfer"
        ]
      },
      "battleStats": {
        "hp": 60,
        "attack": 85,
        "defense": 50,
        "specialAttack": 95,
        "specialDefense": 85,
        "speed": 110
      },
      "tags": [
        "alolan"
      ],
      "types": [
        "ELECTRIC",
        "PSYCHIC"
      ],
      "weight": 21.0,
      "genderProperties": [
        {
          "gender": "ALL",
          "palettes": [
            {
              "name": "none",
              "texture": "pixelmon:pokemon/026_raichu/all/alolan/none/texture.png",
              "sprite": "pixelmon:pokemon/026_raichu/all/alolan/none/sprite.png",
              "particle": "",
              "modelLocator": {
                "factoryType": "NORMAL",
                "pqc": [
                  "pixelmon:pokemon/026_raichu/all/alolan/none/model.pqc"
                ]
              }
            },
            {
              "name": "shiny",
              "texture": "pixelmon:pokemon/026_raichu/all/alolan/shiny/texture.png",
              "sprite": "pixelmon:pokemon/026_raichu/all/alolan/shiny/sprite.png",
              "particle": "arcanery:shiny"
            },
            {
              "name": "summer",
              "texture": "pixelmon:pokemon/026_raichu/all/base/summer/texture.png",
              "sprite": "pixelmon:pokemon/026_raichu/all/base/summer/sprite.png",
              "particle": ""
            },
			{
              "name": "alluring",
              "texture": "pixelmon:pokemon/026_raichu/all/base/custom-alluring/texture.png",
              "sprite": "pixelmon:pokemon/026_raichu/all/base/custom-alluring/sprite.png",
              "particle": ""
            },
			{
              "name": "christmas",
              "texture": "pixelmon:pokemon/026_raichu/all/base/custom-christmas/texture.png",
              "sprite": "pixelmon:pokemon/026_raichu/all/base/custom-christmas/sprite.png",
              "particle": ""
            },
			{
              "name": "dark",
              "texture": "pixelmon:pokemon/026_raichu/all/base/custom-dark/texture.png",
              "sprite": "pixelmon:pokemon/026_raichu/all/base/custom-dark/sprite.png",
              "particle": ""
            },
			{
              "name": "ditto 1",
              "texture": "pixelmon:pokemon/026_raichu/all/base/custom-ditto1/texture.png",
              "sprite": "pixelmon:pokemon/026_raichu/all/base/custom-ditto1/sprite.png",
              "particle": ""
            },
			{
              "name": "ditto 2",
              "texture": "pixelmon:pokemon/026_raichu/all/base/custom-ditto2/texture.png",
              "sprite": "pixelmon:pokemon/026_raichu/all/base/custom-ditto2/sprite.png",
              "particle": ""
            },
			{
              "name": "ditto 3",
              "texture": "pixelmon:pokemon/026_raichu/all/base/custom-ditto3/texture.png",
              "sprite": "pixelmon:pokemon/026_raichu/all/base/custom-ditto3/sprite.png",
              "particle": ""
            },
			{
              "name": "ethereal",
              "texture": "pixelmon:pokemon/026_raichu/all/base/custom-ethereal/texture.png",
              "sprite": "pixelmon:pokemon/026_raichu/all/base/custom-ethereal/sprite.png",
              "particle": ""
            },
			{
              "name": "halloween",
              "texture": "pixelmon:pokemon/026_raichu/all/base/custom-halloween/texture.png",
              "sprite": "pixelmon:pokemon/026_raichu/all/base/custom-halloween/sprite.png",
              "particle": ""
            },
			{
              "name": "heroic",
              "texture": "pixelmon:pokemon/026_raichu/all/base/custom-heroic/texture.png",
              "sprite": "pixelmon:pokemon/026_raichu/all/base/custom-heroic/sprite.png",
              "particle": ""
            },
			{
              "name": "midnight",
              "texture": "pixelmon:pokemon/026_raichu/all/base/custom-midnight/texture.png",
              "sprite": "pixelmon:pokemon/026_raichu/all/base/custom-midnight/sprite.png",
              "particle": ""
            },
			{
              "name": "patchwork",
              "texture": "pixelmon:pokemon/026_raichu/all/base/custom-patchwork/texture.png",
              "sprite": "pixelmon:pokemon/026_raichu/all/base/custom-patchwork/sprite.png",
              "particle": ""
            }
          ]
        }
      ]
    }
  ],
  "generation": 1
}
