{
  "name": "Nidoranfemale",
  "dex": 29,
  "defaultForms": [
    ""
  ],
  "forms": [
    {
      "name": "",
      "experienceGroup": "MEDIUM_SLOW",
      "dimensions": {
        "height": 0.4,
        "width": 0.4,
        "length": 1,
        "eyeHeight": 0.4,
        "hoverHeight": 0.4
      },
      "moves": {
        "levelUpMoves": [
          {
            "level": 0,
            "attacks": [
              "Growl",
              "Poison Sting"
            ]
          },
          {
            "level": 5,
            "attacks": [
              "Scratch"
            ]
          },
          {
            "level": 10,
            "attacks": [
              "Tail Whip"
            ]
          },
          {
            "level": 15,
            "attacks": [
              "Fury Swipes"
            ]
          },
          {
            "level": 20,
            "attacks": [
              "Toxic Spikes"
            ]
          },
          {
            "level": 25,
            "attacks": [
              "Double Kick"
            ]
          },
          {
            "level": 30,
            "attacks": [
              "Bite"
            ]
          },
          {
            "level": 35,
            "attacks": [
              "Helping Hand"
            ]
          },
          {
            "level": 40,
            "attacks": [
              "Toxic"
            ]
          },
          {
            "level": 45,
            "attacks": [
              "Flatter"
            ]
          },
          {
            "level": 50,
            "attacks": [
              "Crunch"
            ]
          },
          {
            "level": 55,
            "attacks": [
              "Earth Power"
            ]
          }
        ],
        "tutorMoves": [],
        "eggMoves": [
          "Counter",
          "Disable",
          "Poison Fang",
          "Poison Tail",
          "Skull Bash",
          "Supersonic",
          "Take Down"
        ],
        "tmMoves8": [
          "Dig",
          "Rest",
          "Thief",
          "Snore",
          "Protect",
          "Charm",
          "Attract",
          "Rain Dance",
          "Sunny Day",
          "Beat Up",
          "Facade",
          "Helping Hand",
          "Shadow Claw",
          "Venoshock",
          "Round"
        ],
        "trMoves": [
          "Body Slam",
          "Ice Beam",
          "Blizzard",
          "Thunderbolt",
          "Thunder",
          "Focus Energy",
          "Substitute",
          "Sludge Bomb",
          "Endure",
          "Sleep Talk",
          "Iron Tail",
          "Crunch",
          "Toxic Spikes",
          "Poison Jab",
          "Earth Power",
          "Venom Drench"
        ],
        "hmMoves": [],
        "transferMoves": [
          "Aerial Ace",
          "Bide",
          "Captivate",
          "Chip Away",
          "Confide",
          "Curse",
          "Cut",
          "Defense Curl",
          "Detect",
          "Double Team",
          "Double-Edge",
          "Echoed Voice",
          "Frustration",
          "Headbutt",
          "Hidden Power",
          "Hone Claws",
          "Mimic",
          "Mud-Slap",
          "Natural Gift",
          "Pursuit",
          "Rage",
          "Reflect",
          "Return",
          "Rock Smash",
          "Secret Power",
          "Shock Wave",
          "Strength",
          "Sucker Punch",
          "Super Fang",
          "Swagger",
          "Tackle",
          "Water Pulse"
        ],
        "tmMoves7": [
          "Toxic",
          "Venoshock",
          "Hidden Power",
          "Sunny Day",
          "Ice Beam",
          "Blizzard",
          "Protect",
          "Rain Dance",
          "Frustration",
          "Thunderbolt",
          "Thunder",
          "Return",
          "Double Team",
          "Sludge Bomb",
          "Aerial Ace",
          "Facade",
          "Rest",
          "Attract",
          "Thief",
          "Round",
          "Echoed Voice",
          "Shadow Claw",
          "Poison Jab",
          "Swagger",
          "Sleep Talk",
          "Substitute",
          "Confide"
        ],
        "tmMoves6": [
          "Hone Claws",
          "Toxic",
          "Venoshock",
          "Hidden Power",
          "Sunny Day",
          "Ice Beam",
          "Blizzard",
          "Protect",
          "Rain Dance",
          "Frustration",
          "Thunderbolt",
          "Thunder",
          "Return",
          "Dig",
          "Double Team",
          "Sludge Bomb",
          "Aerial Ace",
          "Facade",
          "Rest",
          "Attract",
          "Thief",
          "Round",
          "Echoed Voice",
          "Shadow Claw",
          "Poison Jab",
          "Swagger",
          "Sleep Talk",
          "Substitute",
          "Secret Power",
          "Confide"
        ],
        "tmMoves5": [
          "Hone Claws",
          "Toxic",
          "Venoshock",
          "Hidden Power",
          "Sunny Day",
          "Ice Beam",
          "Blizzard",
          "Protect",
          "Rain Dance",
          "Frustration",
          "Thunderbolt",
          "Thunder",
          "Return",
          "Dig",
          "Double Team",
          "Sludge Bomb",
          "Aerial Ace",
          "Facade",
          "Rest",
          "Attract",
          "Thief",
          "Round",
          "Shadow Claw",
          "Poison Jab",
          "Swagger",
          "Substitute",
          "Rock Smash"
        ],
        "tmMoves4": [
          "Water Pulse",
          "Toxic",
          "Hidden Power",
          "Sunny Day",
          "Ice Beam",
          "Blizzard",
          "Protect",
          "Rain Dance",
          "Frustration",
          "Iron Tail",
          "Thunderbolt",
          "Thunder",
          "Return",
          "Dig",
          "Double Team",
          "Shock Wave",
          "Sludge Bomb",
          "Aerial Ace",
          "Facade",
          "Secret Power",
          "Rest",
          "Attract",
          "Thief",
          "Endure",
          "Shadow Claw",
          "Captivate",
          "Sleep Talk",
          "Natural Gift",
          "Poison Jab",
          "Swagger",
          "Substitute"
        ],
        "tmMoves3": [
          "Water Pulse",
          "Toxic",
          "Hidden Power",
          "Sunny Day",
          "Ice Beam",
          "Blizzard",
          "Protect",
          "Rain Dance",
          "Frustration",
          "Iron Tail",
          "Thunderbolt",
          "Thunder",
          "Return",
          "Dig",
          "Double Team",
          "Shock Wave",
          "Sludge Bomb",
          "Aerial Ace",
          "Facade",
          "Secret Power",
          "Rest",
          "Attract",
          "Thief"
        ],
        "tmMoves2": [
          "Headbutt",
          "Curse",
          "Toxic",
          "Hidden Power",
          "Sunny Day",
          "Snore",
          "Blizzard",
          "Protect",
          "Rain Dance",
          "Endure",
          "Frustration",
          "Iron Tail",
          "Thunder",
          "Return",
          "Mud-Slap",
          "Double Team",
          "Swagger",
          "Sleep Talk",
          "Defense Curl",
          "Detect",
          "Rest",
          "Attract",
          "Thief"
        ],
        "tmMoves1": [
          "Toxic",
          "Body Slam",
          "Take Down",
          "Double-Edge",
          "Blizzard",
          "Rage",
          "Thunderbolt",
          "Thunder",
          "Mimic",
          "Double Team",
          "Reflect",
          "Bide",
          "Skull Bash",
          "Rest",
          "Substitute"
        ],
        "tmMoves": []
      },
      "abilities": {
        "abilities": [
          "PoisonPoint",
          "Rivalry"
        ],
        "hiddenAbilities": [
          "Hustle"
        ]
      },
      "movement": {
        "rideable": false,
        "canFly": false,
        "canSurf": false,
        "canRideShoulder": false
      },
      "aggression": {
        "timid": 80,
        "passive": 0,
        "aggressive": 20
      },
      "battleStats": {
        "hp": 55,
        "attack": 47,
        "defense": 52,
        "specialAttack": 40,
        "specialDefense": 40,
        "speed": 41
      },
      "tags": [],
      "spawn": {
        "baseExp": 59,
        "baseFriendship": 70,
        "spawnLevel": 3,
        "spawnLevelRange": 13,
        "spawnLocations": [
          "LAND"
        ]
      },
      "possibleGenders": [
        "MALE",
        "FEMALE"
      ],
      "genderProperties": [
        {
          "gender": "ALL",
          "palettes": [
            {
              "name": "none",
              "texture": "pixelmon:pokemon/029_nidoranfemale/all/base/none/texture.png",
              "sprite": "pixelmon:pokemon/029_nidoranfemale/all/base/none/sprite.png",
              "particle": "",
              "modelLocator": {
                "factoryType": "NORMAL",
                "pqc": [
                  "pixelmon:pokemon/029_nidoranfemale/all/base/none/model.pqc"
                ]
              },
              "sounds": [
                "pixelmon.mob.nidoranfemale"
              ]
            },
            {
              "name": "shiny",
              "texture": "pixelmon:pokemon/029_nidoranfemale/all/base/shiny/texture.png",
              "sprite": "pixelmon:pokemon/029_nidoranfemale/all/base/shiny/sprite.png",
              "particle": "arcanery:shiny"
            },
            {
              "name": "pink",
              "texture": "pixelmon:pokemon/029_nidoranfemale/all/base/pink/texture.png",
              "sprite": "pixelmon:pokemon/029_nidoranfemale/all/base/pink/sprite.png",
              "particle": ""
            },
            {
              "name": "valencian",
              "texture": "pixelmon:pokemon/029_nidoranfemale/all/base/valencian/texture.png",
              "sprite": "pixelmon:pokemon/029_nidoranfemale/all/base/valencian/sprite.png",
              "particle": ""
            },
			{
              "name": "black and white",
              "texture": "pixelmon:pokemon/029_nidoranfemale/all/base/custom-black-white/texture.png",
              "sprite": "pixelmon:pokemon/029_nidoranfemale/all/base/custom-black-white/sprite.png",
              "particle": ""
            },
			{
              "name": "halloween",
              "texture": "pixelmon:pokemon/029_nidoranfemale/all/base/custom-halloween/texture.png",
              "sprite": "pixelmon:pokemon/029_nidoranfemale/all/base/custom-halloween/sprite.png",
              "particle": ""
            }
          ]
        }
      ],
      "eggGroups": [
        "MONSTER",
        "FIELD"
      ],
      "types": [
        "POISON"
      ],
      "preEvolutions": [],
      "defaultBaseForm": "",
      "megaItems": [],
      "megas": [],
      "gigantamax": {
        "canHaveFactor": false,
        "canGigantamax": false
      },
      "eggCycles": 21,
      "weight": 7.0,
      "catchRate": 235,
      "malePercentage": 0,
      "evolutions": [
        {
          "level": 16,
          "to": "Nidorina",
          "conditions": [],
          "evoType": "leveling"
        }
      ],
      "evYields": {
        "hp": 1
      }
    }
  ],
  "generation": 1
}
