{
  "name": "Nidorina",
  "dex": 30,
  "defaultForms": [
    ""
  ],
  "forms": [
    {
      "name": "",
      "experienceGroup": "MEDIUM_SLOW",
      "dimensions": {
        "height": 0.5,
        "width": 0.5,
        "length": 1,
        "eyeHeight": 0.5,
        "hoverHeight": 0.5
      },
      "moves": {
        "levelUpMoves": [
          {
            "level": 0,
            "attacks": [
              "Growl",
              "Poison Sting",
              "Scratch",
              "Tail Whip"
            ]
          },
          {
            "level": 15,
            "attacks": [
              "Fury Swipes"
            ]
          },
          {
            "level": 22,
            "attacks": [
              "Toxic Spikes"
            ]
          },
          {
            "level": 29,
            "attacks": [
              "Double Kick"
            ]
          },
          {
            "level": 36,
            "attacks": [
              "Bite"
            ]
          },
          {
            "level": 43,
            "attacks": [
              "Helping Hand"
            ]
          },
          {
            "level": 50,
            "attacks": [
              "Toxic"
            ]
          },
          {
            "level": 57,
            "attacks": [
              "Flatter"
            ]
          },
          {
            "level": 64,
            "attacks": [
              "Crunch"
            ]
          },
          {
            "level": 71,
            "attacks": [
              "Earth Power"
            ]
          }
        ],
        "tutorMoves": [],
        "eggMoves": [
          "Beat Up",
          "Charm",
          "Chip Away",
          "Counter",
          "Disable",
          "Endure",
          "Focus Energy",
          "Iron Tail",
          "Poison Tail",
          "Pursuit",
          "Skull Bash",
          "Supersonic",
          "Take Down",
          "Venom Drench"
        ],
        "tmMoves8": [
          "Dig",
          "Rest",
          "Thief",
          "Snore",
          "Protect",
          "Charm",
          "Attract",
          "Rain Dance",
          "Sunny Day",
          "Beat Up",
          "Facade",
          "Helping Hand",
          "Shadow Claw",
          "Venoshock",
          "Round",
          "Stomping Tantrum"
        ],
        "trMoves": [
          "Body Slam",
          "Ice Beam",
          "Blizzard",
          "Thunderbolt",
          "Thunder",
          "Focus Energy",
          "Substitute",
          "Sludge Bomb",
          "Endure",
          "Sleep Talk",
          "Iron Tail",
          "Crunch",
          "Toxic Spikes",
          "Poison Jab",
          "Earth Power",
          "Venom Drench"
        ],
        "hmMoves": [],
        "transferMoves": [
          "Aerial Ace",
          "Bide",
          "Bite",
          "Bubble Beam",
          "Captivate",
          "Chip Away",
          "Confide",
          "Curse",
          "Cut",
          "Defense Curl",
          "Detect",
          "Double Kick",
          "Double Team",
          "Double-Edge",
          "Echoed Voice",
          "Flatter",
          "Frustration",
          "Fury Swipes",
          "Growl",
          "Headbutt",
          "Hidden Power",
          "Hone Claws",
          "Horn Drill",
          "Mimic",
          "Mud-Slap",
          "Natural Gift",
          "Poison Sting",
          "Pursuit",
          "Rage",
          "Reflect",
          "Return",
          "Rock Smash",
          "Scratch",
          "Secret Power",
          "Shock Wave",
          "Strength",
          "Sucker Punch",
          "Super Fang",
          "Swagger",
          "Tackle",
          "Tail Whip",
          "Toxic",
          "Water Gun",
          "Water Pulse"
        ],
        "tmMoves7": [
          "Toxic",
          "Venoshock",
          "Hidden Power",
          "Sunny Day",
          "Ice Beam",
          "Blizzard",
          "Protect",
          "Rain Dance",
          "Frustration",
          "Thunderbolt",
          "Thunder",
          "Return",
          "Double Team",
          "Sludge Bomb",
          "Aerial Ace",
          "Facade",
          "Rest",
          "Attract",
          "Thief",
          "Round",
          "Echoed Voice",
          "Shadow Claw",
          "Poison Jab",
          "Swagger",
          "Sleep Talk",
          "Substitute",
          "Confide"
        ],
        "tmMoves6": [
          "Hone Claws",
          "Toxic",
          "Venoshock",
          "Hidden Power",
          "Sunny Day",
          "Ice Beam",
          "Blizzard",
          "Protect",
          "Rain Dance",
          "Frustration",
          "Thunderbolt",
          "Thunder",
          "Return",
          "Dig",
          "Double Team",
          "Sludge Bomb",
          "Aerial Ace",
          "Facade",
          "Rest",
          "Attract",
          "Thief",
          "Round",
          "Echoed Voice",
          "Shadow Claw",
          "Poison Jab",
          "Swagger",
          "Sleep Talk",
          "Substitute",
          "Secret Power",
          "Confide"
        ],
        "tmMoves5": [
          "Hone Claws",
          "Toxic",
          "Venoshock",
          "Hidden Power",
          "Sunny Day",
          "Ice Beam",
          "Blizzard",
          "Protect",
          "Rain Dance",
          "Frustration",
          "Thunderbolt",
          "Thunder",
          "Return",
          "Dig",
          "Double Team",
          "Sludge Bomb",
          "Aerial Ace",
          "Facade",
          "Rest",
          "Attract",
          "Thief",
          "Round",
          "Echoed Voice",
          "Shadow Claw",
          "Poison Jab",
          "Swagger",
          "Substitute",
          "Rock Smash"
        ],
        "tmMoves4": [
          "Water Pulse",
          "Toxic",
          "Hidden Power",
          "Sunny Day",
          "Ice Beam",
          "Blizzard",
          "Protect",
          "Rain Dance",
          "Frustration",
          "Iron Tail",
          "Thunderbolt",
          "Thunder",
          "Return",
          "Dig",
          "Double Team",
          "Shock Wave",
          "Sludge Bomb",
          "Aerial Ace",
          "Facade",
          "Secret Power",
          "Rest",
          "Attract",
          "Thief",
          "Endure",
          "Shadow Claw",
          "Captivate",
          "Sleep Talk",
          "Natural Gift",
          "Poison Jab",
          "Swagger",
          "Substitute"
        ],
        "tmMoves3": [
          "Water Pulse",
          "Toxic",
          "Hidden Power",
          "Sunny Day",
          "Ice Beam",
          "Blizzard",
          "Protect",
          "Rain Dance",
          "Frustration",
          "Iron Tail",
          "Thunderbolt",
          "Thunder",
          "Return",
          "Dig",
          "Double Team",
          "Shock Wave",
          "Sludge Bomb",
          "Aerial Ace",
          "Facade",
          "Secret Power",
          "Rest",
          "Attract",
          "Thief"
        ],
        "tmMoves2": [
          "Headbutt",
          "Curse",
          "Toxic",
          "Rock Smash",
          "Hidden Power",
          "Sunny Day",
          "Snore",
          "Blizzard",
          "Protect",
          "Rain Dance",
          "Endure",
          "Frustration",
          "Iron Tail",
          "Thunder",
          "Return",
          "Mud-Slap",
          "Double Team",
          "Swagger",
          "Sleep Talk",
          "Defense Curl",
          "Detect",
          "Rest",
          "Attract",
          "Thief"
        ],
        "tmMoves1": [
          "Toxic",
          "Horn Drill",
          "Body Slam",
          "Take Down",
          "Double-Edge",
          "Bubble Beam",
          "Water Gun",
          "Ice Beam",
          "Blizzard",
          "Rage",
          "Thunderbolt",
          "Thunder",
          "Mimic",
          "Double Team",
          "Reflect",
          "Bide",
          "Skull Bash",
          "Rest",
          "Substitute"
        ],
        "tmMoves": []
      },
      "abilities": {
        "abilities": [
          "PoisonPoint",
          "Rivalry"
        ],
        "hiddenAbilities": [
          "Hustle"
        ]
      },
      "movement": {
        "rideable": false,
        "canFly": false,
        "canSurf": false,
        "canRideShoulder": false
      },
      "aggression": {
        "timid": 80,
        "passive": 0,
        "aggressive": 20
      },
      "battleStats": {
        "hp": 70,
        "attack": 62,
        "defense": 67,
        "specialAttack": 55,
        "specialDefense": 55,
        "speed": 56
      },
      "tags": [],
      "spawn": {
        "baseExp": 117,
        "baseFriendship": 70,
        "spawnLevel": 16,
        "spawnLevelRange": 9,
        "spawnLocations": [
          "LAND"
        ]
      },
      "possibleGenders": [
        "MALE",
        "FEMALE"
      ],
      "genderProperties": [
        {
          "gender": "ALL",
          "palettes": [
            {
              "name": "none",
              "texture": "pixelmon:pokemon/030_nidorina/all/base/none/texture.png",
              "sprite": "pixelmon:pokemon/030_nidorina/all/base/none/sprite.png",
              "particle": "",
              "modelLocator": {
                "factoryType": "NORMAL",
                "pqc": [
                  "pixelmon:pokemon/030_nidorina/all/base/none/model.pqc"
                ]
              },
              "sounds": [
                "pixelmon.mob.nidorina"
              ]
            },
            {
              "name": "shiny",
              "texture": "pixelmon:pokemon/030_nidorina/all/base/shiny/texture.png",
              "sprite": "pixelmon:pokemon/030_nidorina/all/base/shiny/sprite.png",
              "particle": "arcanery:shiny"
            },
            {
              "name": "pink",
              "texture": "pixelmon:pokemon/030_nidorina/all/base/pink/texture.png",
              "sprite": "pixelmon:pokemon/030_nidorina/all/base/pink/sprite.png",
              "particle": ""
            },
            {
              "name": "valencian",
              "texture": "pixelmon:pokemon/030_nidorina/all/base/valencian/texture.png",
              "sprite": "pixelmon:pokemon/030_nidorina/all/base/valencian/sprite.png",
              "particle": ""
            },
			{
              "name": "black and white",
              "texture": "pixelmon:pokemon/030_nidorina/all/base/custom-black-white/texture.png",
              "sprite": "pixelmon:pokemon/030_nidorina/all/base/custom-black-white/sprite.png",
              "particle": ""
            },
			{
              "name": "halloween",
              "texture": "pixelmon:pokemon/030_nidorina/all/base/custom-halloween/texture.png",
              "sprite": "pixelmon:pokemon/030_nidorina/all/base/custom-halloween/sprite.png",
              "particle": ""
            }
          ]
        }
      ],
      "eggGroups": [
        "MONSTER",
        "FIELD"
      ],
      "types": [
        "POISON"
      ],
      "preEvolutions": [
        "Nidoranfemale"
      ],
      "defaultBaseForm": "",
      "megaItems": [],
      "megas": [],
      "gigantamax": {
        "canHaveFactor": false,
        "canGigantamax": false
      },
      "eggCycles": 21,
      "weight": 20.0,
      "catchRate": 120,
      "malePercentage": 0,
      "evolutions": [
        {
          "item": {
            "itemID": "pixelmon:moon_stone"
          },
          "to": "Nidoqueen",
          "conditions": [],
          "evoType": "interact",
          "moves": [
            "Superpower"
          ]
        }
      ],
      "evYields": {
        "hp": 2
      }
    }
  ],
  "generation": 1
}
