{
  "name": "Nidoranmale",
  "dex": 32,
  "defaultForms": [
    ""
  ],
  "forms": [
    {
      "name": "",
      "experienceGroup": "MEDIUM_SLOW",
      "dimensions": {
        "height": 0.5,
        "width": 0.6,
        "length": 1,
        "eyeHeight": 0.5,
        "hoverHeight": 0.5
      },
      "moves": {
        "levelUpMoves": [
          {
            "level": 0,
            "attacks": [
              "Leer",
              "Poison Sting"
            ]
          },
          {
            "level": 5,
            "attacks": [
              "Peck"
            ]
          },
          {
            "level": 10,
            "attacks": [
              "Focus Energy"
            ]
          },
          {
            "level": 15,
            "attacks": [
              "Fury Attack"
            ]
          },
          {
            "level": 20,
            "attacks": [
              "Toxic Spikes"
            ]
          },
          {
            "level": 25,
            "attacks": [
              "Double Kick"
            ]
          },
          {
            "level": 30,
            "attacks": [
              "Horn Attack"
            ]
          },
          {
            "level": 35,
            "attacks": [
              "Helping Hand"
            ]
          },
          {
            "level": 40,
            "attacks": [
              "Toxic"
            ]
          },
          {
            "level": 45,
            "attacks": [
              "Flatter"
            ]
          },
          {
            "level": 50,
            "attacks": [
              "Poison Jab"
            ]
          },
          {
            "level": 55,
            "attacks": [
              "Earth Power"
            ]
          }
        ],
        "tutorMoves": [],
        "eggMoves": [
          "Confusion",
          "Counter",
          "Disable",
          "Head Smash",
          "Horn Drill",
          "Poison Tail",
          "Sucker Punch",
          "Supersonic",
          "Take Down",
          "Thrash"
        ],
        "tmMoves8": [
          "Dig",
          "Rest",
          "Thief",
          "Snore",
          "Protect",
          "Attract",
          "Rain Dance",
          "Sunny Day",
          "Beat Up",
          "Facade",
          "Helping Hand",
          "Shadow Claw",
          "Venoshock",
          "Round",
          "Smart Strike"
        ],
        "trMoves": [
          "Body Slam",
          "Ice Beam",
          "Blizzard",
          "Thunderbolt",
          "Thunder",
          "Focus Energy",
          "Amnesia",
          "Substitute",
          "Sludge Bomb",
          "Endure",
          "Sleep Talk",
          "Iron Tail",
          "Toxic Spikes",
          "Poison Jab",
          "Earth Power",
          "Drill Run",
          "Venom Drench"
        ],
        "hmMoves": [],
        "transferMoves": [
          "Bide",
          "Captivate",
          "Chip Away",
          "Confide",
          "Curse",
          "Cut",
          "Defense Curl",
          "Detect",
          "Double Team",
          "Double-Edge",
          "Echoed Voice",
          "Frustration",
          "Headbutt",
          "Hidden Power",
          "Hone Claws",
          "Mimic",
          "Mud-Slap",
          "Natural Gift",
          "Rage",
          "Reflect",
          "Return",
          "Rock Smash",
          "Secret Power",
          "Shock Wave",
          "Skull Bash",
          "Strength",
          "Super Fang",
          "Swagger",
          "Tackle",
          "Water Pulse"
        ],
        "tmMoves7": [
          "Toxic",
          "Venoshock",
          "Hidden Power",
          "Sunny Day",
          "Ice Beam",
          "Blizzard",
          "Protect",
          "Rain Dance",
          "Frustration",
          "Thunderbolt",
          "Thunder",
          "Return",
          "Double Team",
          "Sludge Bomb",
          "Facade",
          "Rest",
          "Attract",
          "Thief",
          "Round",
          "Echoed Voice",
          "Shadow Claw",
          "Smart Strike",
          "Poison Jab",
          "Swagger",
          "Sleep Talk",
          "Substitute",
          "Confide"
        ],
        "tmMoves6": [
          "Hone Claws",
          "Toxic",
          "Venoshock",
          "Hidden Power",
          "Sunny Day",
          "Ice Beam",
          "Blizzard",
          "Protect",
          "Rain Dance",
          "Frustration",
          "Thunderbolt",
          "Thunder",
          "Return",
          "Dig",
          "Double Team",
          "Sludge Bomb",
          "Facade",
          "Rest",
          "Attract",
          "Thief",
          "Round",
          "Echoed Voice",
          "Shadow Claw",
          "Poison Jab",
          "Swagger",
          "Sleep Talk",
          "Substitute",
          "Secret Power",
          "Confide"
        ],
        "tmMoves5": [
          "Hone Claws",
          "Toxic",
          "Venoshock",
          "Hidden Power",
          "Sunny Day",
          "Ice Beam",
          "Blizzard",
          "Protect",
          "Rain Dance",
          "Frustration",
          "Thunderbolt",
          "Thunder",
          "Return",
          "Dig",
          "Double Team",
          "Sludge Bomb",
          "Facade",
          "Rest",
          "Attract",
          "Thief",
          "Round",
          "Echoed Voice",
          "Shadow Claw",
          "Poison Jab",
          "Swagger",
          "Substitute",
          "Rock Smash"
        ],
        "tmMoves4": [
          "Water Pulse",
          "Toxic",
          "Hidden Power",
          "Sunny Day",
          "Ice Beam",
          "Blizzard",
          "Protect",
          "Rain Dance",
          "Frustration",
          "Iron Tail",
          "Thunderbolt",
          "Thunder",
          "Return",
          "Dig",
          "Double Team",
          "Shock Wave",
          "Sludge Bomb",
          "Facade",
          "Secret Power",
          "Rest",
          "Attract",
          "Thief",
          "Endure",
          "Shadow Claw",
          "Captivate",
          "Sleep Talk",
          "Natural Gift",
          "Poison Jab",
          "Swagger",
          "Substitute"
        ],
        "tmMoves3": [
          "Water Pulse",
          "Toxic",
          "Hidden Power",
          "Sunny Day",
          "Ice Beam",
          "Blizzard",
          "Protect",
          "Rain Dance",
          "Frustration",
          "Iron Tail",
          "Thunderbolt",
          "Thunder",
          "Return",
          "Dig",
          "Double Team",
          "Shock Wave",
          "Sludge Bomb",
          "Facade",
          "Secret Power",
          "Rest",
          "Attract",
          "Thief"
        ],
        "tmMoves2": [
          "Headbutt",
          "Curse",
          "Toxic",
          "Hidden Power",
          "Sunny Day",
          "Snore",
          "Blizzard",
          "Protect",
          "Rain Dance",
          "Endure",
          "Frustration",
          "Iron Tail",
          "Thunder",
          "Return",
          "Mud-Slap",
          "Double Team",
          "Swagger",
          "Sleep Talk",
          "Defense Curl",
          "Detect",
          "Rest",
          "Attract",
          "Thief"
        ],
        "tmMoves1": [
          "Toxic",
          "Horn Drill",
          "Body Slam",
          "Take Down",
          "Double-Edge",
          "Blizzard",
          "Rage",
          "Thunderbolt",
          "Thunder",
          "Mimic",
          "Double Team",
          "Reflect",
          "Bide",
          "Skull Bash",
          "Rest",
          "Substitute"
        ],
        "tmMoves": []
      },
      "abilities": {
        "abilities": [
          "PoisonPoint",
          "Rivalry"
        ],
        "hiddenAbilities": [
          "Hustle"
        ]
      },
      "movement": {
        "rideable": false,
        "canFly": false,
        "canSurf": false,
        "canRideShoulder": false
      },
      "aggression": {
        "timid": 80,
        "passive": 0,
        "aggressive": 20
      },
      "battleStats": {
        "hp": 46,
        "attack": 57,
        "defense": 40,
        "specialAttack": 40,
        "specialDefense": 40,
        "speed": 50
      },
      "tags": [],
      "spawn": {
        "baseExp": 60,
        "baseFriendship": 70,
        "spawnLevel": 3,
        "spawnLevelRange": 13,
        "spawnLocations": [
          "LAND"
        ]
      },
      "possibleGenders": [
        "MALE",
        "FEMALE"
      ],
      "genderProperties": [
        {
          "gender": "ALL",
          "palettes": [
            {
              "name": "none",
              "texture": "pixelmon:pokemon/032_nidoranmale/all/base/none/texture.png",
              "sprite": "pixelmon:pokemon/032_nidoranmale/all/base/none/sprite.png",
              "particle": "",
              "modelLocator": {
                "factoryType": "NORMAL",
                "pqc": [
                  "pixelmon:pokemon/032_nidoranmale/all/base/none/model.pqc"
                ]
              },
              "sounds": [
                "pixelmon.mob.nidoranmale"
              ]
            },
            {
              "name": "shiny",
              "texture": "pixelmon:pokemon/032_nidoranmale/all/base/shiny/texture.png",
              "sprite": "pixelmon:pokemon/032_nidoranmale/all/base/shiny/sprite.png",
              "particle": "arcanery:shiny"
            },
            {
              "name": "pink",
              "texture": "pixelmon:pokemon/032_nidoranmale/all/base/pink/texture.png",
              "sprite": "pixelmon:pokemon/032_nidoranmale/all/base/pink/sprite.png",
              "particle": ""
            },
            {
              "name": "valencian",
              "texture": "pixelmon:pokemon/032_nidoranmale/all/base/valencian/texture.png",
              "sprite": "pixelmon:pokemon/032_nidoranmale/all/base/valencian/sprite.png",
              "particle": ""
            },
			{
              "name": "ditto",
              "texture": "pixelmon:pokemon/032_nidoranmale/all/base/custom-ditto/texture.png",
              "sprite": "pixelmon:pokemon/032_nidoranmale/all/base/custom-ditto/sprite.png",
              "particle": ""
            },
			{
              "name": "halloween",
              "texture": "pixelmon:pokemon/032_nidoranmale/all/base/custom-halloween/texture.png",
              "sprite": "pixelmon:pokemon/032_nidoranmale/all/base/custom-halloween/sprite.png",
              "particle": ""
            },
			{
              "name": "purple haze",
              "texture": "pixelmon:pokemon/032_nidoranmale/all/base/custom-purplehaze/texture.png",
              "sprite": "pixelmon:pokemon/032_nidoranmale/all/base/custom-purplehaze/sprite.png",
              "particle": ""
            }
          ]
        }
      ],
      "eggGroups": [
        "MONSTER",
        "FIELD"
      ],
      "types": [
        "POISON"
      ],
      "preEvolutions": [],
      "defaultBaseForm": "",
      "megaItems": [],
      "megas": [],
      "gigantamax": {
        "canHaveFactor": false,
        "canGigantamax": false
      },
      "eggCycles": 21,
      "weight": 9.0,
      "catchRate": 235,
      "malePercentage": 0,
      "evolutions": [
        {
          "level": 16,
          "to": "Nidorino",
          "conditions": [],
          "evoType": "leveling"
        }
      ],
      "evYields": {
        "attack": 1
      }
    }
  ],
  "generation": 1
}
