{
  "name": "Nidorino",
  "dex": 33,
  "defaultForms": [
    ""
  ],
  "forms": [
    {
      "name": "",
      "experienceGroup": "MEDIUM_SLOW",
      "dimensions": {
        "height": 0.6,
        "width": 0.7,
        "length": 1,
        "eyeHeight": 0.6,
        "hoverHeight": 0.6
      },
      "moves": {
        "levelUpMoves": [
          {
            "level": 0,
            "attacks": [
              "Focus Energy",
              "Leer",
              "Peck",
              "Poison Sting"
            ]
          },
          {
            "level": 15,
            "attacks": [
              "Fury Attack"
            ]
          },
          {
            "level": 22,
            "attacks": [
              "Toxic Spikes"
            ]
          },
          {
            "level": 29,
            "attacks": [
              "Double Kick"
            ]
          },
          {
            "level": 36,
            "attacks": [
              "Horn Attack"
            ]
          },
          {
            "level": 43,
            "attacks": [
              "Helping Hand"
            ]
          },
          {
            "level": 50,
            "attacks": [
              "Toxic"
            ]
          },
          {
            "level": 57,
            "attacks": [
              "Flatter"
            ]
          },
          {
            "level": 64,
            "attacks": [
              "Poison Jab"
            ]
          },
          {
            "level": 71,
            "attacks": [
              "Earth Power"
            ]
          }
        ],
        "tutorMoves": [],
        "eggMoves": [
          "Amnesia",
          "Beat Up",
          "Chip Away",
          "Psychic",
          "Counter",
          "Disable",
          "Endure",
          "Head Smash",
          "Iron Tail",
          "Poison Tail",
          "Sucker Punch",
          "Supersonic",
          "Take Down",
          "Venom Drench"
        ],
        "tmMoves8": [
          "Dig",
          "Rest",
          "Thief",
          "Snore",
          "Protect",
          "Attract",
          "Rain Dance",
          "Sunny Day",
          "Beat Up",
          "Facade",
          "Helping Hand",
          "Shadow Claw",
          "Venoshock",
          "Round",
          "Smart Strike",
          "Stomping Tantrum"
        ],
        "trMoves": [
          "Body Slam",
          "Ice Beam",
          "Blizzard",
          "Thunderbolt",
          "Thunder",
          "Focus Energy",
          "Amnesia",
          "Substitute",
          "Sludge Bomb",
          "Endure",
          "Sleep Talk",
          "Iron Tail",
          "Toxic Spikes",
          "Poison Jab",
          "Earth Power",
          "Drill Run",
          "Venom Drench"
        ],
        "hmMoves": [],
        "transferMoves": [
          "Bide",
          "Bubble Beam",
          "Captivate",
          "Chip Away",
          "Confide",
          "Curse",
          "Cut",
          "Defense Curl",
          "Detect",
          "Double Team",
          "Double-Edge",
          "Echoed Voice",
          "Frustration",
          "Headbutt",
          "Hidden Power",
          "Hone Claws",
          "Mimic",
          "Mud-Slap",
          "Natural Gift",
          "Rage",
          "Reflect",
          "Return",
          "Rock Smash",
          "Secret Power",
          "Shock Wave",
          "Skull Bash",
          "Strength",
          "Super Fang",
          "Swagger",
          "Tackle",
          "Water Gun",
          "Water Pulse"
        ],
        "tmMoves7": [
          "Toxic",
          "Venoshock",
          "Hidden Power",
          "Sunny Day",
          "Ice Beam",
          "Blizzard",
          "Protect",
          "Rain Dance",
          "Frustration",
          "Thunderbolt",
          "Thunder",
          "Return",
          "Double Team",
          "Sludge Bomb",
          "Facade",
          "Rest",
          "Attract",
          "Thief",
          "Round",
          "Echoed Voice",
          "Shadow Claw",
          "Smart Strike",
          "Poison Jab",
          "Swagger",
          "Sleep Talk",
          "Substitute",
          "Confide"
        ],
        "tmMoves6": [
          "Hone Claws",
          "Toxic",
          "Venoshock",
          "Hidden Power",
          "Sunny Day",
          "Ice Beam",
          "Blizzard",
          "Protect",
          "Rain Dance",
          "Frustration",
          "Thunderbolt",
          "Thunder",
          "Return",
          "Dig",
          "Double Team",
          "Sludge Bomb",
          "Facade",
          "Rest",
          "Attract",
          "Thief",
          "Round",
          "Echoed Voice",
          "Shadow Claw",
          "Poison Jab",
          "Swagger",
          "Sleep Talk",
          "Substitute",
          "Secret Power",
          "Confide"
        ],
        "tmMoves5": [
          "Hone Claws",
          "Toxic",
          "Venoshock",
          "Hidden Power",
          "Sunny Day",
          "Ice Beam",
          "Blizzard",
          "Protect",
          "Rain Dance",
          "Frustration",
          "Thunderbolt",
          "Thunder",
          "Return",
          "Dig",
          "Double Team",
          "Sludge Bomb",
          "Facade",
          "Rest",
          "Attract",
          "Thief",
          "Round",
          "Echoed Voice",
          "Shadow Claw",
          "Poison Jab",
          "Swagger",
          "Substitute",
          "Rock Smash"
        ],
        "tmMoves4": [
          "Water Pulse",
          "Toxic",
          "Hidden Power",
          "Sunny Day",
          "Ice Beam",
          "Blizzard",
          "Protect",
          "Rain Dance",
          "Frustration",
          "Iron Tail",
          "Thunderbolt",
          "Thunder",
          "Return",
          "Dig",
          "Double Team",
          "Shock Wave",
          "Sludge Bomb",
          "Facade",
          "Secret Power",
          "Rest",
          "Attract",
          "Thief",
          "Endure",
          "Shadow Claw",
          "Captivate",
          "Sleep Talk",
          "Natural Gift",
          "Poison Jab",
          "Swagger",
          "Substitute"
        ],
        "tmMoves3": [
          "Water Pulse",
          "Toxic",
          "Hidden Power",
          "Sunny Day",
          "Ice Beam",
          "Blizzard",
          "Protect",
          "Rain Dance",
          "Frustration",
          "Iron Tail",
          "Thunderbolt",
          "Thunder",
          "Return",
          "Dig",
          "Double Team",
          "Shock Wave",
          "Sludge Bomb",
          "Facade",
          "Secret Power",
          "Rest",
          "Attract",
          "Thief"
        ],
        "tmMoves2": [
          "Headbutt",
          "Curse",
          "Toxic",
          "Rock Smash",
          "Hidden Power",
          "Sunny Day",
          "Snore",
          "Blizzard",
          "Protect",
          "Rain Dance",
          "Endure",
          "Frustration",
          "Iron Tail",
          "Thunder",
          "Return",
          "Mud-Slap",
          "Double Team",
          "Swagger",
          "Sleep Talk",
          "Defense Curl",
          "Detect",
          "Rest",
          "Attract",
          "Thief"
        ],
        "tmMoves1": [
          "Toxic",
          "Horn Drill",
          "Body Slam",
          "Take Down",
          "Double-Edge",
          "Bubble Beam",
          "Water Gun",
          "Ice Beam",
          "Blizzard",
          "Rage",
          "Thunderbolt",
          "Thunder",
          "Mimic",
          "Double Team",
          "Reflect",
          "Bide",
          "Skull Bash",
          "Rest",
          "Substitute"
        ],
        "tmMoves": []
      },
      "abilities": {
        "abilities": [
          "PoisonPoint",
          "Rivalry"
        ],
        "hiddenAbilities": [
          "Hustle"
        ]
      },
      "movement": {
        "rideable": false,
        "canFly": false,
        "canSurf": false,
        "canRideShoulder": false
      },
      "aggression": {
        "timid": 80,
        "passive": 0,
        "aggressive": 20
      },
      "battleStats": {
        "hp": 61,
        "attack": 72,
        "defense": 57,
        "specialAttack": 55,
        "specialDefense": 55,
        "speed": 65
      },
      "tags": [],
      "spawn": {
        "baseExp": 118,
        "baseFriendship": 70,
        "spawnLevel": 16,
        "spawnLevelRange": 9,
        "spawnLocations": [
          "LAND"
        ]
      },
      "possibleGenders": [
        "MALE",
        "FEMALE"
      ],
      "genderProperties": [
        {
          "gender": "ALL",
          "palettes": [
            {
              "name": "none",
              "texture": "pixelmon:pokemon/033_nidorino/all/base/none/texture.png",
              "sprite": "pixelmon:pokemon/033_nidorino/all/base/none/sprite.png",
              "particle": "",
              "modelLocator": {
                "factoryType": "NORMAL",
                "pqc": [
                  "pixelmon:pokemon/033_nidorino/all/base/none/model.pqc"
                ]
              },
              "sounds": [
                "pixelmon.mob.nidorino"
              ]
            },
            {
              "name": "shiny",
              "texture": "pixelmon:pokemon/033_nidorino/all/base/shiny/texture.png",
              "sprite": "pixelmon:pokemon/033_nidorino/all/base/shiny/sprite.png",
              "particle": "arcanery:shiny"
            },
            {
              "name": "pink",
              "texture": "pixelmon:pokemon/033_nidorino/all/base/pink/texture.png",
              "sprite": "pixelmon:pokemon/033_nidorino/all/base/pink/sprite.png",
              "particle": ""
            },
            {
              "name": "valencian",
              "texture": "pixelmon:pokemon/033_nidorino/all/base/valencian/texture.png",
              "sprite": "pixelmon:pokemon/033_nidorino/all/base/valencian/sprite.png",
              "particle": ""
            },
			{
              "name": "ditto",
              "texture": "pixelmon:pokemon/033_nidorino/all/base/custom-ditto/texture.png",
              "sprite": "pixelmon:pokemon/033_nidorino/all/base/custom-ditto/sprite.png",
              "particle": ""
            },
			{
              "name": "halloween",
              "texture": "pixelmon:pokemon/033_nidorino/all/base/custom-halloween/texture.png",
              "sprite": "pixelmon:pokemon/033_nidorino/all/base/custom-halloween/sprite.png",
              "particle": ""
            },
			{
              "name": "purple haze",
              "texture": "pixelmon:pokemon/033_nidorino/all/base/custom-purplehaze/texture.png",
              "sprite": "pixelmon:pokemon/033_nidorino/all/base/custom-purplehaze/sprite.png",
              "particle": ""
            }
          ]
        }
      ],
      "eggGroups": [
        "MONSTER",
        "FIELD"
      ],
      "types": [
        "POISON"
      ],
      "preEvolutions": [
        "Nidoranmale"
      ],
      "defaultBaseForm": "",
      "megaItems": [],
      "megas": [],
      "gigantamax": {
        "canHaveFactor": false,
        "canGigantamax": false
      },
      "eggCycles": 21,
      "weight": 19.5,
      "catchRate": 120,
      "malePercentage": 0,
      "evolutions": [
        {
          "item": {
            "itemID": "pixelmon:moon_stone"
          },
          "to": "Nidoking",
          "conditions": [],
          "evoType": "interact",
          "moves": [
            "Megahorn"
          ]
        }
      ],
      "evYields": {
        "attack": 2
      }
    }
  ],
  "generation": 1
}
