{
  "name": "Nidoking",
  "dex": 34,
  "defaultForms": [
    ""
  ],
  "forms": [
    {
      "name": "",
      "experienceGroup": "MEDIUM_SLOW",
      "dimensions": {
        "height": 2.1,
        "width": 1.6,
        "length": 1,
        "eyeHeight": 2.1,
        "hoverHeight": 2.1
      },
      "moves": {
        "levelUpMoves": [
          {
            "level": 0,
            "attacks": [
              "Double Kick",
              "Earth Power",
              "Flatter",
              "Focus Energy",
              "Fury Attack",
              "Helping Hand",
              "Horn Attack",
              "Leer",
              "Megahorn",
              "Peck",
              "Poison Jab",
              "Poison Sting",
              "Toxic",
              "Toxic Spikes"
            ]
          }
        ],
        "tutorMoves": [
          "Scorching Sands"
        ],
        "eggMoves": [
          "Amnesia",
          "Beat Up",
          "Chip Away",
          "Psychic",
          "Counter",
          "Disable",
          "Endure",
          "Head Smash",
          "Iron Tail",
          "Poison Tail",
          "Sucker Punch",
          "Supersonic",
          "Take Down",
          "Venom Drench"
        ],
        "tmMoves8": [
          "Mega Punch",
          "Mega Kick",
          "Pay Day",
          "Fire Punch",
          "Ice Punch",
          "Thunder Punch",
          "Hyper Beam",
          "Giga Impact",
          "Dig",
          "Rest",
          "Rock Slide",
          "Thief",
          "Snore",
          "Protect",
          "Icy Wind",
          "Attract",
          "Sandstorm",
          "Rain Dance",
          "Sunny Day",
          "Whirlpool",
          "Beat Up",
          "Facade",
          "Helping Hand",
          "Brick Break",
          "Rock Tomb",
          "Sand Tomb",
          "Mud Shot",
          "Rock Blast",
          "Fling",
          "Avalanche",
          "Shadow Claw",
          "Venoshock",
          "Round",
          "Hex",
          "Bulldoze",
          "Smart Strike",
          "Stomping Tantrum"
        ],
        "trMoves": [
          "Body Slam",
          "Flamethrower",
          "Surf",
          "Ice Beam",
          "Blizzard",
          "Thunderbolt",
          "Thunder",
          "Earthquake",
          "Focus Energy",
          "Fire Blast",
          "Amnesia",
          "Substitute",
          "Sludge Bomb",
          "Outrage",
          "Endure",
          "Sleep Talk",
          "Megahorn",
          "Iron Tail",
          "Shadow Ball",
          "Uproar",
          "Taunt",
          "Superpower",
          "Toxic Spikes",
          "Poison Jab",
          "Dragon Pulse",
          "Focus Blast",
          "Earth Power",
          "Stone Edge",
          "Stealth Rock",
          "Sludge Wave",
          "Drill Run",
          "Venom Drench",
          "High Horsepower",
          "Throat Chop",
          "Body Press"
        ],
        "hmMoves": [],
        "transferMoves": [
          "Aqua Tail",
          "Bide",
          "Bubble Beam",
          "Captivate",
          "Chip Away",
          "Confide",
          "Curse",
          "Cut",
          "Defense Curl",
          "Detect",
          "Double Team",
          "Double-Edge",
          "Dragon Tail",
          "Dynamic Punch",
          "Echoed Voice",
          "Fissure",
          "Focus Punch",
          "Frustration",
          "Fury Cutter",
          "Headbutt",
          "Hidden Power",
          "Hone Claws",
          "Incinerate",
          "Mimic",
          "Mud-Slap",
          "Natural Gift",
          "Power-Up Punch",
          "Quash",
          "Rage",
          "Reflect",
          "Return",
          "Roar",
          "Rock Smash",
          "Secret Power",
          "Seismic Toss",
          "Shock Wave",
          "Skull Bash",
          "Smack Down",
          "Strength",
          "Submission",
          "Super Fang",
          "Swagger",
          "Tackle",
          "Torment",
          "Water Gun",
          "Water Pulse"
        ],
        "tmMoves7": [
          "Roar",
          "Toxic",
          "Venoshock",
          "Hidden Power",
          "Sunny Day",
          "Taunt",
          "Ice Beam",
          "Blizzard",
          "Hyper Beam",
          "Protect",
          "Rain Dance",
          "Frustration",
          "Smack Down",
          "Thunderbolt",
          "Thunder",
          "Earthquake",
          "Return",
          "Shadow Ball",
          "Brick Break",
          "Double Team",
          "Sludge Wave",
          "Flamethrower",
          "Sludge Bomb",
          "Sandstorm",
          "Fire Blast",
          "Rock Tomb",
          "Torment",
          "Facade",
          "Rest",
          "Attract",
          "Thief",
          "Round",
          "Echoed Voice",
          "Focus Blast",
          "Fling",
          "Quash",
          "Shadow Claw",
          "Smart Strike",
          "Giga Impact",
          "Stone Edge",
          "Bulldoze",
          "Rock Slide",
          "Dragon Tail",
          "Poison Jab",
          "Swagger",
          "Sleep Talk",
          "Substitute",
          "Surf",
          "Confide"
        ],
        "tmMoves6": [
          "Hone Claws",
          "Roar",
          "Toxic",
          "Venoshock",
          "Hidden Power",
          "Sunny Day",
          "Taunt",
          "Ice Beam",
          "Blizzard",
          "Hyper Beam",
          "Protect",
          "Rain Dance",
          "Frustration",
          "Smack Down",
          "Thunderbolt",
          "Thunder",
          "Earthquake",
          "Return",
          "Dig",
          "Shadow Ball",
          "Brick Break",
          "Double Team",
          "Sludge Wave",
          "Flamethrower",
          "Sludge Bomb",
          "Sandstorm",
          "Fire Blast",
          "Rock Tomb",
          "Torment",
          "Facade",
          "Rest",
          "Attract",
          "Thief",
          "Round",
          "Echoed Voice",
          "Focus Blast",
          "Fling",
          "Incinerate",
          "Quash",
          "Shadow Claw",
          "Giga Impact",
          "Stone Edge",
          "Bulldoze",
          "Rock Slide",
          "Dragon Tail",
          "Poison Jab",
          "Swagger",
          "Sleep Talk",
          "Substitute",
          "Secret Power",
          "Power-Up Punch",
          "Confide"
        ],
        "tmMoves5": [
          "Hone Claws",
          "Roar",
          "Toxic",
          "Venoshock",
          "Hidden Power",
          "Sunny Day",
          "Taunt",
          "Ice Beam",
          "Blizzard",
          "Hyper Beam",
          "Protect",
          "Rain Dance",
          "Frustration",
          "Smack Down",
          "Thunderbolt",
          "Thunder",
          "Earthquake",
          "Return",
          "Dig",
          "Shadow Ball",
          "Brick Break",
          "Double Team",
          "Sludge Wave",
          "Flamethrower",
          "Sludge Bomb",
          "Sandstorm",
          "Fire Blast",
          "Rock Tomb",
          "Torment",
          "Facade",
          "Rest",
          "Attract",
          "Thief",
          "Round",
          "Echoed Voice",
          "Focus Blast",
          "Fling",
          "Incinerate",
          "Quash",
          "Shadow Claw",
          "Giga Impact",
          "Stone Edge",
          "Bulldoze",
          "Rock Slide",
          "Dragon Tail",
          "Poison Jab",
          "Swagger",
          "Substitute",
          "Rock Smash"
        ],
        "tmMoves4": [
          "Focus Punch",
          "Water Pulse",
          "Roar",
          "Toxic",
          "Hidden Power",
          "Sunny Day",
          "Taunt",
          "Ice Beam",
          "Blizzard",
          "Hyper Beam",
          "Protect",
          "Rain Dance",
          "Frustration",
          "Iron Tail",
          "Thunderbolt",
          "Thunder",
          "Earthquake",
          "Return",
          "Dig",
          "Shadow Ball",
          "Brick Break",
          "Double Team",
          "Shock Wave",
          "Flamethrower",
          "Sludge Bomb",
          "Sandstorm",
          "Fire Blast",
          "Rock Tomb",
          "Torment",
          "Facade",
          "Secret Power",
          "Rest",
          "Attract",
          "Thief",
          "Focus Blast",
          "Fling",
          "Endure",
          "Dragon Pulse",
          "Shadow Claw",
          "Giga Impact",
          "Stone Edge",
          "Avalanche",
          "Stealth Rock",
          "Captivate",
          "Rock Slide",
          "Sleep Talk",
          "Natural Gift",
          "Poison Jab",
          "Swagger",
          "Substitute"
        ],
        "tmMoves3": [
          "Focus Punch",
          "Water Pulse",
          "Roar",
          "Toxic",
          "Hidden Power",
          "Sunny Day",
          "Taunt",
          "Ice Beam",
          "Blizzard",
          "Hyper Beam",
          "Protect",
          "Rain Dance",
          "Frustration",
          "Iron Tail",
          "Thunderbolt",
          "Thunder",
          "Earthquake",
          "Return",
          "Dig",
          "Shadow Ball",
          "Brick Break",
          "Double Team",
          "Shock Wave",
          "Flamethrower",
          "Sludge Bomb",
          "Sandstorm",
          "Fire Blast",
          "Rock Tomb",
          "Torment",
          "Facade",
          "Secret Power",
          "Rest",
          "Attract",
          "Thief"
        ],
        "tmMoves2": [
          "Dynamic Punch",
          "Headbutt",
          "Curse",
          "Roar",
          "Toxic",
          "Rock Smash",
          "Hidden Power",
          "Sunny Day",
          "Snore",
          "Blizzard",
          "Hyper Beam",
          "Icy Wind",
          "Protect",
          "Rain Dance",
          "Endure",
          "Frustration",
          "Iron Tail",
          "Thunder",
          "Earthquake",
          "Return",
          "Shadow Ball",
          "Mud-Slap",
          "Double Team",
          "Ice Punch",
          "Swagger",
          "Sleep Talk",
          "Sandstorm",
          "Fire Blast",
          "Defense Curl",
          "Thunder Punch",
          "Detect",
          "Rest",
          "Attract",
          "Thief",
          "Fire Punch",
          "Fury Cutter"
        ],
        "tmMoves1": [
          "Mega Punch",
          "Mega Kick",
          "Toxic",
          "Horn Drill",
          "Body Slam",
          "Take Down",
          "Double-Edge",
          "Bubble Beam",
          "Water Gun",
          "Ice Beam",
          "Blizzard",
          "Hyper Beam",
          "Pay Day",
          "Submission",
          "Counter",
          "Seismic Toss",
          "Rage",
          "Thunderbolt",
          "Thunder",
          "Earthquake",
          "Fissure",
          "Mimic",
          "Double Team",
          "Reflect",
          "Bide",
          "Fire Blast",
          "Skull Bash",
          "Rest",
          "Rock Slide",
          "Substitute"
        ],
        "tmMoves": []
      },
      "abilities": {
        "abilities": [
          "PoisonPoint",
          "Rivalry"
        ],
        "hiddenAbilities": [
          "SheerForce"
        ]
      },
      "movement": {
        "rideable": true,
        "canFly": false,
        "canSurf": false,
        "canRideShoulder": false,
        "ridingOffsets": {
          "standing": {
            "x": 0.0,
            "y": 0.0,
            "z": -0.07
          },
          "moving": {
            "x": 0,
            "y": 0,
            "z": 0
          }
        }
      },
      "aggression": {
        "timid": 80,
        "passive": 0,
        "aggressive": 20
      },
      "battleStats": {
        "hp": 81,
        "attack": 102,
        "defense": 77,
        "specialAttack": 85,
        "specialDefense": 75,
        "speed": 85
      },
      "tags": [],
      "spawn": {
        "baseExp": 195,
        "baseFriendship": 70,
        "spawnLevel": 30,
        "spawnLevelRange": 20,
        "spawnLocations": [
          "LAND"
        ]
      },
      "possibleGenders": [
        "MALE",
        "FEMALE"
      ],
      "genderProperties": [
        {
          "gender": "ALL",
          "palettes": [
            {
              "name": "none",
              "texture": "pixelmon:pokemon/034_nidoking/all/base/none/texture.png",
              "sprite": "pixelmon:pokemon/034_nidoking/all/base/none/sprite.png",
              "particle": "",
              "modelLocator": {
                "factoryType": "NORMAL",
                "pqc": [
                  "pixelmon:pokemon/034_nidoking/all/base/none/model.pqc"
                ]
              },
              "sounds": [
                "pixelmon.mob.nidoking"
              ]
            },
            {
              "name": "shiny",
              "texture": "pixelmon:pokemon/034_nidoking/all/base/shiny/texture.png",
              "sprite": "pixelmon:pokemon/034_nidoking/all/base/shiny/sprite.png",
              "particle": "arcanery:shiny"
            },
            {
              "name": "pink",
              "texture": "pixelmon:pokemon/034_nidoking/all/base/pink/texture.png",
              "sprite": "pixelmon:pokemon/034_nidoking/all/base/pink/sprite.png",
              "particle": ""
            },
            {
              "name": "valencian",
              "texture": "pixelmon:pokemon/034_nidoking/all/base/valencian/texture.png",
              "sprite": "pixelmon:pokemon/034_nidoking/all/base/valencian/sprite.png",
              "particle": ""
            },
			{
              "name": "dark",
              "texture": "pixelmon:pokemon/034_nidoking/all/base/custom-dark/texture.png",
              "sprite": "pixelmon:pokemon/034_nidoking/all/base/custom-dark/sprite.png",
              "particle": ""
            },
			{
              "name": "ditto",
              "texture": "pixelmon:pokemon/034_nidoking/all/base/custom-ditto/texture.png",
              "sprite": "pixelmon:pokemon/034_nidoking/all/base/custom-ditto/sprite.png",
              "particle": ""
            },
			{
              "name": "dream",
              "texture": "pixelmon:pokemon/034_nidoking/all/base/custom-dream/texture.png",
              "sprite": "pixelmon:pokemon/034_nidoking/all/base/custom-dream/sprite.png",
              "particle": ""
            },
			{
              "name": "ethereal",
              "texture": "pixelmon:pokemon/034_nidoking/all/base/custom-ethereal/texture.png",
              "sprite": "pixelmon:pokemon/034_nidoking/all/base/custom-ethereal/sprite.png",
              "particle": ""
            },
			{
              "name": "forest",
              "texture": "pixelmon:pokemon/034_nidoking/all/base/custom-forest/texture.png",
              "sprite": "pixelmon:pokemon/034_nidoking/all/base/custom-forest/sprite.png",
              "particle": ""
            },
			{
              "name": "gold",
              "texture": "pixelmon:pokemon/034_nidoking/all/base/custom-gold/texture.png",
              "sprite": "pixelmon:pokemon/034_nidoking/all/base/custom-gold/sprite.png",
              "particle": ""
            },
			{
              "name": "halloween",
              "texture": "pixelmon:pokemon/034_nidoking/all/base/custom-halloween/texture.png",
              "sprite": "pixelmon:pokemon/034_nidoking/all/base/custom-halloween/sprite.png",
              "particle": ""
            },
			{
              "name": "molten",
              "texture": "pixelmon:pokemon/034_nidoking/all/base/custom-molten/texture.png",
              "sprite": "pixelmon:pokemon/034_nidoking/all/base/custom-molten/sprite.png",
              "particle": ""
            },
			{
              "name": "purple haze",
              "texture": "pixelmon:pokemon/034_nidoking/all/base/custom-purplehaze/texture.png",
              "sprite": "pixelmon:pokemon/034_nidoking/all/base/custom-purplehaze/sprite.png",
              "particle": ""
            },
			{
              "name": "relic castle",
              "texture": "pixelmon:pokemon/034_nidoking/all/base/custom-relic-castle/texture.png",
              "sprite": "pixelmon:pokemon/034_nidoking/all/base/custom-relic-castle/sprite.png",
              "particle": ""
            },
			{
              "name": "soulfire",
              "texture": "pixelmon:pokemon/034_nidoking/all/base/custom-soulfire/texture.png",
              "sprite": "pixelmon:pokemon/034_nidoking/all/base/custom-soulfire/sprite.png",
              "particle": ""
            },
			{
              "name": "terra",
              "texture": "pixelmon:pokemon/034_nidoking/all/base/custom-terra/texture.png",
              "sprite": "pixelmon:pokemon/034_nidoking/all/base/custom-terra/sprite.png",
              "particle": ""
            },
			{
              "name": "toon",
              "texture": "pixelmon:pokemon/034_nidoking/all/base/custom-toon/texture.png",
              "sprite": "pixelmon:pokemon/034_nidoking/all/base/custom-toon/sprite.png",
              "particle": ""
            },
			{
              "name": "trainer",
              "texture": "pixelmon:pokemon/034_nidoking/all/base/custom-trainer/texture.png",
              "sprite": "pixelmon:pokemon/034_nidoking/all/base/custom-trainer/sprite.png",
              "particle": ""
            }
          ]
        }
      ],
      "eggGroups": [
        "MONSTER",
        "FIELD"
      ],
      "types": [
        "POISON",
        "GROUND"
      ],
      "preEvolutions": [
        "Nidorino",
        "Nidoranmale"
      ],
      "defaultBaseForm": "",
      "megaItems": [],
      "megas": [],
      "gigantamax": {
        "canHaveFactor": false,
        "canGigantamax": false
      },
      "eggCycles": 21,
      "weight": 62.0,
      "catchRate": 45,
      "malePercentage": 0,
      "evolutions": [],
      "evYields": {
        "attack": 3
      }
    }
  ],
  "generation": 1
}
