{
  "name": "Clefable",
  "dex": 36,
  "defaultForms": [
    ""
  ],
  "forms": [
    {
      "name": "",
      "experienceGroup": "FAST",
      "dimensions": {
        "height": 1.8,
        "width": 1.2,
        "length": 1,
        "eyeHeight": 1.8,
        "hoverHeight": 1.8
      },
      "moves": {
        "levelUpMoves": [
          {
            "level": 0,
            "attacks": [
              "After You",
              "Charm",
              "Copycat",
              "Cosmic Power",
              "Defense Curl",
              "Disarming Voice",
              "Encore",
              "Follow Me",
              "Gravity",
              "Growl",
              "Healing Wish",
              "Life Dew",
              "Meteor Mash",
              "Metronome",
              "Minimize",
              "Moonblast",
              "Moonlight",
              "Pound",
              "Sing",
              "Splash",
              "Stored Power",
              "Sweet Kiss"
            ]
          }
        ],
        "tutorMoves": [
          "Dual Wingbeat",
          "Meteor Beam",
          "Misty Explosion"
        ],
        "eggMoves": [
          "Aromatherapy",
          "Heal Pulse",
          "Present",
          "Tickle",
          "Wish"
        ],
        "tmMoves8": [
          "Mega Punch",
          "Mega Kick",
          "Fire Punch",
          "Ice Punch",
          "Thunder Punch",
          "Hyper Beam",
          "Giga Impact",
          "Magical Leaf",
          "Solar Beam",
          "Thunder Wave",
          "Dig",
          "Light Screen",
          "Reflect",
          "Safeguard",
          "Rest",
          "Snore",
          "Protect",
          "Icy Wind",
          "Charm",
          "Attract",
          "Rain Dance",
          "Sunny Day",
          "Facade",
          "Helping Hand",
          "Brick Break",
          "Imprison",
          "Fake Tears",
          "Bounce",
          "Fling",
          "Drain Punch",
          "Wonder Room",
          "Round",
          "Retaliate",
          "Draining Kiss",
          "Misty Terrain",
          "Mystical Fire"
        ],
        "trMoves": [
          "Body Slam",
          "Flamethrower",
          "Ice Beam",
          "Blizzard",
          "Thunderbolt",
          "Thunder",
          "Psychic",
          "Metronome",
          "Fire Blast",
          "Amnesia",
          "Tri Attack",
          "Substitute",
          "Psyshock",
          "Endure",
          "Sleep Talk",
          "Baton Pass",
          "Encore",
          "Iron Tail",
          "Shadow Ball",
          "Uproar",
          "Trick",
          "Hyper Voice",
          "Cosmic Power",
          "Calm Mind",
          "Focus Blast",
          "Zen Headbutt",
          "Stealth Rock",
          "Grass Knot",
          "Stored Power",
          "Ally Switch",
          "Work Up",
          "Play Rough",
          "Dazzling Gleam"
        ],
        "hmMoves": [],
        "transferMoves": [
          "Belly Drum",
          "Bestow",
          "Bide",
          "Bubble Beam",
          "Captivate",
          "Charge Beam",
          "Confide",
          "Counter",
          "Covet",
          "Curse",
          "Detect",
          "Double Slap",
          "Double Team",
          "Double-Edge",
          "Dream Eater",
          "Dynamic Punch",
          "Echoed Voice",
          "Endeavor",
          "Flash",
          "Focus Punch",
          "Frustration",
          "Headbutt",
          "Heal Bell",
          "Hidden Power",
          "Incinerate",
          "Knock Off",
          "Laser Focus",
          "Last Resort",
          "Lucky Chant",
          "Magic Coat",
          "Mimic",
          "Mud-Slap",
          "Natural Gift",
          "Nightmare",
          "Power-Up Punch",
          "Psych Up",
          "Psywave",
          "Rage",
          "Recycle",
          "Return",
          "Rock Smash",
          "Role Play",
          "Rollout",
          "Secret Power",
          "Seismic Toss",
          "Shock Wave",
          "Signal Beam",
          "Skull Bash",
          "Snatch",
          "Soft-Boiled",
          "Spotlight",
          "Strength",
          "Submission",
          "Swagger",
          "Take Down",
          "Telekinesis",
          "Teleport",
          "Toxic",
          "Wake-Up Slap",
          "Water Gun",
          "Water Pulse",
          "Zap Cannon"
        ],
        "tmMoves7": [
          "Work Up",
          "Psyshock",
          "Calm Mind",
          "Toxic",
          "Hidden Power",
          "Sunny Day",
          "Ice Beam",
          "Blizzard",
          "Hyper Beam",
          "Light Screen",
          "Protect",
          "Rain Dance",
          "Safeguard",
          "Frustration",
          "Solar Beam",
          "Thunderbolt",
          "Thunder",
          "Return",
          "Psychic",
          "Shadow Ball",
          "Brick Break",
          "Double Team",
          "Reflect",
          "Flamethrower",
          "Fire Blast",
          "Facade",
          "Rest",
          "Attract",
          "Round",
          "Echoed Voice",
          "Focus Blast",
          "Fling",
          "Charge Beam",
          "Giga Impact",
          "Thunder Wave",
          "Psych Up",
          "Dream Eater",
          "Grass Knot",
          "Swagger",
          "Sleep Talk",
          "Substitute",
          "Dazzling Gleam",
          "Confide"
        ],
        "tmMoves6": [
          "Psyshock",
          "Calm Mind",
          "Toxic",
          "Hidden Power",
          "Sunny Day",
          "Ice Beam",
          "Blizzard",
          "Hyper Beam",
          "Light Screen",
          "Protect",
          "Rain Dance",
          "Safeguard",
          "Frustration",
          "Solar Beam",
          "Thunderbolt",
          "Thunder",
          "Return",
          "Dig",
          "Psychic",
          "Shadow Ball",
          "Brick Break",
          "Double Team",
          "Reflect",
          "Flamethrower",
          "Fire Blast",
          "Facade",
          "Rest",
          "Attract",
          "Round",
          "Echoed Voice",
          "Focus Blast",
          "Fling",
          "Charge Beam",
          "Incinerate",
          "Retaliate",
          "Giga Impact",
          "Flash",
          "Thunder Wave",
          "Psych Up",
          "Dream Eater",
          "Grass Knot",
          "Swagger",
          "Sleep Talk",
          "Substitute",
          "Secret Power",
          "Power-Up Punch",
          "Dazzling Gleam",
          "Confide"
        ],
        "tmMoves5": [
          "Psyshock",
          "Calm Mind",
          "Toxic",
          "Hidden Power",
          "Sunny Day",
          "Ice Beam",
          "Blizzard",
          "Hyper Beam",
          "Light Screen",
          "Protect",
          "Rain Dance",
          "Telekinesis",
          "Safeguard",
          "Frustration",
          "Solar Beam",
          "Thunderbolt",
          "Thunder",
          "Return",
          "Dig",
          "Psychic",
          "Shadow Ball",
          "Brick Break",
          "Double Team",
          "Reflect",
          "Flamethrower",
          "Fire Blast",
          "Facade",
          "Rest",
          "Attract",
          "Round",
          "Echoed Voice",
          "Focus Blast",
          "Fling",
          "Charge Beam",
          "Incinerate",
          "Retaliate",
          "Giga Impact",
          "Flash",
          "Thunder Wave",
          "Psych Up",
          "Work Up",
          "Dream Eater",
          "Grass Knot",
          "Swagger",
          "Substitute",
          "Rock Smash"
        ],
        "tmMoves4": [
          "Focus Punch",
          "Water Pulse",
          "Calm Mind",
          "Toxic",
          "Hidden Power",
          "Sunny Day",
          "Ice Beam",
          "Blizzard",
          "Hyper Beam",
          "Light Screen",
          "Protect",
          "Rain Dance",
          "Safeguard",
          "Frustration",
          "Solar Beam",
          "Iron Tail",
          "Thunderbolt",
          "Thunder",
          "Return",
          "Dig",
          "Psychic",
          "Shadow Ball",
          "Brick Break",
          "Double Team",
          "Reflect",
          "Shock Wave",
          "Flamethrower",
          "Fire Blast",
          "Facade",
          "Secret Power",
          "Rest",
          "Attract",
          "Snatch",
          "Focus Blast",
          "Fling",
          "Charge Beam",
          "Endure",
          "Drain Punch",
          "Recycle",
          "Giga Impact",
          "Flash",
          "Thunder Wave",
          "Stealth Rock",
          "Psych Up",
          "Captivate",
          "Sleep Talk",
          "Natural Gift",
          "Dream Eater",
          "Grass Knot",
          "Swagger",
          "Substitute"
        ],
        "tmMoves3": [
          "Focus Punch",
          "Water Pulse",
          "Calm Mind",
          "Toxic",
          "Hidden Power",
          "Sunny Day",
          "Ice Beam",
          "Blizzard",
          "Hyper Beam",
          "Light Screen",
          "Protect",
          "Rain Dance",
          "Safeguard",
          "Frustration",
          "Solar Beam",
          "Iron Tail",
          "Thunderbolt",
          "Thunder",
          "Return",
          "Dig",
          "Psychic",
          "Shadow Ball",
          "Brick Break",
          "Double Team",
          "Reflect",
          "Shock Wave",
          "Flamethrower",
          "Fire Blast",
          "Facade",
          "Secret Power",
          "Rest",
          "Attract",
          "Snatch"
        ],
        "tmMoves2": [
          "Dynamic Punch",
          "Headbutt",
          "Curse",
          "Rollout",
          "Toxic",
          "Zap Cannon",
          "Psych Up",
          "Hidden Power",
          "Sunny Day",
          "Snore",
          "Blizzard",
          "Hyper Beam",
          "Protect",
          "Rain Dance",
          "Endure",
          "Frustration",
          "Solar Beam",
          "Iron Tail",
          "Thunder",
          "Return",
          "Psychic",
          "Shadow Ball",
          "Mud-Slap",
          "Double Team",
          "Ice Punch",
          "Swagger",
          "Sleep Talk",
          "Fire Blast",
          "Defense Curl",
          "Thunder Punch",
          "Dream Eater",
          "Detect",
          "Rest",
          "Attract",
          "Fire Punch",
          "Nightmare"
        ],
        "tmMoves1": [
          "Mega Punch",
          "Mega Kick",
          "Toxic",
          "Body Slam",
          "Take Down",
          "Double-Edge",
          "Bubble Beam",
          "Water Gun",
          "Ice Beam",
          "Blizzard",
          "Hyper Beam",
          "Submission",
          "Counter",
          "Seismic Toss",
          "Rage",
          "Solar Beam",
          "Thunderbolt",
          "Thunder",
          "Psychic",
          "Teleport",
          "Mimic",
          "Double Team",
          "Reflect",
          "Bide",
          "Metronome",
          "Fire Blast",
          "Skull Bash",
          "Rest",
          "Thunder Wave",
          "Psywave",
          "Tri Attack",
          "Substitute"
        ],
        "tmMoves": []
      },
      "abilities": {
        "abilities": [
          "CuteCharm",
          "MagicGuard"
        ],
        "hiddenAbilities": [
          "Unaware"
        ]
      },
      "movement": {
        "rideable": true,
        "canFly": false,
        "canSurf": false,
        "canRideShoulder": false,
        "ridingOffsets": {
          "standing": {
            "x": 0.0,
            "y": 0.15,
            "z": -0.8
          },
          "moving": {
            "x": 0.0,
            "y": 0.15,
            "z": -0.8
          }
        }
      },
      "aggression": {
        "timid": 80,
        "passive": 0,
        "aggressive": 20
      },
      "battleStats": {
        "hp": 95,
        "attack": 70,
        "defense": 73,
        "specialAttack": 95,
        "specialDefense": 90,
        "speed": 60
      },
      "tags": [],
      "spawn": {
        "baseExp": 129,
        "baseFriendship": 140,
        "spawnLevel": 38,
        "spawnLevelRange": 12,
        "spawnLocations": [
          "LAND",
          "UNDERGROUND"
        ]
      },
      "possibleGenders": [
        "MALE",
        "FEMALE"
      ],
      "genderProperties": [
        {
          "gender": "ALL",
          "palettes": [
            {
              "name": "none",
              "texture": "pixelmon:pokemon/036_clefable/all/base/none/texture.png",
              "sprite": "pixelmon:pokemon/036_clefable/all/base/none/sprite.png",
              "particle": "",
              "modelLocator": {
                "factoryType": "NORMAL",
                "pqc": [
                  "pixelmon:pokemon/036_clefable/all/base/none/model.pqc"
                ]
              },
              "sounds": [
                "pixelmon.mob.clefable",
                "pixelmon.mob.clefable",
                "pixelmon.mob.clefable",
                "pixelmon.mob.clefable"
              ]
            },
            {
              "name": "shiny",
              "texture": "pixelmon:pokemon/036_clefable/all/base/shiny/texture.png",
              "sprite": "pixelmon:pokemon/036_clefable/all/base/shiny/sprite.png",
              "particle": "arcanery:shiny"
            },
			{
              "name": "carnival",
              "texture": "pixelmon:pokemon/036_clefable/all/base/custom-carnival/texture.png",
              "sprite": "pixelmon:pokemon/036_clefable/all/base/custom-carnival/sprite.png",
              "particle": ""
            },
			{
              "name": "christmas",
              "texture": "pixelmon:pokemon/036_clefable/all/base/custom-christmas/texture.png",
              "sprite": "pixelmon:pokemon/036_clefable/all/base/custom-christmas/sprite.png",
              "particle": ""
            },
			{
              "name": "demonic",
              "texture": "pixelmon:pokemon/036_clefable/all/base/custom-demonic/texture.png",
              "sprite": "pixelmon:pokemon/036_clefable/all/base/custom-demonic/sprite.png",
              "particle": ""
            },
			{
              "name": "fusion",
              "texture": "pixelmon:pokemon/036_clefable/all/base/custom-fusion/texture.png",
              "sprite": "pixelmon:pokemon/036_clefable/all/base/custom-fusion/sprite.png",
              "particle": ""
            },
			{
              "name": "halloween",
              "texture": "pixelmon:pokemon/036_clefable/all/base/custom-halloween/texture.png",
              "sprite": "pixelmon:pokemon/036_clefable/all/base/custom-halloween/sprite.png",
              "particle": ""
            },
			{
              "name": "purple haze",
              "texture": "pixelmon:pokemon/036_clefable/all/base/custom-purplehaze/texture.png",
              "sprite": "pixelmon:pokemon/036_clefable/all/base/custom-purplehaze/sprite.png",
              "particle": ""
            },
			{
              "name": "staff 1",
              "texture": "pixelmon:pokemon/036_clefable/all/base/custom-staff1/texture.png",
              "sprite": "pixelmon:pokemon/036_clefable/all/base/custom-staff1/sprite.png",
              "particle": ""
            },
			{
              "name": "staff 2",
              "texture": "pixelmon:pokemon/036_clefable/all/base/custom-staff2/texture.png",
              "sprite": "pixelmon:pokemon/036_clefable/all/base/custom-staff2/sprite.png",
              "particle": ""
            },
			{
              "name": "sweetshop",
              "texture": "pixelmon:pokemon/036_clefable/all/base/custom-sweetshop/texture.png",
              "sprite": "pixelmon:pokemon/036_clefable/all/base/custom-sweetshop/sprite.png",
              "particle": ""
            },
			{
              "name": "toy 1",
              "texture": "pixelmon:pokemon/036_clefable/all/base/custom-toy1/texture.png",
              "sprite": "pixelmon:pokemon/036_clefable/all/base/custom-toy1/sprite.png",
              "particle": ""
            },
			{
              "name": "toy 2",
              "texture": "pixelmon:pokemon/036_clefable/all/base/custom-toy2/texture.png",
              "sprite": "pixelmon:pokemon/036_clefable/all/base/custom-toy2/sprite.png",
              "particle": ""
            }
          ]
        }
      ],
      "eggGroups": [
        "FAIRY"
      ],
      "types": [
        "FAIRY"
      ],
      "preEvolutions": [
        "Clefairy",
        "Cleffa"
      ],
      "defaultBaseForm": "",
      "megaItems": [],
      "megas": [],
      "gigantamax": {
        "canHaveFactor": false,
        "canGigantamax": false
      },
      "eggCycles": 21,
      "weight": 40.0,
      "catchRate": 25,
      "malePercentage": 0,
      "evolutions": [],
      "evYields": {
        "hp": 3
      }
    }
  ],
  "generation": 1
}
