{
  "name": "Ninetales",
  "dex": 38,
  "defaultForms": [
    ""
  ],
  "forms": [
    {
      "name": "",
      "experienceGroup": "MEDIUM_FAST",
      "dimensions": {
        "height": 1.1,
        "width": 0.6,
        "length": 1,
        "eyeHeight": 1.1,
        "hoverHeight": 1.1
      },
      "moves": {
        "levelUpMoves": [
          {
            "level": 0,
            "attacks": [
              "Confuse Ray",
              "Disable",
              "Ember",
              "Extrasensory",
              "Fire Blast",
              "Fire Spin",
              "Flamethrower",
              "Grudge",
              "Imprison",
              "Incinerate",
              "Inferno",
              "Nasty Plot",
              "Quick Attack",
              "Safeguard",
              "Spite",
              "Tail Whip",
              "Will-O-Wisp"
            ]
          }
        ],
        "tutorMoves": [
          "Burning Jealousy",
          "Scorching Sands"
        ],
        "eggMoves": [
          "Baby-Doll Eyes",
          "Flail",
          "Flame Charge",
          "Howl",
          "Hypnosis",
          "Memento",
          "Roar"
        ],
        "tmMoves8": [
          "Hyper Beam",
          "Giga Impact",
          "Solar Beam",
          "Fire Spin",
          "Dig",
          "Safeguard",
          "Rest",
          "Snore",
          "Protect",
          "Attract",
          "Sunny Day",
          "Will-O-Wisp",
          "Facade",
          "Swift",
          "Imprison",
          "Weather Ball",
          "Fake Tears",
          "Payback",
          "Power Swap",
          "Round",
          "Hex",
          "Tail Slap",
          "Mystical Fire"
        ],
        "trMoves": [
          "Body Slam",
          "Flamethrower",
          "Agility",
          "Fire Blast",
          "Substitute",
          "Psyshock",
          "Endure",
          "Sleep Talk",
          "Encore",
          "Iron Tail",
          "Shadow Ball",
          "Heat Wave",
          "Overheat",
          "Calm Mind",
          "Flare Blitz",
          "Dark Pulse",
          "Energy Ball",
          "Nasty Plot",
          "Zen Headbutt",
          "Foul Play",
          "Stored Power"
        ],
        "hmMoves": [],
        "transferMoves": [
          "Bide",
          "Captivate",
          "Charm",
          "Confide",
          "Covet",
          "Curse",
          "Double Team",
          "Double-Edge",
          "Dream Eater",
          "Feint Attack",
          "Flame Burst",
          "Frustration",
          "Headbutt",
          "Hidden Power",
          "Laser Focus",
          "Mimic",
          "Natural Gift",
          "Ominous Wind",
          "Pain Split",
          "Psych Up",
          "Rage",
          "Reflect",
          "Return",
          "Role Play",
          "Secret Power",
          "Skull Bash",
          "Swagger",
          "Tackle",
          "Take Down",
          "Toxic"
        ],
        "tmMoves7": [
          "Psyshock",
          "Calm Mind",
          "Roar",
          "Toxic",
          "Hidden Power",
          "Sunny Day",
          "Hyper Beam",
          "Protect",
          "Safeguard",
          "Frustration",
          "Solar Beam",
          "Return",
          "Double Team",
          "Flamethrower",
          "Fire Blast",
          "Facade",
          "Flame Charge",
          "Rest",
          "Attract",
          "Round",
          "Overheat",
          "Energy Ball",
          "Will-O-Wisp",
          "Payback",
          "Giga Impact",
          "Psych Up",
          "Dream Eater",
          "Swagger",
          "Sleep Talk",
          "Substitute",
          "Dark Pulse",
          "Confide"
        ],
        "tmMoves6": [
          "Psyshock",
          "Calm Mind",
          "Roar",
          "Toxic",
          "Hidden Power",
          "Sunny Day",
          "Hyper Beam",
          "Protect",
          "Safeguard",
          "Frustration",
          "Solar Beam",
          "Return",
          "Dig",
          "Double Team",
          "Flamethrower",
          "Fire Blast",
          "Facade",
          "Flame Charge",
          "Rest",
          "Attract",
          "Round",
          "Overheat",
          "Energy Ball",
          "Incinerate",
          "Will-O-Wisp",
          "Payback",
          "Giga Impact",
          "Psych Up",
          "Dream Eater",
          "Swagger",
          "Sleep Talk",
          "Substitute",
          "Secret Power",
          "Dark Pulse",
          "Confide"
        ],
        "tmMoves5": [
          "Psyshock",
          "Calm Mind",
          "Roar",
          "Toxic",
          "Hidden Power",
          "Sunny Day",
          "Hyper Beam",
          "Protect",
          "Safeguard",
          "Frustration",
          "Solar Beam",
          "Return",
          "Dig",
          "Double Team",
          "Flamethrower",
          "Fire Blast",
          "Facade",
          "Flame Charge",
          "Rest",
          "Attract",
          "Round",
          "Overheat",
          "Energy Ball",
          "Incinerate",
          "Will-O-Wisp",
          "Payback",
          "Giga Impact",
          "Psych Up",
          "Dream Eater",
          "Swagger",
          "Substitute"
        ],
        "tmMoves4": [
          "Calm Mind",
          "Roar",
          "Toxic",
          "Hidden Power",
          "Sunny Day",
          "Hyper Beam",
          "Protect",
          "Safeguard",
          "Frustration",
          "Solar Beam",
          "Iron Tail",
          "Return",
          "Dig",
          "Double Team",
          "Flamethrower",
          "Fire Blast",
          "Facade",
          "Secret Power",
          "Rest",
          "Attract",
          "Overheat",
          "Endure",
          "Will-O-Wisp",
          "Payback",
          "Giga Impact",
          "Psych Up",
          "Captivate",
          "Dark Pulse",
          "Sleep Talk",
          "Natural Gift",
          "Dream Eater",
          "Swagger",
          "Substitute"
        ],
        "tmMoves3": [
          "Roar",
          "Toxic",
          "Hidden Power",
          "Sunny Day",
          "Hyper Beam",
          "Protect",
          "Safeguard",
          "Frustration",
          "Iron Tail",
          "Return",
          "Dig",
          "Double Team",
          "Flamethrower",
          "Fire Blast",
          "Facade",
          "Secret Power",
          "Rest",
          "Attract",
          "Overheat"
        ],
        "tmMoves2": [
          "Headbutt",
          "Curse",
          "Roar",
          "Toxic",
          "Hidden Power",
          "Sunny Day",
          "Snore",
          "Hyper Beam",
          "Protect",
          "Endure",
          "Frustration",
          "Iron Tail",
          "Return",
          "Dig",
          "Double Team",
          "Swagger",
          "Sleep Talk",
          "Fire Blast",
          "Swift",
          "Rest",
          "Attract"
        ],
        "tmMoves1": [
          "Toxic",
          "Body Slam",
          "Take Down",
          "Double-Edge",
          "Hyper Beam",
          "Rage",
          "Dig",
          "Mimic",
          "Double Team",
          "Reflect",
          "Bide",
          "Fire Blast",
          "Swift",
          "Skull Bash",
          "Rest",
          "Substitute"
        ],
        "tmMoves": []
      },
      "abilities": {
        "abilities": [
          "FlashFire"
        ],
        "hiddenAbilities": [
          "Drought"
        ]
      },
      "movement": {
        "rideable": true,
        "canFly": false,
        "canSurf": false,
        "canRideShoulder": false,
        "ridingOffsets": {
          "standing": {
            "x": 0.0,
            "y": -0.9,
            "z": -0.17
          },
          "moving": {
            "x": 0,
            "y": 0,
            "z": 0
          }
        }
      },
      "aggression": {
        "timid": 80,
        "passive": 0,
        "aggressive": 20
      },
      "battleStats": {
        "hp": 73,
        "attack": 76,
        "defense": 75,
        "specialAttack": 81,
        "specialDefense": 100,
        "speed": 100
      },
      "tags": [],
      "spawn": {
        "baseExp": 178,
        "baseFriendship": 70,
        "spawnLevel": 20,
        "spawnLevelRange": 30,
        "spawnLocations": [
          "LAND"
        ]
      },
      "possibleGenders": [
        "MALE",
        "FEMALE"
      ],
      "genderProperties": [
        {
          "gender": "ALL",
          "palettes": [
            {
              "name": "none",
              "texture": "pixelmon:pokemon/038_ninetales/all/base/none/texture.png",
              "sprite": "pixelmon:pokemon/038_ninetales/all/base/none/sprite.png",
              "particle": "",
              "modelLocator": {
                "factoryType": "NORMAL",
                "pqc": [
                  "pixelmon:pokemon/038_ninetales/all/base/none/model.pqc"
                ]
              },
              "sounds": [
                "pixelmon.mob.ninetales"
              ]
            },
            {
              "name": "shiny",
              "texture": "pixelmon:pokemon/038_ninetales/all/base/shiny/texture.png",
              "sprite": "pixelmon:pokemon/038_ninetales/all/base/shiny/sprite.png",
              "particle": "arcanery:shiny"
            },
            {
              "name": "strike",
              "texture": "pixelmon:pokemon/038_ninetales/all/base/strike/texture.png",
              "sprite": "pixelmon:pokemon/038_ninetales/all/base/strike/sprite.png",
              "particle": ""
            },
			{
              "name": "akuma",
              "texture": "pixelmon:pokemon/038_ninetales/all/base/custom-akuma/texture.png",
              "sprite": "pixelmon:pokemon/038_ninetales/all/base/custom-akuma/sprite.png",
              "particle": ""
            },
			{
              "name": "coralp",
              "texture": "pixelmon:pokemon/038_ninetales/all/base/custom-coralp/texture.png",
              "sprite": "pixelmon:pokemon/038_ninetales/all/base/custom-coralp/sprite.png",
              "particle": ""
            },
			{
              "name": "coralw",
              "texture": "pixelmon:pokemon/038_ninetales/all/base/custom-coralw/texture.png",
              "sprite": "pixelmon:pokemon/038_ninetales/all/base/custom-coralw/sprite.png",
              "particle": ""
            },
			{
              "name": "cosmic 1",
              "texture": "pixelmon:pokemon/038_ninetales/all/base/custom-cosmic1/texture.png",
              "sprite": "pixelmon:pokemon/038_ninetales/all/base/custom-cosmic1/sprite.png",
              "particle": ""
            },
			{
              "name": "cosmic 2",
              "texture": "pixelmon:pokemon/038_ninetales/all/base/custom-cosmic2/texture.png",
              "sprite": "pixelmon:pokemon/038_ninetales/all/base/custom-cosmic2/sprite.png",
              "particle": ""
            },
			{
              "name": "ditto",
              "texture": "pixelmon:pokemon/038_ninetales/all/base/custom-ditto/texture.png",
              "sprite": "pixelmon:pokemon/038_ninetales/all/base/custom-ditto/sprite.png",
              "particle": ""
            },
			{
              "name": "dream",
              "texture": "pixelmon:pokemon/038_ninetales/all/base/custom-dream/texture.png",
              "sprite": "pixelmon:pokemon/038_ninetales/all/base/custom-dream/sprite.png",
              "particle": ""
            },
			{
              "name": "easter",
              "texture": "pixelmon:pokemon/038_ninetales/all/base/custom-easter/texture.png",
              "sprite": "pixelmon:pokemon/038_ninetales/all/base/custom-easter/sprite.png",
              "particle": ""
            },
			{
              "name": "fusion",
              "texture": "pixelmon:pokemon/038_ninetales/all/base/custom-fusion/texture.png",
              "sprite": "pixelmon:pokemon/038_ninetales/all/base/custom-fusion/sprite.png",
              "particle": ""
            },
			{
              "name": "galaxy",
              "texture": "pixelmon:pokemon/038_ninetales/all/base/custom-galaxy/texture.png",
              "sprite": "pixelmon:pokemon/038_ninetales/all/base/custom-galaxy/sprite.png",
              "particle": ""
            },
			{
              "name": "gem",
              "texture": "pixelmon:pokemon/038_ninetales/all/base/custom-gem/texture.png",
			  "emissive": "pixelmon:pokemon/038_ninetales/all/base/custom-gem/emissive.png",
              "sprite": "pixelmon:pokemon/038_ninetales/all/base/custom-gem/sprite.png",
              "particle": ""
            },
			{
              "name": "halloween",
              "texture": "pixelmon:pokemon/038_ninetales/all/base/custom-halloween/texture.png",
              "sprite": "pixelmon:pokemon/038_ninetales/all/base/custom-halloween/sprite.png",
              "particle": ""
            },
			{
              "name": "lunar",
              "texture": "pixelmon:pokemon/038_ninetales/all/base/custom-lunar/texture.png",
              "sprite": "pixelmon:pokemon/038_ninetales/all/base/custom-lunar/sprite.png",
              "particle": ""
            },
			{
              "name": "otaku",
              "texture": "pixelmon:pokemon/038_ninetales/all/base/custom-otaku/texture.png",
              "sprite": "pixelmon:pokemon/038_ninetales/all/base/custom-otaku/sprite.png",
              "particle": ""
            },
			{
              "name": "rainbow 1",
              "texture": "pixelmon:pokemon/038_ninetales/all/base/custom-rainbow1/texture.png",
              "sprite": "pixelmon:pokemon/038_ninetales/all/base/custom-rainbow1/sprite.png",
              "particle": ""
            },
			{
              "name": "rainbow 2",
              "texture": "pixelmon:pokemon/038_ninetales/all/base/custom-rainbow2/texture.png",
              "sprite": "pixelmon:pokemon/038_ninetales/all/base/custom-rainbow2/sprite.png",
              "particle": ""
            },
			{
              "name": "shadow",
              "texture": "pixelmon:pokemon/038_ninetales/all/base/custom-shadow/texture.png",
              "sprite": "pixelmon:pokemon/038_ninetales/all/base/custom-shadow/sprite.png",
              "particle": ""
            },
			{
              "name": "sun",
              "texture": "pixelmon:pokemon/038_ninetales/all/base/custom-sun/texture.png",
              "sprite": "pixelmon:pokemon/038_ninetales/all/base/custom-sun/sprite.png",
              "particle": ""
            }
          ]
        }
      ],
      "eggGroups": [
        "FIELD"
      ],
      "types": [
        "FIRE"
      ],
      "preEvolutions": [
        "Vulpix"
      ],
      "defaultBaseForm": "",
      "megaItems": [],
      "megas": [],
      "gigantamax": {
        "canHaveFactor": false,
        "canGigantamax": false
      },
      "eggCycles": 21,
      "weight": 19.9,
      "catchRate": 75,
      "malePercentage": 0,
      "evolutions": [],
      "evYields": {
        "specialDefense": 1,
        "speed": 1
      }
    },
    {
      "name": "alolan",
      "moves": {
        "levelUpMoves": [
          {
            "level": 0,
            "attacks": [
              "Aurora Beam",
              "Aurora Veil",
              "Blizzard",
              "Confuse Ray",
              "Dazzling Gleam",
              "Disable",
              "Extrasensory",
              "Grudge",
              "Ice Beam",
              "Ice Shard",
              "Icy Wind",
              "Imprison",
              "Mist",
              "Nasty Plot",
              "Powder Snow",
              "Sheer Cold",
              "Spite",
              "Tail Whip"
            ]
          }
        ],
        "tutorMoves": [
          "Triple Axel"
        ],
        "eggMoves": [
          "Baby-Doll Eyes",
          "Flail",
          "Freeze-Dry",
          "Howl",
          "Hypnosis",
          "Moonblast",
          "Roar"
        ],
        "tmMoves8": [
          "Hyper Beam",
          "Giga Impact",
          "Solar Beam",
          "Dig",
          "Safeguard",
          "Rest",
          "Snore",
          "Protect",
          "Icy Wind",
          "Charm",
          "Attract",
          "Rain Dance",
          "Hail",
          "Facade",
          "Swift",
          "Imprison",
          "Weather Ball",
          "Fake Tears",
          "Payback",
          "Power Swap",
          "Avalanche",
          "Wonder Room",
          "Round",
          "Hex",
          "Tail Slap",
          "Draining Kiss",
          "Misty Terrain"
        ],
        "trMoves": [
          "Body Slam",
          "Ice Beam",
          "Blizzard",
          "Agility",
          "Substitute",
          "Psyshock",
          "Endure",
          "Sleep Talk",
          "Encore",
          "Iron Tail",
          "Calm Mind",
          "Dark Pulse",
          "Nasty Plot",
          "Zen Headbutt",
          "Foul Play",
          "Stored Power",
          "Dazzling Gleam"
        ],
        "hmMoves": [],
        "transferMoves": [
          "Aqua Tail",
          "Captivate",
          "Celebrate",
          "Confide",
          "Covet",
          "Double Team",
          "Dream Eater",
          "Feint Attack",
          "Frost Breath",
          "Frustration",
          "Headbutt",
          "Heal Bell",
          "Hidden Power",
          "Laser Focus",
          "Pain Split",
          "Psych Up",
          "Reflect",
          "Return",
          "Role Play",
          "Secret Power",
          "Swagger",
          "Tackle",
          "Toxic"
        ],
        "tmMoves7": [
          "Psyshock",
          "Calm Mind",
          "Roar",
          "Toxic",
          "Hail",
          "Hidden Power",
          "Ice Beam",
          "Blizzard",
          "Hyper Beam",
          "Protect",
          "Rain Dance",
          "Safeguard",
          "Frustration",
          "Return",
          "Double Team",
          "Facade",
          "Rest",
          "Attract",
          "Round",
          "Payback",
          "Giga Impact",
          "Aurora Veil",
          "Psych Up",
          "Frost Breath",
          "Dream Eater",
          "Swagger",
          "Sleep Talk",
          "Substitute",
          "Dark Pulse",
          "Dazzling Gleam",
          "Confide"
        ],
        "tmMoves6": [],
        "tmMoves5": [],
        "tmMoves4": [],
        "tmMoves3": [],
        "tmMoves2": [],
        "tmMoves1": [],
        "tmMoves": []
      },
      "abilities": {
        "abilities": [
          "SnowCloak"
        ],
        "hiddenAbilities": [
          "SnowWarning"
        ]
      },
      "battleStats": {
        "hp": 73,
        "attack": 67,
        "defense": 75,
        "specialAttack": 81,
        "specialDefense": 100,
        "speed": 109
      },
      "tags": [
        "alolan"
      ],
      "types": [
        "ICE",
        "FAIRY"
      ],
      "preEvolutions": [
        "Vulpix"
      ],
      "weight": 3.8,
      "genderProperties": [
        {
          "gender": "ALL",
          "palettes": [
            {
              "name": "none",
              "texture": "pixelmon:pokemon/038_ninetales/all/alolan/none/texture.png",
              "sprite": "pixelmon:pokemon/038_ninetales/all/alolan/none/sprite.png",
              "particle": "",
              "modelLocator": {
                "factoryType": "NORMAL",
                "pqc": [
                  "pixelmon:pokemon/038_ninetales/all/alolan/none/model.pqc"
                ]
              },
              "sounds": [
                "pixelmon.mob.ninetales.alola",
                "pixelmon.mob.ninetales.alola"
              ]
            },
            {
              "name": "shiny",
              "texture": "pixelmon:pokemon/038_ninetales/all/alolan/shiny/texture.png",
              "sprite": "pixelmon:pokemon/038_ninetales/all/alolan/shiny/sprite.png",
              "particle": "arcanery:shiny"
            },
            {
              "name": "christmas",
              "texture": "pixelmon:pokemon/038_ninetales/all/alolan/christmas/texture.png",
              "sprite": "pixelmon:pokemon/038_ninetales/all/alolan/christmas/sprite.png",
              "particle": "arcanery:shiny"
            },
			{
              "name": "abyss",
              "texture": "pixelmon:pokemon/038_ninetales/all/alolan/custom-abyss/texture.png",
              "sprite": "pixelmon:pokemon/038_ninetales/all/alolan/custom-abyss/sprite.png",
              "particle": ""
            },
			{
              "name": "christmas 2",
              "texture": "pixelmon:pokemon/038_ninetales/all/alolan/custom-christmas2/texture.png",
              "sprite": "pixelmon:pokemon/038_ninetales/all/alolan/custom-christmas2/sprite.png",
              "particle": ""
            },
			{
              "name": "dessert 1",
              "texture": "pixelmon:pokemon/038_ninetales/all/alolan/custom-desert1/texture.png",
              "sprite": "pixelmon:pokemon/038_ninetales/all/alolan/custom-dessert1/sprite.png",
              "particle": ""
            },
			{
              "name": "dessert 2",
              "texture": "pixelmon:pokemon/038_ninetales/all/alolan/custom-dessert2/texture.png",
              "sprite": "pixelmon:pokemon/038_ninetales/all/alolan/custom-dessert2/sprite.png",
              "particle": ""
            },
			{
              "name": "ditto",
              "texture": "pixelmon:pokemon/038_ninetales/all/alolan/custom-ditto/texture.png",
              "sprite": "pixelmon:pokemon/038_ninetales/all/alolan/custom-ditto/sprite.png",
              "particle": ""
            },
			{
              "name": "fusion",
              "texture": "pixelmon:pokemon/038_ninetales/all/alolan/custom-fusion/texture.png",
              "sprite": "pixelmon:pokemon/038_ninetales/all/alolan/custom-fusion/sprite.png",
              "particle": ""
            },
			{
              "name": "galaxy",
              "texture": "pixelmon:pokemon/038_ninetales/all/alolan/custom-galaxy/texture.png",
              "sprite": "pixelmon:pokemon/038_ninetales/all/alolan/custom-galaxy/sprite.png",
              "particle": ""
            },
			{
              "name": "nippon",
              "texture": "pixelmon:pokemon/038_ninetales/all/alolan/custom-nippon/texture.png",
              "sprite": "pixelmon:pokemon/038_ninetales/all/alolan/custom-nippon/sprite.png",
              "particle": ""
            },
			{
              "name": "rocket",
              "texture": "pixelmon:pokemon/038_ninetales/all/alolan/custom-rocket/texture.png",
              "sprite": "pixelmon:pokemon/038_ninetales/all/alolan/custom-rocket/sprite.png",
              "particle": ""
            },
			{
              "name": "soulfire",
              "texture": "pixelmon:pokemon/038_ninetales/all/alolan/custom-soulfire/texture.png",
              "sprite": "pixelmon:pokemon/038_ninetales/all/alolan/custom-soulfire/sprite.png",
              "particle": ""
            },
			{
              "name": "summer 1",
              "texture": "pixelmon:pokemon/038_ninetales/all/alolan/custom-summer1/texture.png",
              "sprite": "pixelmon:pokemon/038_ninetales/all/alolan/custom-summer1/sprite.png",
              "particle": ""
            },
			{
              "name": "summer 2",
              "texture": "pixelmon:pokemon/038_ninetales/all/alolan/custom-summer2/texture.png",
              "sprite": "pixelmon:pokemon/038_ninetales/all/alolan/custom-summer2/sprite.png",
              "particle": ""
            },
			{
              "name": "valentines",
              "texture": "pixelmon:pokemon/038_ninetales/all/alolan/custom-val/texture.png",
              "sprite": "pixelmon:pokemon/038_ninetales/all/alolan/custom-val/sprite.png",
              "particle": ""
            }
          ]
        }
      ]
    }
  ],
  "generation": 1
}
