{
  "name": "Wigglytuff",
  "dex": 40,
  "defaultForms": [
    ""
  ],
  "forms": [
    {
      "name": "",
      "experienceGroup": "FAST",
      "dimensions": {
        "height": 1.0,
        "width": 0.7,
        "length": 1,
        "eyeHeight": 1.0,
        "hoverHeight": 1.0
      },
      "moves": {
        "levelUpMoves": [
          {
            "level": 0,
            "attacks": [
              "Body Slam",
              "Charm",
              "Copycat",
              "Covet",
              "Defense Curl",
              "Disable",
              "Disarming Voice",
              "Double-Edge",
              "Echoed Voice",
              "Gyro Ball",
              "Hyper Voice",
              "Mimic",
              "Play Rough",
              "Pound",
              "Rest",
              "Round",
              "Sing",
              "Spit Up",
              "Stockpile",
              "Swallow",
              "Sweet Kiss"
            ]
          }
        ],
        "tutorMoves": [
          "Expanding Force",
          "Misty Explosion",
          "Steel Roller"
        ],
        "eggMoves": [
          "Covet",
          "Gravity",
          "Heal Pulse",
          "Last Resort",
          "Perish Song",
          "Present",
          "Rollout",
          "Wish"
        ],
        "tmMoves8": [
          "Mega Punch",
          "Mega Kick",
          "Fire Punch",
          "Ice Punch",
          "Thunder Punch",
          "Hyper Beam",
          "Giga Impact",
          "Solar Beam",
          "Thunder Wave",
          "Dig",
          "Screech",
          "Light Screen",
          "Reflect",
          "Safeguard",
          "Self-Destruct",
          "Rest",
          "Snore",
          "Protect",
          "Icy Wind",
          "Charm",
          "Attract",
          "Rain Dance",
          "Sunny Day",
          "Facade",
          "Helping Hand",
          "Brick Break",
          "Fake Tears",
          "Bounce",
          "Fling",
          "Drain Punch",
          "Magic Room",
          "Round",
          "Retaliate",
          "Draining Kiss",
          "Misty Terrain"
        ],
        "trMoves": [
          "Body Slam",
          "Flamethrower",
          "Ice Beam",
          "Blizzard",
          "Thunderbolt",
          "Thunder",
          "Psychic",
          "Fire Blast",
          "Tri Attack",
          "Substitute",
          "Endure",
          "Sleep Talk",
          "Baton Pass",
          "Shadow Ball",
          "Uproar",
          "Hyper Voice",
          "Gyro Ball",
          "Focus Blast",
          "Stealth Rock",
          "Grass Knot",
          "Ally Switch",
          "Work Up",
          "Wild Charge",
          "Play Rough",
          "Dazzling Gleam"
        ],
        "hmMoves": [],
        "transferMoves": [
          "Bide",
          "Bubble Beam",
          "Captivate",
          "Charge Beam",
          "Confide",
          "Counter",
          "Curse",
          "Detect",
          "Double Slap",
          "Double Team",
          "Dream Eater",
          "Dynamic Punch",
          "Endeavor",
          "Feint Attack",
          "Flash",
          "Focus Punch",
          "Frustration",
          "Headbutt",
          "Heal Bell",
          "Hidden Power",
          "Incinerate",
          "Knock Off",
          "Laser Focus",
          "Magic Coat",
          "Minimize",
          "Mud-Slap",
          "Natural Gift",
          "Nightmare",
          "Pain Split",
          "Play Nice",
          "Power-Up Punch",
          "Psych Up",
          "Psywave",
          "Punishment",
          "Rage",
          "Recycle",
          "Return",
          "Role Play",
          "Secret Power",
          "Seismic Toss",
          "Shock Wave",
          "Skull Bash",
          "Snatch",
          "Strength",
          "Submission",
          "Swagger",
          "Take Down",
          "Telekinesis",
          "Teleport",
          "Tickle",
          "Toxic",
          "Wake-Up Slap",
          "Water Gun",
          "Water Pulse",
          "Zap Cannon"
        ],
        "tmMoves7": [
          "Work Up",
          "Toxic",
          "Hidden Power",
          "Sunny Day",
          "Ice Beam",
          "Blizzard",
          "Hyper Beam",
          "Light Screen",
          "Protect",
          "Rain Dance",
          "Safeguard",
          "Frustration",
          "Solar Beam",
          "Thunderbolt",
          "Thunder",
          "Return",
          "Psychic",
          "Shadow Ball",
          "Brick Break",
          "Double Team",
          "Reflect",
          "Flamethrower",
          "Fire Blast",
          "Facade",
          "Rest",
          "Attract",
          "Round",
          "Echoed Voice",
          "Focus Blast",
          "Fling",
          "Charge Beam",
          "Giga Impact",
          "Thunder Wave",
          "Gyro Ball",
          "Psych Up",
          "Dream Eater",
          "Grass Knot",
          "Swagger",
          "Sleep Talk",
          "Substitute",
          "Wild Charge",
          "Dazzling Gleam",
          "Confide"
        ],
        "tmMoves6": [
          "Toxic",
          "Hidden Power",
          "Sunny Day",
          "Ice Beam",
          "Blizzard",
          "Hyper Beam",
          "Light Screen",
          "Protect",
          "Rain Dance",
          "Safeguard",
          "Frustration",
          "Solar Beam",
          "Thunderbolt",
          "Thunder",
          "Return",
          "Dig",
          "Psychic",
          "Shadow Ball",
          "Brick Break",
          "Double Team",
          "Reflect",
          "Flamethrower",
          "Fire Blast",
          "Facade",
          "Rest",
          "Attract",
          "Round",
          "Echoed Voice",
          "Focus Blast",
          "Fling",
          "Charge Beam",
          "Incinerate",
          "Retaliate",
          "Giga Impact",
          "Flash",
          "Thunder Wave",
          "Gyro Ball",
          "Psych Up",
          "Dream Eater",
          "Grass Knot",
          "Swagger",
          "Sleep Talk",
          "Substitute",
          "Wild Charge",
          "Secret Power",
          "Power-Up Punch",
          "Dazzling Gleam",
          "Confide"
        ],
        "tmMoves5": [
          "Toxic",
          "Hidden Power",
          "Sunny Day",
          "Ice Beam",
          "Blizzard",
          "Hyper Beam",
          "Light Screen",
          "Protect",
          "Rain Dance",
          "Safeguard",
          "Frustration",
          "Solar Beam",
          "Thunderbolt",
          "Thunder",
          "Return",
          "Dig",
          "Psychic",
          "Shadow Ball",
          "Brick Break",
          "Double Team",
          "Reflect",
          "Flamethrower",
          "Fire Blast",
          "Facade",
          "Rest",
          "Attract",
          "Round",
          "Echoed Voice",
          "Focus Blast",
          "Fling",
          "Charge Beam",
          "Incinerate",
          "Retaliate",
          "Giga Impact",
          "Flash",
          "Thunder Wave",
          "Gyro Ball",
          "Psych Up",
          "Work Up",
          "Dream Eater",
          "Grass Knot",
          "Swagger",
          "Substitute",
          "Wild Charge"
        ],
        "tmMoves4": [
          "Focus Punch",
          "Water Pulse",
          "Toxic",
          "Hidden Power",
          "Sunny Day",
          "Ice Beam",
          "Blizzard",
          "Hyper Beam",
          "Light Screen",
          "Protect",
          "Rain Dance",
          "Safeguard",
          "Frustration",
          "Solar Beam",
          "Thunderbolt",
          "Thunder",
          "Return",
          "Dig",
          "Psychic",
          "Shadow Ball",
          "Brick Break",
          "Double Team",
          "Reflect",
          "Shock Wave",
          "Flamethrower",
          "Fire Blast",
          "Facade",
          "Secret Power",
          "Rest",
          "Attract",
          "Snatch",
          "Focus Blast",
          "Fling",
          "Charge Beam",
          "Endure",
          "Drain Punch",
          "Recycle",
          "Giga Impact",
          "Flash",
          "Thunder Wave",
          "Gyro Ball",
          "Stealth Rock",
          "Psych Up",
          "Captivate",
          "Sleep Talk",
          "Natural Gift",
          "Dream Eater",
          "Grass Knot",
          "Swagger",
          "Substitute"
        ],
        "tmMoves3": [
          "Focus Punch",
          "Water Pulse",
          "Toxic",
          "Hidden Power",
          "Sunny Day",
          "Ice Beam",
          "Blizzard",
          "Hyper Beam",
          "Light Screen",
          "Protect",
          "Rain Dance",
          "Safeguard",
          "Frustration",
          "Solar Beam",
          "Thunderbolt",
          "Thunder",
          "Return",
          "Dig",
          "Psychic",
          "Shadow Ball",
          "Brick Break",
          "Double Team",
          "Reflect",
          "Shock Wave",
          "Flamethrower",
          "Fire Blast",
          "Facade",
          "Secret Power",
          "Rest",
          "Attract",
          "Snatch"
        ],
        "tmMoves2": [
          "Dynamic Punch",
          "Headbutt",
          "Curse",
          "Rollout",
          "Toxic",
          "Zap Cannon",
          "Psych Up",
          "Hidden Power",
          "Sunny Day",
          "Snore",
          "Blizzard",
          "Hyper Beam",
          "Protect",
          "Rain Dance",
          "Endure",
          "Frustration",
          "Solar Beam",
          "Thunder",
          "Return",
          "Psychic",
          "Shadow Ball",
          "Mud-Slap",
          "Double Team",
          "Ice Punch",
          "Swagger",
          "Sleep Talk",
          "Fire Blast",
          "Defense Curl",
          "Thunder Punch",
          "Dream Eater",
          "Detect",
          "Rest",
          "Attract",
          "Fire Punch",
          "Nightmare"
        ],
        "tmMoves1": [
          "Mega Punch",
          "Mega Kick",
          "Toxic",
          "Body Slam",
          "Take Down",
          "Double-Edge",
          "Bubble Beam",
          "Water Gun",
          "Ice Beam",
          "Blizzard",
          "Hyper Beam",
          "Submission",
          "Counter",
          "Seismic Toss",
          "Rage",
          "Solar Beam",
          "Thunderbolt",
          "Thunder",
          "Psychic",
          "Teleport",
          "Mimic",
          "Double Team",
          "Reflect",
          "Bide",
          "Fire Blast",
          "Skull Bash",
          "Rest",
          "Thunder Wave",
          "Psywave",
          "Tri Attack",
          "Substitute"
        ],
        "tmMoves": []
      },
      "abilities": {
        "abilities": [
          "CuteCharm",
          "Competitive"
        ],
        "hiddenAbilities": [
          "Frisk"
        ]
      },
      "movement": {
        "rideable": false,
        "canFly": false,
        "canSurf": false,
        "canRideShoulder": false
      },
      "aggression": {
        "timid": 80,
        "passive": 0,
        "aggressive": 20
      },
      "battleStats": {
        "hp": 140,
        "attack": 70,
        "defense": 45,
        "specialAttack": 85,
        "specialDefense": 50,
        "speed": 45
      },
      "tags": [],
      "spawn": {
        "baseExp": 191,
        "baseFriendship": 70,
        "spawnLevel": 30,
        "spawnLevelRange": 20,
        "spawnLocations": [
          "LAND",
          "UNDERGROUND"
        ]
      },
      "possibleGenders": [
        "MALE",
        "FEMALE"
      ],
      "genderProperties": [
        {
          "gender": "ALL",
          "palettes": [
            {
              "name": "none",
              "texture": "pixelmon:pokemon/040_wigglytuff/all/base/none/texture.png",
              "sprite": "pixelmon:pokemon/040_wigglytuff/all/base/none/sprite.png",
              "particle": "",
              "modelLocator": {
                "factoryType": "NORMAL",
                "pqc": [
                  "pixelmon:pokemon/040_wigglytuff/all/base/none/model.pqc"
                ]
              },
              "sounds": [
                "pixelmon.mob.wigglytuff",
                "pixelmon.mob.wigglytuff"
              ]
            },
            {
              "name": "shiny",
              "texture": "pixelmon:pokemon/040_wigglytuff/all/base/shiny/texture.png",
              "sprite": "pixelmon:pokemon/040_wigglytuff/all/base/shiny/sprite.png",
              "particle": "arcanery:shiny"
            }
          ]
        }
      ],
      "eggGroups": [
        "FAIRY"
      ],
      "types": [
        "NORMAL",
        "FAIRY"
      ],
      "preEvolutions": [
        "Jigglypuff",
        "Igglybuff"
      ],
      "defaultBaseForm": "",
      "megaItems": [],
      "megas": [],
      "gigantamax": {
        "canHaveFactor": false,
        "canGigantamax": false
      },
      "eggCycles": 21,
      "weight": 12.0,
      "catchRate": 50,
      "malePercentage": 0,
      "evolutions": [],
      "evYields": {
        "hp": 3
      }
    }
  ],
  "generation": 1
}
