{
  "name": "Vileplume",
  "dex": 45,
  "defaultForms": [
    ""
  ],
  "forms": [
    {
      "name": "",
      "experienceGroup": "MEDIUM_SLOW",
      "dimensions": {
        "height": 1.1,
        "width": 0.8,
        "length": 1,
        "eyeHeight": 1.1,
        "hoverHeight": 1.1
      },
      "moves": {
        "levelUpMoves": [
          {
            "level": 0,
            "attacks": [
              "Absorb",
              "Acid",
              "Aromatherapy",
              "Giga Drain",
              "Grassy Terrain",
              "Growth",
              "Mega Drain",
              "Moonblast",
              "Moonlight",
              "Petal Blizzard",
              "Petal Dance",
              "Poison Powder",
              "Sleep Powder",
              "Stun Spore",
              "Sweet Scent",
              "Toxic"
            ]
          }
        ],
        "tutorMoves": [
          "Corrosive Gas",
          "Grassy Glide"
        ],
        "eggMoves": [
          "After You",
          "Flail",
          "Ingrain",
          "Leech Seed",
          "Nature Power",
          "Razor Leaf",
          "Strength Sap",
          "Synthesis",
          "Teeter Dance",
          "Tickle"
        ],
        "tmMoves8": [
          "Hyper Beam",
          "Giga Impact",
          "Solar Beam",
          "Safeguard",
          "Rest",
          "Snore",
          "Protect",
          "Giga Drain",
          "Charm",
          "Attract",
          "Sunny Day",
          "Facade",
          "Bullet Seed",
          "Fling",
          "Drain Punch",
          "Venoshock",
          "Round",
          "Grassy Terrain"
        ],
        "trMoves": [
          "Swords Dance",
          "Body Slam",
          "Substitute",
          "Sludge Bomb",
          "Endure",
          "Sleep Talk",
          "Seed Bomb",
          "Energy Ball",
          "Grass Knot",
          "Sludge Wave",
          "Dazzling Gleam",
          "Pollen Puff"
        ],
        "hmMoves": [],
        "transferMoves": [
          "Bide",
          "Captivate",
          "Confide",
          "Curse",
          "Cut",
          "Double Team",
          "Double-Edge",
          "Flash",
          "Frustration",
          "Gastro Acid",
          "Headbutt",
          "Hidden Power",
          "Infestation",
          "Lucky Chant",
          "Mimic",
          "Natural Gift",
          "Rage",
          "Reflect",
          "Return",
          "Secret Power",
          "Swagger",
          "Take Down",
          "Worry Seed"
        ],
        "tmMoves7": [
          "Toxic",
          "Venoshock",
          "Hidden Power",
          "Sunny Day",
          "Hyper Beam",
          "Protect",
          "Safeguard",
          "Frustration",
          "Solar Beam",
          "Return",
          "Double Team",
          "Sludge Bomb",
          "Facade",
          "Rest",
          "Attract",
          "Round",
          "Energy Ball",
          "Fling",
          "Giga Impact",
          "Swords Dance",
          "Infestation",
          "Grass Knot",
          "Swagger",
          "Sleep Talk",
          "Substitute",
          "Nature Power",
          "Dazzling Gleam",
          "Confide"
        ],
        "tmMoves6": [
          "Toxic",
          "Venoshock",
          "Hidden Power",
          "Sunny Day",
          "Hyper Beam",
          "Protect",
          "Safeguard",
          "Frustration",
          "Solar Beam",
          "Return",
          "Double Team",
          "Sludge Bomb",
          "Facade",
          "Rest",
          "Attract",
          "Round",
          "Energy Ball",
          "Fling",
          "Giga Impact",
          "Flash",
          "Swords Dance",
          "Infestation",
          "Grass Knot",
          "Swagger",
          "Sleep Talk",
          "Substitute",
          "Secret Power",
          "Nature Power",
          "Dazzling Gleam",
          "Confide"
        ],
        "tmMoves5": [
          "Toxic",
          "Venoshock",
          "Hidden Power",
          "Sunny Day",
          "Hyper Beam",
          "Protect",
          "Frustration",
          "Solar Beam",
          "Return",
          "Double Team",
          "Sludge Bomb",
          "Facade",
          "Rest",
          "Attract",
          "Round",
          "Energy Ball",
          "Fling",
          "Giga Impact",
          "Flash",
          "Swords Dance",
          "Grass Knot",
          "Swagger",
          "Substitute"
        ],
        "tmMoves4": [
          "Toxic",
          "Bullet Seed",
          "Hidden Power",
          "Sunny Day",
          "Hyper Beam",
          "Protect",
          "Giga Drain",
          "Frustration",
          "Solar Beam",
          "Return",
          "Double Team",
          "Sludge Bomb",
          "Facade",
          "Secret Power",
          "Rest",
          "Attract",
          "Energy Ball",
          "Fling",
          "Endure",
          "Drain Punch",
          "Giga Impact",
          "Flash",
          "Swords Dance",
          "Captivate",
          "Sleep Talk",
          "Natural Gift",
          "Grass Knot",
          "Swagger",
          "Substitute"
        ],
        "tmMoves3": [
          "Toxic",
          "Bullet Seed",
          "Hidden Power",
          "Sunny Day",
          "Hyper Beam",
          "Protect",
          "Giga Drain",
          "Frustration",
          "Solar Beam",
          "Return",
          "Double Team",
          "Sludge Bomb",
          "Facade",
          "Secret Power",
          "Rest",
          "Attract"
        ],
        "tmMoves2": [
          "Curse",
          "Toxic",
          "Hidden Power",
          "Sunny Day",
          "Sweet Scent",
          "Snore",
          "Hyper Beam",
          "Protect",
          "Giga Drain",
          "Endure",
          "Frustration",
          "Solar Beam",
          "Return",
          "Double Team",
          "Swagger",
          "Sleep Talk",
          "Sludge Bomb",
          "Rest",
          "Attract"
        ],
        "tmMoves1": [
          "Swords Dance",
          "Toxic",
          "Body Slam",
          "Take Down",
          "Double-Edge",
          "Hyper Beam",
          "Rage",
          "Mega Drain",
          "Solar Beam",
          "Mimic",
          "Double Team",
          "Reflect",
          "Bide",
          "Rest",
          "Substitute"
        ],
        "tmMoves": []
      },
      "abilities": {
        "abilities": [
          "Chlorophyll"
        ],
        "hiddenAbilities": [
          "EffectSpore"
        ]
      },
      "movement": {
        "rideable": true,
        "canFly": false,
        "canSurf": false,
        "canRideShoulder": false,
        "ridingOffsets": {
          "standing": {
            "x": 0.0,
            "y": -0.61,
            "z": -0.55
          },
          "moving": {
            "x": 0.0,
            "y": -0.61,
            "z": -0.55
          }
        }
      },
      "aggression": {
        "timid": 80,
        "passive": 0,
        "aggressive": 20
      },
      "battleStats": {
        "hp": 75,
        "attack": 80,
        "defense": 85,
        "specialAttack": 110,
        "specialDefense": 90,
        "speed": 50
      },
      "tags": [],
      "spawn": {
        "baseExp": 184,
        "baseFriendship": 70,
        "spawnLevel": 30,
        "spawnLevelRange": 20,
        "spawnLocations": [
          "LAND"
        ]
      },
      "possibleGenders": [
        "MALE",
        "FEMALE"
      ],
      "genderProperties": [
        {
          "gender": "ALL",
          "palettes": [
            {
              "name": "none",
              "texture": "pixelmon:pokemon/045_vileplume/all/base/none/texture.png",
              "sprite": "pixelmon:pokemon/045_vileplume/all/base/none/sprite.png",
              "particle": "",
              "modelLocator": {
                "factoryType": "NORMAL",
                "pqc": [
                  "pixelmon:pokemon/045_vileplume/all/base/none/model.pqc"
                ]
              },
              "sounds": [
                "pixelmon.mob.vileplume"
              ]
            },
            {
              "name": "shiny",
              "texture": "pixelmon:pokemon/045_vileplume/all/base/shiny/texture.png",
              "sprite": "pixelmon:pokemon/045_vileplume/all/base/shiny/sprite.png",
              "particle": "arcanery:shiny"
            },
            {
              "name": "pink",
              "texture": "pixelmon:pokemon/045_vileplume/all/base/pink/texture.png",
              "sprite": "pixelmon:pokemon/045_vileplume/all/base/pink/sprite.png",
              "particle": ""
            },
            {
              "name": "valencian",
              "texture": "pixelmon:pokemon/045_vileplume/all/base/valencian/texture.png",
              "sprite": "pixelmon:pokemon/045_vileplume/all/base/valencian/sprite.png",
              "particle": ""
            },
			{
              "name": "autumn",
              "texture": "pixelmon:pokemon/045_vileplume/all/base/custom-autumn/texture.png",
              "sprite": "pixelmon:pokemon/045_vileplume/all/base/custom-autumn/sprite.png",
              "particle": ""
            },
			{
              "name": "ditto 1",
              "texture": "pixelmon:pokemon/045_vileplume/all/base/custom-ditto1/texture.png",
              "sprite": "pixelmon:pokemon/045_vileplume/all/base/custom-ditto1/sprite.png",
              "particle": ""
            },
			{
              "name": "ditto 2",
              "texture": "pixelmon:pokemon/045_vileplume/all/base/custom-ditto2/texture.png",
              "sprite": "pixelmon:pokemon/045_vileplume/all/base/custom-ditto2/sprite.png",
              "particle": ""
            },
			{
              "name": "galaxy",
              "texture": "pixelmon:pokemon/045_vileplume/all/base/custom-galaxy/texture.png",
              "sprite": "pixelmon:pokemon/045_vileplume/all/base/custom-galaxy/sprite.png",
              "particle": ""
            },
			{
              "name": "ice",
              "texture": "pixelmon:pokemon/045_vileplume/all/base/custom-ice/texture.png",
              "sprite": "pixelmon:pokemon/045_vileplume/all/base/custom-ice/sprite.png",
              "particle": ""
            },
			{
              "name": "lucky 1",
              "texture": "pixelmon:pokemon/045_vileplume/all/base/custom-lucky1/texture.png",
              "sprite": "pixelmon:pokemon/045_vileplume/all/base/custom-lucky1/sprite.png",
              "particle": ""
            },
			{
              "name": "lucky 2",
              "texture": "pixelmon:pokemon/045_vileplume/all/base/custom-lucky2/texture.png",
              "sprite": "pixelmon:pokemon/045_vileplume/all/base/custom-lucky2/sprite.png",
              "particle": ""
            }
          ]
        }
      ],
      "eggGroups": [
        "GRASS"
      ],
      "types": [
        "GRASS",
        "POISON"
      ],
      "preEvolutions": [
        "Gloom",
        "Oddish"
      ],
      "defaultBaseForm": "",
      "megaItems": [],
      "megas": [],
      "gigantamax": {
        "canHaveFactor": false,
        "canGigantamax": false
      },
      "eggCycles": 21,
      "weight": 18.6,
      "catchRate": 45,
      "malePercentage": 0,
      "evolutions": [],
      "evYields": {
        "specialAttack": 3
      }
    }
  ],
  "generation": 1
}
