{
  "name": "Paras",
  "dex": 46,
  "defaultForms": [
    ""
  ],
  "forms": [
    {
      "name": "",
      "experienceGroup": "MEDIUM_FAST",
      "dimensions": {
        "height": 0.3,
        "width": 0.4,
        "length": 1,
        "eyeHeight": 0.3,
        "hoverHeight": 0.3
      },
      "moves": {
        "levelUpMoves": [
          {
            "level": 0,
            "attacks": [
              "Scratch"
            ]
          },
          {
            "level": 6,
            "attacks": [
              "Poison Powder",
              "Stun Spore"
            ]
          },
          {
            "level": 11,
            "attacks": [
              "Absorb"
            ]
          },
          {
            "level": 17,
            "attacks": [
              "Fury Cutter"
            ]
          },
          {
            "level": 22,
            "attacks": [
              "Spore"
            ]
          },
          {
            "level": 27,
            "attacks": [
              "Slash"
            ]
          },
          {
            "level": 33,
            "attacks": [
              "Growth"
            ]
          },
          {
            "level": 38,
            "attacks": [
              "Giga Drain"
            ]
          },
          {
            "level": 43,
            "attacks": [
              "Aromatherapy"
            ]
          },
          {
            "level": 49,
            "attacks": [
              "Rage Powder"
            ]
          },
          {
            "level": 54,
            "attacks": [
              "X-Scissor"
            ]
          }
        ],
        "tutorMoves": [
          "After You",
          "Bug Bite",
          "Giga Drain",
          "Knock Off",
          "Seed Bomb",
          "Snore",
          "Synthesis",
          "Worry Seed"
        ],
        "eggMoves": [
          "Agility",
          "Bug Bite",
          "Counter",
          "Cross Poison",
          "Endure",
          "Fell Stinger",
          "Flail",
          "Grassy Terrain",
          "Leech Seed",
          "Metal Claw",
          "Natural Gift",
          "Psybeam",
          "Pursuit",
          "Rototiller",
          "Screech",
          "Sweet Scent",
          "Wide Guard"
        ],
        "tmMoves8": [],
        "trMoves": [],
        "hmMoves": [],
        "transferMoves": [
          "Bide",
          "Body Slam",
          "Bullet Seed",
          "Captivate",
          "Curse",
          "Cut",
          "Double-Edge",
          "Flash",
          "Hone Claws",
          "Mimic",
          "Rage",
          "Refresh",
          "Rock Smash",
          "Secret Power",
          "Skull Bash",
          "String Shot",
          "Struggle Bug",
          "Take Down"
        ],
        "tmMoves7": [
          "Toxic",
          "Venoshock",
          "Hidden Power",
          "Sunny Day",
          "Light Screen",
          "Protect",
          "Frustration",
          "Solar Beam",
          "Return",
          "Leech Life",
          "Brick Break",
          "Double Team",
          "Sludge Bomb",
          "Aerial Ace",
          "Facade",
          "Rest",
          "Attract",
          "Thief",
          "Round",
          "Energy Ball",
          "False Swipe",
          "Swords Dance",
          "X-Scissor",
          "Grass Knot",
          "Swagger",
          "Sleep Talk",
          "Substitute",
          "Nature Power",
          "Confide"
        ],
        "tmMoves6": [
          "Hone Claws",
          "Toxic",
          "Venoshock",
          "Hidden Power",
          "Sunny Day",
          "Light Screen",
          "Protect",
          "Frustration",
          "Solar Beam",
          "Return",
          "Dig",
          "Brick Break",
          "Double Team",
          "Sludge Bomb",
          "Aerial Ace",
          "Facade",
          "Rest",
          "Attract",
          "Thief",
          "Round",
          "Energy Ball",
          "False Swipe",
          "Flash",
          "Swords Dance",
          "Struggle Bug",
          "X-Scissor",
          "Grass Knot",
          "Swagger",
          "Sleep Talk",
          "Substitute",
          "Secret Power",
          "Nature Power",
          "Confide"
        ],
        "tmMoves5": [
          "Hone Claws",
          "Toxic",
          "Venoshock",
          "Hidden Power",
          "Sunny Day",
          "Light Screen",
          "Protect",
          "Frustration",
          "Solar Beam",
          "Return",
          "Dig",
          "Brick Break",
          "Double Team",
          "Sludge Bomb",
          "Aerial Ace",
          "Facade",
          "Rest",
          "Attract",
          "Thief",
          "Round",
          "Energy Ball",
          "False Swipe",
          "Flash",
          "Swords Dance",
          "Struggle Bug",
          "X-Scissor",
          "Grass Knot",
          "Swagger",
          "Substitute",
          "Rock Smash"
        ],
        "tmMoves4": [
          "Toxic",
          "Bullet Seed",
          "Hidden Power",
          "Sunny Day",
          "Protect",
          "Giga Drain",
          "Frustration",
          "Solar Beam",
          "Return",
          "Dig",
          "Brick Break",
          "Double Team",
          "Sludge Bomb",
          "Aerial Ace",
          "Facade",
          "Secret Power",
          "Rest",
          "Attract",
          "Thief",
          "Energy Ball",
          "False Swipe",
          "Endure",
          "Flash",
          "Swords Dance",
          "Captivate",
          "X-Scissor",
          "Sleep Talk",
          "Natural Gift",
          "Grass Knot",
          "Swagger",
          "Substitute"
        ],
        "tmMoves3": [
          "Toxic",
          "Bullet Seed",
          "Hidden Power",
          "Sunny Day",
          "Protect",
          "Giga Drain",
          "Frustration",
          "Solar Beam",
          "Return",
          "Dig",
          "Double Team",
          "Sludge Bomb",
          "Aerial Ace",
          "Facade",
          "Secret Power",
          "Rest",
          "Attract",
          "Thief"
        ],
        "tmMoves2": [
          "Curse",
          "Toxic",
          "Rock Smash",
          "Hidden Power",
          "Sunny Day",
          "Sweet Scent",
          "Snore",
          "Protect",
          "Giga Drain",
          "Endure",
          "Frustration",
          "Solar Beam",
          "Return",
          "Dig",
          "Double Team",
          "Swagger",
          "Sleep Talk",
          "Sludge Bomb",
          "Rest",
          "Attract",
          "Thief",
          "Fury Cutter"
        ],
        "tmMoves1": [
          "Swords Dance",
          "Toxic",
          "Body Slam",
          "Take Down",
          "Double-Edge",
          "Rage",
          "Mega Drain",
          "Solar Beam",
          "Dig",
          "Mimic",
          "Double Team",
          "Reflect",
          "Bide",
          "Skull Bash",
          "Rest",
          "Substitute"
        ],
        "tmMoves": []
      },
      "abilities": {
        "abilities": [
          "EffectSpore",
          "DrySkin"
        ],
        "hiddenAbilities": [
          "Damp"
        ]
      },
      "movement": {
        "rideable": false,
        "canFly": false,
        "canSurf": false,
        "canRideShoulder": false
      },
      "aggression": {
        "timid": 80,
        "passive": 0,
        "aggressive": 20
      },
      "battleStats": {
        "hp": 35,
        "attack": 70,
        "defense": 55,
        "specialAttack": 45,
        "specialDefense": 55,
        "speed": 25
      },
      "tags": [],
      "spawn": {
        "baseExp": 70,
        "baseFriendship": 70,
        "spawnLevel": 10,
        "spawnLevelRange": 14,
        "spawnLocations": [
          "LAND"
        ]
      },
      "possibleGenders": [
        "MALE",
        "FEMALE"
      ],
      "genderProperties": [
        {
          "gender": "ALL",
          "palettes": [
            {
              "name": "none",
              "texture": "pixelmon:pokemon/046_paras/all/base/none/texture.png",
              "sprite": "pixelmon:pokemon/046_paras/all/base/none/sprite.png",
              "particle": "",
              "modelLocator": {
                "factoryType": "NORMAL",
                "pqc": [
                  "pixelmon:pokemon/046_paras/all/base/none/model.pqc"
                ]
              },
              "sounds": [
                "pixelmon.mob.paras"
              ]
            },
            {
              "name": "shiny",
              "texture": "pixelmon:pokemon/046_paras/all/base/shiny/texture.png",
              "sprite": "pixelmon:pokemon/046_paras/all/base/shiny/sprite.png",
              "particle": "arcanery:shiny"
            },
            {
              "name": "pink",
              "texture": "pixelmon:pokemon/046_paras/all/base/pink/texture.png",
              "sprite": "pixelmon:pokemon/046_paras/all/base/pink/sprite.png",
              "particle": ""
            },
            {
              "name": "valencian",
              "texture": "pixelmon:pokemon/046_paras/all/base/valencian/texture.png",
              "sprite": "pixelmon:pokemon/046_paras/all/base/valencian/sprite.png",
              "particle": ""
            },
			{
              "name": "shadow",
              "texture": "pixelmon:pokemon/046_paras/all/base/custom-shadow/texture.png",
              "sprite": "pixelmon:pokemon/046_paras/all/base/custom-shadow/sprite.png",
              "particle": ""
            }
          ]
        }
      ],
      "eggGroups": [
        "BUG",
        "GRASS"
      ],
      "types": [
        "BUG",
        "GRASS"
      ],
      "preEvolutions": [],
      "defaultBaseForm": "",
      "megaItems": [],
      "megas": [],
      "gigantamax": {
        "canHaveFactor": false,
        "canGigantamax": false
      },
      "eggCycles": 21,
      "weight": 5.4,
      "catchRate": 190,
      "malePercentage": 0,
      "evolutions": [
        {
          "level": 24,
          "to": "Parasect",
          "conditions": [],
          "evoType": "leveling"
        }
      ],
      "evYields": {
        "attack": 1
      }
    }
  ],
  "generation": 1
}
