{
  "name": "Psyduck",
  "dex": 54,
  "defaultForms": [
    ""
  ],
  "forms": [
    {
      "name": "",
      "experienceGroup": "MEDIUM_FAST",
      "dimensions": {
        "height": 0.6,
        "width": 0.5,
        "length": 1,
        "eyeHeight": 0.6,
        "hoverHeight": 0.6
      },
      "moves": {
        "levelUpMoves": [
          {
            "level": 0,
            "attacks": [
              "Scratch",
              "Tail Whip"
            ]
          },
          {
            "level": 3,
            "attacks": [
              "Water Gun"
            ]
          },
          {
            "level": 6,
            "attacks": [
              "Confusion"
            ]
          },
          {
            "level": 9,
            "attacks": [
              "Fury Swipes"
            ]
          },
          {
            "level": 12,
            "attacks": [
              "Water Pulse"
            ]
          },
          {
            "level": 15,
            "attacks": [
              "Disable"
            ]
          },
          {
            "level": 18,
            "attacks": [
              "Zen Headbutt"
            ]
          },
          {
            "level": 21,
            "attacks": [
              "Screech"
            ]
          },
          {
            "level": 24,
            "attacks": [
              "Aqua Tail"
            ]
          },
          {
            "level": 27,
            "attacks": [
              "Soak"
            ]
          },
          {
            "level": 30,
            "attacks": [
              "Psych Up"
            ]
          },
          {
            "level": 34,
            "attacks": [
              "Amnesia"
            ]
          },
          {
            "level": 36,
            "attacks": [
              "Hydro Pump"
            ]
          },
          {
            "level": 39,
            "attacks": [
              "Wonder Room"
            ]
          }
        ],
        "tutorMoves": [],
        "eggMoves": [
          "Clear Smog",
          "Confuse Ray",
          "Cross Chop",
          "Hypnosis",
          "Psybeam",
          "Simple Beam",
          "Yawn"
        ],
        "tmMoves8": [
          "Mega Punch",
          "Mega Kick",
          "Pay Day",
          "Ice Punch",
          "Dig",
          "Screech",
          "Light Screen",
          "Rest",
          "Snore",
          "Protect",
          "Icy Wind",
          "Attract",
          "Rain Dance",
          "Hail",
          "Whirlpool",
          "Facade",
          "Swift",
          "Brick Break",
          "Dive",
          "Brine",
          "Fling",
          "Shadow Claw",
          "Wonder Room",
          "Round"
        ],
        "trMoves": [
          "Body Slam",
          "Hydro Pump",
          "Surf",
          "Ice Beam",
          "Blizzard",
          "Psychic",
          "Waterfall",
          "Amnesia",
          "Substitute",
          "Psyshock",
          "Endure",
          "Sleep Talk",
          "Encore",
          "Iron Tail",
          "Future Sight",
          "Calm Mind",
          "Zen Headbutt",
          "Scald"
        ],
        "hmMoves": [],
        "transferMoves": [
          "Aerial Ace",
          "Bide",
          "Bubble Beam",
          "Captivate",
          "Confide",
          "Counter",
          "Curse",
          "Double Team",
          "Double-Edge",
          "Dynamic Punch",
          "Flash",
          "Focus Punch",
          "Foresight",
          "Frustration",
          "Headbutt",
          "Hidden Power",
          "Hone Claws",
          "Mimic",
          "Mud Bomb",
          "Mud Sport",
          "Mud-Slap",
          "Natural Gift",
          "Power-Up Punch",
          "Rage",
          "Refresh",
          "Return",
          "Rock Smash",
          "Role Play",
          "Secret Power",
          "Seismic Toss",
          "Signal Beam",
          "Skull Bash",
          "Strength",
          "Submission",
          "Swagger",
          "Synchronoise",
          "Take Down",
          "Telekinesis",
          "Toxic",
          "Water Sport",
          "Worry Seed"
        ],
        "tmMoves7": [
          "Psyshock",
          "Calm Mind",
          "Toxic",
          "Hail",
          "Hidden Power",
          "Ice Beam",
          "Blizzard",
          "Light Screen",
          "Protect",
          "Rain Dance",
          "Frustration",
          "Return",
          "Psychic",
          "Brick Break",
          "Double Team",
          "Aerial Ace",
          "Facade",
          "Rest",
          "Attract",
          "Round",
          "Scald",
          "Fling",
          "Shadow Claw",
          "Psych Up",
          "Swagger",
          "Sleep Talk",
          "Substitute",
          "Surf",
          "Waterfall",
          "Confide"
        ],
        "tmMoves6": [
          "Hone Claws",
          "Psyshock",
          "Calm Mind",
          "Toxic",
          "Hail",
          "Hidden Power",
          "Ice Beam",
          "Blizzard",
          "Light Screen",
          "Protect",
          "Rain Dance",
          "Frustration",
          "Return",
          "Dig",
          "Psychic",
          "Brick Break",
          "Double Team",
          "Aerial Ace",
          "Facade",
          "Rest",
          "Attract",
          "Round",
          "Scald",
          "Fling",
          "Shadow Claw",
          "Flash",
          "Psych Up",
          "Swagger",
          "Sleep Talk",
          "Substitute",
          "Secret Power",
          "Power-Up Punch",
          "Confide"
        ],
        "tmMoves5": [
          "Hone Claws",
          "Psyshock",
          "Calm Mind",
          "Toxic",
          "Hail",
          "Hidden Power",
          "Ice Beam",
          "Blizzard",
          "Light Screen",
          "Protect",
          "Rain Dance",
          "Telekinesis",
          "Frustration",
          "Return",
          "Dig",
          "Psychic",
          "Brick Break",
          "Double Team",
          "Aerial Ace",
          "Facade",
          "Rest",
          "Attract",
          "Round",
          "Scald",
          "Fling",
          "Shadow Claw",
          "Flash",
          "Psych Up",
          "Swagger",
          "Substitute",
          "Rock Smash"
        ],
        "tmMoves4": [
          "Focus Punch",
          "Water Pulse",
          "Calm Mind",
          "Toxic",
          "Hail",
          "Hidden Power",
          "Ice Beam",
          "Blizzard",
          "Protect",
          "Rain Dance",
          "Frustration",
          "Iron Tail",
          "Return",
          "Dig",
          "Psychic",
          "Brick Break",
          "Double Team",
          "Aerial Ace",
          "Facade",
          "Secret Power",
          "Rest",
          "Attract",
          "Brine",
          "Fling",
          "Endure",
          "Shadow Claw",
          "Flash",
          "Psych Up",
          "Captivate",
          "Sleep Talk",
          "Natural Gift",
          "Swagger",
          "Substitute"
        ],
        "tmMoves3": [
          "Focus Punch",
          "Water Pulse",
          "Calm Mind",
          "Toxic",
          "Hail",
          "Hidden Power",
          "Ice Beam",
          "Blizzard",
          "Protect",
          "Rain Dance",
          "Frustration",
          "Iron Tail",
          "Return",
          "Dig",
          "Brick Break",
          "Double Team",
          "Aerial Ace",
          "Facade",
          "Secret Power",
          "Rest",
          "Attract"
        ],
        "tmMoves2": [
          "Dynamic Punch",
          "Headbutt",
          "Curse",
          "Toxic",
          "Rock Smash",
          "Psych Up",
          "Hidden Power",
          "Snore",
          "Blizzard",
          "Icy Wind",
          "Protect",
          "Rain Dance",
          "Endure",
          "Frustration",
          "Iron Tail",
          "Return",
          "Dig",
          "Mud-Slap",
          "Double Team",
          "Ice Punch",
          "Swagger",
          "Sleep Talk",
          "Swift",
          "Rest",
          "Attract"
        ],
        "tmMoves1": [
          "Mega Punch",
          "Mega Kick",
          "Toxic",
          "Body Slam",
          "Take Down",
          "Double-Edge",
          "Bubble Beam",
          "Water Gun",
          "Ice Beam",
          "Blizzard",
          "Pay Day",
          "Submission",
          "Counter",
          "Seismic Toss",
          "Rage",
          "Dig",
          "Mimic",
          "Double Team",
          "Bide",
          "Swift",
          "Skull Bash",
          "Rest",
          "Substitute"
        ],
        "tmMoves": []
      },
      "abilities": {
        "abilities": [
          "Damp",
          "CloudNine"
        ],
        "hiddenAbilities": [
          "SwiftSwim"
        ]
      },
      "movement": {
        "rideable": false,
        "canFly": false,
        "canSurf": false,
        "canRideShoulder": false
      },
      "aggression": {
        "timid": 80,
        "passive": 0,
        "aggressive": 20
      },
      "battleStats": {
        "hp": 50,
        "attack": 52,
        "defense": 48,
        "specialAttack": 65,
        "specialDefense": 50,
        "speed": 55
      },
      "tags": [],
      "spawn": {
        "baseExp": 80,
        "baseFriendship": 70,
        "spawnLevel": 5,
        "spawnLevelRange": 28,
        "spawnLocations": [
          "LAND"
        ]
      },
      "possibleGenders": [
        "MALE",
        "FEMALE"
      ],
      "genderProperties": [
        {
          "gender": "ALL",
          "palettes": [
            {
              "name": "none",
              "texture": "pixelmon:pokemon/054_psyduck/all/base/none/texture.png",
              "sprite": "pixelmon:pokemon/054_psyduck/all/base/none/sprite.png",
              "particle": "",
              "modelLocator": {
                "factoryType": "NORMAL",
                "pqc": [
                  "pixelmon:pokemon/054_psyduck/all/base/none/model.pqc"
                ]
              },
              "sounds": [
                "pixelmon.mob.psyduck",
                "pixelmon.mob.psyduck",
                "pixelmon.mob.psyduck"
              ]
            },
            {
              "name": "shiny",
              "texture": "pixelmon:pokemon/054_psyduck/all/base/shiny/texture.png",
              "sprite": "pixelmon:pokemon/054_psyduck/all/base/shiny/sprite.png",
              "particle": "arcanery:shiny"
            },
			{
              "name": "anubis",
              "texture": "pixelmon:pokemon/054_psyduck/all/base/custom-anubis/texture.png",
              "sprite": "pixelmon:pokemon/054_psyduck/all/base/custom-anubis/sprite.png",
              "particle": ""
            },
			{
              "name": "christmas",
              "texture": "pixelmon:pokemon/054_psyduck/all/base/custom-christmas/texture.png",
              "sprite": "pixelmon:pokemon/054_psyduck/all/base/custom-christmas/sprite.png",
              "particle": ""
            },
			{
              "name": "primal",
              "texture": "pixelmon:pokemon/054_psyduck/all/base/custom-primal/texture.png",
              "sprite": "pixelmon:pokemon/054_psyduck/all/base/custom-primal/sprite.png",
              "particle": ""
            },
			{
              "name": "shadow",
              "texture": "pixelmon:pokemon/054_psyduck/all/base/custom-shadow/texture.png",
              "sprite": "pixelmon:pokemon/054_psyduck/all/base/custom-shadow/sprite.png",
              "particle": ""
            }
          ]
        }
      ],
      "eggGroups": [
        "WATER_ONE",
        "FIELD"
      ],
      "types": [
        "WATER"
      ],
      "preEvolutions": [],
      "defaultBaseForm": "",
      "megaItems": [],
      "megas": [],
      "gigantamax": {
        "canHaveFactor": false,
        "canGigantamax": false
      },
      "eggCycles": 21,
      "weight": 19.6,
      "catchRate": 190,
      "malePercentage": 0,
      "evolutions": [
        {
          "level": 33,
          "to": "Golduck",
          "conditions": [],
          "evoType": "leveling"
        }
      ],
      "evYields": {
        "specialAttack": 1
      }
    }
  ],
  "generation": 1
}
