{
  "name": "Poliwrath",
  "dex": 62,
  "defaultForms": [
    ""
  ],
  "forms": [
    {
      "name": "",
      "experienceGroup": "MEDIUM_SLOW",
      "dimensions": {
        "height": 1.0,
        "width": 0.9,
        "length": 1,
        "eyeHeight": 1.0,
        "hoverHeight": 1.0
      },
      "moves": {
        "levelUpMoves": [
          {
            "level": 0,
            "attacks": [
              "Belly Drum",
              "Body Slam",
              "Bubble Beam",
              "Circle Throw",
              "Double-Edge",
              "Dynamic Punch",
              "Earth Power",
              "Hydro Pump",
              "Hypnosis",
              "Mind Reader",
              "Mud Shot",
              "Pound",
              "Rain Dance",
              "Submission",
              "Water Gun"
            ]
          }
        ],
        "tutorMoves": [
          "Coaching"
        ],
        "eggMoves": [
          "Endeavor",
          "Haze",
          "Mind Reader",
          "Mist",
          "Splash",
          "Water Pulse"
        ],
        "tmMoves8": [
          "Mega Punch",
          "Mega Kick",
          "Ice Punch",
          "Hyper Beam",
          "Giga Impact",
          "Dig",
          "Rest",
          "Rock Slide",
          "Thief",
          "Snore",
          "Protect",
          "Icy Wind",
          "Attract",
          "Rain Dance",
          "Hail",
          "Whirlpool",
          "Facade",
          "Helping Hand",
          "Brick Break",
          "Dive",
          "Rock Tomb",
          "Mud Shot",
          "Payback",
          "Fling",
          "Drain Punch",
          "Low Sweep",
          "Round",
          "Bulldoze"
        ],
        "trMoves": [
          "Body Slam",
          "Hydro Pump",
          "Surf",
          "Ice Beam",
          "Blizzard",
          "Earthquake",
          "Psychic",
          "Metronome",
          "Waterfall",
          "Substitute",
          "Reversal",
          "Endure",
          "Sleep Talk",
          "Encore",
          "Superpower",
          "Muddy Water",
          "Bulk Up",
          "Close Combat",
          "Poison Jab",
          "Focus Blast",
          "Earth Power",
          "Scald",
          "Work Up",
          "Darkest Lariat",
          "High Horsepower",
          "Throat Chop",
          "Liquidation"
        ],
        "hmMoves": [],
        "transferMoves": [
          "Amnesia",
          "Bide",
          "Bubble",
          "Captivate",
          "Confide",
          "Counter",
          "Curse",
          "Defense Curl",
          "Detect",
          "Double Slap",
          "Double Team",
          "Dual Chop",
          "Fissure",
          "Focus Punch",
          "Frustration",
          "Headbutt",
          "Hidden Power",
          "Ice Ball",
          "Low Kick",
          "Mimic",
          "Mud Bomb",
          "Mud-Slap",
          "Natural Gift",
          "Power-Up Punch",
          "Psywave",
          "Rage",
          "Refresh",
          "Return",
          "Rock Smash",
          "Secret Power",
          "Seismic Toss",
          "Skull Bash",
          "Strength",
          "Swagger",
          "Sweet Kiss",
          "Take Down",
          "Toxic",
          "Vacuum Wave",
          "Wake-Up Slap",
          "Water Sport"
        ],
        "tmMoves7": [
          "Work Up",
          "Toxic",
          "Hail",
          "Bulk Up",
          "Hidden Power",
          "Ice Beam",
          "Blizzard",
          "Hyper Beam",
          "Protect",
          "Rain Dance",
          "Frustration",
          "Earthquake",
          "Return",
          "Psychic",
          "Brick Break",
          "Double Team",
          "Rock Tomb",
          "Facade",
          "Rest",
          "Attract",
          "Thief",
          "Low Sweep",
          "Round",
          "Focus Blast",
          "Scald",
          "Fling",
          "Payback",
          "Giga Impact",
          "Bulldoze",
          "Rock Slide",
          "Poison Jab",
          "Swagger",
          "Sleep Talk",
          "Substitute",
          "Surf",
          "Waterfall",
          "Confide"
        ],
        "tmMoves6": [
          "Toxic",
          "Hail",
          "Bulk Up",
          "Hidden Power",
          "Ice Beam",
          "Blizzard",
          "Hyper Beam",
          "Protect",
          "Rain Dance",
          "Frustration",
          "Earthquake",
          "Return",
          "Dig",
          "Psychic",
          "Brick Break",
          "Double Team",
          "Rock Tomb",
          "Facade",
          "Rest",
          "Attract",
          "Thief",
          "Low Sweep",
          "Round",
          "Focus Blast",
          "Scald",
          "Fling",
          "Payback",
          "Giga Impact",
          "Bulldoze",
          "Rock Slide",
          "Poison Jab",
          "Swagger",
          "Sleep Talk",
          "Substitute",
          "Secret Power",
          "Power-Up Punch",
          "Confide"
        ],
        "tmMoves5": [
          "Toxic",
          "Hail",
          "Bulk Up",
          "Hidden Power",
          "Ice Beam",
          "Blizzard",
          "Hyper Beam",
          "Protect",
          "Rain Dance",
          "Frustration",
          "Earthquake",
          "Return",
          "Dig",
          "Psychic",
          "Brick Break",
          "Double Team",
          "Rock Tomb",
          "Facade",
          "Rest",
          "Attract",
          "Thief",
          "Low Sweep",
          "Round",
          "Focus Blast",
          "Scald",
          "Fling",
          "Payback",
          "Giga Impact",
          "Bulldoze",
          "Rock Slide",
          "Work Up",
          "Poison Jab",
          "Swagger",
          "Substitute",
          "Rock Smash"
        ],
        "tmMoves4": [
          "Focus Punch",
          "Water Pulse",
          "Toxic",
          "Hail",
          "Bulk Up",
          "Hidden Power",
          "Ice Beam",
          "Blizzard",
          "Hyper Beam",
          "Protect",
          "Rain Dance",
          "Frustration",
          "Earthquake",
          "Return",
          "Dig",
          "Psychic",
          "Brick Break",
          "Double Team",
          "Rock Tomb",
          "Facade",
          "Secret Power",
          "Rest",
          "Attract",
          "Thief",
          "Focus Blast",
          "Fling",
          "Endure",
          "Payback",
          "Giga Impact",
          "Captivate",
          "Rock Slide",
          "Sleep Talk",
          "Natural Gift",
          "Poison Jab",
          "Swagger",
          "Substitute"
        ],
        "tmMoves3": [
          "Focus Punch",
          "Water Pulse",
          "Toxic",
          "Hail",
          "Bulk Up",
          "Hidden Power",
          "Ice Beam",
          "Blizzard",
          "Hyper Beam",
          "Protect",
          "Rain Dance",
          "Frustration",
          "Earthquake",
          "Return",
          "Dig",
          "Psychic",
          "Brick Break",
          "Double Team",
          "Rock Tomb",
          "Facade",
          "Secret Power",
          "Rest",
          "Attract",
          "Thief"
        ],
        "tmMoves2": [
          "Dynamic Punch",
          "Headbutt",
          "Curse",
          "Toxic",
          "Rock Smash",
          "Hidden Power",
          "Snore",
          "Blizzard",
          "Hyper Beam",
          "Icy Wind",
          "Protect",
          "Rain Dance",
          "Endure",
          "Frustration",
          "Earthquake",
          "Return",
          "Psychic",
          "Mud-Slap",
          "Double Team",
          "Ice Punch",
          "Swagger",
          "Sleep Talk",
          "Defense Curl",
          "Detect",
          "Rest",
          "Attract",
          "Thief"
        ],
        "tmMoves1": [
          "Mega Punch",
          "Mega Kick",
          "Toxic",
          "Body Slam",
          "Take Down",
          "Double-Edge",
          "Bubble Beam",
          "Water Gun",
          "Ice Beam",
          "Blizzard",
          "Hyper Beam",
          "Submission",
          "Counter",
          "Seismic Toss",
          "Rage",
          "Earthquake",
          "Fissure",
          "Psychic",
          "Mimic",
          "Double Team",
          "Bide",
          "Metronome",
          "Skull Bash",
          "Rest",
          "Psywave",
          "Substitute"
        ],
        "tmMoves": []
      },
      "abilities": {
        "abilities": [
          "WaterAbsorb",
          "Damp"
        ],
        "hiddenAbilities": [
          "SwiftSwim"
        ]
      },
      "movement": {
        "rideable": true,
        "canFly": false,
        "canSurf": false,
        "canRideShoulder": false,
        "ridingOffsets": {
          "standing": {
            "x": 0.0,
            "y": -1.0,
            "z": -0.6
          },
          "moving": {
            "x": 0,
            "y": 0,
            "z": 0
          }
        }
      },
      "aggression": {
        "timid": 80,
        "passive": 0,
        "aggressive": 20
      },
      "battleStats": {
        "hp": 90,
        "attack": 95,
        "defense": 95,
        "specialAttack": 70,
        "specialDefense": 90,
        "speed": 70
      },
      "tags": [],
      "spawn": {
        "baseExp": 185,
        "baseFriendship": 70,
        "spawnLevel": 35,
        "spawnLevelRange": 15,
        "spawnLocations": [
          "LAND"
        ]
      },
      "possibleGenders": [
        "MALE",
        "FEMALE"
      ],
      "genderProperties": [
        {
          "gender": "ALL",
          "palettes": [
            {
              "name": "none",
              "texture": "pixelmon:pokemon/062_poliwrath/all/base/none/texture.png",
              "sprite": "pixelmon:pokemon/062_poliwrath/all/base/none/sprite.png",
              "particle": "",
              "modelLocator": {
                "factoryType": "NORMAL",
                "pqc": [
                  "pixelmon:pokemon/062_poliwrath/all/base/none/model.pqc"
                ]
              },
              "sounds": [
                "pixelmon.mob.poliwrath",
                "pixelmon.mob.poliwrath",
                "pixelmon.mob.poliwrath"
              ]
            },
            {
              "name": "shiny",
              "texture": "pixelmon:pokemon/062_poliwrath/all/base/shiny/texture.png",
              "sprite": "pixelmon:pokemon/062_poliwrath/all/base/shiny/sprite.png",
              "particle": "arcanery:shiny"
            },
            {
              "name": "valencian",
              "texture": "pixelmon:pokemon/062_poliwrath/all/base/valencian/texture.png",
              "sprite": "pixelmon:pokemon/062_poliwrath/all/base/valencian/sprite.png",
              "particle": ""
            },
            {
              "name": "strike",
              "texture": "pixelmon:pokemon/062_poliwrath/all/base/strike/texture.png",
              "emissive": "pixelmon:pokemon/062_poliwrath/all/base/strike/emissive.png",
              "sprite": "pixelmon:pokemon/062_poliwrath/all/base/strike/sprite.png",
              "particle": ""
            },
			{
              "name": "christmas",
              "texture": "pixelmon:pokemon/062_poliwrath/all/base/custom-christmas/texture.png",
              "sprite": "pixelmon:pokemon/062_poliwrath/all/base/custom-christmas/sprite.png",
              "particle": ""
            },
			{
              "name": "gamma",
              "texture": "pixelmon:pokemon/062_poliwrath/all/base/custom-gamma/texture.png",
              "sprite": "pixelmon:pokemon/062_poliwrath/all/base/custom-gamma/sprite.png",
              "particle": ""
            },
			{
              "name": "hero",
              "texture": "pixelmon:pokemon/062_poliwrath/all/base/custom-hero/texture.png",
              "sprite": "pixelmon:pokemon/062_poliwrath/all/base/custom-hero/sprite.png",
              "particle": ""
            },
			{
              "name": "shadow",
              "texture": "pixelmon:pokemon/062_poliwrath/all/base/custom-shadow/texture.png",
              "sprite": "pixelmon:pokemon/062_poliwrath/all/base/custom-shadow/sprite.png",
              "particle": ""
            },
			{
              "name": "valentines",
              "texture": "pixelmon:pokemon/062_poliwrath/all/base/custom-val/texture.png",
              "emissive": "pixelmon:pokemon/062_poliwrath/all/base/custom-val/emissive.png",
              "sprite": "pixelmon:pokemon/062_poliwrath/all/base/custom-val/sprite.png",
              "particle": ""
            },
			{
              "name": "vapor",
              "texture": "pixelmon:pokemon/062_poliwrath/all/base/custom-vapor/texture.png",
              "sprite": "pixelmon:pokemon/062_poliwrath/all/base/custom-vapor/sprite.png",
              "particle": ""
            }
          ]
        }
      ],
      "eggGroups": [
        "WATER_ONE"
      ],
      "types": [
        "WATER",
        "FIGHTING"
      ],
      "preEvolutions": [
        "Poliwhirl",
        "Poliwag"
      ],
      "defaultBaseForm": "",
      "megaItems": [],
      "megas": [],
      "gigantamax": {
        "canHaveFactor": false,
        "canGigantamax": false
      },
      "eggCycles": 21,
      "weight": 54.0,
      "catchRate": 45,
      "malePercentage": 0,
      "evolutions": [],
      "evYields": {
        "defense": 3
      }
    }
  ],
  "generation": 1
}
