{
  "name": "Victreebel",
  "dex": 71,
  "defaultForms": [
    ""
  ],
  "forms": [
    {
      "name": "",
      "experienceGroup": "MEDIUM_SLOW",
      "dimensions": {
        "height": 2.6,
        "width": 1.6,
        "length": 1,
        "eyeHeight": 2.6,
        "hoverHeight": 2.6
      },
      "moves": {
        "levelUpMoves": [
          {
            "level": 0,
            "attacks": [
              "Leaf Tornado",
              "Razor Leaf",
              "Sleep Powder",
              "Spit Up",
              "Stockpile",
              "Swallow",
              "Sweet Scent",
              "Vine Whip"
            ]
          },
          {
            "level": 32,
            "attacks": [
              "Leaf Storm"
            ]
          },
          {
            "level": 44,
            "attacks": [
              "Leaf Blade"
            ]
          }
        ],
        "tutorMoves": [
          "Bind",
          "Gastro Acid",
          "Giga Drain",
          "Knock Off",
          "Seed Bomb",
          "Snore",
          "Synthesis",
          "Worry Seed"
        ],
        "eggMoves": [
          "Acid Spray",
          "Belch",
          "Bullet Seed",
          "Clear Smog",
          "Encore",
          "Giga Drain",
          "Ingrain",
          "Leech Life",
          "Magical Leaf",
          "Natural Gift",
          "Power Whip",
          "Strength Sap",
          "Synthesis",
          "Tickle",
          "Weather Ball",
          "Worry Seed"
        ],
        "tmMoves8": [],
        "trMoves": [],
        "hmMoves": [],
        "transferMoves": [
          "Bide",
          "Body Slam",
          "Bug Bite",
          "Captivate",
          "Curse",
          "Cut",
          "Double-Edge",
          "Endure",
          "Flash",
          "Mimic",
          "Morning Sun",
          "Rage",
          "Secret Power",
          "Take Down",
          "Teeter Dance"
        ],
        "tmMoves7": [
          "Toxic",
          "Venoshock",
          "Hidden Power",
          "Sunny Day",
          "Hyper Beam",
          "Protect",
          "Frustration",
          "Solar Beam",
          "Return",
          "Double Team",
          "Reflect",
          "Sludge Bomb",
          "Facade",
          "Rest",
          "Attract",
          "Thief",
          "Round",
          "Energy Ball",
          "Giga Impact",
          "Swords Dance",
          "Infestation",
          "Poison Jab",
          "Grass Knot",
          "Swagger",
          "Sleep Talk",
          "Substitute",
          "Nature Power",
          "Confide"
        ],
        "tmMoves6": [
          "Toxic",
          "Venoshock",
          "Hidden Power",
          "Sunny Day",
          "Hyper Beam",
          "Protect",
          "Frustration",
          "Solar Beam",
          "Return",
          "Double Team",
          "Reflect",
          "Sludge Bomb",
          "Facade",
          "Rest",
          "Attract",
          "Thief",
          "Round",
          "Energy Ball",
          "Giga Impact",
          "Flash",
          "Swords Dance",
          "Infestation",
          "Grass Knot",
          "Swagger",
          "Sleep Talk",
          "Substitute",
          "Secret Power",
          "Nature Power",
          "Confide"
        ],
        "tmMoves5": [
          "Toxic",
          "Venoshock",
          "Hidden Power",
          "Sunny Day",
          "Hyper Beam",
          "Protect",
          "Frustration",
          "Solar Beam",
          "Return",
          "Double Team",
          "Reflect",
          "Sludge Bomb",
          "Facade",
          "Rest",
          "Attract",
          "Thief",
          "Round",
          "Energy Ball",
          "Giga Impact",
          "Flash",
          "Swords Dance",
          "Grass Knot",
          "Swagger",
          "Substitute"
        ],
        "tmMoves4": [
          "Toxic",
          "Bullet Seed",
          "Hidden Power",
          "Sunny Day",
          "Hyper Beam",
          "Protect",
          "Giga Drain",
          "Frustration",
          "Solar Beam",
          "Return",
          "Double Team",
          "Sludge Bomb",
          "Facade",
          "Secret Power",
          "Rest",
          "Attract",
          "Thief",
          "Energy Ball",
          "Endure",
          "Giga Impact",
          "Flash",
          "Swords Dance",
          "Captivate",
          "Sleep Talk",
          "Natural Gift",
          "Grass Knot",
          "Swagger",
          "Substitute"
        ],
        "tmMoves3": [
          "Toxic",
          "Bullet Seed",
          "Hidden Power",
          "Sunny Day",
          "Hyper Beam",
          "Protect",
          "Giga Drain",
          "Frustration",
          "Solar Beam",
          "Return",
          "Double Team",
          "Sludge Bomb",
          "Facade",
          "Secret Power",
          "Rest",
          "Attract",
          "Thief"
        ],
        "tmMoves2": [
          "Curse",
          "Toxic",
          "Hidden Power",
          "Sunny Day",
          "Sweet Scent",
          "Snore",
          "Hyper Beam",
          "Protect",
          "Giga Drain",
          "Endure",
          "Frustration",
          "Solar Beam",
          "Return",
          "Double Team",
          "Swagger",
          "Sleep Talk",
          "Sludge Bomb",
          "Rest",
          "Attract"
        ],
        "tmMoves1": [
          "Swords Dance",
          "Toxic",
          "Body Slam",
          "Take Down",
          "Double-Edge",
          "Hyper Beam",
          "Rage",
          "Mega Drain",
          "Solar Beam",
          "Mimic",
          "Double Team",
          "Reflect",
          "Bide",
          "Rest",
          "Substitute"
        ],
        "tmMoves": []
      },
      "abilities": {
        "abilities": [
          "Chlorophyll"
        ],
        "hiddenAbilities": [
          "Gluttony"
        ]
      },
      "movement": {
        "rideable": true,
        "canFly": false,
        "canSurf": false,
        "canRideShoulder": false,
        "ridingOffsets": {
          "standing": {
            "x": 0.0,
            "y": -0.2,
            "z": -0.2
          },
          "moving": {
            "x": 0.0,
            "y": -0.2,
            "z": -0.2
          }
        }
      },
      "aggression": {
        "timid": 80,
        "passive": 0,
        "aggressive": 20
      },
      "battleStats": {
        "hp": 80,
        "attack": 105,
        "defense": 65,
        "specialAttack": 100,
        "specialDefense": 70,
        "speed": 70
      },
      "tags": [],
      "spawn": {
        "baseExp": 191,
        "baseFriendship": 70,
        "spawnLevel": 30,
        "spawnLevelRange": 20,
        "spawnLocations": [
          "LAND"
        ]
      },
      "possibleGenders": [
        "MALE",
        "FEMALE"
      ],
      "genderProperties": [
        {
          "gender": "ALL",
          "palettes": [
            {
              "name": "none",
              "texture": "pixelmon:pokemon/071_victreebel/all/base/none/texture.png",
              "sprite": "pixelmon:pokemon/071_victreebel/all/base/none/sprite.png",
              "particle": "",
              "modelLocator": {
                "factoryType": "NORMAL",
                "pqc": [
                  "pixelmon:pokemon/071_victreebel/all/base/none/model.pqc"
                ]
              },
              "sounds": [
                "pixelmon.mob.victreebel"
              ]
            },
            {
              "name": "shiny",
              "texture": "pixelmon:pokemon/071_victreebel/all/base/shiny/texture.png",
              "sprite": "pixelmon:pokemon/071_victreebel/all/base/shiny/sprite.png",
              "particle": "arcanery:shiny"
            },
            {
              "name": "pink",
              "texture": "pixelmon:pokemon/071_victreebel/all/base/pink/texture.png",
              "sprite": "pixelmon:pokemon/071_victreebel/all/base/pink/sprite.png",
              "particle": ""
            },
            {
              "name": "valencian",
              "texture": "pixelmon:pokemon/071_victreebel/all/base/valencian/texture.png",
              "sprite": "pixelmon:pokemon/071_victreebel/all/base/valencian/sprite.png",
              "particle": ""
            },
			{
              "name": "autumn",
              "texture": "pixelmon:pokemon/071_victreebel/all/base/custom-autumn/texture.png",
              "sprite": "pixelmon:pokemon/071_victreebel/all/base/custom-autumn/sprite.png",
              "particle": ""
            },
			{
              "name": "corrupt",
              "texture": "pixelmon:pokemon/071_victreebel/all/base/custom-corrupt/texture.png",
              "sprite": "pixelmon:pokemon/071_victreebel/all/base/custom-corrupt/sprite.png",
              "particle": ""
            },
			{
              "name": "rainbow",
              "texture": "pixelmon:pokemon/071_victreebel/all/base/custom-rainbow/texture.png",
              "sprite": "pixelmon:pokemon/071_victreebel/all/base/custom-rainbow/sprite.png",
              "particle": ""
            },
			{
              "name": "rgb",
              "texture": "pixelmon:pokemon/071_victreebel/all/base/custom-rgb/texture.png",
              "sprite": "pixelmon:pokemon/071_victreebel/all/base/custom-rgb/sprite.png",
              "particle": ""
            },
			{
              "name": "shadow",
              "texture": "pixelmon:pokemon/071_victreebel/all/base/custom-shadow/texture.png",
              "sprite": "pixelmon:pokemon/071_victreebel/all/base/custom-shadow/sprite.png",
              "particle": ""
            },
			{
              "name": "spring",
              "texture": "pixelmon:pokemon/071_victreebel/all/base/custom-spring/texture.png",
              "sprite": "pixelmon:pokemon/071_victreebel/all/base/custom-spring/sprite.png",
              "particle": ""
            }
          ]
        }
      ],
      "eggGroups": [
        "GRASS"
      ],
      "types": [
        "GRASS",
        "POISON"
      ],
      "preEvolutions": [
        "Weepinbell",
        "Bellsprout"
      ],
      "defaultBaseForm": "",
      "megaItems": [],
      "megas": [],
      "gigantamax": {
        "canHaveFactor": false,
        "canGigantamax": false
      },
      "eggCycles": 21,
      "weight": 15.5,
      "catchRate": 45,
      "malePercentage": 0,
      "evolutions": [],
      "evYields": {
        "attack": 3
      }
    }
  ],
  "generation": 1
}
