{
  "name": "Tentacool",
  "dex": 72,
  "defaultForms": [
    ""
  ],
  "forms": [
    {
      "name": "",
      "experienceGroup": "SLOW",
      "dimensions": {
        "height": 0.9,
        "width": 0.8,
        "length": 1,
        "eyeHeight": 0.9,
        "hoverHeight": 0.9
      },
      "moves": {
        "levelUpMoves": [
          {
            "level": 0,
            "attacks": [
              "Poison Sting",
              "Water Gun"
            ]
          },
          {
            "level": 4,
            "attacks": [
              "Acid"
            ]
          },
          {
            "level": 8,
            "attacks": [
              "Wrap"
            ]
          },
          {
            "level": 12,
            "attacks": [
              "Supersonic"
            ]
          },
          {
            "level": 16,
            "attacks": [
              "Water Pulse"
            ]
          },
          {
            "level": 20,
            "attacks": [
              "Screech"
            ]
          },
          {
            "level": 24,
            "attacks": [
              "Bubble Beam"
            ]
          },
          {
            "level": 28,
            "attacks": [
              "Hex"
            ]
          },
          {
            "level": 32,
            "attacks": [
              "Acid Armor"
            ]
          },
          {
            "level": 36,
            "attacks": [
              "Poison Jab"
            ]
          },
          {
            "level": 40,
            "attacks": [
              "Surf"
            ]
          },
          {
            "level": 44,
            "attacks": [
              "Sludge Wave"
            ]
          },
          {
            "level": 48,
            "attacks": [
              "Hydro Pump"
            ]
          }
        ],
        "tutorMoves": [],
        "eggMoves": [
          "Acupressure",
          "Aqua Ring",
          "Aurora Beam",
          "Confuse Ray",
          "Haze",
          "Knock Off",
          "Mirror Coat",
          "Rapid Spin",
          "Tickle"
        ],
        "tmMoves8": [
          "Screech",
          "Safeguard",
          "Rest",
          "Thief",
          "Snore",
          "Protect",
          "Icy Wind",
          "Giga Drain",
          "Attract",
          "Rain Dance",
          "Hail",
          "Whirlpool",
          "Facade",
          "Dive",
          "Brine",
          "Payback",
          "Cross Poison",
          "Venoshock",
          "Round",
          "Hex",
          "Brutal Swing"
        ],
        "trMoves": [
          "Swords Dance",
          "Hydro Pump",
          "Surf",
          "Ice Beam",
          "Blizzard",
          "Waterfall",
          "Substitute",
          "Sludge Bomb",
          "Endure",
          "Sleep Talk",
          "Muddy Water",
          "Toxic Spikes",
          "Poison Jab",
          "Sludge Wave",
          "Scald",
          "Dazzling Gleam"
        ],
        "hmMoves": [],
        "transferMoves": [
          "Acid Spray",
          "Barrier",
          "Bide",
          "Bind",
          "Bubble",
          "Captivate",
          "Confide",
          "Constrict",
          "Curse",
          "Cut",
          "Double Team",
          "Double-Edge",
          "Frustration",
          "Headbutt",
          "Hidden Power",
          "Infestation",
          "Magic Coat",
          "Mega Drain",
          "Mimic",
          "Natural Gift",
          "Rage",
          "Reflect",
          "Return",
          "Secret Power",
          "Skull Bash",
          "Swagger",
          "Take Down",
          "Toxic",
          "Wring Out"
        ],
        "tmMoves7": [
          "Toxic",
          "Hail",
          "Venoshock",
          "Hidden Power",
          "Ice Beam",
          "Blizzard",
          "Protect",
          "Rain Dance",
          "Safeguard",
          "Frustration",
          "Return",
          "Double Team",
          "Sludge Wave",
          "Sludge Bomb",
          "Facade",
          "Rest",
          "Attract",
          "Thief",
          "Round",
          "Scald",
          "Payback",
          "Swords Dance",
          "Infestation",
          "Poison Jab",
          "Swagger",
          "Sleep Talk",
          "Substitute",
          "Surf",
          "Waterfall",
          "Dazzling Gleam",
          "Confide"
        ],
        "tmMoves6": [
          "Toxic",
          "Hail",
          "Venoshock",
          "Hidden Power",
          "Ice Beam",
          "Blizzard",
          "Protect",
          "Rain Dance",
          "Safeguard",
          "Frustration",
          "Return",
          "Double Team",
          "Sludge Wave",
          "Sludge Bomb",
          "Facade",
          "Rest",
          "Attract",
          "Thief",
          "Round",
          "Scald",
          "Payback",
          "Swords Dance",
          "Infestation",
          "Poison Jab",
          "Swagger",
          "Sleep Talk",
          "Substitute",
          "Secret Power",
          "Dazzling Gleam",
          "Confide"
        ],
        "tmMoves5": [
          "Toxic",
          "Hail",
          "Venoshock",
          "Hidden Power",
          "Ice Beam",
          "Blizzard",
          "Protect",
          "Rain Dance",
          "Safeguard",
          "Frustration",
          "Return",
          "Double Team",
          "Sludge Wave",
          "Sludge Bomb",
          "Facade",
          "Rest",
          "Attract",
          "Thief",
          "Round",
          "Scald",
          "Payback",
          "Swords Dance",
          "Poison Jab",
          "Swagger",
          "Substitute"
        ],
        "tmMoves4": [
          "Water Pulse",
          "Toxic",
          "Hail",
          "Hidden Power",
          "Ice Beam",
          "Blizzard",
          "Protect",
          "Rain Dance",
          "Giga Drain",
          "Frustration",
          "Return",
          "Double Team",
          "Sludge Bomb",
          "Facade",
          "Secret Power",
          "Rest",
          "Attract",
          "Thief",
          "Brine",
          "Endure",
          "Payback",
          "Swords Dance",
          "Captivate",
          "Sleep Talk",
          "Natural Gift",
          "Poison Jab",
          "Swagger",
          "Substitute"
        ],
        "tmMoves3": [
          "Water Pulse",
          "Toxic",
          "Hail",
          "Hidden Power",
          "Ice Beam",
          "Blizzard",
          "Protect",
          "Rain Dance",
          "Giga Drain",
          "Frustration",
          "Return",
          "Double Team",
          "Sludge Bomb",
          "Facade",
          "Secret Power",
          "Rest",
          "Attract",
          "Thief"
        ],
        "tmMoves2": [
          "Curse",
          "Toxic",
          "Hidden Power",
          "Snore",
          "Blizzard",
          "Icy Wind",
          "Protect",
          "Rain Dance",
          "Giga Drain",
          "Endure",
          "Frustration",
          "Return",
          "Double Team",
          "Swagger",
          "Sleep Talk",
          "Sludge Bomb",
          "Rest",
          "Attract"
        ],
        "tmMoves1": [
          "Swords Dance",
          "Toxic",
          "Take Down",
          "Double-Edge",
          "Bubble Beam",
          "Water Gun",
          "Ice Beam",
          "Blizzard",
          "Rage",
          "Mega Drain",
          "Mimic",
          "Double Team",
          "Reflect",
          "Bide",
          "Skull Bash",
          "Rest",
          "Substitute"
        ],
        "tmMoves": []
      },
      "abilities": {
        "abilities": [
          "ClearBody",
          "LiquidOoze"
        ],
        "hiddenAbilities": [
          "RainDish"
        ]
      },
      "movement": {
        "rideable": false,
        "canFly": false,
        "canSurf": true,
        "canRideShoulder": false,
        "swimmingParameters": {
          "depthRangeStart": 3,
          "depthRangeEnd": 7,
          "swimSpeed": 2,
          "decayRate": 0.95,
          "refreshRate": 200
        }
      },
      "aggression": {
        "timid": 80,
        "passive": 0,
        "aggressive": 20
      },
      "battleStats": {
        "hp": 40,
        "attack": 40,
        "defense": 35,
        "specialAttack": 50,
        "specialDefense": 100,
        "speed": 70
      },
      "tags": [],
      "spawn": {
        "baseExp": 105,
        "baseFriendship": 70,
        "spawnLevel": 8,
        "spawnLevelRange": 22,
        "spawnLocations": [
          "WATER"
        ]
      },
      "possibleGenders": [
        "MALE",
        "FEMALE"
      ],
      "genderProperties": [
        {
          "gender": "ALL",
          "palettes": [
            {
              "name": "none",
              "texture": "pixelmon:pokemon/072_tentacool/all/base/none/texture.png",
              "sprite": "pixelmon:pokemon/072_tentacool/all/base/none/sprite.png",
              "particle": "",
              "modelLocator": {
                "factoryType": "NORMAL",
                "pqc": [
                  "pixelmon:pokemon/072_tentacool/all/base/none/model.pqc"
                ]
              },
              "sounds": [
                "pixelmon.mob.tentacool"
              ]
            },
            {
              "name": "shiny",
              "texture": "pixelmon:pokemon/072_tentacool/all/base/shiny/texture.png",
              "sprite": "pixelmon:pokemon/072_tentacool/all/base/shiny/sprite.png",
              "particle": "arcanery:shiny"
            },
			{
              "name": "gooper blooper",
              "texture": "pixelmon:pokemon/072_tentacool/all/base/custom-gooperblooper/texture.png",
              "sprite": "pixelmon:pokemon/072_tentacool/all/base/custom-gooperblooper/sprite.png",
              "particle": ""
            },
			{
              "name": "halloween",
              "texture": "pixelmon:pokemon/072_tentacool/all/base/custom-halloween/texture.png",
              "sprite": "pixelmon:pokemon/072_tentacool/all/base/custom-halloween/sprite.png",
              "particle": ""
            },
			{
              "name": "vapor",
              "texture": "pixelmon:pokemon/072_tentacool/all/base/custom-vapor/texture.png",
              "sprite": "pixelmon:pokemon/072_tentacool/all/base/custom-vapor/sprite.png",
              "particle": ""
            }
          ]
        }
      ],
      "eggGroups": [
        "WATER_THREE"
      ],
      "types": [
        "WATER",
        "POISON"
      ],
      "preEvolutions": [],
      "defaultBaseForm": "",
      "megaItems": [],
      "megas": [],
      "gigantamax": {
        "canHaveFactor": false,
        "canGigantamax": false
      },
      "eggCycles": 21,
      "weight": 45.5,
      "catchRate": 190,
      "malePercentage": 0,
      "evolutions": [
        {
          "level": 30,
          "to": "Tentacruel",
          "conditions": [],
          "evoType": "leveling"
        }
      ],
      "evYields": {
        "specialDefense": 1
      }
    }
  ],
  "generation": 1
}
