{
  "name": "Tentacruel",
  "dex": 73,
  "defaultForms": [
    ""
  ],
  "forms": [
    {
      "name": "",
      "experienceGroup": "SLOW",
      "dimensions": {
        "height": 1.8,
        "width": 1.0,
        "length": 1,
        "eyeHeight": 1.8,
        "hoverHeight": 1.8
      },
      "moves": {
        "levelUpMoves": [
          {
            "level": 0,
            "attacks": [
              "Acid",
              "Poison Sting",
              "Reflect Type",
              "Water Gun",
              "Wrap"
            ]
          },
          {
            "level": 12,
            "attacks": [
              "Supersonic"
            ]
          },
          {
            "level": 16,
            "attacks": [
              "Water Pulse"
            ]
          },
          {
            "level": 20,
            "attacks": [
              "Screech"
            ]
          },
          {
            "level": 24,
            "attacks": [
              "Bubble Beam"
            ]
          },
          {
            "level": 28,
            "attacks": [
              "Hex"
            ]
          },
          {
            "level": 34,
            "attacks": [
              "Acid Armor"
            ]
          },
          {
            "level": 40,
            "attacks": [
              "Poison Jab"
            ]
          },
          {
            "level": 46,
            "attacks": [
              "Surf"
            ]
          },
          {
            "level": 52,
            "attacks": [
              "Sludge Wave"
            ]
          },
          {
            "level": 58,
            "attacks": [
              "Hydro Pump"
            ]
          }
        ],
        "tutorMoves": [
          "Corrosive Gas"
        ],
        "eggMoves": [
          "Acupressure",
          "Aqua Ring",
          "Aurora Beam",
          "Confuse Ray",
          "Haze",
          "Knock Off",
          "Mirror Coat",
          "Rapid Spin",
          "Tickle"
        ],
        "tmMoves8": [
          "Hyper Beam",
          "Giga Impact",
          "Screech",
          "Safeguard",
          "Rest",
          "Thief",
          "Snore",
          "Protect",
          "Icy Wind",
          "Giga Drain",
          "Attract",
          "Rain Dance",
          "Hail",
          "Whirlpool",
          "Facade",
          "Dive",
          "Brine",
          "Payback",
          "Cross Poison",
          "Venoshock",
          "Round",
          "Hex",
          "Brutal Swing"
        ],
        "trMoves": [
          "Swords Dance",
          "Hydro Pump",
          "Surf",
          "Ice Beam",
          "Blizzard",
          "Waterfall",
          "Substitute",
          "Sludge Bomb",
          "Endure",
          "Sleep Talk",
          "Muddy Water",
          "Toxic Spikes",
          "Poison Jab",
          "Sludge Wave",
          "Scald",
          "Venom Drench",
          "Dazzling Gleam"
        ],
        "hmMoves": [],
        "transferMoves": [
          "Acid Spray",
          "Barrier",
          "Bide",
          "Bind",
          "Bubble",
          "Captivate",
          "Confide",
          "Constrict",
          "Curse",
          "Cut",
          "Double Team",
          "Double-Edge",
          "Frustration",
          "Headbutt",
          "Hidden Power",
          "Infestation",
          "Magic Coat",
          "Mega Drain",
          "Mimic",
          "Natural Gift",
          "Rage",
          "Reflect",
          "Return",
          "Secret Power",
          "Skull Bash",
          "Swagger",
          "Take Down",
          "Toxic",
          "Wring Out"
        ],
        "tmMoves7": [
          "Toxic",
          "Hail",
          "Venoshock",
          "Hidden Power",
          "Ice Beam",
          "Blizzard",
          "Hyper Beam",
          "Protect",
          "Rain Dance",
          "Safeguard",
          "Frustration",
          "Return",
          "Double Team",
          "Sludge Wave",
          "Sludge Bomb",
          "Facade",
          "Rest",
          "Attract",
          "Thief",
          "Round",
          "Scald",
          "Payback",
          "Giga Impact",
          "Swords Dance",
          "Infestation",
          "Poison Jab",
          "Swagger",
          "Sleep Talk",
          "Substitute",
          "Surf",
          "Waterfall",
          "Dazzling Gleam",
          "Confide"
        ],
        "tmMoves6": [
          "Toxic",
          "Hail",
          "Venoshock",
          "Hidden Power",
          "Ice Beam",
          "Blizzard",
          "Hyper Beam",
          "Protect",
          "Rain Dance",
          "Safeguard",
          "Frustration",
          "Return",
          "Double Team",
          "Sludge Wave",
          "Sludge Bomb",
          "Facade",
          "Rest",
          "Attract",
          "Thief",
          "Round",
          "Scald",
          "Payback",
          "Giga Impact",
          "Swords Dance",
          "Infestation",
          "Poison Jab",
          "Swagger",
          "Sleep Talk",
          "Substitute",
          "Secret Power",
          "Dazzling Gleam",
          "Confide"
        ],
        "tmMoves5": [
          "Toxic",
          "Hail",
          "Venoshock",
          "Hidden Power",
          "Ice Beam",
          "Blizzard",
          "Hyper Beam",
          "Protect",
          "Rain Dance",
          "Safeguard",
          "Frustration",
          "Return",
          "Double Team",
          "Sludge Wave",
          "Sludge Bomb",
          "Facade",
          "Rest",
          "Attract",
          "Thief",
          "Round",
          "Scald",
          "Payback",
          "Giga Impact",
          "Swords Dance",
          "Poison Jab",
          "Swagger",
          "Substitute"
        ],
        "tmMoves4": [
          "Water Pulse",
          "Toxic",
          "Hail",
          "Hidden Power",
          "Ice Beam",
          "Blizzard",
          "Hyper Beam",
          "Protect",
          "Rain Dance",
          "Giga Drain",
          "Frustration",
          "Return",
          "Double Team",
          "Sludge Bomb",
          "Facade",
          "Secret Power",
          "Rest",
          "Attract",
          "Thief",
          "Brine",
          "Endure",
          "Payback",
          "Giga Impact",
          "Swords Dance",
          "Captivate",
          "Sleep Talk",
          "Natural Gift",
          "Poison Jab",
          "Swagger",
          "Substitute"
        ],
        "tmMoves3": [
          "Water Pulse",
          "Toxic",
          "Hail",
          "Hidden Power",
          "Ice Beam",
          "Blizzard",
          "Hyper Beam",
          "Protect",
          "Rain Dance",
          "Giga Drain",
          "Frustration",
          "Return",
          "Double Team",
          "Sludge Bomb",
          "Facade",
          "Secret Power",
          "Rest",
          "Attract",
          "Thief"
        ],
        "tmMoves2": [
          "Curse",
          "Toxic",
          "Hidden Power",
          "Snore",
          "Blizzard",
          "Hyper Beam",
          "Icy Wind",
          "Protect",
          "Rain Dance",
          "Giga Drain",
          "Endure",
          "Frustration",
          "Return",
          "Double Team",
          "Swagger",
          "Sleep Talk",
          "Sludge Bomb",
          "Rest",
          "Attract"
        ],
        "tmMoves1": [
          "Swords Dance",
          "Toxic",
          "Take Down",
          "Double-Edge",
          "Bubble Beam",
          "Water Gun",
          "Ice Beam",
          "Blizzard",
          "Hyper Beam",
          "Rage",
          "Mega Drain",
          "Mimic",
          "Double Team",
          "Reflect",
          "Bide",
          "Skull Bash",
          "Rest",
          "Substitute"
        ],
        "tmMoves": []
      },
      "abilities": {
        "abilities": [
          "ClearBody",
          "LiquidOoze"
        ],
        "hiddenAbilities": [
          "RainDish"
        ]
      },
      "movement": {
        "rideable": true,
        "canFly": false,
        "canSurf": true,
        "canRideShoulder": false,
        "ridingOffsets": {
          "standing": {
            "x": 0.0,
            "y": 0.0,
            "z": 0.0
          },
          "moving": {
            "x": 0.0,
            "y": 0.0,
            "z": 0.0
          }
        },
        "swimmingParameters": {
          "depthRangeStart": 3,
          "depthRangeEnd": 7,
          "swimSpeed": 2,
          "decayRate": 0.95,
          "refreshRate": 200
        }
      },
      "aggression": {
        "timid": 80,
        "passive": 0,
        "aggressive": 20
      },
      "battleStats": {
        "hp": 80,
        "attack": 70,
        "defense": 65,
        "specialAttack": 80,
        "specialDefense": 120,
        "speed": 100
      },
      "tags": [],
      "spawn": {
        "baseExp": 205,
        "baseFriendship": 70,
        "spawnLevel": 30,
        "spawnLevelRange": 20,
        "spawnLocations": [
          "WATER"
        ]
      },
      "possibleGenders": [
        "MALE",
        "FEMALE"
      ],
      "genderProperties": [
        {
          "gender": "ALL",
          "palettes": [
            {
              "name": "none",
              "texture": "pixelmon:pokemon/073_tentacruel/all/base/none/texture.png",
              "sprite": "pixelmon:pokemon/073_tentacruel/all/base/none/sprite.png",
              "particle": "",
              "modelLocator": {
                "factoryType": "NORMAL",
                "pqc": [
                  "pixelmon:pokemon/073_tentacruel/all/base/none/model.pqc"
                ]
              },
              "sounds": [
                "pixelmon.mob.tentacruel"
              ]
            },
            {
              "name": "shiny",
              "texture": "pixelmon:pokemon/073_tentacruel/all/base/shiny/texture.png",
              "sprite": "pixelmon:pokemon/073_tentacruel/all/base/shiny/sprite.png",
              "particle": "arcanery:shiny"
            },
            {
              "name": "drowned",
              "texture": "pixelmon:pokemon/073_tentacruel/all/base/drowned/texture.png",
              "sprite": "pixelmon:pokemon/073_tentacruel/all/base/drowned/sprite.png",
              "particle": ""
            },
			{
              "name": "cosplay",
              "texture": "pixelmon:pokemon/073_tentacruel/all/base/custom-cosplay/texture.png",
              "sprite": "pixelmon:pokemon/073_tentacruel/all/base/custom-cosplay/sprite.png",
              "particle": ""
            },
			{
              "name": "gold",
              "texture": "pixelmon:pokemon/073_tentacruel/all/base/custom-gold/texture.png",
              "sprite": "pixelmon:pokemon/073_tentacruel/all/base/custom-gold/sprite.png",
              "particle": ""
            },
			{
              "name": "gooper blooper",
              "texture": "pixelmon:pokemon/073_tentacruel/all/base/custom-gooperblooper/texture.png",
              "sprite": "pixelmon:pokemon/073_tentacruel/all/base/custom-gooperblooper/sprite.png",
              "particle": ""
            },
			{
              "name": "halloween",
              "texture": "pixelmon:pokemon/073_tentacruel/all/base/custom-halloween/texture.png",
              "sprite": "pixelmon:pokemon/073_tentacruel/all/base/custom-halloween/sprite.png",
              "particle": ""
            },
			{
              "name": "prismatic",
              "texture": "pixelmon:pokemon/073_tentacruel/all/base/custom-prismatic/texture.png",
              "sprite": "pixelmon:pokemon/073_tentacruel/all/base/custom-prismatic/sprite.png",
              "particle": ""
            },
			{
              "name": "rainbow",
              "texture": "pixelmon:pokemon/073_tentacruel/all/base/custom-rainbow/texture.png",
              "sprite": "pixelmon:pokemon/073_tentacruel/all/base/custom-rainbow/sprite.png",
              "particle": ""
            },
			{
              "name": "vapor",
              "texture": "pixelmon:pokemon/073_tentacruel/all/base/custom-vapor/texture.png",
              "sprite": "pixelmon:pokemon/073_tentacruel/all/base/custom-vapor/sprite.png",
              "particle": ""
            }
          ]
        }
      ],
      "eggGroups": [
        "WATER_THREE"
      ],
      "types": [
        "WATER",
        "POISON"
      ],
      "preEvolutions": [
        "Tentacool"
      ],
      "defaultBaseForm": "",
      "megaItems": [],
      "megas": [],
      "gigantamax": {
        "canHaveFactor": false,
        "canGigantamax": false
      },
      "eggCycles": 21,
      "weight": 55.0,
      "catchRate": 60,
      "malePercentage": 0,
      "evolutions": [],
      "evYields": {
        "specialDefense": 2
      }
    }
  ],
  "generation": 1
}
