{
  "name": "Graveler",
  "dex": 75,
  "defaultForms": [
    ""
  ],
  "forms": [
    {
      "name": "",
      "experienceGroup": "MEDIUM_SLOW",
      "dimensions": {
        "height": 0.9,
        "width": 1.1,
        "length": 1,
        "eyeHeight": 0.9,
        "hoverHeight": 0.9
      },
      "moves": {
        "levelUpMoves": [
          {
            "level": 0,
            "attacks": [
              "Defense Curl",
              "Mud Sport",
              "Rock Polish",
              "Tackle"
            ]
          },
          {
            "level": 4,
            "attacks": [
              "Mud Sport"
            ]
          },
          {
            "level": 6,
            "attacks": [
              "Rock Polish"
            ]
          },
          {
            "level": 10,
            "attacks": [
              "Rollout"
            ]
          },
          {
            "level": 12,
            "attacks": [
              "Magnitude"
            ]
          },
          {
            "level": 16,
            "attacks": [
              "Rock Throw"
            ]
          },
          {
            "level": 18,
            "attacks": [
              "Smack Down"
            ]
          },
          {
            "level": 22,
            "attacks": [
              "Bulldoze"
            ]
          },
          {
            "level": 24,
            "attacks": [
              "Self-Destruct"
            ]
          },
          {
            "level": 30,
            "attacks": [
              "Stealth Rock"
            ]
          },
          {
            "level": 34,
            "attacks": [
              "Rock Blast"
            ]
          },
          {
            "level": 40,
            "attacks": [
              "Earthquake"
            ]
          },
          {
            "level": 44,
            "attacks": [
              "Explosion"
            ]
          },
          {
            "level": 50,
            "attacks": [
              "Double-Edge"
            ]
          },
          {
            "level": 54,
            "attacks": [
              "Stone Edge"
            ]
          }
        ],
        "tutorMoves": [
          "Block",
          "Earth Power",
          "Fire Punch",
          "Focus Punch",
          "Iron Defense",
          "Snore",
          "Stealth Rock",
          "Stomping Tantrum",
          "Superpower",
          "Thunder Punch"
        ],
        "eggMoves": [
          "Autotomize",
          "Block",
          "Curse",
          "Endure",
          "Flail",
          "Focus Punch",
          "Hammer Arm",
          "Mega Punch",
          "Rock Climb",
          "Wide Guard"
        ],
        "tmMoves8": [],
        "trMoves": [],
        "hmMoves": [],
        "transferMoves": [
          "Ancient Power",
          "Body Slam",
          "Captivate",
          "Counter",
          "Dynamic Punch",
          "Fissure",
          "Harden",
          "Incinerate",
          "Metronome",
          "Mimic",
          "Mud-Slap",
          "Natural Gift",
          "Power-Up Punch",
          "Rage",
          "Rock Smash",
          "Secret Power",
          "Strength",
          "Submission",
          "Sucker Punch"
        ],
        "tmMoves7": [
          "Toxic",
          "Hidden Power",
          "Sunny Day",
          "Protect",
          "Frustration",
          "Smack Down",
          "Earthquake",
          "Return",
          "Brick Break",
          "Double Team",
          "Flamethrower",
          "Sandstorm",
          "Fire Blast",
          "Rock Tomb",
          "Facade",
          "Rest",
          "Attract",
          "Round",
          "Fling",
          "Explosion",
          "Rock Polish",
          "Stone Edge",
          "Gyro Ball",
          "Bulldoze",
          "Rock Slide",
          "Swagger",
          "Sleep Talk",
          "Substitute",
          "Nature Power",
          "Confide"
        ],
        "tmMoves6": [
          "Toxic",
          "Hidden Power",
          "Sunny Day",
          "Protect",
          "Frustration",
          "Smack Down",
          "Earthquake",
          "Return",
          "Dig",
          "Brick Break",
          "Double Team",
          "Flamethrower",
          "Sandstorm",
          "Fire Blast",
          "Rock Tomb",
          "Facade",
          "Rest",
          "Attract",
          "Round",
          "Fling",
          "Incinerate",
          "Explosion",
          "Rock Polish",
          "Stone Edge",
          "Gyro Ball",
          "Bulldoze",
          "Rock Slide",
          "Swagger",
          "Sleep Talk",
          "Substitute",
          "Secret Power",
          "Nature Power",
          "Power-Up Punch",
          "Confide"
        ],
        "tmMoves5": [
          "Toxic",
          "Hidden Power",
          "Sunny Day",
          "Protect",
          "Frustration",
          "Smack Down",
          "Earthquake",
          "Return",
          "Dig",
          "Brick Break",
          "Double Team",
          "Flamethrower",
          "Sandstorm",
          "Fire Blast",
          "Rock Tomb",
          "Facade",
          "Rest",
          "Attract",
          "Round",
          "Fling",
          "Incinerate",
          "Explosion",
          "Rock Polish",
          "Stone Edge",
          "Gyro Ball",
          "Bulldoze",
          "Rock Slide",
          "Swagger",
          "Substitute",
          "Rock Smash"
        ],
        "tmMoves4": [
          "Focus Punch",
          "Toxic",
          "Hidden Power",
          "Sunny Day",
          "Protect",
          "Frustration",
          "Earthquake",
          "Return",
          "Dig",
          "Brick Break",
          "Double Team",
          "Flamethrower",
          "Sandstorm",
          "Fire Blast",
          "Rock Tomb",
          "Facade",
          "Secret Power",
          "Rest",
          "Attract",
          "Fling",
          "Endure",
          "Explosion",
          "Rock Polish",
          "Stone Edge",
          "Gyro Ball",
          "Stealth Rock",
          "Captivate",
          "Rock Slide",
          "Sleep Talk",
          "Natural Gift",
          "Swagger",
          "Substitute"
        ],
        "tmMoves3": [
          "Focus Punch",
          "Toxic",
          "Hidden Power",
          "Sunny Day",
          "Protect",
          "Frustration",
          "Earthquake",
          "Return",
          "Dig",
          "Brick Break",
          "Double Team",
          "Flamethrower",
          "Sandstorm",
          "Fire Blast",
          "Rock Tomb",
          "Facade",
          "Secret Power",
          "Rest",
          "Attract"
        ],
        "tmMoves2": [
          "Dynamic Punch",
          "Headbutt",
          "Curse",
          "Rollout",
          "Toxic",
          "Rock Smash",
          "Hidden Power",
          "Sunny Day",
          "Snore",
          "Protect",
          "Endure",
          "Frustration",
          "Earthquake",
          "Return",
          "Dig",
          "Mud-Slap",
          "Double Team",
          "Swagger",
          "Sleep Talk",
          "Sandstorm",
          "Fire Blast",
          "Defense Curl",
          "Rest",
          "Attract",
          "Fire Punch"
        ],
        "tmMoves1": [
          "Mega Punch",
          "Toxic",
          "Body Slam",
          "Take Down",
          "Double-Edge",
          "Submission",
          "Counter",
          "Seismic Toss",
          "Rage",
          "Earthquake",
          "Fissure",
          "Dig",
          "Mimic",
          "Double Team",
          "Bide",
          "Metronome",
          "Self-Destruct",
          "Fire Blast",
          "Rest",
          "Explosion",
          "Rock Slide",
          "Substitute"
        ],
        "tmMoves": []
      },
      "abilities": {
        "abilities": [
          "RockHead",
          "Sturdy"
        ],
        "hiddenAbilities": [
          "SandVeil"
        ]
      },
      "movement": {
        "rideable": true,
        "canFly": false,
        "canSurf": false,
        "canRideShoulder": false,
        "ridingOffsets": {
          "standing": {
            "x": 0.0,
            "y": -0.75,
            "z": -0.2
          },
          "moving": {
            "x": 0.0,
            "y": -0.75,
            "z": -0.2
          }
        }
      },
      "aggression": {
        "timid": 80,
        "passive": 0,
        "aggressive": 20
      },
      "battleStats": {
        "hp": 55,
        "attack": 95,
        "defense": 115,
        "specialAttack": 45,
        "specialDefense": 45,
        "speed": 35
      },
      "tags": [],
      "spawn": {
        "baseExp": 134,
        "baseFriendship": 70,
        "spawnLevel": 25,
        "spawnLevelRange": 11,
        "spawnLocations": [
          "LAND",
          "UNDERGROUND"
        ]
      },
      "possibleGenders": [
        "MALE",
        "FEMALE"
      ],
      "genderProperties": [
        {
          "gender": "ALL",
          "palettes": [
            {
              "name": "none",
              "texture": "pixelmon:pokemon/075_graveler/all/base/none/texture.png",
              "sprite": "pixelmon:pokemon/075_graveler/all/base/none/sprite.png",
              "particle": "",
              "modelLocator": {
                "factoryType": "NORMAL",
                "pqc": [
                  "pixelmon:pokemon/075_graveler/all/base/none/model.pqc"
                ]
              },
              "sounds": [
                "pixelmon.mob.graveler"
              ]
            },
            {
              "name": "shiny",
              "texture": "pixelmon:pokemon/075_graveler/all/base/shiny/texture.png",
              "sprite": "pixelmon:pokemon/075_graveler/all/base/shiny/sprite.png",
              "particle": "arcanery:shiny"
            },
			{
              "name": "gemstone 1",
              "texture": "pixelmon:pokemon/075_graveler/all/base/custom-gemstone1/texture.png",
              "sprite": "pixelmon:pokemon/075_graveler/all/base/custom-gemstone1/sprite.png",
              "particle": ""
            },
			{
              "name": "gemstone 2",
              "texture": "pixelmon:pokemon/075_graveler/all/base/custom-gemstone2/texture.png",
              "sprite": "pixelmon:pokemon/075_graveler/all/base/custom-gemstone2/sprite.png",
              "particle": ""
            },
			{
              "name": "glass",
              "texture": "pixelmon:pokemon/075_graveler/all/base/custom-glass/texture.png",
              "sprite": "pixelmon:pokemon/075_graveler/all/base/custom-glass/sprite.png",
              "particle": ""
            },
			{
              "name": "toy",
              "texture": "pixelmon:pokemon/075_graveler/all/base/custom-toy/texture.png",
              "sprite": "pixelmon:pokemon/075_graveler/all/base/custom-toy/sprite.png",
              "particle": ""
            },
			{
              "name": "winter 1",
              "texture": "pixelmon:pokemon/075_graveler/all/base/custom-winter1/texture.png",
              "sprite": "pixelmon:pokemon/075_graveler/all/base/custom-winter1/sprite.png",
              "particle": ""
            },
			{
              "name": "winter 2",
              "texture": "pixelmon:pokemon/075_graveler/all/base/custom-winter2/texture.png",
              "sprite": "pixelmon:pokemon/075_graveler/all/base/custom-winter2/sprite.png",
              "particle": ""
            }
          ]
        }
      ],
      "eggGroups": [
        "MINERAL"
      ],
      "types": [
        "ROCK",
        "GROUND"
      ],
      "preEvolutions": [
        "Geodude"
      ],
      "defaultBaseForm": "",
      "megaItems": [],
      "megas": [],
      "gigantamax": {
        "canHaveFactor": false,
        "canGigantamax": false
      },
      "eggCycles": 16,
      "weight": 105.0,
      "catchRate": 120,
      "malePercentage": 0,
      "evolutions": [
        {
          "to": "Golem form:base",
          "conditions": [],
          "evoType": "trade"
        },
        {
          "item": {
            "itemID": "pixelmon:linking_cord"
          },
          "to": "Golem form:base",
          "evoType": "interact"
        }
      ],
      "evYields": {
        "defense": 2
      }
    },
    {
      "name": "alolan",
      "moves": {
        "levelUpMoves": [
          {
            "level": 0,
            "attacks": [
              "Charge",
              "Defense Curl",
              "Rock Polish",
              "Tackle"
            ]
          },
          {
            "level": 4,
            "attacks": [
              "Charge"
            ]
          },
          {
            "level": 6,
            "attacks": [
              "Rock Polish"
            ]
          },
          {
            "level": 10,
            "attacks": [
              "Rollout"
            ]
          },
          {
            "level": 12,
            "attacks": [
              "Spark"
            ]
          },
          {
            "level": 16,
            "attacks": [
              "Rock Throw"
            ]
          },
          {
            "level": 18,
            "attacks": [
              "Smack Down"
            ]
          },
          {
            "level": 22,
            "attacks": [
              "Thunder Punch"
            ]
          },
          {
            "level": 24,
            "attacks": [
              "Self-Destruct"
            ]
          },
          {
            "level": 30,
            "attacks": [
              "Stealth Rock"
            ]
          },
          {
            "level": 34,
            "attacks": [
              "Rock Blast"
            ]
          },
          {
            "level": 40,
            "attacks": [
              "Discharge"
            ]
          },
          {
            "level": 44,
            "attacks": [
              "Explosion"
            ]
          },
          {
            "level": 50,
            "attacks": [
              "Double-Edge"
            ]
          },
          {
            "level": 54,
            "attacks": [
              "Stone Edge"
            ]
          }
        ],
        "tutorMoves": [
          "Ally Switch",
          "Block",
          "Earth Power",
          "Electroweb",
          "Fire Punch",
          "Focus Punch",
          "Iron Defense",
          "Magnet Rise",
          "Shock Wave",
          "Snore",
          "Stealth Rock",
          "Stomping Tantrum",
          "Superpower",
          "Thunder Punch"
        ],
        "eggMoves": [
          "Autotomize",
          "Block",
          "Counter",
          "Curse",
          "Endure",
          "Flail",
          "Magnet Rise",
          "Rock Climb",
          "Screech",
          "Wide Guard"
        ],
        "tmMoves8": [],
        "trMoves": [],
        "hmMoves": [],
        "transferMoves": [],
        "tmMoves7": [
          "Toxic",
          "Hidden Power",
          "Sunny Day",
          "Protect",
          "Frustration",
          "Smack Down",
          "Thunderbolt",
          "Thunder",
          "Earthquake",
          "Return",
          "Brick Break",
          "Double Team",
          "Flamethrower",
          "Sandstorm",
          "Fire Blast",
          "Rock Tomb",
          "Facade",
          "Rest",
          "Attract",
          "Round",
          "Fling",
          "Charge Beam",
          "Brutal Swing",
          "Explosion",
          "Rock Polish",
          "Stone Edge",
          "Volt Switch",
          "Gyro Ball",
          "Bulldoze",
          "Rock Slide",
          "Swagger",
          "Sleep Talk",
          "Substitute",
          "Nature Power",
          "Confide"
        ],
        "tmMoves6": [],
        "tmMoves5": [],
        "tmMoves4": [],
        "tmMoves3": [],
        "tmMoves2": [],
        "tmMoves1": [],
        "tmMoves": []
      },
      "abilities": {
        "abilities": [
          "MagnetPull",
          "Sturdy"
        ],
        "hiddenAbilities": [
          "Galvanize"
        ]
      },
      "tags": [
        "alolan"
      ],
      "types": [
        "ROCK",
        "ELECTRIC"
      ],
      "genderProperties": [
        {
          "gender": "ALL",
          "palettes": [
            {
              "name": "none",
              "texture": "pixelmon:pokemon/075_graveler/all/alolan/none/texture.png",
              "sprite": "pixelmon:pokemon/075_graveler/all/alolan/none/sprite.png",
              "particle": "",
              "modelLocator": {
                "factoryType": "NORMAL",
                "pqc": [
                  "pixelmon:pokemon/075_graveler/all/alolan/none/model.pqc"
                ]
              }
            },
            {
              "name": "shiny",
              "texture": "pixelmon:pokemon/075_graveler/all/alolan/shiny/texture.png",
              "sprite": "pixelmon:pokemon/075_graveler/all/alolan/shiny/sprite.png",
              "particle": "arcanery:shiny"
            }
          ]
        }
      ],
      "evolutions": [
        {
          "to": "Golem form:alolan",
          "evoType": "trade"
        },
        {
          "item": {
            "itemID": "pixelmon:linking_cord"
          },
          "to": "Golem form:alolan",
          "evoType": "interact"
        }
      ]
    }
  ],
  "generation": 1
}
