{
  "name": "Golem",
  "dex": 76,
  "defaultForms": [
    ""
  ],
  "forms": [
    {
      "name": "",
      "experienceGroup": "MEDIUM_SLOW",
      "dimensions": {
        "height": 1.0,
        "width": 1.0,
        "length": 1,
        "eyeHeight": 1.0,
        "hoverHeight": 1.0
      },
      "moves": {
        "levelUpMoves": [
          {
            "level": 0,
            "attacks": [
              "Defense Curl",
              "Heavy Slam",
              "Mud Sport",
              "Rock Polish",
              "Tackle"
            ]
          },
          {
            "level": 4,
            "attacks": [
              "Mud Sport"
            ]
          },
          {
            "level": 6,
            "attacks": [
              "Rock Polish"
            ]
          },
          {
            "level": 10,
            "attacks": [
              "Steamroller"
            ]
          },
          {
            "level": 12,
            "attacks": [
              "Magnitude"
            ]
          },
          {
            "level": 16,
            "attacks": [
              "Rock Throw"
            ]
          },
          {
            "level": 18,
            "attacks": [
              "Smack Down"
            ]
          },
          {
            "level": 22,
            "attacks": [
              "Bulldoze"
            ]
          },
          {
            "level": 24,
            "attacks": [
              "Self-Destruct"
            ]
          },
          {
            "level": 30,
            "attacks": [
              "Stealth Rock"
            ]
          },
          {
            "level": 34,
            "attacks": [
              "Rock Blast"
            ]
          },
          {
            "level": 40,
            "attacks": [
              "Earthquake"
            ]
          },
          {
            "level": 44,
            "attacks": [
              "Explosion"
            ]
          },
          {
            "level": 50,
            "attacks": [
              "Double-Edge"
            ]
          },
          {
            "level": 54,
            "attacks": [
              "Stone Edge"
            ]
          },
          {
            "level": 60,
            "attacks": [
              "Heavy Slam"
            ]
          }
        ],
        "tutorMoves": [
          "Block",
          "Earth Power",
          "Fire Punch",
          "Focus Punch",
          "Iron Defense",
          "Iron Head",
          "Snore",
          "Stealth Rock",
          "Stomping Tantrum",
          "Superpower",
          "Thunder Punch"
        ],
        "eggMoves": [
          "Autotomize",
          "Block",
          "Curse",
          "Endure",
          "Flail",
          "Focus Punch",
          "Hammer Arm",
          "Mega Punch",
          "Rock Climb",
          "Wide Guard"
        ],
        "tmMoves8": [],
        "trMoves": [],
        "hmMoves": [],
        "transferMoves": [
          "Ancient Power",
          "Body Slam",
          "Captivate",
          "Counter",
          "Dynamic Punch",
          "Fissure",
          "Fury Cutter",
          "Harden",
          "Incinerate",
          "Mega Kick",
          "Metronome",
          "Mimic",
          "Mud-Slap",
          "Natural Gift",
          "Power-Up Punch",
          "Rage",
          "Rock Smash",
          "Secret Power",
          "Strength",
          "Submission",
          "Sucker Punch"
        ],
        "tmMoves7": [
          "Roar",
          "Toxic",
          "Hidden Power",
          "Sunny Day",
          "Hyper Beam",
          "Protect",
          "Frustration",
          "Smack Down",
          "Earthquake",
          "Return",
          "Brick Break",
          "Double Team",
          "Flamethrower",
          "Sandstorm",
          "Fire Blast",
          "Rock Tomb",
          "Facade",
          "Rest",
          "Attract",
          "Round",
          "Focus Blast",
          "Fling",
          "Explosion",
          "Giga Impact",
          "Rock Polish",
          "Stone Edge",
          "Gyro Ball",
          "Bulldoze",
          "Rock Slide",
          "Swagger",
          "Sleep Talk",
          "Substitute",
          "Nature Power",
          "Confide"
        ],
        "tmMoves6": [
          "Roar",
          "Toxic",
          "Hidden Power",
          "Sunny Day",
          "Hyper Beam",
          "Protect",
          "Frustration",
          "Smack Down",
          "Earthquake",
          "Return",
          "Dig",
          "Brick Break",
          "Double Team",
          "Flamethrower",
          "Sandstorm",
          "Fire Blast",
          "Rock Tomb",
          "Facade",
          "Rest",
          "Attract",
          "Round",
          "Focus Blast",
          "Fling",
          "Incinerate",
          "Explosion",
          "Giga Impact",
          "Rock Polish",
          "Stone Edge",
          "Gyro Ball",
          "Bulldoze",
          "Rock Slide",
          "Swagger",
          "Sleep Talk",
          "Substitute",
          "Secret Power",
          "Nature Power",
          "Power-Up Punch",
          "Confide"
        ],
        "tmMoves5": [
          "Roar",
          "Toxic",
          "Hidden Power",
          "Sunny Day",
          "Hyper Beam",
          "Protect",
          "Frustration",
          "Smack Down",
          "Earthquake",
          "Return",
          "Dig",
          "Brick Break",
          "Double Team",
          "Flamethrower",
          "Sandstorm",
          "Fire Blast",
          "Rock Tomb",
          "Facade",
          "Rest",
          "Attract",
          "Round",
          "Focus Blast",
          "Fling",
          "Incinerate",
          "Explosion",
          "Giga Impact",
          "Rock Polish",
          "Stone Edge",
          "Gyro Ball",
          "Bulldoze",
          "Rock Slide",
          "Swagger",
          "Substitute",
          "Rock Smash"
        ],
        "tmMoves4": [
          "Focus Punch",
          "Roar",
          "Toxic",
          "Hidden Power",
          "Sunny Day",
          "Hyper Beam",
          "Protect",
          "Frustration",
          "Earthquake",
          "Return",
          "Dig",
          "Brick Break",
          "Double Team",
          "Flamethrower",
          "Sandstorm",
          "Fire Blast",
          "Rock Tomb",
          "Facade",
          "Secret Power",
          "Rest",
          "Attract",
          "Focus Blast",
          "Fling",
          "Endure",
          "Explosion",
          "Giga Impact",
          "Rock Polish",
          "Stone Edge",
          "Gyro Ball",
          "Stealth Rock",
          "Captivate",
          "Rock Slide",
          "Sleep Talk",
          "Natural Gift",
          "Swagger",
          "Substitute"
        ],
        "tmMoves3": [
          "Focus Punch",
          "Roar",
          "Toxic",
          "Hidden Power",
          "Sunny Day",
          "Hyper Beam",
          "Protect",
          "Frustration",
          "Earthquake",
          "Return",
          "Dig",
          "Brick Break",
          "Double Team",
          "Flamethrower",
          "Sandstorm",
          "Fire Blast",
          "Rock Tomb",
          "Facade",
          "Secret Power",
          "Rest",
          "Attract"
        ],
        "tmMoves2": [
          "Dynamic Punch",
          "Headbutt",
          "Curse",
          "Rollout",
          "Roar",
          "Toxic",
          "Rock Smash",
          "Hidden Power",
          "Sunny Day",
          "Snore",
          "Hyper Beam",
          "Protect",
          "Endure",
          "Frustration",
          "Earthquake",
          "Return",
          "Dig",
          "Mud-Slap",
          "Double Team",
          "Swagger",
          "Sleep Talk",
          "Sandstorm",
          "Fire Blast",
          "Defense Curl",
          "Rest",
          "Attract",
          "Fire Punch",
          "Fury Cutter"
        ],
        "tmMoves1": [
          "Mega Punch",
          "Mega Kick",
          "Toxic",
          "Body Slam",
          "Take Down",
          "Double-Edge",
          "Hyper Beam",
          "Submission",
          "Counter",
          "Seismic Toss",
          "Rage",
          "Earthquake",
          "Fissure",
          "Dig",
          "Mimic",
          "Double Team",
          "Bide",
          "Metronome",
          "Self-Destruct",
          "Fire Blast",
          "Rest",
          "Explosion",
          "Rock Slide",
          "Substitute"
        ],
        "tmMoves": []
      },
      "abilities": {
        "abilities": [
          "RockHead",
          "Sturdy"
        ],
        "hiddenAbilities": [
          "SandVeil"
        ]
      },
      "movement": {
        "rideable": true,
        "canFly": false,
        "canSurf": false,
        "canRideShoulder": false,
        "ridingOffsets": {
          "standing": {
            "x": 0.0,
            "y": -0.9,
            "z": -0.25
          },
          "moving": {
            "x": 0,
            "y": 0,
            "z": 0
          }
        }
      },
      "aggression": {
        "timid": 80,
        "passive": 0,
        "aggressive": 20
      },
      "battleStats": {
        "hp": 80,
        "attack": 120,
        "defense": 130,
        "specialAttack": 55,
        "specialDefense": 65,
        "speed": 45
      },
      "tags": [],
      "spawn": {
        "baseExp": 177,
        "baseFriendship": 70,
        "spawnLevel": 35,
        "spawnLevelRange": 15,
        "spawnLocations": [
          "LAND",
          "UNDERGROUND"
        ]
      },
      "possibleGenders": [
        "MALE",
        "FEMALE"
      ],
      "genderProperties": [
        {
          "gender": "ALL",
          "palettes": [
            {
              "name": "none",
              "texture": "pixelmon:pokemon/076_golem/all/base/none/texture.png",
              "sprite": "pixelmon:pokemon/076_golem/all/base/none/sprite.png",
              "particle": "",
              "modelLocator": {
                "factoryType": "NORMAL",
                "pqc": [
                  "pixelmon:pokemon/076_golem/all/base/none/model.pqc"
                ]
              },
              "sounds": [
                "pixelmon.mob.golem",
                "pixelmon.mob.golem",
                "pixelmon.mob.golem"
              ]
            },
            {
              "name": "shiny",
              "texture": "pixelmon:pokemon/076_golem/all/base/shiny/texture.png",
              "sprite": "pixelmon:pokemon/076_golem/all/base/shiny/sprite.png",
              "particle": "arcanery:shiny"
            },
			{
              "name": "athletic",
              "texture": "pixelmon:pokemon/076_golem/all/base/custom-athletic/texture.png",
              "sprite": "pixelmon:pokemon/076_golem/all/base/custom-athletic/sprite.png",
              "particle": ""
            },
			{
              "name": "festive",
              "texture": "pixelmon:pokemon/076_golem/all/base/custom-festive/texture.png",
              "sprite": "pixelmon:pokemon/076_golem/all/base/custom-festive/sprite.png",
              "particle": ""
            },
			{
              "name": "gemstone 1",
              "texture": "pixelmon:pokemon/076_golem/all/base/custom-gemstone1/texture.png",
              "sprite": "pixelmon:pokemon/076_golem/all/base/custom-gemstone1/sprite.png",
              "particle": ""
            },
			{
              "name": "gemstone 2",
              "texture": "pixelmon:pokemon/076_golem/all/base/custom-gemstone2/texture.png",
              "sprite": "pixelmon:pokemon/076_golem/all/base/custom-gemstone2/sprite.png",
              "particle": ""
            },
			{
              "name": "glass",
              "texture": "pixelmon:pokemon/076_golem/all/base/custom-glass/texture.png",
              "sprite": "pixelmon:pokemon/076_golem/all/base/custom-glass/sprite.png",
              "particle": ""
            },
			{
              "name": "molten",
              "texture": "pixelmon:pokemon/076_golem/all/base/custom-molten/texture.png",
              "sprite": "pixelmon:pokemon/076_golem/all/base/custom-molten/sprite.png",
              "particle": ""
            },
			{
              "name": "terra",
              "texture": "pixelmon:pokemon/076_golem/all/base/custom-terra/texture.png",
              "sprite": "pixelmon:pokemon/076_golem/all/base/custom-terra/sprite.png",
              "particle": ""
            },
			{
              "name": "winter 1",
              "texture": "pixelmon:pokemon/076_golem/all/base/custom-winter1/texture.png",
              "sprite": "pixelmon:pokemon/076_golem/all/base/custom-winter1/sprite.png",
              "particle": ""
            },
			{
              "name": "winter 2",
              "texture": "pixelmon:pokemon/076_golem/all/base/custom-winter2/texture.png",
              "sprite": "pixelmon:pokemon/076_golem/all/base/custom-winter2/sprite.png",
              "particle": ""
            }
          ]
        }
      ],
      "eggGroups": [
        "MINERAL"
      ],
      "types": [
        "ROCK",
        "GROUND"
      ],
      "preEvolutions": [
        "Graveler",
        "Geodude"
      ],
      "defaultBaseForm": "",
      "megaItems": [],
      "megas": [],
      "gigantamax": {
        "canHaveFactor": false,
        "canGigantamax": false
      },
      "eggCycles": 16,
      "weight": 300.0,
      "catchRate": 45,
      "malePercentage": 0,
      "evolutions": [],
      "evYields": {
        "defense": 3
      }
    },
    {
      "name": "alolan",
      "moves": {
        "levelUpMoves": [
          {
            "level": 0,
            "attacks": [
              "Charge",
              "Defense Curl",
              "Heavy Slam",
              "Rock Polish",
              "Tackle"
            ]
          },
          {
            "level": 4,
            "attacks": [
              "Charge"
            ]
          },
          {
            "level": 6,
            "attacks": [
              "Rock Polish"
            ]
          },
          {
            "level": 10,
            "attacks": [
              "Steamroller"
            ]
          },
          {
            "level": 12,
            "attacks": [
              "Spark"
            ]
          },
          {
            "level": 16,
            "attacks": [
              "Rock Throw"
            ]
          },
          {
            "level": 18,
            "attacks": [
              "Smack Down"
            ]
          },
          {
            "level": 22,
            "attacks": [
              "Thunder Punch"
            ]
          },
          {
            "level": 24,
            "attacks": [
              "Self-Destruct"
            ]
          },
          {
            "level": 30,
            "attacks": [
              "Stealth Rock"
            ]
          },
          {
            "level": 34,
            "attacks": [
              "Rock Blast"
            ]
          },
          {
            "level": 40,
            "attacks": [
              "Discharge"
            ]
          },
          {
            "level": 44,
            "attacks": [
              "Explosion"
            ]
          },
          {
            "level": 50,
            "attacks": [
              "Double-Edge"
            ]
          },
          {
            "level": 54,
            "attacks": [
              "Stone Edge"
            ]
          },
          {
            "level": 60,
            "attacks": [
              "Heavy Slam"
            ]
          }
        ],
        "tutorMoves": [
          "Ally Switch",
          "Block",
          "Earth Power",
          "Electroweb",
          "Fire Punch",
          "Focus Punch",
          "Iron Defense",
          "Iron Head",
          "Magnet Rise",
          "Shock Wave",
          "Snore",
          "Stealth Rock",
          "Stomping Tantrum",
          "Superpower",
          "Thunder Punch"
        ],
        "eggMoves": [
          "Autotomize",
          "Block",
          "Counter",
          "Curse",
          "Endure",
          "Flail",
          "Magnet Rise",
          "Rock Climb",
          "Screech",
          "Wide Guard"
        ],
        "tmMoves8": [],
        "trMoves": [],
        "hmMoves": [],
        "transferMoves": [],
        "tmMoves7": [
          "Roar",
          "Toxic",
          "Hidden Power",
          "Sunny Day",
          "Hyper Beam",
          "Protect",
          "Frustration",
          "Smack Down",
          "Thunderbolt",
          "Thunder",
          "Earthquake",
          "Return",
          "Brick Break",
          "Double Team",
          "Flamethrower",
          "Sandstorm",
          "Fire Blast",
          "Rock Tomb",
          "Facade",
          "Rest",
          "Attract",
          "Round",
          "Echoed Voice",
          "Focus Blast",
          "Fling",
          "Charge Beam",
          "Brutal Swing",
          "Explosion",
          "Giga Impact",
          "Rock Polish",
          "Stone Edge",
          "Volt Switch",
          "Gyro Ball",
          "Bulldoze",
          "Rock Slide",
          "Swagger",
          "Sleep Talk",
          "Substitute",
          "Wild Charge",
          "Nature Power",
          "Confide"
        ],
        "tmMoves6": [],
        "tmMoves5": [],
        "tmMoves4": [],
        "tmMoves3": [],
        "tmMoves2": [],
        "tmMoves1": [],
        "tmMoves": []
      },
      "abilities": {
        "abilities": [
          "MagnetPull",
          "Sturdy"
        ],
        "hiddenAbilities": [
          "Galvanize"
        ]
      },
      "tags": [
        "alolan"
      ],
      "types": [
        "ROCK",
        "ELECTRIC"
      ],
      "preEvolutions": [
        "Graveler",
        "Geodude"
      ],
      "genderProperties": [
        {
          "gender": "ALL",
          "palettes": [
            {
              "name": "none",
              "texture": "pixelmon:pokemon/076_golem/all/alolan/none/texture.png",
              "sprite": "pixelmon:pokemon/076_golem/all/alolan/none/sprite.png",
              "particle": "",
              "modelLocator": {
                "factoryType": "NORMAL",
                "pqc": [
                  "pixelmon:pokemon/076_golem/all/alolan/none/model.pqc"
                ]
              }
            },
            {
              "name": "shiny",
              "texture": "pixelmon:pokemon/076_golem/all/alolan/shiny/texture.png",
              "sprite": "pixelmon:pokemon/076_golem/all/alolan/shiny/sprite.png",
              "particle": "arcanery:shiny"
            },
			{
              "name": "arctic",
              "texture": "pixelmon:pokemon/076_golem/all/alolan/custom-arctic/texture.png",
              "sprite": "pixelmon:pokemon/076_golem/all/alolan/custom-arctic/sprite.png",
              "particle": ""
            },
			{
              "name": "steampunk",
              "texture": "pixelmon:pokemon/076_golem/all/alolan/custom-steampunk/texture.png",
              "sprite": "pixelmon:pokemon/076_golem/all/alolan/custom-steampunk/sprite.png",
              "particle": ""
            }
          ]
        }
      ]
    }
  ],
  "generation": 1
}
