{
  "name": "Ponyta",
  "dex": 77,
  "defaultForms": [
    ""
  ],
  "forms": [
    {
      "name": "",
      "experienceGroup": "MEDIUM_FAST",
      "dimensions": {
        "height": 1.4,
        "width": 1.0,
        "length": 1,
        "eyeHeight": 1.4,
        "hoverHeight": 1.4
      },
      "moves": {
        "levelUpMoves": [
          {
            "level": 0,
            "attacks": [
              "Growl",
              "Tackle"
            ]
          },
          {
            "level": 5,
            "attacks": [
              "Tail Whip"
            ]
          },
          {
            "level": 10,
            "attacks": [
              "Ember"
            ]
          },
          {
            "level": 15,
            "attacks": [
              "Flame Charge"
            ]
          },
          {
            "level": 20,
            "attacks": [
              "Agility"
            ]
          },
          {
            "level": 25,
            "attacks": [
              "Flame Wheel"
            ]
          },
          {
            "level": 30,
            "attacks": [
              "Stomp"
            ]
          },
          {
            "level": 35,
            "attacks": [
              "Fire Spin"
            ]
          },
          {
            "level": 41,
            "attacks": [
              "Take Down"
            ]
          },
          {
            "level": 45,
            "attacks": [
              "Inferno"
            ]
          },
          {
            "level": 50,
            "attacks": [
              "Fire Blast"
            ]
          },
          {
            "level": 55,
            "attacks": [
              "Flare Blitz"
            ]
          }
        ],
        "tutorMoves": [],
        "eggMoves": [
          "Double Kick",
          "Double-Edge",
          "Horn Drill",
          "Hypnosis",
          "Morning Sun",
          "Thrash"
        ],
        "tmMoves8": [
          "Solar Beam",
          "Solar Blade",
          "Fire Spin",
          "Rest",
          "Snore",
          "Protect",
          "Charm",
          "Attract",
          "Sunny Day",
          "Will-O-Wisp",
          "Facade",
          "Swift",
          "Bounce",
          "Round",
          "Mystical Fire"
        ],
        "trMoves": [
          "Body Slam",
          "Flamethrower",
          "Low Kick",
          "Agility",
          "Fire Blast",
          "Substitute",
          "Endure",
          "Sleep Talk",
          "Iron Tail",
          "Heat Wave",
          "Overheat",
          "Flare Blitz",
          "Ally Switch",
          "Wild Charge",
          "Play Rough",
          "High Horsepower"
        ],
        "hmMoves": [],
        "transferMoves": [
          "Bide",
          "Captivate",
          "Confide",
          "Curse",
          "Double Team",
          "Echoed Voice",
          "Frustration",
          "Headbutt",
          "Hidden Power",
          "Incinerate",
          "Mimic",
          "Natural Gift",
          "Quick Attack",
          "Rage",
          "Reflect",
          "Return",
          "Secret Power",
          "Skull Bash",
          "Strength",
          "Swagger",
          "Toxic"
        ],
        "tmMoves7": [
          "Toxic",
          "Hidden Power",
          "Sunny Day",
          "Protect",
          "Frustration",
          "Solar Beam",
          "Return",
          "Double Team",
          "Flamethrower",
          "Fire Blast",
          "Facade",
          "Flame Charge",
          "Rest",
          "Attract",
          "Round",
          "Echoed Voice",
          "Overheat",
          "Will-O-Wisp",
          "Swagger",
          "Sleep Talk",
          "Substitute",
          "Wild Charge",
          "Confide"
        ],
        "tmMoves6": [
          "Toxic",
          "Hidden Power",
          "Sunny Day",
          "Protect",
          "Frustration",
          "Solar Beam",
          "Return",
          "Double Team",
          "Flamethrower",
          "Fire Blast",
          "Facade",
          "Flame Charge",
          "Rest",
          "Attract",
          "Round",
          "Echoed Voice",
          "Overheat",
          "Incinerate",
          "Will-O-Wisp",
          "Swagger",
          "Sleep Talk",
          "Substitute",
          "Wild Charge",
          "Secret Power",
          "Confide"
        ],
        "tmMoves5": [
          "Toxic",
          "Hidden Power",
          "Sunny Day",
          "Protect",
          "Frustration",
          "Solar Beam",
          "Return",
          "Double Team",
          "Flamethrower",
          "Fire Blast",
          "Facade",
          "Flame Charge",
          "Rest",
          "Attract",
          "Round",
          "Echoed Voice",
          "Overheat",
          "Incinerate",
          "Will-O-Wisp",
          "Swagger",
          "Substitute",
          "Wild Charge"
        ],
        "tmMoves4": [
          "Toxic",
          "Hidden Power",
          "Sunny Day",
          "Protect",
          "Frustration",
          "Solar Beam",
          "Iron Tail",
          "Return",
          "Double Team",
          "Flamethrower",
          "Fire Blast",
          "Facade",
          "Secret Power",
          "Rest",
          "Attract",
          "Overheat",
          "Endure",
          "Will-O-Wisp",
          "Captivate",
          "Sleep Talk",
          "Natural Gift",
          "Swagger",
          "Substitute"
        ],
        "tmMoves3": [
          "Toxic",
          "Hidden Power",
          "Sunny Day",
          "Protect",
          "Frustration",
          "Solar Beam",
          "Iron Tail",
          "Return",
          "Double Team",
          "Flamethrower",
          "Fire Blast",
          "Facade",
          "Secret Power",
          "Rest",
          "Attract",
          "Overheat"
        ],
        "tmMoves2": [
          "Headbutt",
          "Curse",
          "Toxic",
          "Hidden Power",
          "Sunny Day",
          "Snore",
          "Protect",
          "Endure",
          "Frustration",
          "Iron Tail",
          "Return",
          "Double Team",
          "Swagger",
          "Sleep Talk",
          "Fire Blast",
          "Swift",
          "Rest",
          "Attract"
        ],
        "tmMoves1": [
          "Toxic",
          "Horn Drill",
          "Body Slam",
          "Take Down",
          "Double-Edge",
          "Rage",
          "Mimic",
          "Double Team",
          "Reflect",
          "Bide",
          "Fire Blast",
          "Swift",
          "Skull Bash",
          "Rest",
          "Substitute"
        ],
        "tmMoves": []
      },
      "abilities": {
        "abilities": [
          "RunAway",
          "FlashFire"
        ],
        "hiddenAbilities": [
          "FlameBody"
        ]
      },
      "movement": {
        "rideable": true,
        "canFly": false,
        "canSurf": false,
        "canRideShoulder": false,
        "ridingOffsets": {
          "standing": {
            "x": 0.0,
            "y": -1.2,
            "z": -0.25
          },
          "moving": {
            "x": 0.0,
            "y": -1.2,
            "z": -0.25
          }
        }
      },
      "aggression": {
        "timid": 80,
        "passive": 0,
        "aggressive": 20
      },
      "battleStats": {
        "hp": 50,
        "attack": 85,
        "defense": 55,
        "specialAttack": 65,
        "specialDefense": 65,
        "speed": 90
      },
      "tags": [],
      "spawn": {
        "baseExp": 152,
        "baseFriendship": 70,
        "spawnLevel": 10,
        "spawnLevelRange": 30,
        "spawnLocations": [
          "LAND"
        ]
      },
      "possibleGenders": [
        "MALE",
        "FEMALE"
      ],
      "genderProperties": [
        {
          "gender": "ALL",
          "palettes": [
            {
              "name": "none",
              "texture": "pixelmon:pokemon/077_ponyta/all/base/none/texture.png",
              "sprite": "pixelmon:pokemon/077_ponyta/all/base/none/sprite.png",
              "particle": "",
              "modelLocator": {
                "factoryType": "NORMAL",
                "pqc": [
                  "pixelmon:pokemon/077_ponyta/all/base/none/model.pqc"
                ]
              },
              "sounds": [
                "pixelmon.mob.ponyta"
              ]
            },
            {
              "name": "shiny",
              "texture": "pixelmon:pokemon/077_ponyta/all/base/shiny/texture.png",
              "sprite": "pixelmon:pokemon/077_ponyta/all/base/shiny/sprite.png",
              "particle": "arcanery:shiny"
            },
            {
              "name": "rainbow",
              "texture": "pixelmon:pokemon/077_ponyta/all/base/rainbow/texture.png",
              "sprite": "pixelmon:pokemon/077_ponyta/all/base/rainbow/sprite.png",
              "particle": ""
            },
			{
              "name": "akuma",
              "texture": "pixelmon:pokemon/077_ponyta/all/base/custom-akuma/texture.png",
              "sprite": "pixelmon:pokemon/077_ponyta/all/base/custom-akuma/sprite.png",
              "particle": ""
            },
			{
              "name": "arctic",
              "texture": "pixelmon:pokemon/077_ponyta/all/base/custom-arctic/texture.png",
              "sprite": "pixelmon:pokemon/077_ponyta/all/base/custom-arctic/sprite.png",
              "particle": ""
            },
			{
              "name": "cosmic",
              "texture": "pixelmon:pokemon/077_ponyta/all/base/custom-cosmic/texture.png",
              "sprite": "pixelmon:pokemon/077_ponyta/all/base/custom-cosmic/sprite.png",
              "particle": ""
            },
			{
              "name": "ditto",
              "texture": "pixelmon:pokemon/077_ponyta/all/base/custom-ditto/texture.png",
              "sprite": "pixelmon:pokemon/077_ponyta/all/base/custom-ditto/sprite.png",
              "particle": ""
            },
			{
              "name": "halloween 1",
              "texture": "pixelmon:pokemon/077_ponyta/all/base/custom-halloween1/texture.png",
              "sprite": "pixelmon:pokemon/077_ponyta/all/base/custom-halloween1/sprite.png",
              "particle": ""
            },
			{
              "name": "halloween 2",
              "texture": "pixelmon:pokemon/077_ponyta/all/base/custom-halloween2/texture.png",
              "sprite": "pixelmon:pokemon/077_ponyta/all/base/custom-halloween2/sprite.png",
              "particle": ""
            },
			{
              "name": "halloween 3",
              "texture": "pixelmon:pokemon/077_ponyta/all/base/custom-halloween3/texture.png",
              "sprite": "pixelmon:pokemon/077_ponyta/all/base/custom-halloween3/sprite.png",
              "particle": ""
            },
			{
              "name": "magma",
              "texture": "pixelmon:pokemon/077_ponyta/all/base/custom-magma/texture.png",
              "sprite": "pixelmon:pokemon/077_ponyta/all/base/custom-magma/sprite.png",
              "particle": ""
            },
			{
              "name": "rgb",
              "texture": "pixelmon:pokemon/077_ponyta/all/base/custom-rgb/texture.png",
              "sprite": "pixelmon:pokemon/077_ponyta/all/base/custom-rgb/sprite.png",
              "particle": ""
            },
			{
              "name": "royal",
              "texture": "pixelmon:pokemon/077_ponyta/all/base/custom-royal/texture.png",
              "sprite": "pixelmon:pokemon/077_ponyta/all/base/custom-royal/sprite.png",
              "particle": ""
            },
			{
              "name": "sakura",
              "texture": "pixelmon:pokemon/077_ponyta/all/base/custom-sakura/texture.png",
              "sprite": "pixelmon:pokemon/077_ponyta/all/base/custom-sakura/sprite.png",
              "particle": ""
            },
			{
              "name": "shadow 1",
              "texture": "pixelmon:pokemon/077_ponyta/all/base/custom-shadow1/texture.png",
              "sprite": "pixelmon:pokemon/077_ponyta/all/base/custom-shadow1/sprite.png",
              "particle": ""
            },
			{
              "name": "shadow 2",
              "texture": "pixelmon:pokemon/077_ponyta/all/base/custom-shadow2/texture.png",
              "sprite": "pixelmon:pokemon/077_ponyta/all/base/custom-shadow2/sprite.png",
              "particle": ""
            },
			{
              "name": "valentines",
              "texture": "pixelmon:pokemon/077_ponyta/all/base/custom-val/texture.png",
              "sprite": "pixelmon:pokemon/077_ponyta/all/base/custom-val/sprite.png",
              "particle": ""
            },
			{
              "name": "vapor",
              "texture": "pixelmon:pokemon/077_ponyta/all/base/custom-vapor/texture.png",
              "sprite": "pixelmon:pokemon/077_ponyta/all/base/custom-vapor/sprite.png",
              "particle": ""
            }
          ]
        }
      ],
      "eggGroups": [
        "FIELD"
      ],
      "types": [
        "FIRE"
      ],
      "preEvolutions": [],
      "defaultBaseForm": "",
      "megaItems": [],
      "megas": [],
      "gigantamax": {
        "canHaveFactor": false,
        "canGigantamax": false
      },
      "eggCycles": 21,
      "weight": 30.0,
      "catchRate": 190,
      "malePercentage": 0,
      "evolutions": [
        {
          "level": 40,
          "to": "Rapidash",
          "conditions": [],
          "evoType": "leveling",
          "moves": [
            "Smart Strike"
          ]
        }
      ],
      "evYields": {
        "speed": 1
      }
    },
    {
      "name": "galarian",
      "dimensions": {
        "height": 1.0,
        "width": 1.0,
        "length": 1.0
      },
      "moves": {
        "levelUpMoves": [
          {
            "level": 0,
            "attacks": [
              "Growl",
              "Tackle"
            ]
          },
          {
            "level": 5,
            "attacks": [
              "Tail Whip"
            ]
          },
          {
            "level": 10,
            "attacks": [
              "Confusion"
            ]
          },
          {
            "level": 15,
            "attacks": [
              "Fairy Wind"
            ]
          },
          {
            "level": 20,
            "attacks": [
              "Agility"
            ]
          },
          {
            "level": 25,
            "attacks": [
              "Psybeam"
            ]
          },
          {
            "level": 30,
            "attacks": [
              "Stomp"
            ]
          },
          {
            "level": 35,
            "attacks": [
              "Heal Pulse"
            ]
          },
          {
            "level": 41,
            "attacks": [
              "Take Down"
            ]
          },
          {
            "level": 45,
            "attacks": [
              "Dazzling Gleam"
            ]
          },
          {
            "level": 50,
            "attacks": [
              "Psychic"
            ]
          },
          {
            "level": 55,
            "attacks": [
              "Healing Wish"
            ]
          }
        ],
        "tutorMoves": [
          "Expanding Force"
        ],
        "eggMoves": [
          "Double-Edge",
          "Double Kick",
          "Horn Drill",
          "Hypnosis",
          "Morning Sun",
          "Thrash"
        ],
        "tmMoves8": [
          "Rest",
          "Snore",
          "Protect",
          "Charm",
          "Attract",
          "Facade",
          "Swift",
          "Imprison",
          "Bounce",
          "Round",
          "Mystical Fire"
        ],
        "trMoves": [
          "Body Slam",
          "Low Kick",
          "Psychic",
          "Agility",
          "Substitute",
          "Endure",
          "Sleep Talk",
          "Iron Tail",
          "Future Sight",
          "Calm Mind",
          "Zen Headbutt",
          "Stored Power",
          "Ally Switch",
          "Wild Charge",
          "Play Rough",
          "Dazzling Gleam",
          "High Horsepower"
        ],
        "hmMoves": [],
        "transferMoves": [],
        "tmMoves7": [],
        "tmMoves6": [],
        "tmMoves5": [],
        "tmMoves4": [],
        "tmMoves3": [],
        "tmMoves2": [],
        "tmMoves1": [],
        "tmMoves": []
      },
      "abilities": {
        "abilities": [
          "RunAway",
          "PastelVeil"
        ],
        "hiddenAbilities": [
          "Anticipation"
        ]
      },
      "tags": [
        "galarian"
      ],
      "types": [
        "PSYCHIC"
      ],
      "weight": 24.0,
      "genderProperties": [
        {
          "gender": "ALL",
          "palettes": [
            {
              "name": "none",
              "texture": "pixelmon:pokemon/077_ponyta/all/galarian/none/texture.png",
              "sprite": "pixelmon:pokemon/077_ponyta/all/galarian/none/sprite.png",
              "particle": "",
              "modelLocator": {
                "factoryType": "NORMAL",
                "pqc": [
                  "pixelmon:pokemon/077_ponyta/all/galarian/none/model.pqc"
                ]
              }
            },
            {
              "name": "shiny",
              "texture": "pixelmon:pokemon/077_ponyta/all/galarian/shiny/texture.png",
              "sprite": "pixelmon:pokemon/077_ponyta/all/galarian/shiny/sprite.png",
              "particle": "arcanery:shiny"
            },
			{
              "name": "dark",
              "texture": "pixelmon:pokemon/077_ponyta/all/galarian/custom-dark/texture.png",
              "sprite": "pixelmon:pokemon/077_ponyta/all/galarian/custom-dark/sprite.png",
              "particle": ""
            },
			{
              "name": "ditto",
              "texture": "pixelmon:pokemon/077_ponyta/all/galarian/custom-ditto/texture.png",
              "sprite": "pixelmon:pokemon/077_ponyta/all/galarian/custom-ditto/sprite.png",
              "particle": ""
            },
			{
              "name": "halloween",
              "texture": "pixelmon:pokemon/077_ponyta/all/galarian/custom-halloween/texture.png",
              "sprite": "pixelmon:pokemon/077_ponyta/all/galarian/custom-halloween/sprite.png",
              "particle": ""
            },
			{
              "name": "nippon",
              "texture": "pixelmon:pokemon/077_ponyta/all/galarian/custom-nippon/texture.png",
              "sprite": "pixelmon:pokemon/077_ponyta/all/galarian/custom-nippon/sprite.png",
              "particle": ""
            },
			{
              "name": "winter 1",
              "texture": "pixelmon:pokemon/077_ponyta/all/galarian/custom-winter1/texture.png",
              "sprite": "pixelmon:pokemon/077_ponyta/all/galarian/custom-winter1/sprite.png",
              "particle": ""
            },
			{
              "name": "winter 2",
              "texture": "pixelmon:pokemon/077_ponyta/all/galarian/custom-winter2/texture.png",
              "sprite": "pixelmon:pokemon/077_ponyta/all/galarian/custom-winter2/sprite.png",
              "particle": ""
            }
          ]
        }
      ],
      "evolutions": [
        {
          "level": 40,
          "to": "Rapidash form:galarian",
          "conditions": [],
          "evoType": "leveling",
          "moves": [
            "Psycho Cut"
          ]
        }
      ]
    }
  ],
  "generation": 1
}
