{
  "name": "Rapidash",
  "dex": 78,
  "defaultForms": [
    ""
  ],
  "forms": [
    {
      "name": "",
      "experienceGroup": "MEDIUM_FAST",
      "dimensions": {
        "height": 1.8,
        "width": 1.2,
        "length": 1,
        "eyeHeight": 1.8,
        "hoverHeight": 1.8
      },
      "moves": {
        "levelUpMoves": [
          {
            "level": 0,
            "attacks": [
              "Ember",
              "Growl",
              "Megahorn",
              "Poison Jab",
              "Quick Attack",
              "Smart Strike",
              "Tackle",
              "Tail Whip"
            ]
          },
          {
            "level": 15,
            "attacks": [
              "Flame Charge"
            ]
          },
          {
            "level": 20,
            "attacks": [
              "Agility"
            ]
          },
          {
            "level": 25,
            "attacks": [
              "Flame Wheel"
            ]
          },
          {
            "level": 30,
            "attacks": [
              "Stomp"
            ]
          },
          {
            "level": 35,
            "attacks": [
              "Fire Spin"
            ]
          },
          {
            "level": 43,
            "attacks": [
              "Take Down"
            ]
          },
          {
            "level": 49,
            "attacks": [
              "Inferno"
            ]
          },
          {
            "level": 56,
            "attacks": [
              "Fire Blast"
            ]
          },
          {
            "level": 63,
            "attacks": [
              "Flare Blitz"
            ]
          }
        ],
        "tutorMoves": [
          "Scorching Sands"
        ],
        "eggMoves": [
          "Double Kick",
          "Double-Edge",
          "Horn Drill",
          "Hypnosis",
          "Morning Sun",
          "Thrash"
        ],
        "tmMoves8": [
          "Pay Day",
          "Hyper Beam",
          "Giga Impact",
          "Solar Beam",
          "Solar Blade",
          "Fire Spin",
          "Rest",
          "Snore",
          "Protect",
          "Charm",
          "Attract",
          "Sunny Day",
          "Will-O-Wisp",
          "Facade",
          "Swift",
          "Bounce",
          "Round",
          "Mystical Fire",
          "Smart Strike"
        ],
        "trMoves": [
          "Swords Dance",
          "Body Slam",
          "Flamethrower",
          "Low Kick",
          "Agility",
          "Fire Blast",
          "Substitute",
          "Endure",
          "Sleep Talk",
          "Megahorn",
          "Baton Pass",
          "Iron Tail",
          "Heat Wave",
          "Overheat",
          "Flare Blitz",
          "Poison Jab",
          "Ally Switch",
          "Wild Charge",
          "Drill Run",
          "Play Rough",
          "High Horsepower",
          "Throat Chop"
        ],
        "hmMoves": [],
        "transferMoves": [
          "Bide",
          "Captivate",
          "Confide",
          "Curse",
          "Double Team",
          "Echoed Voice",
          "Frustration",
          "Fury Attack",
          "Headbutt",
          "Hidden Power",
          "Incinerate",
          "Mimic",
          "Natural Gift",
          "Rage",
          "Reflect",
          "Return",
          "Secret Power",
          "Skull Bash",
          "Strength",
          "Swagger",
          "Toxic"
        ],
        "tmMoves7": [
          "Toxic",
          "Hidden Power",
          "Sunny Day",
          "Hyper Beam",
          "Protect",
          "Frustration",
          "Solar Beam",
          "Return",
          "Double Team",
          "Flamethrower",
          "Fire Blast",
          "Facade",
          "Flame Charge",
          "Rest",
          "Attract",
          "Round",
          "Echoed Voice",
          "Overheat",
          "Will-O-Wisp",
          "Smart Strike",
          "Giga Impact",
          "Poison Jab",
          "Swagger",
          "Sleep Talk",
          "Substitute",
          "Wild Charge",
          "Confide"
        ],
        "tmMoves6": [
          "Toxic",
          "Hidden Power",
          "Sunny Day",
          "Hyper Beam",
          "Protect",
          "Frustration",
          "Solar Beam",
          "Return",
          "Double Team",
          "Flamethrower",
          "Fire Blast",
          "Facade",
          "Flame Charge",
          "Rest",
          "Attract",
          "Round",
          "Echoed Voice",
          "Overheat",
          "Incinerate",
          "Will-O-Wisp",
          "Giga Impact",
          "Poison Jab",
          "Swagger",
          "Sleep Talk",
          "Substitute",
          "Wild Charge",
          "Secret Power",
          "Confide"
        ],
        "tmMoves5": [
          "Toxic",
          "Hidden Power",
          "Sunny Day",
          "Hyper Beam",
          "Protect",
          "Frustration",
          "Solar Beam",
          "Return",
          "Double Team",
          "Flamethrower",
          "Fire Blast",
          "Facade",
          "Flame Charge",
          "Rest",
          "Attract",
          "Round",
          "Echoed Voice",
          "Overheat",
          "Incinerate",
          "Will-O-Wisp",
          "Giga Impact",
          "Poison Jab",
          "Swagger",
          "Substitute",
          "Wild Charge"
        ],
        "tmMoves4": [
          "Toxic",
          "Hidden Power",
          "Sunny Day",
          "Hyper Beam",
          "Protect",
          "Frustration",
          "Solar Beam",
          "Iron Tail",
          "Return",
          "Double Team",
          "Flamethrower",
          "Fire Blast",
          "Facade",
          "Secret Power",
          "Rest",
          "Attract",
          "Overheat",
          "Endure",
          "Will-O-Wisp",
          "Giga Impact",
          "Captivate",
          "Sleep Talk",
          "Natural Gift",
          "Poison Jab",
          "Swagger",
          "Substitute"
        ],
        "tmMoves3": [
          "Toxic",
          "Hidden Power",
          "Sunny Day",
          "Hyper Beam",
          "Protect",
          "Frustration",
          "Solar Beam",
          "Iron Tail",
          "Return",
          "Double Team",
          "Flamethrower",
          "Fire Blast",
          "Facade",
          "Secret Power",
          "Rest",
          "Attract",
          "Overheat"
        ],
        "tmMoves2": [
          "Headbutt",
          "Curse",
          "Toxic",
          "Hidden Power",
          "Sunny Day",
          "Snore",
          "Hyper Beam",
          "Protect",
          "Endure",
          "Frustration",
          "Iron Tail",
          "Return",
          "Double Team",
          "Swagger",
          "Sleep Talk",
          "Fire Blast",
          "Swift",
          "Rest",
          "Attract"
        ],
        "tmMoves1": [
          "Toxic",
          "Horn Drill",
          "Body Slam",
          "Take Down",
          "Double-Edge",
          "Hyper Beam",
          "Rage",
          "Mimic",
          "Double Team",
          "Reflect",
          "Bide",
          "Fire Blast",
          "Swift",
          "Skull Bash",
          "Rest",
          "Substitute"
        ],
        "tmMoves": []
      },
      "abilities": {
        "abilities": [
          "RunAway",
          "FlashFire"
        ],
        "hiddenAbilities": [
          "FlameBody"
        ]
      },
      "movement": {
        "rideable": true,
        "canFly": false,
        "canSurf": false,
        "canRideShoulder": false,
        "ridingOffsets": {
          "standing": {
            "x": 0.0,
            "y": -0.83,
            "z": -0.2
          },
          "moving": {
            "x": 0,
            "y": 0,
            "z": 0
          }
        }
      },
      "aggression": {
        "timid": 80,
        "passive": 0,
        "aggressive": 20
      },
      "battleStats": {
        "hp": 65,
        "attack": 100,
        "defense": 70,
        "specialAttack": 80,
        "specialDefense": 80,
        "speed": 105
      },
      "tags": [],
      "spawn": {
        "baseExp": 192,
        "baseFriendship": 70,
        "spawnLevel": 40,
        "spawnLevelRange": 10,
        "spawnLocations": [
          "LAND"
        ]
      },
      "possibleGenders": [
        "MALE",
        "FEMALE"
      ],
      "genderProperties": [
        {
          "gender": "ALL",
          "palettes": [
            {
              "name": "none",
              "texture": "pixelmon:pokemon/078_rapidash/all/base/none/texture.png",
              "sprite": "pixelmon:pokemon/078_rapidash/all/base/none/sprite.png",
              "particle": "",
              "modelLocator": {
                "factoryType": "NORMAL",
                "pqc": [
                  "pixelmon:pokemon/078_rapidash/all/base/none/model.pqc"
                ]
              },
              "sounds": []
            },
            {
              "name": "shiny",
              "texture": "pixelmon:pokemon/078_rapidash/all/base/shiny/texture.png",
              "sprite": "pixelmon:pokemon/078_rapidash/all/base/shiny/sprite.png",
              "particle": "arcanery:shiny"
            },
            {
              "name": "drowned",
              "texture": "pixelmon:pokemon/078_rapidash/all/base/drowned/texture.png",
              "sprite": "pixelmon:pokemon/078_rapidash/all/base/drowned/sprite.png",
              "particle": ""
            },
            {
              "name": "rainbow",
              "texture": "pixelmon:pokemon/078_rapidash/all/base/rainbow/texture.png",
              "sprite": "pixelmon:pokemon/078_rapidash/all/base/rainbow/sprite.png",
              "particle": ""
            },
			{
              "name": "akuma",
              "texture": "pixelmon:pokemon/078_rapidash/all/base/custom-akuma/texture.png",
              "sprite": "pixelmon:pokemon/078_rapidash/all/base/custom-akuma/sprite.png",
              "particle": ""
            },
			{
              "name": "arctic 1",
              "texture": "pixelmon:pokemon/078_rapidash/all/base/custom-arctic1/texture.png",
              "sprite": "pixelmon:pokemon/078_rapidash/all/base/custom-arctic1/sprite.png",
              "particle": ""
            },
			{
              "name": "arctic 2",
              "texture": "pixelmon:pokemon/078_rapidash/all/base/custom-arctic2/texture.png",
              "sprite": "pixelmon:pokemon/078_rapidash/all/base/custom-arctic2/sprite.png",
              "particle": ""
            },
			{
              "name": "cny 1",
              "texture": "pixelmon:pokemon/078_rapidash/all/base/custom-cny1/texture.png",
              "sprite": "pixelmon:pokemon/078_rapidash/all/base/custom-cny1/sprite.png",
              "particle": ""
            },
			{
              "name": "cny 2",
              "texture": "pixelmon:pokemon/078_rapidash/all/base/custom-cny2/texture.png",
              "sprite": "pixelmon:pokemon/078_rapidash/all/base/custom-cny2/sprite.png",
              "particle": ""
            },
			{
              "name": "cosmic",
              "texture": "pixelmon:pokemon/078_rapidash/all/base/custom-cosmic/texture.png",
              "sprite": "pixelmon:pokemon/078_rapidash/all/base/custom-cosmic/sprite.png",
              "particle": ""
            },
			{
              "name": "demonic",
              "texture": "pixelmon:pokemon/078_rapidash/all/base/custom-demonic/texture.png",
              "sprite": "pixelmon:pokemon/078_rapidash/all/base/custom-demonic/sprite.png",
              "particle": ""
            },
			{
              "name": "ditto",
              "texture": "pixelmon:pokemon/078_rapidash/all/base/custom-ditto/texture.png",
              "sprite": "pixelmon:pokemon/078_rapidash/all/base/custom-ditto/sprite.png",
              "particle": ""
            },
			{
              "name": "forest",
              "texture": "pixelmon:pokemon/078_rapidash/all/base/custom-forest/texture.png",
              "sprite": "pixelmon:pokemon/078_rapidash/all/base/custom-forest/sprite.png",
              "particle": ""
            },
			{
              "name": "galaxy",
              "texture": "pixelmon:pokemon/078_rapidash/all/base/custom-galaxy/texture.png",
              "sprite": "pixelmon:pokemon/078_rapidash/all/base/custom-galaxy/sprite.png",
              "particle": ""
            },
			{
              "name": "halloween 1",
              "texture": "pixelmon:pokemon/078_rapidash/all/base/custom-halloween1/texture.png",
              "sprite": "pixelmon:pokemon/078_rapidash/all/base/custom-halloween1/sprite.png",
              "particle": ""
            },
			{
              "name": "halloween 2",
              "texture": "pixelmon:pokemon/078_rapidash/all/base/custom-halloween2/texture.png",
              "sprite": "pixelmon:pokemon/078_rapidash/all/base/custom-halloween2/sprite.png",
              "particle": ""
            },
			{
              "name": "halloween 3",
              "texture": "pixelmon:pokemon/078_rapidash/all/base/custom-halloween3/texture.png",
              "sprite": "pixelmon:pokemon/078_rapidash/all/base/custom-halloween3/sprite.png",
              "particle": ""
            },
			{
              "name": "irradiated",
              "texture": "pixelmon:pokemon/078_rapidash/all/base/custom-irradiated/texture.png",
              "sprite": "pixelmon:pokemon/078_rapidash/all/base/custom-irradiated/sprite.png",
              "particle": ""
            },
			{
              "name": "magma",
              "texture": "pixelmon:pokemon/078_rapidash/all/base/custom-magma/texture.png",
              "sprite": "pixelmon:pokemon/078_rapidash/all/base/custom-magma/sprite.png",
              "particle": ""
            },
			{
              "name": "nintendo",
              "texture": "pixelmon:pokemon/078_rapidash/all/base/custom-nintendo/texture.png",
              "sprite": "pixelmon:pokemon/078_rapidash/all/base/custom-nintendo/sprite.png",
              "particle": ""
            },
			{
              "name": "phantom",
              "texture": "pixelmon:pokemon/078_rapidash/all/base/custom-phantom/texture.png",
              "sprite": "pixelmon:pokemon/078_rapidash/all/base/custom-phantom/sprite.png",
              "particle": ""
            },
			{
              "name": "rgb",
              "texture": "pixelmon:pokemon/078_rapidash/all/base/custom-rgb/texture.png",
              "sprite": "pixelmon:pokemon/078_rapidash/all/base/custom-rgb/sprite.png",
              "particle": ""
            },
			{
              "name": "royal",
              "texture": "pixelmon:pokemon/078_rapidash/all/base/custom-royal/texture.png",
              "sprite": "pixelmon:pokemon/078_rapidash/all/base/custom-royal/sprite.png",
              "particle": ""
            },
			{
              "name": "shadow 1",
              "texture": "pixelmon:pokemon/078_rapidash/all/base/custom-shadow1/texture.png",
              "sprite": "pixelmon:pokemon/078_rapidash/all/base/custom-shadow1/sprite.png",
              "particle": ""
            },
			{
              "name": "shadow 2",
              "texture": "pixelmon:pokemon/078_rapidash/all/base/custom-shadow2/texture.png",
              "sprite": "pixelmon:pokemon/078_rapidash/all/base/custom-shadow2/sprite.png",
              "particle": ""
            },
			{
              "name": "skeletal",
              "texture": "pixelmon:pokemon/078_rapidash/all/base/custom-skeletal/texture.png",
              "sprite": "pixelmon:pokemon/078_rapidash/all/base/custom-skeletal/sprite.png",
              "particle": ""
            },
			{
              "name": "soulfire",
              "texture": "pixelmon:pokemon/078_rapidash/all/base/custom-soulfire/texture.png",
              "sprite": "pixelmon:pokemon/078_rapidash/all/base/custom-soulfire/sprite.png",
              "particle": ""
            },
			{
              "name": "steampunk",
              "texture": "pixelmon:pokemon/078_rapidash/all/base/custom-steampunk/texture.png",
              "sprite": "pixelmon:pokemon/078_rapidash/all/base/custom-steampunk/sprite.png",
              "particle": ""
            },
			{
              "name": "vapor",
              "texture": "pixelmon:pokemon/078_rapidash/all/base/custom-vapor/texture.png",
              "sprite": "pixelmon:pokemon/078_rapidash/all/base/custom-vapor/sprite.png",
              "particle": ""
            }
          ]
        }
      ],
      "eggGroups": [
        "FIELD"
      ],
      "types": [
        "FIRE"
      ],
      "preEvolutions": [
        "Ponyta"
      ],
      "defaultBaseForm": "",
      "megaItems": [],
      "megas": [],
      "gigantamax": {
        "canHaveFactor": false,
        "canGigantamax": false
      },
      "eggCycles": 21,
      "weight": 95.0,
      "catchRate": 60,
      "malePercentage": 0,
      "evolutions": [],
      "evYields": {
        "speed": 2
      }
    },
    {
      "name": "galarian",
      "moves": {
        "levelUpMoves": [
          {
            "level": 0,
            "attacks": [
              "Confusion",
              "Growl",
              "Megahorn",
              "Psycho Cut",
              "Quick Attack",
              "Smart Strike",
              "Tackle",
              "Tail Whip"
            ]
          },
          {
            "level": 15,
            "attacks": [
              "Fairy Wind"
            ]
          },
          {
            "level": 20,
            "attacks": [
              "Agility"
            ]
          },
          {
            "level": 25,
            "attacks": [
              "Psybeam"
            ]
          },
          {
            "level": 30,
            "attacks": [
              "Stomp"
            ]
          },
          {
            "level": 35,
            "attacks": [
              "Heal Pulse"
            ]
          },
          {
            "level": 43,
            "attacks": [
              "Take Down"
            ]
          },
          {
            "level": 49,
            "attacks": [
              "Dazzling Gleam"
            ]
          },
          {
            "level": 56,
            "attacks": [
              "Psychic"
            ]
          },
          {
            "level": 63,
            "attacks": [
              "Healing Wish"
            ]
          }
        ],
        "tutorMoves": [
          "Expanding Force"
        ],
        "eggMoves": [
          "Double Kick",
          "Double-Edge",
          "Horn Drill",
          "Hypnosis",
          "Morning Sun",
          "Thrash"
        ],
        "tmMoves8": [
          "Pay Day",
          "Hyper Beam",
          "Giga Impact",
          "Rest",
          "Snore",
          "Protect",
          "Charm",
          "Attract",
          "Facade",
          "Swift",
          "Bounce",
          "Psycho Cut",
          "Trick Room",
          "Wonder Room",
          "Magic Room",
          "Round",
          "Misty Terrain",
          "Psychic Terrain",
          "Mystical Fire",
          "Smart Strike"
        ],
        "trMoves": [
          "Swords Dance",
          "Body Slam",
          "Low Kick",
          "Psychic",
          "Agility",
          "Substitute",
          "Endure",
          "Sleep Talk",
          "Megahorn",
          "Baton Pass",
          "Iron Tail",
          "Future Sight",
          "Calm Mind",
          "Zen Headbutt",
          "Stored Power",
          "Ally Switch",
          "Wild Charge",
          "Drill Run",
          "Play Rough",
          "Dazzling Gleam",
          "High Horsepower",
          "Throat Chop"
        ],
        "hmMoves": [],
        "transferMoves": [],
        "tmMoves7": [],
        "tmMoves6": [],
        "tmMoves5": [],
        "tmMoves4": [],
        "tmMoves3": [],
        "tmMoves2": [],
        "tmMoves1": [],
        "tmMoves": []
      },
      "abilities": {
        "abilities": [
          "RunAway",
          "PastelVeil"
        ],
        "hiddenAbilities": [
          "Anticipation"
        ]
      },
      "tags": [
        "galarian"
      ],
      "types": [
        "PSYCHIC",
        "FAIRY"
      ],
      "preEvolutions": [
        "Ponyta"
      ],
      "weight": 80.0,
      "genderProperties": [
        {
          "gender": "ALL",
          "palettes": [
            {
              "name": "none",
              "texture": "pixelmon:pokemon/078_rapidash/all/galarian/none/texture.png",
              "sprite": "pixelmon:pokemon/078_rapidash/all/galarian/none/sprite.png",
              "particle": "",
              "modelLocator": {
                "factoryType": "NORMAL",
                "pqc": [
                  "pixelmon:pokemon/078_rapidash/all/galarian/none/model.pqc"
                ]
              }
            },
            {
              "name": "shiny",
              "texture": "pixelmon:pokemon/078_rapidash/all/galarian/shiny/texture.png",
              "sprite": "pixelmon:pokemon/078_rapidash/all/galarian/shiny/sprite.png",
              "particle": "arcanery:shiny"
            },
			{
              "name": "ditto",
              "texture": "pixelmon:pokemon/078_rapidash/all/galarian/custom-ditto/texture.png",
              "sprite": "pixelmon:pokemon/078_rapidash/all/galarian/custom-ditto/sprite.png",
              "particle": ""
            },
			{
              "name": "event",
              "texture": "pixelmon:pokemon/078_rapidash/all/galarian/custom-event/texture.png",
              "sprite": "pixelmon:pokemon/078_rapidash/all/galarian/custom-event/sprite.png",
              "particle": ""
            },
			{
              "name": "giftmas 1",
              "texture": "pixelmon:pokemon/078_rapidash/all/galarian/custom-giftmas1/texture.png",
              "sprite": "pixelmon:pokemon/078_rapidash/all/galarian/custom-giftmas1/sprite.png",
              "particle": ""
            },
			{
              "name": "giftmas 2",
              "texture": "pixelmon:pokemon/078_rapidash/all/galarian/custom-giftmas2/texture.png",
              "sprite": "pixelmon:pokemon/078_rapidash/all/galarian/custom-giftmas2/sprite.png",
              "particle": ""
            },
			{
              "name": "halloween",
              "texture": "pixelmon:pokemon/078_rapidash/all/galarian/custom-halloween/texture.png",
              "sprite": "pixelmon:pokemon/078_rapidash/all/galarian/custom-halloween/sprite.png",
              "particle": ""
            },
			{
              "name": "mythology 1",
              "texture": "pixelmon:pokemon/078_rapidash/all/galarian/custom-mythology1/texture.png",
              "sprite": "pixelmon:pokemon/078_rapidash/all/galarian/custom-mythology1/sprite.png",
              "particle": ""
            },
			{
              "name": "mythology 2",
              "texture": "pixelmon:pokemon/078_rapidash/all/galarian/custom-mythology2/texture.png",
              "sprite": "pixelmon:pokemon/078_rapidash/all/galarian/custom-mythology2/sprite.png",
              "particle": ""
            },
			{
              "name": "oblivion",
              "texture": "pixelmon:pokemon/078_rapidash/all/galarian/custom-oblivion/texture.png",
              "sprite": "pixelmon:pokemon/078_rapidash/all/galarian/custom-oblivion/sprite.png",
              "particle": ""
            },
			{
              "name": "winter 1",
              "texture": "pixelmon:pokemon/078_rapidash/all/galarian/custom-winter1/texture.png",
              "sprite": "pixelmon:pokemon/078_rapidash/all/galarian/custom-winter1/sprite.png",
              "particle": ""
            },
			{
              "name": "winter 2",
              "texture": "pixelmon:pokemon/078_rapidash/all/galarian/custom-winter2/texture.png",
              "sprite": "pixelmon:pokemon/078_rapidash/all/galarian/custom-winter2/sprite.png",
              "particle": ""
            }
          ]
        }
      ]
    }
  ],
  "generation": 1
}
