{
  "name": "Farfetchd",
  "dex": 83,
  "defaultForms": [
    ""
  ],
  "forms": [
    {
      "name": "",
      "experienceGroup": "MEDIUM_FAST",
      "dimensions": {
        "height": 0.8,
        "width": 0.6,
        "length": 1,
        "eyeHeight": 0.65,
        "hoverHeight": 0.65
      },
      "moves": {
        "levelUpMoves": [
          {
            "level": 0,
            "attacks": [
              "Peck",
              "Sand Attack"
            ]
          },
          {
            "level": 5,
            "attacks": [
              "Leer"
            ]
          },
          {
            "level": 10,
            "attacks": [
              "Fury Cutter"
            ]
          },
          {
            "level": 15,
            "attacks": [
              "Cut"
            ]
          },
          {
            "level": 20,
            "attacks": [
              "Aerial Ace"
            ]
          },
          {
            "level": 25,
            "attacks": [
              "Air Cutter"
            ]
          },
          {
            "level": 30,
            "attacks": [
              "Knock Off"
            ]
          },
          {
            "level": 35,
            "attacks": [
              "False Swipe"
            ]
          },
          {
            "level": 40,
            "attacks": [
              "Slash"
            ]
          },
          {
            "level": 45,
            "attacks": [
              "Swords Dance"
            ]
          },
          {
            "level": 50,
            "attacks": [
              "Air Slash"
            ]
          },
          {
            "level": 55,
            "attacks": [
              "Leaf Blade"
            ]
          },
          {
            "level": 60,
            "attacks": [
              "Agility"
            ]
          },
          {
            "level": 65,
            "attacks": [
              "Brave Bird"
            ]
          }
        ],
        "tutorMoves": [
          "Dual Wingbeat"
        ],
        "eggMoves": [
          "Covet",
          "Curse",
          "Feather Dance",
          "Feint",
          "Final Gambit",
          "First Impression",
          "Flail",
          "Gust",
          "Night Slash",
          "Quick Attack",
          "Roost",
          "Simple Beam",
          "Sky Attack"
        ],
        "tmMoves8": [
          "Fly",
          "Solar Blade",
          "Rest",
          "Thief",
          "Snore",
          "Protect",
          "Steel Wing",
          "Attract",
          "Sunny Day",
          "Facade",
          "Swift",
          "Helping Hand",
          "Revenge",
          "U-turn",
          "Round",
          "Acrobatics",
          "Retaliate",
          "False Swipe",
          "Air Slash",
          "Brutal Swing"
        ],
        "trMoves": [
          "Swords Dance",
          "Body Slam",
          "Agility",
          "Focus Energy",
          "Substitute",
          "Endure",
          "Sleep Talk",
          "Baton Pass",
          "Iron Tail",
          "Uproar",
          "Heat Wave",
          "Leaf Blade",
          "Close Combat",
          "Poison Jab",
          "Brave Bird",
          "Work Up",
          "Throat Chop"
        ],
        "hmMoves": [],
        "transferMoves": [
          "Bide",
          "Captivate",
          "Confide",
          "Defog",
          "Detect",
          "Double-Edge",
          "Double Team",
          "Foresight",
          "Frustration",
          "Fury Attack",
          "Headbutt",
          "Hidden Power",
          "Laser Focus",
          "Last Resort",
          "Mimic",
          "Mirror Move",
          "Mud-Slap",
          "Natural Gift",
          "Ominous Wind",
          "Pluck",
          "Psych Up",
          "Rage",
          "Razor Leaf",
          "Razor Wind",
          "Reflect",
          "Return",
          "Secret Power",
          "Skull Bash",
          "Swagger",
          "Tailwind",
          "Take Down",
          "Toxic",
          "Trump Card",
          "Twister",
          "Whirlwind",
          "Wish",
          "Yawn"
        ],
        "tmMoves7": [
          "Work Up",
          "Toxic",
          "Hidden Power",
          "Sunny Day",
          "Protect",
          "Roost",
          "Frustration",
          "Return",
          "Double Team",
          "Aerial Ace",
          "Facade",
          "Rest",
          "Attract",
          "Thief",
          "Round",
          "Steel Wing",
          "False Swipe",
          "Brutal Swing",
          "Acrobatics",
          "Swords Dance",
          "Fly",
          "Psych Up",
          "Poison Jab",
          "Swagger",
          "Sleep Talk",
          "U-turn",
          "Substitute",
          "Confide"
        ],
        "tmMoves6": [
          "Toxic",
          "Hidden Power",
          "Sunny Day",
          "Protect",
          "Roost",
          "Frustration",
          "Return",
          "Double Team",
          "Aerial Ace",
          "Facade",
          "Rest",
          "Attract",
          "Thief",
          "Round",
          "Steel Wing",
          "False Swipe",
          "Acrobatics",
          "Retaliate",
          "Swords Dance",
          "Psych Up",
          "Poison Jab",
          "Swagger",
          "Sleep Talk",
          "U-turn",
          "Substitute",
          "Secret Power",
          "Confide"
        ],
        "tmMoves5": [
          "Toxic",
          "Hidden Power",
          "Sunny Day",
          "Protect",
          "Frustration",
          "Return",
          "Double Team",
          "Aerial Ace",
          "Facade",
          "Rest",
          "Attract",
          "Thief",
          "Round",
          "False Swipe",
          "Acrobatics",
          "Retaliate",
          "Swords Dance",
          "Psych Up",
          "Work Up",
          "Poison Jab",
          "Swagger",
          "Pluck",
          "U-turn",
          "Substitute"
        ],
        "tmMoves4": [
          "Toxic",
          "Hidden Power",
          "Sunny Day",
          "Protect",
          "Frustration",
          "Iron Tail",
          "Return",
          "Double Team",
          "Aerial Ace",
          "Facade",
          "Secret Power",
          "Rest",
          "Attract",
          "Thief",
          "Steel Wing",
          "Roost",
          "False Swipe",
          "Endure",
          "Swords Dance",
          "Psych Up",
          "Captivate",
          "Sleep Talk",
          "Natural Gift",
          "Poison Jab",
          "Swagger",
          "Pluck",
          "U-turn",
          "Substitute"
        ],
        "tmMoves3": [
          "Toxic",
          "Hidden Power",
          "Sunny Day",
          "Protect",
          "Frustration",
          "Iron Tail",
          "Return",
          "Double Team",
          "Aerial Ace",
          "Facade",
          "Secret Power",
          "Rest",
          "Attract",
          "Thief",
          "Steel Wing"
        ],
        "tmMoves2": [
          "Headbutt",
          "Curse",
          "Toxic",
          "Psych Up",
          "Hidden Power",
          "Sunny Day",
          "Snore",
          "Protect",
          "Endure",
          "Frustration",
          "Iron Tail",
          "Return",
          "Mud-Slap",
          "Double Team",
          "Swagger",
          "Sleep Talk",
          "Swift",
          "Detect",
          "Rest",
          "Attract",
          "Thief",
          "Steel Wing"
        ],
        "tmMoves1": [
          "Razor Wind",
          "Swords Dance",
          "Whirlwind",
          "Toxic",
          "Body Slam",
          "Take Down",
          "Double-Edge",
          "Rage",
          "Mimic",
          "Double Team",
          "Reflect",
          "Bide",
          "Swift",
          "Skull Bash",
          "Rest",
          "Substitute"
        ],
        "tmMoves": []
      },
      "abilities": {
        "abilities": [
          "KeenEye",
          "InnerFocus"
        ],
        "hiddenAbilities": [
          "Defiant"
        ]
      },
      "movement": {
        "rideable": false,
        "canFly": true,
        "canSurf": false,
        "canRideShoulder": false,
        "flyingParameters": {
          "flyHeightMin": 0,
          "flyHeightMax": 0,
          "flySpeedModifier": 1.0,
          "flyRefreshRateY": 0,
          "flyRefreshRateXZ": 0,
          "flyRefreshRateSpeed": 0,
          "flightTimeMin": 0,
          "flightTimeMax": 0,
          "flapRate": 0,
          "landingMaterials": "LEAVES_AND_GRASS"
        }
      },
      "aggression": {
        "timid": 80,
        "passive": 0,
        "aggressive": 20
      },
      "battleStats": {
        "hp": 52,
        "attack": 90,
        "defense": 55,
        "specialAttack": 58,
        "specialDefense": 62,
        "speed": 60
      },
      "tags": [],
      "spawn": {
        "baseExp": 132,
        "baseFriendship": 70,
        "spawnLevel": 24,
        "spawnLevelRange": 26,
        "spawnLocations": [
          "AIR"
        ]
      },
      "possibleGenders": [
        "MALE",
        "FEMALE"
      ],
      "genderProperties": [
        {
          "gender": "ALL",
          "palettes": [
            {
              "name": "none",
              "texture": "pixelmon:pokemon/083_farfetchd/all/base/none/texture.png",
              "sprite": "pixelmon:pokemon/083_farfetchd/all/base/none/sprite.png",
              "particle": "",
              "modelLocator": {
                "factoryType": "NORMAL",
                "pqc": [
                  "pixelmon:pokemon/083_farfetchd/all/base/none/model.pqc"
                ]
              },
              "sounds": [
                "pixelmon.mob.farfetchd",
                "pixelmon.mob.farfetchd",
                "pixelmon.mob.farfetchd"
              ]
            },
            {
              "name": "shiny",
              "texture": "pixelmon:pokemon/083_farfetchd/all/base/shiny/texture.png",
              "sprite": "pixelmon:pokemon/083_farfetchd/all/base/shiny/sprite.png",
              "particle": "arcanery:shiny"
            },
			{
              "name": "shadow",
              "texture": "pixelmon:pokemon/083_farfetchd/all/base/custom-shadow/texture.png",
              "sprite": "pixelmon:pokemon/083_farfetchd/all/base/custom-shadow/sprite.png",
              "particle": ""
            },
			{
              "name": "skeletal",
              "texture": "pixelmon:pokemon/083_farfetchd/all/base/custom-skeletal/texture.png",
              "sprite": "pixelmon:pokemon/083_farfetchd/all/base/custom-skeletal/sprite.png",
              "particle": ""
            }
          ]
        }
      ],
      "eggGroups": [
        "FLYING",
        "FIELD"
      ],
      "types": [
        "NORMAL",
        "FLYING"
      ],
      "preEvolutions": [],
      "defaultBaseForm": "",
      "megaItems": [],
      "megas": [],
      "gigantamax": {
        "canHaveFactor": false,
        "canGigantamax": false
      },
      "eggCycles": 21,
      "weight": 15.0,
      "catchRate": 45,
      "malePercentage": 0,
      "evolutions": [],
      "evYields": {
        "attack": 1
      }
    },
    {
      "name": "galarian",
      "moves": {
        "levelUpMoves": [
          {
            "level": 0,
            "attacks": [
              "Peck",
              "Sand Attack"
            ]
          },
          {
            "level": 5,
            "attacks": [
              "Leer"
            ]
          },
          {
            "level": 10,
            "attacks": [
              "Fury Cutter"
            ]
          },
          {
            "level": 15,
            "attacks": [
              "Rock Smash"
            ]
          },
          {
            "level": 20,
            "attacks": [
              "Brutal Swing"
            ]
          },
          {
            "level": 25,
            "attacks": [
              "Detect"
            ]
          },
          {
            "level": 30,
            "attacks": [
              "Knock Off"
            ]
          },
          {
            "level": 35,
            "attacks": [
              "Defog"
            ]
          },
          {
            "level": 40,
            "attacks": [
              "Brick Break"
            ]
          },
          {
            "level": 45,
            "attacks": [
              "Swords Dance"
            ]
          },
          {
            "level": 50,
            "attacks": [
              "Slam"
            ]
          },
          {
            "level": 55,
            "attacks": [
              "Leaf Blade"
            ]
          },
          {
            "level": 60,
            "attacks": [
              "Final Gambit"
            ]
          },
          {
            "level": 65,
            "attacks": [
              "Brave Bird"
            ]
          }
        ],
        "tutorMoves": [
          "Dual Wingbeat"
        ],
        "eggMoves": [
          "Counter",
          "Covet",
          "Curse",
          "Double-Edge",
          "Feint",
          "Flail",
          "Night Slash",
          "Quick Attack",
          "Quick Guard",
          "Simple Beam",
          "Sky Attack"
        ],
        "tmMoves8": [
          "Solar Blade",
          "Rest",
          "Snore",
          "Protect",
          "Steel Wing",
          "Attract",
          "Sunny Day",
          "Facade",
          "Helping Hand",
          "Revenge",
          "Brick Break",
          "Assurance",
          "Round",
          "Retaliate",
          "Brutal Swing"
        ],
        "trMoves": [
          "Swords Dance",
          "Body Slam",
          "Focus Energy",
          "Substitute",
          "Endure",
          "Sleep Talk",
          "Superpower",
          "Leaf Blade",
          "Close Combat",
          "Poison Jab",
          "Brave Bird",
          "Work Up",
          "Throat Chop"
        ],
        "hmMoves": [],
        "transferMoves": [],
        "tmMoves7": [],
        "tmMoves6": [],
        "tmMoves5": [],
        "tmMoves4": [],
        "tmMoves3": [],
        "tmMoves2": [],
        "tmMoves1": [],
        "tmMoves": []
      },
      "abilities": {
        "abilities": [
          "Steadfast"
        ],
        "hiddenAbilities": [
          "Scrappy"
        ]
      },
      "battleStats": {
        "hp": 52,
        "attack": 95,
        "defense": 55,
        "specialAttack": 58,
        "specialDefense": 62,
        "speed": 55
      },
      "genderProperties": [
        {
          "gender": "ALL",
          "palettes": [
            {
              "name": "none",
              "texture": "pixelmon:pokemon/083_farfetchd/all/galarian/none/texture.png",
              "sprite": "pixelmon:pokemon/083_farfetchd/all/galarian/none/sprite.png",
              "particle": "",
              "modelLocator": {
                "factoryType": "NORMAL",
                "pqc": [
                  "pixelmon:pokemon/083_farfetchd/all/galarian/none/model.pqc"
                ]
              }
            },
            {
              "name": "shiny",
              "texture": "pixelmon:pokemon/083_farfetchd/all/galarian/shiny/texture.png",
              "sprite": "pixelmon:pokemon/083_farfetchd/all/galarian/shiny/sprite.png",
              "particle": "arcanery:shiny"
            }
          ]
        }
      ],
      "tags": [
        "galarian"
      ],
      "types": [
        "FIGHTING"
      ],
      "weight": 42.0,
      "evolutions": [
        {
          "to": "Sirfetchd",
          "conditions": [
            {
              "critical": 3,
              "evoConditionType": "critical"
            }
          ],
          "evoType": "ticking",
          "moves": [
            "Iron Defense"
          ]
        }
      ]
    }
  ],
  "generation": 1
}
