{
  "name": "Doduo",
  "dex": 84,
  "defaultForms": [
    ""
  ],
  "forms": [
    {
      "name": "",
      "experienceGroup": "MEDIUM_FAST",
      "dimensions": {
        "height": 1.6,
        "width": 1.0,
        "length": 1,
        "eyeHeight": 1.6,
        "hoverHeight": 1.6
      },
      "moves": {
        "levelUpMoves": [
          {
            "level": 0,
            "attacks": [
              "Growl",
              "Peck"
            ]
          },
          {
            "level": 5,
            "attacks": [
              "Quick Attack"
            ]
          },
          {
            "level": 8,
            "attacks": [
              "Rage"
            ]
          },
          {
            "level": 12,
            "attacks": [
              "Fury Attack"
            ]
          },
          {
            "level": 15,
            "attacks": [
              "Pursuit"
            ]
          },
          {
            "level": 19,
            "attacks": [
              "Pluck"
            ]
          },
          {
            "level": 22,
            "attacks": [
              "Double Hit"
            ]
          },
          {
            "level": 26,
            "attacks": [
              "Agility"
            ]
          },
          {
            "level": 29,
            "attacks": [
              "Uproar"
            ]
          },
          {
            "level": 33,
            "attacks": [
              "Acupressure"
            ]
          },
          {
            "level": 36,
            "attacks": [
              "Swords Dance"
            ]
          },
          {
            "level": 40,
            "attacks": [
              "Jump Kick"
            ]
          },
          {
            "level": 43,
            "attacks": [
              "Drill Peck"
            ]
          },
          {
            "level": 47,
            "attacks": [
              "Endeavor"
            ]
          },
          {
            "level": 50,
            "attacks": [
              "Thrash"
            ]
          }
        ],
        "tutorMoves": [
          "Endeavor",
          "Knock Off",
          "Snore",
          "Uproar"
        ],
        "eggMoves": [
          "Assurance",
          "Brave Bird",
          "Endeavor",
          "Feint Attack",
          "Flail",
          "Haze",
          "Mirror Move",
          "Natural Gift",
          "Quick Attack",
          "Supersonic"
        ],
        "tmMoves8": [],
        "trMoves": [],
        "hmMoves": [],
        "transferMoves": [
          "Air Cutter",
          "Bide",
          "Body Slam",
          "Captivate",
          "Curse",
          "Double-Edge",
          "Endure",
          "Mimic",
          "Mud-Slap",
          "Secret Power",
          "Skull Bash",
          "Sky Attack",
          "Swift",
          "Take Down",
          "Tri Attack",
          "Whirlwind"
        ],
        "tmMoves7": [
          "Work Up",
          "Toxic",
          "Hidden Power",
          "Sunny Day",
          "Protect",
          "Roost",
          "Frustration",
          "Return",
          "Double Team",
          "Aerial Ace",
          "Facade",
          "Rest",
          "Attract",
          "Thief",
          "Round",
          "Echoed Voice",
          "Steel Wing",
          "Swords Dance",
          "Fly",
          "Swagger",
          "Sleep Talk",
          "Substitute",
          "Confide"
        ],
        "tmMoves6": [
          "Toxic",
          "Hidden Power",
          "Sunny Day",
          "Protect",
          "Roost",
          "Frustration",
          "Return",
          "Double Team",
          "Aerial Ace",
          "Facade",
          "Rest",
          "Attract",
          "Thief",
          "Round",
          "Echoed Voice",
          "Steel Wing",
          "Swagger",
          "Sleep Talk",
          "Substitute",
          "Secret Power",
          "Confide"
        ],
        "tmMoves5": [
          "Toxic",
          "Hidden Power",
          "Sunny Day",
          "Protect",
          "Frustration",
          "Return",
          "Double Team",
          "Aerial Ace",
          "Facade",
          "Rest",
          "Attract",
          "Thief",
          "Round",
          "Echoed Voice",
          "Work Up",
          "Swagger",
          "Pluck",
          "Substitute"
        ],
        "tmMoves4": [
          "Toxic",
          "Hidden Power",
          "Sunny Day",
          "Protect",
          "Frustration",
          "Return",
          "Double Team",
          "Aerial Ace",
          "Facade",
          "Secret Power",
          "Rest",
          "Attract",
          "Thief",
          "Steel Wing",
          "Roost",
          "Endure",
          "Captivate",
          "Sleep Talk",
          "Natural Gift",
          "Swagger",
          "Pluck",
          "Substitute"
        ],
        "tmMoves3": [
          "Toxic",
          "Hidden Power",
          "Sunny Day",
          "Protect",
          "Frustration",
          "Return",
          "Double Team",
          "Aerial Ace",
          "Facade",
          "Secret Power",
          "Rest",
          "Attract",
          "Thief",
          "Steel Wing"
        ],
        "tmMoves2": [
          "Curse",
          "Toxic",
          "Hidden Power",
          "Sunny Day",
          "Snore",
          "Protect",
          "Endure",
          "Frustration",
          "Return",
          "Mud-Slap",
          "Double Team",
          "Swagger",
          "Sleep Talk",
          "Swift",
          "Rest",
          "Attract",
          "Thief",
          "Steel Wing"
        ],
        "tmMoves1": [
          "Whirlwind",
          "Toxic",
          "Body Slam",
          "Take Down",
          "Double-Edge",
          "Rage",
          "Mimic",
          "Double Team",
          "Reflect",
          "Bide",
          "Skull Bash",
          "Sky Attack",
          "Rest",
          "Tri Attack",
          "Substitute"
        ],
        "tmMoves": []
      },
      "abilities": {
        "abilities": [
          "RunAway",
          "EarlyBird"
        ],
        "hiddenAbilities": [
          "TangledFeet"
        ]
      },
      "movement": {
        "rideable": false,
        "canFly": false,
        "canSurf": false,
        "canRideShoulder": false
      },
      "aggression": {
        "timid": 80,
        "passive": 0,
        "aggressive": 20
      },
      "battleStats": {
        "hp": 35,
        "attack": 85,
        "defense": 45,
        "specialAttack": 35,
        "specialDefense": 35,
        "speed": 75
      },
      "tags": [],
      "spawn": {
        "baseExp": 96,
        "baseFriendship": 70,
        "spawnLevel": 15,
        "spawnLevelRange": 16,
        "spawnLocations": [
          "LAND"
        ]
      },
      "possibleGenders": [
        "MALE",
        "FEMALE"
      ],
      "genderProperties": [
        {
          "gender": "ALL",
          "palettes": [
            {
              "name": "none",
              "texture": "pixelmon:pokemon/084_doduo/all/base/none/texture.png",
              "sprite": "pixelmon:pokemon/084_doduo/all/base/none/sprite.png",
              "particle": "",
              "modelLocator": {
                "factoryType": "NORMAL",
                "pqc": [
                  "pixelmon:pokemon/084_doduo/all/base/none/model.pqc"
                ]
              },
              "sounds": [
                "pixelmon.mob.doduo"
              ]
            },
            {
              "name": "shiny",
              "texture": "pixelmon:pokemon/084_doduo/all/base/shiny/texture.png",
              "sprite": "pixelmon:pokemon/084_doduo/all/base/shiny/sprite.png",
              "particle": "arcanery:shiny"
            },
            {
              "name": "pink",
              "texture": "pixelmon:pokemon/084_doduo/all/base/pink/texture.png",
              "sprite": "pixelmon:pokemon/084_doduo/all/base/pink/sprite.png",
              "particle": ""
            },
			{
              "name": "christmas",
              "texture": "pixelmon:pokemon/084_doduo/all/base/custom-christmas/texture.png",
              "sprite": "pixelmon:pokemon/084_doduo/all/base/custom-christmas/sprite.png",
              "particle": ""
            },
			{
              "name": "shadow",
              "texture": "pixelmon:pokemon/084_doduo/all/base/custom-shadow/texture.png",
              "sprite": "pixelmon:pokemon/084_doduo/all/base/custom-shadow/sprite.png",
              "particle": ""
            },
			{
              "name": "summer 1",
              "texture": "pixelmon:pokemon/084_doduo/all/base/custom-summer1/texture.png",
              "sprite": "pixelmon:pokemon/084_doduo/all/base/custom-summer1/sprite.png",
              "particle": ""
            },
			{
              "name": "summer 2",
              "texture": "pixelmon:pokemon/084_doduo/all/base/custom-summer2/texture.png",
              "sprite": "pixelmon:pokemon/084_doduo/all/base/custom-summer2/sprite.png",
              "particle": ""
            },
			{
              "name": "summer 3",
              "texture": "pixelmon:pokemon/084_doduo/all/base/custom-summer3/texture.png",
              "sprite": "pixelmon:pokemon/084_doduo/all/base/custom-summer3/sprite.png",
              "particle": ""
            }
          ]
        }
      ],
      "eggGroups": [
        "FLYING"
      ],
      "types": [
        "NORMAL",
        "FLYING"
      ],
      "preEvolutions": [],
      "defaultBaseForm": "",
      "megaItems": [],
      "megas": [],
      "gigantamax": {
        "canHaveFactor": false,
        "canGigantamax": false
      },
      "eggCycles": 21,
      "weight": 39.2,
      "catchRate": 190,
      "malePercentage": 0,
      "evolutions": [
        {
          "level": 31,
          "to": "Dodrio",
          "conditions": [],
          "evoType": "leveling",
          "moves": [
            "Tri Attack"
          ]
        }
      ],
      "evYields": {
        "attack": 1
      }
    }
  ],
  "generation": 1
}
