{
  "name": "Muk",
  "dex": 89,
  "defaultForms": [
    ""
  ],
  "forms": [
    {
      "name": "",
      "experienceGroup": "MEDIUM_FAST",
      "dimensions": {
        "height": 1.2,
        "width": 1.4,
        "length": 1,
        "eyeHeight": 1.2,
        "hoverHeight": 1.2
      },
      "moves": {
        "levelUpMoves": [
          {
            "level": 0,
            "attacks": [
              "Harden",
              "Mud-Slap",
              "Poison Gas",
              "Pound",
              "Venom Drench"
            ]
          },
          {
            "level": 4,
            "attacks": [
              "Harden"
            ]
          },
          {
            "level": 7,
            "attacks": [
              "Mud-Slap"
            ]
          },
          {
            "level": 12,
            "attacks": [
              "Disable"
            ]
          },
          {
            "level": 15,
            "attacks": [
              "Sludge"
            ]
          },
          {
            "level": 18,
            "attacks": [
              "Mud Bomb"
            ]
          },
          {
            "level": 21,
            "attacks": [
              "Minimize"
            ]
          },
          {
            "level": 26,
            "attacks": [
              "Fling"
            ]
          },
          {
            "level": 29,
            "attacks": [
              "Sludge Bomb"
            ]
          },
          {
            "level": 32,
            "attacks": [
              "Sludge Wave"
            ]
          },
          {
            "level": 37,
            "attacks": [
              "Screech"
            ]
          },
          {
            "level": 40,
            "attacks": [
              "Gunk Shot"
            ]
          },
          {
            "level": 46,
            "attacks": [
              "Acid Armor"
            ]
          },
          {
            "level": 52,
            "attacks": [
              "Belch"
            ]
          },
          {
            "level": 57,
            "attacks": [
              "Memento"
            ]
          }
        ],
        "tutorMoves": [
          "Block",
          "Fire Punch",
          "Focus Punch",
          "Giga Drain",
          "Gunk Shot",
          "Ice Punch",
          "Pain Split",
          "Shock Wave",
          "Snore",
          "Thunder Punch"
        ],
        "eggMoves": [
          "Acid Spray",
          "Curse",
          "Haze",
          "Imprison",
          "Lick",
          "Mean Look",
          "Power-Up Punch",
          "Scary Face",
          "Shadow Punch",
          "Shadow Sneak",
          "Spit Up",
          "Stockpile",
          "Swallow"
        ],
        "tmMoves8": [],
        "trMoves": [],
        "hmMoves": [],
        "transferMoves": [
          "Bide",
          "Body Slam",
          "Captivate",
          "Dynamic Punch",
          "Endure",
          "Incinerate",
          "Mimic",
          "Natural Gift",
          "Rage",
          "Rock Smash",
          "Secret Power",
          "Strength",
          "Zap Cannon"
        ],
        "tmMoves7": [
          "Toxic",
          "Venoshock",
          "Hidden Power",
          "Sunny Day",
          "Taunt",
          "Hyper Beam",
          "Protect",
          "Rain Dance",
          "Frustration",
          "Thunderbolt",
          "Thunder",
          "Return",
          "Shadow Ball",
          "Brick Break",
          "Double Team",
          "Sludge Wave",
          "Flamethrower",
          "Sludge Bomb",
          "Fire Blast",
          "Rock Tomb",
          "Torment",
          "Facade",
          "Rest",
          "Attract",
          "Thief",
          "Round",
          "Focus Blast",
          "Fling",
          "Explosion",
          "Payback",
          "Giga Impact",
          "Rock Slide",
          "Infestation",
          "Poison Jab",
          "Swagger",
          "Sleep Talk",
          "Substitute",
          "Dark Pulse",
          "Confide"
        ],
        "tmMoves6": [
          "Toxic",
          "Venoshock",
          "Hidden Power",
          "Sunny Day",
          "Taunt",
          "Hyper Beam",
          "Protect",
          "Rain Dance",
          "Frustration",
          "Thunderbolt",
          "Thunder",
          "Return",
          "Dig",
          "Shadow Ball",
          "Brick Break",
          "Double Team",
          "Sludge Wave",
          "Flamethrower",
          "Sludge Bomb",
          "Fire Blast",
          "Rock Tomb",
          "Torment",
          "Facade",
          "Rest",
          "Attract",
          "Thief",
          "Round",
          "Focus Blast",
          "Fling",
          "Incinerate",
          "Explosion",
          "Payback",
          "Giga Impact",
          "Rock Slide",
          "Infestation",
          "Poison Jab",
          "Swagger",
          "Sleep Talk",
          "Substitute",
          "Secret Power",
          "Dark Pulse",
          "Power-Up Punch",
          "Confide"
        ],
        "tmMoves5": [
          "Toxic",
          "Venoshock",
          "Hidden Power",
          "Sunny Day",
          "Taunt",
          "Hyper Beam",
          "Protect",
          "Rain Dance",
          "Frustration",
          "Thunderbolt",
          "Thunder",
          "Return",
          "Dig",
          "Shadow Ball",
          "Brick Break",
          "Double Team",
          "Sludge Wave",
          "Flamethrower",
          "Sludge Bomb",
          "Fire Blast",
          "Rock Tomb",
          "Torment",
          "Facade",
          "Rest",
          "Attract",
          "Thief",
          "Round",
          "Focus Blast",
          "Fling",
          "Incinerate",
          "Explosion",
          "Payback",
          "Giga Impact",
          "Rock Slide",
          "Poison Jab",
          "Swagger",
          "Substitute",
          "Rock Smash"
        ],
        "tmMoves4": [
          "Focus Punch",
          "Toxic",
          "Hidden Power",
          "Sunny Day",
          "Taunt",
          "Hyper Beam",
          "Protect",
          "Rain Dance",
          "Giga Drain",
          "Frustration",
          "Thunderbolt",
          "Thunder",
          "Return",
          "Dig",
          "Shadow Ball",
          "Brick Break",
          "Double Team",
          "Shock Wave",
          "Flamethrower",
          "Sludge Bomb",
          "Fire Blast",
          "Rock Tomb",
          "Torment",
          "Facade",
          "Secret Power",
          "Rest",
          "Attract",
          "Thief",
          "Focus Blast",
          "Fling",
          "Endure",
          "Explosion",
          "Payback",
          "Giga Impact",
          "Captivate",
          "Dark Pulse",
          "Rock Slide",
          "Sleep Talk",
          "Natural Gift",
          "Poison Jab",
          "Swagger",
          "Substitute"
        ],
        "tmMoves3": [
          "Focus Punch",
          "Toxic",
          "Hidden Power",
          "Sunny Day",
          "Taunt",
          "Hyper Beam",
          "Protect",
          "Rain Dance",
          "Giga Drain",
          "Frustration",
          "Thunderbolt",
          "Thunder",
          "Return",
          "Dig",
          "Brick Break",
          "Double Team",
          "Shock Wave",
          "Flamethrower",
          "Sludge Bomb",
          "Fire Blast",
          "Rock Tomb",
          "Torment",
          "Facade",
          "Secret Power",
          "Rest",
          "Attract",
          "Thief"
        ],
        "tmMoves2": [
          "Dynamic Punch",
          "Curse",
          "Toxic",
          "Zap Cannon",
          "Hidden Power",
          "Sunny Day",
          "Snore",
          "Hyper Beam",
          "Protect",
          "Giga Drain",
          "Endure",
          "Frustration",
          "Thunder",
          "Return",
          "Mud-Slap",
          "Double Team",
          "Ice Punch",
          "Swagger",
          "Sleep Talk",
          "Sludge Bomb",
          "Fire Blast",
          "Thunder Punch",
          "Rest",
          "Attract",
          "Thief",
          "Fire Punch"
        ],
        "tmMoves1": [
          "Toxic",
          "Body Slam",
          "Hyper Beam",
          "Rage",
          "Mega Drain",
          "Thunderbolt",
          "Thunder",
          "Mimic",
          "Double Team",
          "Bide",
          "Self-Destruct",
          "Fire Blast",
          "Rest",
          "Explosion",
          "Substitute"
        ],
        "tmMoves": []
      },
      "abilities": {
        "abilities": [
          "Stench",
          "StickyHold"
        ],
        "hiddenAbilities": [
          "PoisonTouch"
        ]
      },
      "movement": {
        "rideable": true,
        "canFly": false,
        "canSurf": false,
        "canRideShoulder": false,
        "ridingOffsets": {
          "standing": {
            "x": 0.0,
            "y": -0.45,
            "z": -0.3
          },
          "moving": {
            "x": 0.0,
            "y": -0.45,
            "z": -0.3
          }
        }
      },
      "aggression": {
        "timid": 80,
        "passive": 0,
        "aggressive": 20
      },
      "battleStats": {
        "hp": 105,
        "attack": 105,
        "defense": 75,
        "specialAttack": 65,
        "specialDefense": 100,
        "speed": 50
      },
      "tags": [],
      "spawn": {
        "baseExp": 157,
        "baseFriendship": 70,
        "spawnLevel": 38,
        "spawnLevelRange": 12,
        "spawnLocations": [
          "LAND"
        ]
      },
      "possibleGenders": [
        "MALE",
        "FEMALE"
      ],
      "genderProperties": [
        {
          "gender": "ALL",
          "palettes": [
            {
              "name": "none",
              "texture": "pixelmon:pokemon/089_muk/all/base/none/texture.png",
              "sprite": "pixelmon:pokemon/089_muk/all/base/none/sprite.png",
              "particle": "",
              "modelLocator": {
                "factoryType": "NORMAL",
                "pqc": [
                  "pixelmon:pokemon/089_muk/all/base/none/model.pqc"
                ]
              },
              "sounds": [
                "pixelmon.mob.muk",
                "pixelmon.mob.muk"
              ]
            },
            {
              "name": "shiny",
              "texture": "pixelmon:pokemon/089_muk/all/base/shiny/texture.png",
              "sprite": "pixelmon:pokemon/089_muk/all/base/shiny/sprite.png",
              "particle": "arcanery:shiny"
            },
			{
              "name": "aquatic",
              "texture": "pixelmon:pokemon/089_muk/all/base/custom-aquatic/texture.png",
              "sprite": "pixelmon:pokemon/089_muk/all/base/custom-aquatic/sprite.png",
              "particle": ""
            },
			{
              "name": "elemental",
              "texture": "pixelmon:pokemon/089_muk/all/base/custom-elemental/texture.png",
              "emissive": "pixelmon:pokemon/089_muk/all/base/custom-elemental/emissive.png",
              "sprite": "pixelmon:pokemon/089_muk/all/base/custom-elemental/sprite.png",
              "particle": ""
            },
			{
              "name": "molten",
              "texture": "pixelmon:pokemon/089_muk/all/base/custom-molten/texture.png",
              "sprite": "pixelmon:pokemon/089_muk/all/base/custom-molten/sprite.png",
              "particle": ""
            },
			{
              "name": "moon",
              "texture": "pixelmon:pokemon/089_muk/all/base/custom-moon/texture.png",
              "sprite": "pixelmon:pokemon/089_muk/all/base/custom-moon/sprite.png",
              "particle": ""
            },
			{
              "name": "psychedelic",
              "texture": "pixelmon:pokemon/089_muk/all/base/custom-psychedelic/texture.png",
              "sprite": "pixelmon:pokemon/089_muk/all/base/custom-psychedelic/sprite.png",
              "particle": ""
            },
			{
              "name": "radioactive",
              "texture": "pixelmon:pokemon/089_muk/all/base/custom-radioactive/texture.png",
              "sprite": "pixelmon:pokemon/089_muk/all/base/custom-radioactive/sprite.png",
              "particle": ""
            },
			{
              "name": "relic castle",
              "texture": "pixelmon:pokemon/089_muk/all/base/custom-relic-castle/texture.png",
              "sprite": "pixelmon:pokemon/089_muk/all/base/custom-relic-castle/sprite.png",
              "particle": ""
            },
			{
              "name": "shadow",
              "texture": "pixelmon:pokemon/089_muk/all/base/custom-shadow/texture.png",
              "sprite": "pixelmon:pokemon/089_muk/all/base/custom-shadow/sprite.png",
              "particle": ""
            },
			{
              "name": "slime",
              "texture": "pixelmon:pokemon/089_muk/all/base/custom-slime/texture.png",
              "sprite": "pixelmon:pokemon/089_muk/all/base/custom-slime/sprite.png",
              "particle": ""
            },
			{
              "name": "sunset",
              "texture": "pixelmon:pokemon/089_muk/all/base/custom-sunset/texture.png",
              "sprite": "pixelmon:pokemon/089_muk/all/base/custom-sunset/sprite.png",
              "particle": ""
            },
			{
              "name": "toy",
              "texture": "pixelmon:pokemon/089_muk/all/base/custom-toy/texture.png",
              "sprite": "pixelmon:pokemon/089_muk/all/base/custom-toy/sprite.png",
              "particle": ""
            },
			{
              "name": "venomous",
              "texture": "pixelmon:pokemon/089_muk/all/base/custom-venomous/texture.png",
              "sprite": "pixelmon:pokemon/089_muk/all/base/custom-venomous/sprite.png",
              "particle": ""
            }
          ]
        }
      ],
      "eggGroups": [
        "AMORPHOUS"
      ],
      "types": [
        "POISON"
      ],
      "preEvolutions": [
        "Grimer"
      ],
      "defaultBaseForm": "",
      "megaItems": [],
      "megas": [],
      "gigantamax": {
        "canHaveFactor": false,
        "canGigantamax": false
      },
      "eggCycles": 21,
      "weight": 30.0,
      "catchRate": 75,
      "malePercentage": 0,
      "evolutions": [],
      "evYields": {
        "hp": 1,
        "attack": 1
      }
    },
    {
      "name": "alolan",
      "moves": {
        "levelUpMoves": [
          {
            "level": 0,
            "attacks": [
              "Bite",
              "Harden",
              "Poison Gas",
              "Pound",
              "Venom Drench"
            ]
          },
          {
            "level": 4,
            "attacks": [
              "Harden"
            ]
          },
          {
            "level": 7,
            "attacks": [
              "Bite"
            ]
          },
          {
            "level": 12,
            "attacks": [
              "Disable"
            ]
          },
          {
            "level": 15,
            "attacks": [
              "Acid Spray"
            ]
          },
          {
            "level": 18,
            "attacks": [
              "Poison Fang"
            ]
          },
          {
            "level": 21,
            "attacks": [
              "Minimize"
            ]
          },
          {
            "level": 26,
            "attacks": [
              "Fling"
            ]
          },
          {
            "level": 29,
            "attacks": [
              "Knock Off"
            ]
          },
          {
            "level": 32,
            "attacks": [
              "Crunch"
            ]
          },
          {
            "level": 37,
            "attacks": [
              "Screech"
            ]
          },
          {
            "level": 40,
            "attacks": [
              "Gunk Shot"
            ]
          },
          {
            "level": 46,
            "attacks": [
              "Acid Armor"
            ]
          },
          {
            "level": 52,
            "attacks": [
              "Belch"
            ]
          },
          {
            "level": 57,
            "attacks": [
              "Memento"
            ]
          }
        ],
        "tutorMoves": [
          "Block",
          "Fire Punch",
          "Focus Punch",
          "Gastro Acid",
          "Giga Drain",
          "Gunk Shot",
          "Ice Punch",
          "Knock Off",
          "Pain Split",
          "Recycle",
          "Shock Wave",
          "Snore",
          "Spite",
          "Thunder Punch"
        ],
        "eggMoves": [
          "Assurance",
          "Clear Smog",
          "Curse",
          "Imprison",
          "Mean Look",
          "Power-Up Punch",
          "Pursuit",
          "Scary Face",
          "Shadow Sneak",
          "Spit Up",
          "Spite",
          "Stockpile",
          "Swallow"
        ],
        "tmMoves8": [],
        "trMoves": [],
        "hmMoves": [],
        "transferMoves": [],
        "tmMoves7": [
          "Toxic",
          "Venoshock",
          "Hidden Power",
          "Sunny Day",
          "Taunt",
          "Hyper Beam",
          "Protect",
          "Rain Dance",
          "Frustration",
          "Return",
          "Shadow Ball",
          "Brick Break",
          "Double Team",
          "Sludge Wave",
          "Flamethrower",
          "Sludge Bomb",
          "Fire Blast",
          "Rock Tomb",
          "Torment",
          "Facade",
          "Rest",
          "Attract",
          "Thief",
          "Round",
          "Focus Blast",
          "Fling",
          "Brutal Swing",
          "Quash",
          "Embargo",
          "Explosion",
          "Payback",
          "Giga Impact",
          "Rock Polish",
          "Stone Edge",
          "Rock Slide",
          "Infestation",
          "Poison Jab",
          "Swagger",
          "Sleep Talk",
          "Substitute",
          "Snarl",
          "Dark Pulse",
          "Confide"
        ],
        "tmMoves6": [],
        "tmMoves5": [],
        "tmMoves4": [],
        "tmMoves3": [],
        "tmMoves2": [],
        "tmMoves1": [],
        "tmMoves": []
      },
      "abilities": {
        "abilities": [
          "PoisonTouch",
          "Gluttony"
        ],
        "hiddenAbilities": [
          "PowerOfAlchemy"
        ]
      },
      "tags": [
        "alolan"
      ],
      "types": [
        "POISON",
        "DARK"
      ],
      "genderProperties": [
        {
          "gender": "ALL",
          "palettes": [
            {
              "name": "none",
              "texture": "pixelmon:pokemon/089_muk/all/alolan/none/texture.png",
              "sprite": "pixelmon:pokemon/089_muk/all/alolan/none/sprite.png",
              "particle": "",
              "modelLocator": {
                "factoryType": "NORMAL",
                "pqc": [
                  "pixelmon:pokemon/089_muk/all/alolan/none/model.pqc"
                ]
              }
            },
            {
              "name": "shiny",
              "texture": "pixelmon:pokemon/089_muk/all/alolan/shiny/texture.png",
              "sprite": "pixelmon:pokemon/089_muk/all/alolan/shiny/sprite.png",
              "particle": "arcanery:shiny"
            },
			{
              "name": "fall festival 1",
              "texture": "pixelmon:pokemon/089_muk/all/alolan/custom-fallfestival1/texture.png",
              "sprite": "pixelmon:pokemon/089_muk/all/alolan/custom-fallfestival1/sprite.png",
              "particle": ""
            },
			{
              "name": "fall festival 2",
              "texture": "pixelmon:pokemon/089_muk/all/alolan/custom-fallfestival2/texture.png",
              "sprite": "pixelmon:pokemon/089_muk/all/alolan/custom-fallfestival2/sprite.png",
              "particle": ""
            },
			{
              "name": "radioactive",
              "texture": "pixelmon:pokemon/089_muk/all/alolan/custom-radioactive/texture.png",
              "sprite": "pixelmon:pokemon/089_muk/all/alolan/custom-radioactive/sprite.png",
              "particle": ""
            },
			{
              "name": "sweetshop",
              "texture": "pixelmon:pokemon/089_muk/all/alolan/custom-sweetshop/texture.png",
              "sprite": "pixelmon:pokemon/089_muk/all/alolan/custom-sweetshop/sprite.png",
              "particle": ""
            }
          ]
        }
      ]
    }
  ],
  "generation": 1
}
