{
  "name": "Shellder",
  "dex": 90,
  "defaultForms": [
    ""
  ],
  "forms": [
    {
      "name": "",
      "experienceGroup": "SLOW",
      "dimensions": {
        "height": 0.8,
        "width": 1.2,
        "length": 1,
        "eyeHeight": 0.8,
        "hoverHeight": 0.8
      },
      "moves": {
        "levelUpMoves": [
          {
            "level": 0,
            "attacks": [
              "Tackle",
              "Water Gun"
            ]
          },
          {
            "level": 4,
            "attacks": [
              "Withdraw"
            ]
          },
          {
            "level": 8,
            "attacks": [
              "Ice Shard"
            ]
          },
          {
            "level": 12,
            "attacks": [
              "Leer"
            ]
          },
          {
            "level": 16,
            "attacks": [
              "Whirlpool"
            ]
          },
          {
            "level": 20,
            "attacks": [
              "Supersonic"
            ]
          },
          {
            "level": 24,
            "attacks": [
              "Aurora Beam"
            ]
          },
          {
            "level": 28,
            "attacks": [
              "Protect"
            ]
          },
          {
            "level": 32,
            "attacks": [
              "Razor Shell"
            ]
          },
          {
            "level": 36,
            "attacks": [
              "Iron Defense"
            ]
          },
          {
            "level": 40,
            "attacks": [
              "Ice Beam"
            ]
          },
          {
            "level": 44,
            "attacks": [
              "Shell Smash"
            ]
          },
          {
            "level": 48,
            "attacks": [
              "Hydro Pump"
            ]
          }
        ],
        "tutorMoves": [],
        "eggMoves": [
          "Aqua Ring",
          "Bubble Beam",
          "Life Dew",
          "Water Pulse"
        ],
        "tmMoves8": [
          "Screech",
          "Self-Destruct",
          "Rest",
          "Snore",
          "Protect",
          "Icy Wind",
          "Attract",
          "Rain Dance",
          "Hail",
          "Whirlpool",
          "Facade",
          "Swift",
          "Dive",
          "Icicle Spear",
          "Mud Shot",
          "Rock Blast",
          "Brine",
          "Payback",
          "Avalanche",
          "Round",
          "Razor Shell"
        ],
        "trMoves": [
          "Hydro Pump",
          "Surf",
          "Ice Beam",
          "Blizzard",
          "Tri Attack",
          "Substitute",
          "Endure",
          "Sleep Talk",
          "Iron Defense",
          "Liquidation"
        ],
        "hmMoves": [],
        "transferMoves": [
          "Barrier",
          "Bide",
          "Captivate",
          "Clamp",
          "Confide",
          "Curse",
          "Double Team",
          "Double-Edge",
          "Explosion",
          "Frustration",
          "Headbutt",
          "Hidden Power",
          "Mimic",
          "Natural Gift",
          "Rage",
          "Rapid Spin",
          "Reflect",
          "Refresh",
          "Return",
          "Secret Power",
          "Swagger",
          "Take Down",
          "Teleport",
          "Toxic",
          "Twineedle"
        ],
        "tmMoves7": [
          "Toxic",
          "Hail",
          "Hidden Power",
          "Ice Beam",
          "Blizzard",
          "Protect",
          "Rain Dance",
          "Frustration",
          "Return",
          "Double Team",
          "Facade",
          "Rest",
          "Attract",
          "Round",
          "Explosion",
          "Payback",
          "Swagger",
          "Sleep Talk",
          "Substitute",
          "Surf",
          "Confide"
        ],
        "tmMoves6": [
          "Toxic",
          "Hail",
          "Hidden Power",
          "Ice Beam",
          "Blizzard",
          "Protect",
          "Rain Dance",
          "Frustration",
          "Return",
          "Double Team",
          "Facade",
          "Rest",
          "Attract",
          "Round",
          "Explosion",
          "Payback",
          "Swagger",
          "Sleep Talk",
          "Substitute",
          "Secret Power",
          "Confide"
        ],
        "tmMoves5": [
          "Toxic",
          "Hail",
          "Hidden Power",
          "Ice Beam",
          "Blizzard",
          "Protect",
          "Rain Dance",
          "Frustration",
          "Return",
          "Double Team",
          "Facade",
          "Rest",
          "Attract",
          "Round",
          "Explosion",
          "Payback",
          "Swagger",
          "Substitute"
        ],
        "tmMoves4": [
          "Water Pulse",
          "Toxic",
          "Hail",
          "Hidden Power",
          "Ice Beam",
          "Blizzard",
          "Protect",
          "Rain Dance",
          "Frustration",
          "Return",
          "Double Team",
          "Facade",
          "Secret Power",
          "Rest",
          "Attract",
          "Brine",
          "Endure",
          "Explosion",
          "Payback",
          "Captivate",
          "Sleep Talk",
          "Natural Gift",
          "Swagger",
          "Substitute"
        ],
        "tmMoves3": [
          "Water Pulse",
          "Toxic",
          "Hail",
          "Hidden Power",
          "Ice Beam",
          "Blizzard",
          "Protect",
          "Rain Dance",
          "Frustration",
          "Return",
          "Double Team",
          "Facade",
          "Secret Power",
          "Rest",
          "Attract"
        ],
        "tmMoves2": [
          "Curse",
          "Toxic",
          "Hidden Power",
          "Snore",
          "Blizzard",
          "Icy Wind",
          "Protect",
          "Rain Dance",
          "Endure",
          "Frustration",
          "Return",
          "Double Team",
          "Swagger",
          "Sleep Talk",
          "Swift",
          "Rest",
          "Attract"
        ],
        "tmMoves1": [
          "Toxic",
          "Take Down",
          "Double-Edge",
          "Bubble Beam",
          "Water Gun",
          "Ice Beam",
          "Blizzard",
          "Rage",
          "Teleport",
          "Mimic",
          "Double Team",
          "Reflect",
          "Bide",
          "Self-Destruct",
          "Swift",
          "Rest",
          "Explosion",
          "Tri Attack",
          "Substitute"
        ],
        "tmMoves": []
      },
      "abilities": {
        "abilities": [
          "ShellArmour",
          "SkillLink"
        ],
        "hiddenAbilities": [
          "Overcoat"
        ]
      },
      "movement": {
        "rideable": false,
        "canFly": false,
        "canSurf": true,
        "canRideShoulder": false,
        "swimmingParameters": {
          "depthRangeStart": 1,
          "depthRangeEnd": 30,
          "swimSpeed": 6,
          "decayRate": 0.95,
          "refreshRate": 60,
          "chanceToStopOnBlock": 0.5,
          "blocksToStopOn": [
            "minecraft:SAND",
            "minecraft:GRAVEL"
          ],
          "minStopTime": 20,
          "maxStopTime": 30,
          "minStopCooldownTime": 5,
          "maxStopCooldownTime": 15,
          "canRotateWhileStopped": true
        }
      },
      "aggression": {
        "timid": 80,
        "passive": 0,
        "aggressive": 20
      },
      "battleStats": {
        "hp": 30,
        "attack": 65,
        "defense": 100,
        "specialAttack": 45,
        "specialDefense": 25,
        "speed": 40
      },
      "tags": [],
      "spawn": {
        "baseExp": 97,
        "baseFriendship": 70,
        "spawnLevel": 5,
        "spawnLevelRange": 10,
        "spawnLocations": [
          "WATER",
          "LAND"
        ]
      },
      "possibleGenders": [
        "MALE",
        "FEMALE"
      ],
      "genderProperties": [
        {
          "gender": "ALL",
          "palettes": [
            {
              "name": "none",
              "texture": "pixelmon:pokemon/090_shellder/all/base/none/texture.png",
              "sprite": "pixelmon:pokemon/090_shellder/all/base/none/sprite.png",
              "particle": "",
              "modelLocator": {
                "factoryType": "NORMAL",
                "pqc": [
                  "pixelmon:pokemon/090_shellder/all/base/none/model.pqc"
                ]
              },
              "sounds": [
                "pixelmon.mob.shellder"
              ]
            },
            {
              "name": "shiny",
              "texture": "pixelmon:pokemon/090_shellder/all/base/shiny/texture.png",
              "sprite": "pixelmon:pokemon/090_shellder/all/base/shiny/sprite.png",
              "particle": "arcanery:shiny"
            },
            {
              "name": "valencian",
              "texture": "pixelmon:pokemon/090_shellder/all/base/valencian/texture.png",
              "sprite": "pixelmon:pokemon/090_shellder/all/base/valencian/sprite.png",
              "particle": ""
            },
			{
              "name": "aquatic",
              "texture": "pixelmon:pokemon/090_shellder/all/base/custom-aquatic/texture.png",
              "sprite": "pixelmon:pokemon/090_shellder/all/base/custom-aquatic/sprite.png",
              "particle": ""
            },
			{
              "name": "dream",
              "texture": "pixelmon:pokemon/090_shellder/all/base/custom-dream/texture.png",
              "sprite": "pixelmon:pokemon/090_shellder/all/base/custom-dream/sprite.png",
              "particle": ""
            },
			{
              "name": "river",
              "texture": "pixelmon:pokemon/090_shellder/all/base/custom-river/texture.png",
              "sprite": "pixelmon:pokemon/090_shellder/all/base/custom-river/sprite.png",
              "particle": ""
            },
			{
              "name": "shadow",
              "texture": "pixelmon:pokemon/090_shellder/all/base/custom-shadow/texture.png",
              "sprite": "pixelmon:pokemon/090_shellder/all/base/custom-shadow/sprite.png",
              "particle": ""
            },
			{
              "name": "toy",
              "texture": "pixelmon:pokemon/090_shellder/all/base/custom-toy/texture.png",
              "sprite": "pixelmon:pokemon/090_shellder/all/base/custom-toy/sprite.png",
              "particle": ""
            }
          ]
        }
      ],
      "eggGroups": [
        "WATER_THREE"
      ],
      "types": [
        "WATER"
      ],
      "preEvolutions": [],
      "defaultBaseForm": "",
      "megaItems": [],
      "megas": [],
      "gigantamax": {
        "canHaveFactor": false,
        "canGigantamax": false
      },
      "eggCycles": 21,
      "weight": 4.0,
      "catchRate": 190,
      "malePercentage": 0,
      "evolutions": [
        {
          "item": {
            "itemID": "pixelmon:water_stone"
          },
          "to": "Cloyster",
          "conditions": [],
          "evoType": "interact",
          "moves": [
            "Icicle Spear"
          ]
        }
      ],
      "evYields": {
        "defense": 1
      }
    }
  ],
  "generation": 1
}
