{
  "name": "Onix",
  "dex": 95,
  "defaultForms": [
    ""
  ],
  "forms": [
    {
      "name": "",
      "experienceGroup": "MEDIUM_FAST",
      "dimensions": {
        "height": 4.8,
        "width": 2.2,
        "length": 1,
        "eyeHeight": 4.8,
        "hoverHeight": 4.8
      },
      "moves": {
        "levelUpMoves": [
          {
            "level": 0,
            "attacks": [
              "Bind",
              "Harden",
              "Rock Throw",
              "Tackle"
            ]
          },
          {
            "level": 4,
            "attacks": [
              "Smack Down"
            ]
          },
          {
            "level": 8,
            "attacks": [
              "Rock Polish"
            ]
          },
          {
            "level": 12,
            "attacks": [
              "Dragon Breath"
            ]
          },
          {
            "level": 16,
            "attacks": [
              "Curse"
            ]
          },
          {
            "level": 20,
            "attacks": [
              "Rock Slide"
            ]
          },
          {
            "level": 24,
            "attacks": [
              "Screech"
            ]
          },
          {
            "level": 28,
            "attacks": [
              "Sand Tomb"
            ]
          },
          {
            "level": 32,
            "attacks": [
              "Stealth Rock"
            ]
          },
          {
            "level": 36,
            "attacks": [
              "Slam"
            ]
          },
          {
            "level": 40,
            "attacks": [
              "Sandstorm"
            ]
          },
          {
            "level": 44,
            "attacks": [
              "Dig"
            ]
          },
          {
            "level": 48,
            "attacks": [
              "Iron Tail"
            ]
          },
          {
            "level": 52,
            "attacks": [
              "Stone Edge"
            ]
          },
          {
            "level": 56,
            "attacks": [
              "Double-Edge"
            ]
          }
        ],
        "tutorMoves": [
          "Meteor Beam",
          "Scorching Sands"
        ],
        "eggMoves": [
          "Block",
          "Defense Curl",
          "Dragon Tail",
          "Flail",
          "Head Smash",
          "Rollout",
          "Wide Guard"
        ],
        "tmMoves8": [
          "Dig",
          "Screech",
          "Self-Destruct",
          "Rest",
          "Rock Slide",
          "Snore",
          "Protect",
          "Scary Face",
          "Attract",
          "Sandstorm",
          "Sunny Day",
          "Facade",
          "Rock Tomb",
          "Sand Tomb",
          "Rock Blast",
          "Payback",
          "Round",
          "Bulldoze",
          "Brutal Swing",
          "Stomping Tantrum",
          "Breaking Swipe"
        ],
        "trMoves": [
          "Body Slam",
          "Earthquake",
          "Substitute",
          "Endure",
          "Sleep Talk",
          "Iron Tail",
          "Taunt",
          "Dragon Dance",
          "Gyro Ball",
          "Dragon Pulse",
          "Earth Power",
          "Flash Cannon",
          "Iron Head",
          "Stone Edge",
          "Stealth Rock",
          "Heavy Slam",
          "Drill Run",
          "High Horsepower",
          "Body Press"
        ],
        "hmMoves": [],
        "transferMoves": [
          "Ancient Power",
          "Bide",
          "Captivate",
          "Confide",
          "Double Team",
          "Explosion",
          "Fissure",
          "Frustration",
          "Headbutt",
          "Hidden Power",
          "Mimic",
          "Mud Sport",
          "Mud-Slap",
          "Natural Gift",
          "Nature Power",
          "Psych Up",
          "Rage",
          "Return",
          "Roar",
          "Rock Climb",
          "Rock Smash",
          "Rototiller",
          "Secret Power",
          "Skull Bash",
          "Strength",
          "Swagger",
          "Take Down",
          "Torment",
          "Toxic",
          "Twister"
        ],
        "tmMoves7": [
          "Roar",
          "Toxic",
          "Hidden Power",
          "Sunny Day",
          "Taunt",
          "Protect",
          "Frustration",
          "Smack Down",
          "Earthquake",
          "Return",
          "Double Team",
          "Sandstorm",
          "Rock Tomb",
          "Torment",
          "Facade",
          "Rest",
          "Attract",
          "Round",
          "Brutal Swing",
          "Explosion",
          "Payback",
          "Rock Polish",
          "Stone Edge",
          "Gyro Ball",
          "Psych Up",
          "Bulldoze",
          "Rock Slide",
          "Dragon Tail",
          "Swagger",
          "Sleep Talk",
          "Substitute",
          "Flash Cannon",
          "Nature Power",
          "Confide"
        ],
        "tmMoves6": [
          "Roar",
          "Toxic",
          "Hidden Power",
          "Sunny Day",
          "Taunt",
          "Protect",
          "Frustration",
          "Smack Down",
          "Earthquake",
          "Return",
          "Dig",
          "Double Team",
          "Sandstorm",
          "Rock Tomb",
          "Torment",
          "Facade",
          "Rest",
          "Attract",
          "Round",
          "Explosion",
          "Payback",
          "Rock Polish",
          "Stone Edge",
          "Gyro Ball",
          "Psych Up",
          "Bulldoze",
          "Rock Slide",
          "Dragon Tail",
          "Swagger",
          "Sleep Talk",
          "Substitute",
          "Flash Cannon",
          "Secret Power",
          "Nature Power",
          "Confide"
        ],
        "tmMoves5": [
          "Roar",
          "Toxic",
          "Hidden Power",
          "Sunny Day",
          "Taunt",
          "Protect",
          "Frustration",
          "Smack Down",
          "Earthquake",
          "Return",
          "Dig",
          "Double Team",
          "Sandstorm",
          "Rock Tomb",
          "Torment",
          "Facade",
          "Rest",
          "Attract",
          "Round",
          "Explosion",
          "Payback",
          "Rock Polish",
          "Stone Edge",
          "Gyro Ball",
          "Psych Up",
          "Bulldoze",
          "Rock Slide",
          "Dragon Tail",
          "Swagger",
          "Substitute",
          "Flash Cannon",
          "Rock Smash"
        ],
        "tmMoves4": [
          "Roar",
          "Toxic",
          "Hidden Power",
          "Sunny Day",
          "Taunt",
          "Protect",
          "Frustration",
          "Iron Tail",
          "Earthquake",
          "Return",
          "Dig",
          "Double Team",
          "Sandstorm",
          "Rock Tomb",
          "Torment",
          "Facade",
          "Secret Power",
          "Rest",
          "Attract",
          "Endure",
          "Dragon Pulse",
          "Explosion",
          "Payback",
          "Rock Polish",
          "Stone Edge",
          "Gyro Ball",
          "Stealth Rock",
          "Psych Up",
          "Captivate",
          "Rock Slide",
          "Sleep Talk",
          "Natural Gift",
          "Swagger",
          "Substitute",
          "Flash Cannon"
        ],
        "tmMoves3": [
          "Roar",
          "Toxic",
          "Hidden Power",
          "Sunny Day",
          "Taunt",
          "Protect",
          "Frustration",
          "Iron Tail",
          "Earthquake",
          "Return",
          "Dig",
          "Double Team",
          "Sandstorm",
          "Rock Tomb",
          "Torment",
          "Facade",
          "Secret Power",
          "Rest",
          "Attract"
        ],
        "tmMoves2": [
          "Headbutt",
          "Curse",
          "Roar",
          "Toxic",
          "Rock Smash",
          "Hidden Power",
          "Sunny Day",
          "Snore",
          "Protect",
          "Endure",
          "Frustration",
          "Iron Tail",
          "Earthquake",
          "Return",
          "Dig",
          "Mud-Slap",
          "Double Team",
          "Swagger",
          "Sleep Talk",
          "Sandstorm",
          "Rest",
          "Attract"
        ],
        "tmMoves1": [
          "Toxic",
          "Body Slam",
          "Take Down",
          "Double-Edge",
          "Rage",
          "Earthquake",
          "Fissure",
          "Dig",
          "Mimic",
          "Double Team",
          "Bide",
          "Self-Destruct",
          "Skull Bash",
          "Rest",
          "Explosion",
          "Rock Slide",
          "Substitute"
        ],
        "tmMoves": []
      },
      "abilities": {
        "abilities": [
          "RockHead",
          "Sturdy"
        ],
        "hiddenAbilities": [
          "WeakArmor"
        ]
      },
      "movement": {
        "rideable": true,
        "canFly": false,
        "canSurf": false,
        "canRideShoulder": false,
        "ridingOffsets": {
          "standing": {
            "x": 0.0,
            "y": -1.2,
            "z": -1.0
          },
          "moving": {
            "x": 0.0,
            "y": -0.3,
            "z": 1.0
          }
        }
      },
      "aggression": {
        "timid": 80,
        "passive": 0,
        "aggressive": 20
      },
      "battleStats": {
        "hp": 35,
        "attack": 45,
        "defense": 160,
        "specialAttack": 30,
        "specialDefense": 45,
        "speed": 70
      },
      "tags": [],
      "spawn": {
        "baseExp": 108,
        "baseFriendship": 70,
        "spawnLevel": 10,
        "spawnLevelRange": 40,
        "spawnLocations": [
          "LAND"
        ]
      },
      "possibleGenders": [
        "MALE",
        "FEMALE"
      ],
      "genderProperties": [
        {
          "gender": "ALL",
          "palettes": [
            {
              "name": "none",
              "texture": "pixelmon:pokemon/095_onix/all/base/none/texture.png",
              "sprite": "pixelmon:pokemon/095_onix/all/base/none/sprite.png",
              "particle": "",
              "modelLocator": {
                "factoryType": "NORMAL",
                "pqc": [
                  "pixelmon:pokemon/095_onix/all/base/none/model.pqc"
                ]
              },
              "sounds": [
                "pixelmon.mob.onix"
              ]
            },
            {
              "name": "shiny",
              "texture": "pixelmon:pokemon/095_onix/all/base/shiny/texture.png",
              "sprite": "pixelmon:pokemon/095_onix/all/base/shiny/sprite.png",
              "particle": "arcanery:shiny"
            },
            {
              "name": "crystal",
              "texture": "pixelmon:pokemon/095_onix/all/base/crystal/texture.png",
              "sprite": "pixelmon:pokemon/095_onix/all/base/crystal/sprite.png",
              "particle": ""
            },
			{
              "name": "anubis",
              "texture": "pixelmon:pokemon/095_onix/all/base/custom-anubis/texture.png",
              "sprite": "pixelmon:pokemon/095_onix/all/base/custom-anubis/sprite.png",
              "particle": ""
            },
			{
              "name": "forest",
              "texture": "pixelmon:pokemon/095_onix/all/base/custom-forest/texture.png",
              "sprite": "pixelmon:pokemon/095_onix/all/base/custom-forest/sprite.png",
              "particle": ""
            },
			{
              "name": "gembound",
              "texture": "pixelmon:pokemon/095_onix/all/base/custom-gembound/texture.png",
              "sprite": "pixelmon:pokemon/095_onix/all/base/custom-gembound/sprite.png",
              "particle": ""
            },
			{
              "name": "halloween",
              "texture": "pixelmon:pokemon/095_onix/all/base/custom-halloween/texture.png",
              "sprite": "pixelmon:pokemon/095_onix/all/base/custom-halloween/sprite.png",
              "particle": ""
            },
			{
              "name": "irradiated",
              "texture": "pixelmon:pokemon/095_onix/all/base/custom-irradiated/texture.png",
              "sprite": "pixelmon:pokemon/095_onix/all/base/custom-irradiated/sprite.png",
              "particle": ""
            },
			{
              "name": "terra",
              "texture": "pixelmon:pokemon/095_onix/all/base/custom-terra/texture.png",
              "sprite": "pixelmon:pokemon/095_onix/all/base/custom-terra/sprite.png",
              "particle": ""
            },
			{
              "name": "winter 1",
              "texture": "pixelmon:pokemon/095_onix/all/base/custom-winter1/texture.png",
              "sprite": "pixelmon:pokemon/095_onix/all/base/custom-winter1/sprite.png",
              "particle": ""
            },
			{
              "name": "winter 2",
              "texture": "pixelmon:pokemon/095_onix/all/base/custom-winter2/texture.png",
              "sprite": "pixelmon:pokemon/095_onix/all/base/custom-winter2/sprite.png",
              "particle": ""
            }
          ]
        }
      ],
      "eggGroups": [
        "MINERAL"
      ],
      "types": [
        "ROCK",
        "GROUND"
      ],
      "preEvolutions": [],
      "defaultBaseForm": "",
      "megaItems": [],
      "megas": [],
      "gigantamax": {
        "canHaveFactor": false,
        "canGigantamax": false
      },
      "eggCycles": 26,
      "weight": 210.0,
      "catchRate": 45,
      "malePercentage": 0,
      "evolutions": [
        {
          "to": "Steelix",
          "conditions": [
            {
              "item": {
                "itemID": "pixelmon:metal_coat"
              },
              "evoConditionType": "heldItem"
            }
          ],
          "evoType": "trade"
        },
        {
          "item": {
            "itemID": "pixelmon:linking_cord"
          },
          "to": "Steelix",
          "conditions": [
            {
              "item": {
                "itemID": "pixelmon:metal_coat"
              },
              "evoConditionType": "heldItem"
            }
          ],
          "evoType": "interact"
        }
      ],
      "evYields": {
        "defense": 1
      }
    }
  ],
  "generation": 1
}
