{
  "name": "Voltorb",
  "dex": 100,
  "defaultForms": [
    ""
  ],
  "forms": [
    {
      "name": "",
      "experienceGroup": "MEDIUM_FAST",
      "dimensions": {
        "height": 0.5,
        "width": 0.5,
        "length": 1,
        "eyeHeight": 0.5,
        "hoverHeight": 0.5
      },
      "moves": {
        "levelUpMoves": [
          {
            "level": 0,
            "attacks": [
              "Charge",
              "Tackle"
            ]
          },
          {
            "level": 4,
            "attacks": [
              "Sonic Boom"
            ]
          },
          {
            "level": 6,
            "attacks": [
              "Eerie Impulse"
            ]
          },
          {
            "level": 9,
            "attacks": [
              "Spark"
            ]
          },
          {
            "level": 11,
            "attacks": [
              "Rollout"
            ]
          },
          {
            "level": 13,
            "attacks": [
              "Screech"
            ]
          },
          {
            "level": 16,
            "attacks": [
              "Charge Beam"
            ]
          },
          {
            "level": 20,
            "attacks": [
              "Swift"
            ]
          },
          {
            "level": 22,
            "attacks": [
              "Electro Ball"
            ]
          },
          {
            "level": 26,
            "attacks": [
              "Self-Destruct"
            ]
          },
          {
            "level": 29,
            "attacks": [
              "Light Screen"
            ]
          },
          {
            "level": 34,
            "attacks": [
              "Magnet Rise"
            ]
          },
          {
            "level": 37,
            "attacks": [
              "Discharge"
            ]
          },
          {
            "level": 41,
            "attacks": [
              "Explosion"
            ]
          },
          {
            "level": 46,
            "attacks": [
              "Gyro Ball"
            ]
          },
          {
            "level": 48,
            "attacks": [
              "Mirror Coat"
            ]
          }
        ],
        "tutorMoves": [
          "Foul Play",
          "Magic Coat",
          "Magnet Rise",
          "Shock Wave",
          "Signal Beam",
          "Snore"
        ],
        "eggMoves": [],
        "tmMoves8": [],
        "trMoves": [],
        "hmMoves": [],
        "transferMoves": [
          "Bide",
          "Curse",
          "Endure",
          "Flash",
          "Mimic",
          "Natural Gift",
          "Rage",
          "Refresh",
          "Secret Power",
          "Sucker Punch",
          "Take Down",
          "Zap Cannon"
        ],
        "tmMoves7": [
          "Toxic",
          "Hidden Power",
          "Taunt",
          "Light Screen",
          "Protect",
          "Rain Dance",
          "Frustration",
          "Thunderbolt",
          "Thunder",
          "Return",
          "Double Team",
          "Torment",
          "Facade",
          "Rest",
          "Thief",
          "Round",
          "Charge Beam",
          "Explosion",
          "Volt Switch",
          "Thunder Wave",
          "Gyro Ball",
          "Swagger",
          "Sleep Talk",
          "Substitute",
          "Wild Charge",
          "Confide"
        ],
        "tmMoves6": [
          "Toxic",
          "Hidden Power",
          "Taunt",
          "Light Screen",
          "Protect",
          "Rain Dance",
          "Frustration",
          "Thunderbolt",
          "Thunder",
          "Return",
          "Double Team",
          "Torment",
          "Facade",
          "Rest",
          "Thief",
          "Round",
          "Charge Beam",
          "Explosion",
          "Flash",
          "Volt Switch",
          "Thunder Wave",
          "Gyro Ball",
          "Swagger",
          "Sleep Talk",
          "Substitute",
          "Wild Charge",
          "Secret Power",
          "Confide"
        ],
        "tmMoves5": [
          "Toxic",
          "Hidden Power",
          "Taunt",
          "Light Screen",
          "Protect",
          "Rain Dance",
          "Frustration",
          "Thunderbolt",
          "Thunder",
          "Return",
          "Double Team",
          "Torment",
          "Facade",
          "Rest",
          "Thief",
          "Round",
          "Charge Beam",
          "Explosion",
          "Flash",
          "Volt Switch",
          "Thunder Wave",
          "Gyro Ball",
          "Swagger",
          "Substitute",
          "Wild Charge"
        ],
        "tmMoves4": [
          "Toxic",
          "Hidden Power",
          "Taunt",
          "Light Screen",
          "Protect",
          "Rain Dance",
          "Frustration",
          "Thunderbolt",
          "Thunder",
          "Return",
          "Double Team",
          "Shock Wave",
          "Torment",
          "Facade",
          "Secret Power",
          "Rest",
          "Thief",
          "Charge Beam",
          "Endure",
          "Explosion",
          "Flash",
          "Thunder Wave",
          "Gyro Ball",
          "Sleep Talk",
          "Natural Gift",
          "Swagger",
          "Substitute"
        ],
        "tmMoves3": [
          "Toxic",
          "Hidden Power",
          "Taunt",
          "Light Screen",
          "Protect",
          "Rain Dance",
          "Frustration",
          "Thunderbolt",
          "Thunder",
          "Return",
          "Double Team",
          "Shock Wave",
          "Torment",
          "Facade",
          "Secret Power",
          "Rest",
          "Thief"
        ],
        "tmMoves2": [
          "Headbutt",
          "Curse",
          "Rollout",
          "Toxic",
          "Zap Cannon",
          "Hidden Power",
          "Snore",
          "Protect",
          "Rain Dance",
          "Endure",
          "Frustration",
          "Thunder",
          "Return",
          "Double Team",
          "Swagger",
          "Sleep Talk",
          "Swift",
          "Rest"
        ],
        "tmMoves1": [
          "Toxic",
          "Take Down",
          "Rage",
          "Thunderbolt",
          "Thunder",
          "Teleport",
          "Mimic",
          "Double Team",
          "Reflect",
          "Bide",
          "Self-Destruct",
          "Swift",
          "Rest",
          "Thunder Wave",
          "Explosion",
          "Substitute"
        ],
        "tmMoves": []
      },
      "abilities": {
        "abilities": [
          "Soundproof",
          "Static"
        ],
        "hiddenAbilities": [
          "Aftermath"
        ]
      },
      "movement": {
        "rideable": false,
        "canFly": false,
        "canSurf": false,
        "canRideShoulder": false
      },
      "aggression": {
        "timid": 80,
        "passive": 0,
        "aggressive": 20
      },
      "battleStats": {
        "hp": 40,
        "attack": 30,
        "defense": 50,
        "specialAttack": 55,
        "specialDefense": 55,
        "speed": 100
      },
      "tags": [],
      "spawn": {
        "baseExp": 103,
        "baseFriendship": 70,
        "spawnLevel": 10,
        "spawnLevelRange": 20,
        "spawnLocations": [
          "LAND"
        ]
      },
      "possibleGenders": [
        "MALE",
        "FEMALE"
      ],
      "genderProperties": [
        {
          "gender": "ALL",
          "palettes": [
            {
              "name": "none",
              "texture": "pixelmon:pokemon/100_voltorb/all/base/none/texture.png",
              "sprite": "pixelmon:pokemon/100_voltorb/all/base/none/sprite.png",
              "particle": "",
              "modelLocator": {
                "factoryType": "NORMAL",
                "pqc": [
                  "pixelmon:pokemon/100_voltorb/all/base/none/model.pqc"
                ]
              },
              "sounds": [
                "pixelmon.mob.voltorb"
              ]
            },
            {
              "name": "shiny",
              "texture": "pixelmon:pokemon/100_voltorb/all/base/shiny/texture.png",
              "sprite": "pixelmon:pokemon/100_voltorb/all/base/shiny/sprite.png",
              "particle": "arcanery:shiny"
            },
			{
              "name": "christmas",
              "texture": "pixelmon:pokemon/100_voltorb/all/base/custom-christmas/texture.png",
              "sprite": "pixelmon:pokemon/100_voltorb/all/base/custom-christmas/sprite.png",
              "particle": ""
            },
			{
              "name": "easter",
              "texture": "pixelmon:pokemon/100_voltorb/all/base/custom-easter/texture.png",
              "sprite": "pixelmon:pokemon/100_voltorb/all/base/custom-easter/sprite.png",
              "particle": ""
            },
			{
              "name": "glass",
              "texture": "pixelmon:pokemon/100_voltorb/all/base/custom-glass/texture.png",
              "sprite": "pixelmon:pokemon/100_voltorb/all/base/custom-glass/sprite.png",
              "particle": ""
            },
			{
              "name": "halloween",
              "texture": "pixelmon:pokemon/100_voltorb/all/base/custom-halloween/texture.png",
              "sprite": "pixelmon:pokemon/100_voltorb/all/base/custom-halloween/sprite.png",
              "particle": ""
            },
			{
              "name": "shadow 1",
              "texture": "pixelmon:pokemon/100_voltorb/all/base/custom-shadow1/texture.png",
              "sprite": "pixelmon:pokemon/100_voltorb/all/base/custom-shadow1/sprite.png",
              "particle": ""
            },
			{
              "name": "shadow 2",
              "texture": "pixelmon:pokemon/100_voltorb/all/base/custom-shadow2/texture.png",
              "sprite": "pixelmon:pokemon/100_voltorb/all/base/custom-shadow2/sprite.png",
              "particle": ""
            },
			{
              "name": "toy",
              "texture": "pixelmon:pokemon/100_voltorb/all/base/custom-toy/texture.png",
              "sprite": "pixelmon:pokemon/100_voltorb/all/base/custom-toy/sprite.png",
              "particle": ""
            },
			{
              "name": "winter 1",
              "texture": "pixelmon:pokemon/100_voltorb/all/base/custom-winter1/texture.png",
              "sprite": "pixelmon:pokemon/100_voltorb/all/base/custom-winter1/sprite.png",
              "particle": ""
            },
			{
              "name": "winter 2",
              "texture": "pixelmon:pokemon/100_voltorb/all/base/custom-winter2/texture.png",
              "sprite": "pixelmon:pokemon/100_voltorb/all/base/custom-winter2/sprite.png",
              "particle": ""
            }
          ]
        }
      ],
      "eggGroups": [
        "MINERAL"
      ],
      "types": [
        "ELECTRIC"
      ],
      "preEvolutions": [],
      "defaultBaseForm": "",
      "megaItems": [],
      "megas": [],
      "gigantamax": {
        "canHaveFactor": false,
        "canGigantamax": false
      },
      "eggCycles": 21,
      "weight": 10.4,
      "catchRate": 190,
      "malePercentage": 0,
      "evolutions": [
        {
          "level": 30,
          "to": "Electrode",
          "conditions": [],
          "evoType": "leveling"
        }
      ],
      "evYields": {
        "speed": 1
      }
    },
    {
      "name": "hisuian",
      "experienceGroup": "MEDIUM_FAST",
      "dimensions": {
        "height": 0.5,
        "width": 0.5,
        "length": 1,
        "eyeHeight": 0.5,
        "hoverHeight": 0.5
      },
      "moves": {
        "levelUpMoves": [
          {
            "level": 0,
            "attacks": [
              "Thunder Shock"
            ]
          },
          {
            "level": 5,
            "attacks": [
              "Tackle"
            ]
          },
          {
            "level": 9,
            "attacks": [
              "Thunder Wave"
            ]
          },
          {
            "level": 15,
            "attacks": [
              "Spark"
            ]
          },
          {
            "level": 21,
            "attacks": [
              "Energy Ball"
            ]
          },
          {
            "level": 29,
            "attacks": [
              "Thunderbolt"
            ]
          },
          {
            "level": 37,
            "attacks": [
              "Thunder"
            ]
          },
          {
            "level": 47,
            "attacks": [
              "Self-Destruct"
            ]
          }
        ],
        "tutorMoves": [],
        "eggMoves": [],
        "tmMoves8": [],
        "trMoves": [],
        "hmMoves": [],
        "transferMoves": [],
        "tmMoves7": [],
        "tmMoves6": [],
        "tmMoves5": [],
        "tmMoves4": [],
        "tmMoves3": [],
        "tmMoves2": [],
        "tmMoves1": [],
        "tmMoves": []
      },
      "abilities": {
        "abilities": [
          "Soundproof",
          "Static"
        ],
        "hiddenAbilities": [
          "Aftermath"
        ]
      },
      "movement": {
        "rideable": false,
        "canFly": false,
        "canSurf": false,
        "canRideShoulder": false
      },
      "aggression": {
        "timid": 80,
        "passive": 0,
        "aggressive": 20
      },
      "battleStats": {
        "hp": 40,
        "attack": 30,
        "defense": 50,
        "specialAttack": 55,
        "specialDefense": 55,
        "speed": 100
      },
      "tags": [
        "hisuian"
      ],
      "spawn": {
        "baseExp": 103,
        "baseFriendship": 70,
        "spawnLevel": 10,
        "spawnLevelRange": 20,
        "spawnLocations": [
          "LAND"
        ]
      },
      "possibleGenders": [
        "MALE",
        "FEMALE"
      ],
      "genderProperties": [
        {
          "gender": "ALL",
          "palettes": [
            {
              "name": "none",
              "texture": "pixelmon:pokemon/100_voltorb/all/hisuian/none/texture.png",
              "sprite": "pixelmon:pokemon/100_voltorb/all/hisuian/none/sprite.png",
              "particle": "",
              "modelLocator": {
                "factoryType": "NORMAL",
                "pqc": [
                  "pixelmon:pokemon/100_voltorb/all/hisuian/none/model.pqc"
                ]
              }
            },
            {
              "name": "shiny",
              "texture": "pixelmon:pokemon/100_voltorb/all/hisuian/shiny/texture.png",
              "sprite": "pixelmon:pokemon/100_voltorb/all/hisuian/shiny/sprite.png",
              "particle": "arcanery:shiny"
            }
          ]
        }
      ],
      "eggGroups": [
        "MINERAL"
      ],
      "types": [
        "ELECTRIC",
        "GRASS"
      ],
      "preEvolutions": [],
      "defaultBaseForm": "",
      "megaItems": [],
      "megas": [],
      "gigantamax": {
        "canHaveFactor": false,
        "canGigantamax": false
      },
      "eggCycles": 21,
      "weight": 13.0,
      "catchRate": 190,
      "malePercentage": -1,
      "evolutions": [
        {
          "item": {
            "itemID": "pixelmon:leaf_stone"
          },
          "to": "Electrode form:hisuian",
          "conditions": [],
          "evoType": "interact",
          "moves": []
        }
      ]
    }
  ],
  "generation": 1
}
