{
  "name": "Exeggutor",
  "dex": 103,
  "defaultForms": [
    ""
  ],
  "forms": [
    {
      "name": "",
      "experienceGroup": "SLOW",
      "dimensions": {
        "height": 2.4,
        "width": 1.6,
        "length": 1,
        "eyeHeight": 2.4,
        "hoverHeight": 2.4
      },
      "moves": {
        "levelUpMoves": [
          {
            "level": 0,
            "attacks": [
              "Absorb",
              "Bullet Seed",
              "Confusion",
              "Extrasensory",
              "Giga Drain",
              "Hypnosis",
              "Leaf Storm",
              "Leech Seed",
              "Mega Drain",
              "Psyshock",
              "Reflect",
              "Seed Bomb",
              "Solar Beam",
              "Stomp",
              "Synthesis",
              "Uproar",
              "Wood Hammer",
              "Worry Seed"
            ]
          },
          {
            "level": 17,
            "attacks": [
              "Psyshock"
            ]
          },
          {
            "level": 27,
            "attacks": [
              "Egg Bomb"
            ]
          },
          {
            "level": 37,
            "attacks": [
              "Wood Hammer"
            ]
          },
          {
            "level": 47,
            "attacks": [
              "Leaf Storm"
            ]
          }
        ],
        "tutorMoves": [
          "Expanding Force",
          "Grassy Glide",
          "Terrain Pulse"
        ],
        "eggMoves": [
          "Ancient Power",
          "Block",
          "Curse",
          "Ingrain",
          "Moonlight",
          "Poison Powder",
          "Sleep Powder",
          "Stun Spore"
        ],
        "tmMoves8": [
          "Hyper Beam",
          "Giga Impact",
          "Magical Leaf",
          "Solar Beam",
          "Light Screen",
          "Reflect",
          "Self-Destruct",
          "Rest",
          "Thief",
          "Snore",
          "Protect",
          "Giga Drain",
          "Attract",
          "Sunny Day",
          "Facade",
          "Bullet Seed",
          "Power Swap",
          "Psycho Cut",
          "Trick Room",
          "Round",
          "Bulldoze",
          "Grassy Terrain",
          "Stomping Tantrum"
        ],
        "trMoves": [
          "Swords Dance",
          "Low Kick",
          "Psychic",
          "Substitute",
          "Sludge Bomb",
          "Psyshock",
          "Endure",
          "Sleep Talk",
          "Future Sight",
          "Uproar",
          "Skill Swap",
          "Calm Mind",
          "Seed Bomb",
          "Energy Ball",
          "Zen Headbutt",
          "Leaf Storm",
          "Grass Knot"
        ],
        "hmMoves": [],
        "transferMoves": [
          "Barrage",
          "Bestow",
          "Bide",
          "Captivate",
          "Confide",
          "Double Team",
          "Double-Edge",
          "Dream Eater",
          "Egg Bomb",
          "Explosion",
          "Flash",
          "Frustration",
          "Gravity",
          "Headbutt",
          "Hidden Power",
          "Infestation",
          "Lucky Chant",
          "Mimic",
          "Natural Gift",
          "Nature Power",
          "Nightmare",
          "Power Whip",
          "Psybeam",
          "Psych Up",
          "Psywave",
          "Rage",
          "Refresh",
          "Return",
          "Rollout",
          "Secret Power",
          "Strength",
          "Swagger",
          "Sweet Scent",
          "Take Down",
          "Telekinesis",
          "Teleport",
          "Toxic",
          "Wish"
        ],
        "tmMoves7": [
          "Psyshock",
          "Toxic",
          "Hidden Power",
          "Sunny Day",
          "Hyper Beam",
          "Light Screen",
          "Protect",
          "Frustration",
          "Solar Beam",
          "Return",
          "Psychic",
          "Double Team",
          "Reflect",
          "Sludge Bomb",
          "Facade",
          "Rest",
          "Attract",
          "Thief",
          "Round",
          "Energy Ball",
          "Explosion",
          "Giga Impact",
          "Swords Dance",
          "Psych Up",
          "Infestation",
          "Dream Eater",
          "Grass Knot",
          "Swagger",
          "Sleep Talk",
          "Substitute",
          "Trick Room",
          "Nature Power",
          "Confide"
        ],
        "tmMoves6": [
          "Psyshock",
          "Toxic",
          "Hidden Power",
          "Sunny Day",
          "Hyper Beam",
          "Light Screen",
          "Protect",
          "Frustration",
          "Solar Beam",
          "Return",
          "Psychic",
          "Double Team",
          "Reflect",
          "Sludge Bomb",
          "Facade",
          "Rest",
          "Attract",
          "Thief",
          "Round",
          "Energy Ball",
          "Explosion",
          "Giga Impact",
          "Flash",
          "Swords Dance",
          "Psych Up",
          "Infestation",
          "Dream Eater",
          "Grass Knot",
          "Swagger",
          "Sleep Talk",
          "Substitute",
          "Trick Room",
          "Secret Power",
          "Nature Power",
          "Confide"
        ],
        "tmMoves5": [
          "Psyshock",
          "Toxic",
          "Hidden Power",
          "Sunny Day",
          "Hyper Beam",
          "Light Screen",
          "Protect",
          "Telekinesis",
          "Frustration",
          "Solar Beam",
          "Return",
          "Psychic",
          "Double Team",
          "Reflect",
          "Sludge Bomb",
          "Facade",
          "Rest",
          "Attract",
          "Thief",
          "Round",
          "Energy Ball",
          "Explosion",
          "Giga Impact",
          "Flash",
          "Swords Dance",
          "Psych Up",
          "Dream Eater",
          "Grass Knot",
          "Swagger",
          "Substitute",
          "Trick Room"
        ],
        "tmMoves4": [
          "Toxic",
          "Bullet Seed",
          "Hidden Power",
          "Sunny Day",
          "Hyper Beam",
          "Light Screen",
          "Protect",
          "Giga Drain",
          "Frustration",
          "Solar Beam",
          "Return",
          "Psychic",
          "Double Team",
          "Reflect",
          "Sludge Bomb",
          "Facade",
          "Secret Power",
          "Rest",
          "Attract",
          "Thief",
          "Skill Swap",
          "Energy Ball",
          "Endure",
          "Explosion",
          "Giga Impact",
          "Flash",
          "Swords Dance",
          "Psych Up",
          "Captivate",
          "Sleep Talk",
          "Natural Gift",
          "Dream Eater",
          "Grass Knot",
          "Swagger",
          "Substitute",
          "Trick Room"
        ],
        "tmMoves3": [
          "Toxic",
          "Bullet Seed",
          "Hidden Power",
          "Sunny Day",
          "Hyper Beam",
          "Light Screen",
          "Protect",
          "Giga Drain",
          "Frustration",
          "Solar Beam",
          "Return",
          "Psychic",
          "Double Team",
          "Reflect",
          "Sludge Bomb",
          "Facade",
          "Secret Power",
          "Rest",
          "Attract",
          "Thief",
          "Skill Swap"
        ],
        "tmMoves2": [
          "Headbutt",
          "Curse",
          "Rollout",
          "Toxic",
          "Psych Up",
          "Hidden Power",
          "Sunny Day",
          "Snore",
          "Hyper Beam",
          "Protect",
          "Giga Drain",
          "Endure",
          "Frustration",
          "Solar Beam",
          "Return",
          "Psychic",
          "Double Team",
          "Swagger",
          "Sleep Talk",
          "Sludge Bomb",
          "Dream Eater",
          "Rest",
          "Attract",
          "Thief",
          "Nightmare"
        ],
        "tmMoves1": [
          "Toxic",
          "Take Down",
          "Double-Edge",
          "Hyper Beam",
          "Rage",
          "Mega Drain",
          "Solar Beam",
          "Psychic",
          "Teleport",
          "Mimic",
          "Double Team",
          "Reflect",
          "Bide",
          "Self-Destruct",
          "Egg Bomb",
          "Rest",
          "Psywave",
          "Explosion",
          "Substitute"
        ],
        "tmMoves": []
      },
      "abilities": {
        "abilities": [
          "Chlorophyll"
        ],
        "hiddenAbilities": [
          "Harvest"
        ]
      },
      "movement": {
        "rideable": true,
        "canFly": false,
        "canSurf": false,
        "canRideShoulder": false,
        "ridingOffsets": {
          "standing": {
            "x": 0.0,
            "y": -1.5,
            "z": 0.0
          },
          "moving": {
            "x": 0.0,
            "y": -1.5,
            "z": 0.0
          }
        }
      },
      "aggression": {
        "timid": 80,
        "passive": 0,
        "aggressive": 20
      },
      "battleStats": {
        "hp": 95,
        "attack": 95,
        "defense": 85,
        "specialAttack": 125,
        "specialDefense": 75,
        "speed": 55
      },
      "tags": [],
      "spawn": {
        "baseExp": 212,
        "baseFriendship": 70,
        "spawnLevel": 38,
        "spawnLevelRange": 12,
        "spawnLocations": [
          "LAND"
        ]
      },
      "possibleGenders": [
        "MALE",
        "FEMALE"
      ],
      "genderProperties": [
        {
          "gender": "ALL",
          "palettes": [
            {
              "name": "none",
              "texture": "pixelmon:pokemon/103_exeggutor/all/base/none/texture.png",
              "sprite": "pixelmon:pokemon/103_exeggutor/all/base/none/sprite.png",
              "particle": "",
              "modelLocator": {
                "factoryType": "NORMAL",
                "pqc": [
                  "pixelmon:pokemon/103_exeggutor/all/base/none/model.pqc"
                ]
              },
              "sounds": [
                "pixelmon.mob.exeggutor",
                "pixelmon.mob.exeggutor"
              ]
            },
            {
              "name": "shiny",
              "texture": "pixelmon:pokemon/103_exeggutor/all/base/shiny/texture.png",
              "sprite": "pixelmon:pokemon/103_exeggutor/all/base/shiny/sprite.png",
              "particle": "arcanery:shiny"
            },
            {
              "name": "pink",
              "texture": "pixelmon:pokemon/103_exeggutor/all/base/pink/texture.png",
              "sprite": "pixelmon:pokemon/103_exeggutor/all/base/pink/sprite.png",
              "particle": ""
            },
			{
              "name": "easter 1",
              "texture": "pixelmon:pokemon/103_exeggutor/all/base/custom-easter1/texture.png",
              "sprite": "pixelmon:pokemon/103_exeggutor/all/base/custom-easter1/sprite.png",
              "particle": ""
            },
			{
              "name": "easter 2",
              "texture": "pixelmon:pokemon/103_exeggutor/all/base/custom-easter2/texture.png",
              "sprite": "pixelmon:pokemon/103_exeggutor/all/base/custom-easter2/sprite.png",
              "particle": ""
            },
			{
              "name": "easter 3",
              "texture": "pixelmon:pokemon/103_exeggutor/all/base/custom-easter3/texture.png",
              "sprite": "pixelmon:pokemon/103_exeggutor/all/base/custom-easter3/sprite.png",
              "particle": ""
            },
			{
              "name": "shadow",
              "texture": "pixelmon:pokemon/103_exeggutor/all/base/custom-shadow/texture.png",
              "sprite": "pixelmon:pokemon/103_exeggutor/all/base/custom-shadow/sprite.png",
              "particle": ""
            },
			{
              "name": "summer",
              "texture": "pixelmon:pokemon/103_exeggutor/all/base/custom-summer/texture.png",
              "sprite": "pixelmon:pokemon/103_exeggutor/all/base/custom-summer/sprite.png",
              "particle": ""
            }
          ]
        }
      ],
      "eggGroups": [
        "GRASS"
      ],
      "types": [
        "GRASS",
        "PSYCHIC"
      ],
      "preEvolutions": [
        "Exeggcute"
      ],
      "defaultBaseForm": "",
      "megaItems": [],
      "megas": [],
      "gigantamax": {
        "canHaveFactor": false,
        "canGigantamax": false
      },
      "eggCycles": 21,
      "weight": 120.0,
      "catchRate": 45,
      "malePercentage": 0,
      "evolutions": [],
      "evYields": {
        "specialAttack": 2
      }
    },
    {
      "name": "alolan",
      "dimensions": {
        "height": 5.2,
        "width": 1.6,
        "length": 1.6
      },
      "moves": {
        "levelUpMoves": [
          {
            "level": 0,
            "attacks": [
              "Absorb",
              "Bullet Seed",
              "Confusion",
              "Dragon Hammer",
              "Extrasensory",
              "Giga Drain",
              "Hypnosis",
              "Leaf Storm",
              "Leech Seed",
              "Mega Drain",
              "Psyshock",
              "Reflect",
              "Seed Bomb",
              "Solar Beam",
              "Synthesis",
              "Uproar",
              "Wood Hammer",
              "Worry Seed"
            ]
          }
        ],
        "tutorMoves": [
          "Draco Meteor",
          "Grassy Glide",
          "Terrain Pulse"
        ],
        "eggMoves": [
          "Synthesis",
          "Moonlight",
          "Ancient Power",
          "Ingrain",
          "Curse",
          "Nature Power",
          "Lucky Chant",
          "Leaf Storm",
          "Power Swap",
          "Giga Drain",
          "Skill Swap",
          "Natural Gift",
          "Block",
          "Grassy Terrain"
        ],
        "tmMoves8": [
          "Hyper Beam",
          "Giga Impact",
          "Magical Leaf",
          "Solar Beam",
          "Light Screen",
          "Reflect",
          "Self-Destruct",
          "Rest",
          "Thief",
          "Snore",
          "Protect",
          "Giga Drain",
          "Attract",
          "Sunny Day",
          "Facade",
          "Brick Break",
          "Bullet Seed",
          "Power Swap",
          "Trick Room",
          "Round",
          "Bulldoze",
          "Grassy Terrain",
          "Brutal Swing",
          "Stomping Tantrum",
          "Breaking Swipe"
        ],
        "trMoves": [
          "Swords Dance",
          "Flamethrower",
          "Low Kick",
          "Earthquake",
          "Psychic",
          "Substitute",
          "Sludge Bomb",
          "Outrage",
          "Psyshock",
          "Endure",
          "Sleep Talk",
          "Iron Tail",
          "Uproar",
          "Superpower",
          "Skill Swap",
          "Seed Bomb",
          "Dragon Pulse",
          "Energy Ball",
          "Zen Headbutt",
          "Leaf Storm",
          "Power Whip",
          "Iron Head",
          "Grass Knot"
        ],
        "hmMoves": [],
        "transferMoves": [
          "Barrage",
          "Bestow",
          "Bide",
          "Block",
          "Captivate",
          "Celebrate",
          "Confide",
          "Double Team",
          "Double-Edge",
          "Dragon Tail",
          "Dream Eater",
          "Egg Bomb",
          "Explosion",
          "Flash",
          "Frustration",
          "Gravity",
          "Headbutt",
          "Hidden Power",
          "Infestation",
          "Knock Off",
          "Lucky Chant",
          "Mimic",
          "Natural Gift",
          "Nature Power",
          "Nightmare",
          "Psybeam",
          "Psych Up",
          "Psywave",
          "Rage",
          "Refresh",
          "Return",
          "Rollout",
          "Secret Power",
          "Strength",
          "Swagger",
          "Sweet Scent",
          "Take Down",
          "Telekinesis",
          "Teleport",
          "Toxic",
          "Wish"
        ],
        "tmMoves7": [
          "Psyshock",
          "Toxic",
          "Hidden Power",
          "Sunny Day",
          "Hyper Beam",
          "Light Screen",
          "Protect",
          "Frustration",
          "Solar Beam",
          "Earthquake",
          "Return",
          "Psychic",
          "Brick Break",
          "Double Team",
          "Reflect",
          "Flamethrower",
          "Sludge Bomb",
          "Facade",
          "Rest",
          "Attract",
          "Thief",
          "Round",
          "Energy Ball",
          "Brutal Swing",
          "Explosion",
          "Giga Impact",
          "Swords Dance",
          "Psych Up",
          "Bulldoze",
          "Dragon Tail",
          "Infestation",
          "Dream Eater",
          "Grass Knot",
          "Swagger",
          "Sleep Talk",
          "Substitute",
          "Trick Room",
          "Nature Power",
          "Confide"
        ],
        "tmMoves6": [],
        "tmMoves5": [],
        "tmMoves4": [],
        "tmMoves3": [],
        "tmMoves2": [],
        "tmMoves1": [],
        "tmMoves": []
      },
      "abilities": {
        "abilities": [
          "Frisk"
        ],
        "hiddenAbilities": [
          "Harvest"
        ]
      },
      "battleStats": {
        "hp": 95,
        "attack": 105,
        "defense": 85,
        "specialAttack": 125,
        "specialDefense": 75,
        "speed": 45
      },
      "tags": [
        "alolan"
      ],
      "types": [
        "GRASS",
        "DRAGON"
      ],
      "preEvolutions": [
        "Exeggcute"
      ],
      "weight": 415,
      "genderProperties": [
        {
          "gender": "ALL",
          "palettes": [
            {
              "name": "none",
              "texture": "pixelmon:pokemon/103_exeggutor/all/alolan/none/texture.png",
              "sprite": "pixelmon:pokemon/103_exeggutor/all/alolan/none/sprite.png",
              "particle": "",
              "modelLocator": {
                "factoryType": "NORMAL",
                "pqc": [
                  "pixelmon:pokemon/103_exeggutor/all/alolan/none/model.pqc"
                ]
              },
              "sounds": [
                "pixelmon.mob.exeggutor"
              ]
            },
            {
              "name": "shiny",
              "texture": "pixelmon:pokemon/103_exeggutor/all/alolan/shiny/texture.png",
              "sprite": "pixelmon:pokemon/103_exeggutor/all/alolan/shiny/sprite.png",
              "particle": "arcanery:shiny"
            },
			{
              "name": "summer",
              "texture": "pixelmon:pokemon/103_exeggutor/all/alolan/custom-summer/texture.png",
              "sprite": "pixelmon:pokemon/103_exeggutor/all/alolan/custom-summer/sprite.png",
              "particle": ""
            }
          ]
        }
      ]
    }
  ],
  "generation": 1
}
