{
  "name": "Cubone",
  "dex": 104,
  "defaultForms": [
    ""
  ],
  "forms": [
    {
      "name": "",
      "experienceGroup": "MEDIUM_FAST",
      "dimensions": {
        "height": 0.43,
        "width": 0.5,
        "length": 1,
        "eyeHeight": 0.43,
        "hoverHeight": 0.43
      },
      "moves": {
        "levelUpMoves": [
          {
            "level": 0,
            "attacks": [
              "Growl",
              "Mud-Slap"
            ]
          },
          {
            "level": 4,
            "attacks": [
              "Tail Whip"
            ]
          },
          {
            "level": 8,
            "attacks": [
              "False Swipe"
            ]
          },
          {
            "level": 12,
            "attacks": [
              "Headbutt"
            ]
          },
          {
            "level": 16,
            "attacks": [
              "Retaliate"
            ]
          },
          {
            "level": 20,
            "attacks": [
              "Fling"
            ]
          },
          {
            "level": 24,
            "attacks": [
              "Stomping Tantrum"
            ]
          },
          {
            "level": 29,
            "attacks": [
              "Bone Rush"
            ]
          },
          {
            "level": 32,
            "attacks": [
              "Focus Energy"
            ]
          },
          {
            "level": 36,
            "attacks": [
              "Endeavor"
            ]
          },
          {
            "level": 40,
            "attacks": [
              "Bonemerang"
            ]
          },
          {
            "level": 44,
            "attacks": [
              "Thrash"
            ]
          },
          {
            "level": 48,
            "attacks": [
              "Double-Edge"
            ]
          }
        ],
        "tutorMoves": [
          "Scorching Sands"
        ],
        "eggMoves": [
          "Ancient Power",
          "Belly Drum",
          "Curse",
          "Detect",
          "Double Kick",
          "Leer",
          "Perish Song",
          "Skull Bash"
        ],
        "tmMoves8": [
          "Mega Punch",
          "Mega Kick",
          "Fire Punch",
          "Thunder Punch",
          "Dig",
          "Screech",
          "Rest",
          "Rock Slide",
          "Thief",
          "Snore",
          "Protect",
          "Icy Wind",
          "Attract",
          "Sandstorm",
          "Sunny Day",
          "Facade",
          "Swift",
          "Brick Break",
          "Rock Tomb",
          "Fling",
          "Round",
          "Retaliate",
          "Bulldoze",
          "False Swipe",
          "Brutal Swing",
          "Stomping Tantrum"
        ],
        "trMoves": [
          "Swords Dance",
          "Body Slam",
          "Flamethrower",
          "Ice Beam",
          "Blizzard",
          "Low Kick",
          "Earthquake",
          "Focus Energy",
          "Fire Blast",
          "Substitute",
          "Endure",
          "Sleep Talk",
          "Iron Tail",
          "Uproar",
          "Iron Defense",
          "Earth Power",
          "Iron Head",
          "Stealth Rock"
        ],
        "hmMoves": [],
        "transferMoves": [
          "Aerial Ace",
          "Bide",
          "Bone Club",
          "Bubble Beam",
          "Captivate",
          "Chip Away",
          "Confide",
          "Counter",
          "Double Team",
          "Dynamic Punch",
          "Echoed Voice",
          "Fissure",
          "Focus Punch",
          "Frustration",
          "Fury Cutter",
          "Hidden Power",
          "Incinerate",
          "Knock Off",
          "Mimic",
          "Natural Gift",
          "Power-Up Punch",
          "Rage",
          "Return",
          "Rock Smash",
          "Secret Power",
          "Seismic Toss",
          "Smack Down",
          "Strength",
          "Submission",
          "Swagger",
          "Take Down",
          "Toxic",
          "Water Gun"
        ],
        "tmMoves7": [
          "Toxic",
          "Hidden Power",
          "Sunny Day",
          "Ice Beam",
          "Blizzard",
          "Protect",
          "Frustration",
          "Smack Down",
          "Earthquake",
          "Return",
          "Brick Break",
          "Double Team",
          "Flamethrower",
          "Sandstorm",
          "Fire Blast",
          "Rock Tomb",
          "Aerial Ace",
          "Facade",
          "Rest",
          "Attract",
          "Thief",
          "Round",
          "Echoed Voice",
          "False Swipe",
          "Fling",
          "Brutal Swing",
          "Swords Dance",
          "Bulldoze",
          "Rock Slide",
          "Swagger",
          "Sleep Talk",
          "Substitute",
          "Confide"
        ],
        "tmMoves6": [
          "Toxic",
          "Hidden Power",
          "Sunny Day",
          "Ice Beam",
          "Blizzard",
          "Protect",
          "Frustration",
          "Smack Down",
          "Earthquake",
          "Return",
          "Dig",
          "Brick Break",
          "Double Team",
          "Flamethrower",
          "Sandstorm",
          "Fire Blast",
          "Rock Tomb",
          "Aerial Ace",
          "Facade",
          "Rest",
          "Attract",
          "Thief",
          "Round",
          "Echoed Voice",
          "False Swipe",
          "Fling",
          "Incinerate",
          "Retaliate",
          "Swords Dance",
          "Bulldoze",
          "Rock Slide",
          "Swagger",
          "Sleep Talk",
          "Substitute",
          "Secret Power",
          "Power-Up Punch",
          "Confide"
        ],
        "tmMoves5": [
          "Toxic",
          "Hidden Power",
          "Sunny Day",
          "Ice Beam",
          "Blizzard",
          "Protect",
          "Frustration",
          "Smack Down",
          "Earthquake",
          "Return",
          "Dig",
          "Brick Break",
          "Double Team",
          "Flamethrower",
          "Sandstorm",
          "Fire Blast",
          "Rock Tomb",
          "Aerial Ace",
          "Facade",
          "Rest",
          "Attract",
          "Thief",
          "Round",
          "Echoed Voice",
          "False Swipe",
          "Fling",
          "Incinerate",
          "Retaliate",
          "Swords Dance",
          "Bulldoze",
          "Rock Slide",
          "Swagger",
          "Substitute",
          "Rock Smash"
        ],
        "tmMoves4": [
          "Focus Punch",
          "Toxic",
          "Hidden Power",
          "Sunny Day",
          "Ice Beam",
          "Blizzard",
          "Protect",
          "Frustration",
          "Iron Tail",
          "Earthquake",
          "Return",
          "Dig",
          "Brick Break",
          "Double Team",
          "Flamethrower",
          "Sandstorm",
          "Fire Blast",
          "Rock Tomb",
          "Aerial Ace",
          "Facade",
          "Secret Power",
          "Rest",
          "Attract",
          "Thief",
          "False Swipe",
          "Fling",
          "Endure",
          "Swords Dance",
          "Stealth Rock",
          "Captivate",
          "Rock Slide",
          "Sleep Talk",
          "Natural Gift",
          "Swagger",
          "Substitute"
        ],
        "tmMoves3": [
          "Focus Punch",
          "Toxic",
          "Hidden Power",
          "Sunny Day",
          "Ice Beam",
          "Blizzard",
          "Protect",
          "Frustration",
          "Iron Tail",
          "Earthquake",
          "Return",
          "Dig",
          "Brick Break",
          "Double Team",
          "Flamethrower",
          "Sandstorm",
          "Fire Blast",
          "Rock Tomb",
          "Aerial Ace",
          "Facade",
          "Secret Power",
          "Rest",
          "Attract",
          "Thief"
        ],
        "tmMoves2": [
          "Dynamic Punch",
          "Headbutt",
          "Curse",
          "Toxic",
          "Rock Smash",
          "Hidden Power",
          "Sunny Day",
          "Snore",
          "Blizzard",
          "Icy Wind",
          "Protect",
          "Endure",
          "Frustration",
          "Iron Tail",
          "Earthquake",
          "Return",
          "Dig",
          "Mud-Slap",
          "Double Team",
          "Swagger",
          "Sleep Talk",
          "Sandstorm",
          "Fire Blast",
          "Thunder Punch",
          "Detect",
          "Rest",
          "Attract",
          "Thief",
          "Fire Punch"
        ],
        "tmMoves1": [
          "Mega Punch",
          "Mega Kick",
          "Toxic",
          "Body Slam",
          "Take Down",
          "Double-Edge",
          "Bubble Beam",
          "Water Gun",
          "Ice Beam",
          "Blizzard",
          "Submission",
          "Counter",
          "Seismic Toss",
          "Rage",
          "Earthquake",
          "Fissure",
          "Dig",
          "Mimic",
          "Double Team",
          "Bide",
          "Fire Blast",
          "Skull Bash",
          "Rest",
          "Substitute"
        ],
        "tmMoves": []
      },
      "abilities": {
        "abilities": [
          "RockHead",
          "LightningRod"
        ],
        "hiddenAbilities": [
          "BattleArmour"
        ]
      },
      "movement": {
        "rideable": false,
        "canFly": false,
        "canSurf": false,
        "canRideShoulder": false
      },
      "aggression": {
        "timid": 80,
        "passive": 0,
        "aggressive": 20
      },
      "battleStats": {
        "hp": 50,
        "attack": 50,
        "defense": 95,
        "specialAttack": 40,
        "specialDefense": 50,
        "speed": 35
      },
      "tags": [],
      "spawn": {
        "baseExp": 87,
        "baseFriendship": 70,
        "spawnLevel": 10,
        "spawnLevelRange": 18,
        "spawnLocations": [
          "LAND"
        ]
      },
      "possibleGenders": [
        "MALE",
        "FEMALE"
      ],
      "genderProperties": [
        {
          "gender": "ALL",
          "palettes": [
            {
              "name": "none",
              "texture": "pixelmon:pokemon/104_cubone/all/base/none/texture.png",
              "sprite": "pixelmon:pokemon/104_cubone/all/base/none/sprite.png",
              "particle": "",
              "modelLocator": {
                "factoryType": "NORMAL",
                "pqc": [
                  "pixelmon:pokemon/104_cubone/all/base/none/model.pqc"
                ],
                "movementThreshold": 0.02,
                "rotateAngleX": 0
              },
              "sounds": [
                "pixelmon.mob.cubone"
              ]
            },
            {
              "name": "shiny",
              "texture": "pixelmon:pokemon/104_cubone/all/base/shiny/texture.png",
              "sprite": "pixelmon:pokemon/104_cubone/all/base/shiny/sprite.png",
              "particle": "arcanery:shiny"
            },
			{
              "name": "anubis",
              "texture": "pixelmon:pokemon/104_cubone/all/base/custom-anubis/texture.png",
              "sprite": "pixelmon:pokemon/104_cubone/all/base/custom-anubis/sprite.png",
              "particle": ""
            },
			{
              "name": "beta",
              "texture": "pixelmon:pokemon/104_cubone/all/base/custom-beta/texture.png",
              "sprite": "pixelmon:pokemon/104_cubone/all/base/custom-beta/sprite.png",
              "particle": ""
            },
			{
              "name": "fusion",
              "texture": "pixelmon:pokemon/104_cubone/all/base/custom-fusion/texture.png",
              "sprite": "pixelmon:pokemon/104_cubone/all/base/custom-fusion/sprite.png",
              "particle": ""
            },
			{
              "name": "glass",
              "texture": "pixelmon:pokemon/104_cubone/all/base/custom-glass/texture.png",
              "sprite": "pixelmon:pokemon/104_cubone/all/base/custom-glass/sprite.png",
              "particle": ""
            },
			{
              "name": "halloween 1",
              "texture": "pixelmon:pokemon/104_cubone/all/base/custom-halloween1/texture.png",
              "sprite": "pixelmon:pokemon/104_cubone/all/base/custom-halloween1/sprite.png",
              "particle": ""
            },
			{
              "name": "halloween 2",
              "texture": "pixelmon:pokemon/104_cubone/all/base/custom-halloween2/texture.png",
              "sprite": "pixelmon:pokemon/104_cubone/all/base/custom-halloween2/sprite.png",
              "particle": ""
            },
			{
              "name": "outer worlds",
              "texture": "pixelmon:pokemon/104_cubone/all/base/custom-outerworlds/texture.png",
              "sprite": "pixelmon:pokemon/104_cubone/all/base/custom-outerworlds/sprite.png",
              "particle": ""
            },{
              "name": "rainbow",
              "texture": "pixelmon:pokemon/104_cubone/all/base/custom-rainbow/texture.png",
              "sprite": "pixelmon:pokemon/104_cubone/all/base/custom-rainbow/sprite.png",
              "particle": ""
            },
			{
              "name": "rgb",
              "texture": "pixelmon:pokemon/104_cubone/all/base/custom-rgb/texture.png",
              "sprite": "pixelmon:pokemon/104_cubone/all/base/custom-rgb/sprite.png",
              "particle": ""
            },
			{
              "name": "shadow",
              "texture": "pixelmon:pokemon/104_cubone/all/base/custom-shadow/texture.png",
              "sprite": "pixelmon:pokemon/104_cubone/all/base/custom-shadow/sprite.png",
              "particle": ""
            },
			{
              "name": "trick or treat",
              "texture": "pixelmon:pokemon/104_cubone/all/base/custom-trickortreat/texture.png",
              "sprite": "pixelmon:pokemon/104_cubone/all/base/custom-trickortreat/sprite.png",
              "particle": ""
            },
			{
              "name": "valentines",
              "texture": "pixelmon:pokemon/104_cubone/all/base/custom-val/texture.png",
              "sprite": "pixelmon:pokemon/104_cubone/all/base/custom-val/sprite.png",
              "particle": ""
            }
          ]
        }
      ],
      "eggGroups": [
        "MONSTER"
      ],
      "types": [
        "GROUND"
      ],
      "preEvolutions": [],
      "defaultBaseForm": "",
      "megaItems": [],
      "megas": [],
      "gigantamax": {
        "canHaveFactor": false,
        "canGigantamax": false
      },
      "eggCycles": 21,
      "weight": 6.5,
      "catchRate": 190,
      "malePercentage": 0,
      "evolutions": [
        {
          "level": 28,
          "to": "Marowak form:alolan",
          "conditions": [
            {
              "withPokemon": [],
              "withTypes": [],
              "withForms": [
                "ALOLAN"
              ],
              "evoConditionType": "party"
            }
          ],
          "evoType": "leveling",
          "moves": [
            "Shadow Bone"
          ]
        },
        {
          "level": 28,
          "to": "Marowak form:base",
          "conditions": [],
          "evoType": "leveling"
        }
      ],
      "evYields": {
        "defense": 1
      }
    }
  ],
  "generation": 1
}
