{
  "name": "Marowak",
  "dex": 105,
  "defaultForms": [
    ""
  ],
  "forms": [
    {
      "name": "",
      "experienceGroup": "MEDIUM_FAST",
      "dimensions": {
        "height": 0.7,
        "width": 0.6,
        "length": 1,
        "eyeHeight": 0.7,
        "hoverHeight": 0.7
      },
      "moves": {
        "levelUpMoves": [
          {
            "level": 0,
            "attacks": [
              "False Swipe",
              "Growl",
              "Mud-Slap",
              "Tail Whip"
            ]
          },
          {
            "level": 12,
            "attacks": [
              "Headbutt"
            ]
          },
          {
            "level": 16,
            "attacks": [
              "Retaliate"
            ]
          },
          {
            "level": 20,
            "attacks": [
              "Fling"
            ]
          },
          {
            "level": 24,
            "attacks": [
              "Stomping Tantrum"
            ]
          },
          {
            "level": 31,
            "attacks": [
              "Bone Rush"
            ]
          },
          {
            "level": 36,
            "attacks": [
              "Focus Energy"
            ]
          },
          {
            "level": 42,
            "attacks": [
              "Endeavor"
            ]
          },
          {
            "level": 48,
            "attacks": [
              "Bonemerang"
            ]
          },
          {
            "level": 54,
            "attacks": [
              "Thrash"
            ]
          },
          {
            "level": 60,
            "attacks": [
              "Double-Edge"
            ]
          }
        ],
        "tutorMoves": [
          "Scorching Sands"
        ],
        "eggMoves": [
          "Ancient Power",
          "Belly Drum",
          "Curse",
          "Detect",
          "Double Kick",
          "Leer",
          "Perish Song",
          "Skull Bash"
        ],
        "tmMoves8": [
          "Mega Punch",
          "Mega Kick",
          "Fire Punch",
          "Thunder Punch",
          "Hyper Beam",
          "Giga Impact",
          "Dig",
          "Screech",
          "Rest",
          "Rock Slide",
          "Thief",
          "Snore",
          "Protect",
          "Icy Wind",
          "Attract",
          "Sandstorm",
          "Sunny Day",
          "Facade",
          "Swift",
          "Brick Break",
          "Rock Tomb",
          "Fling",
          "Round",
          "Retaliate",
          "Bulldoze",
          "False Swipe",
          "Brutal Swing",
          "Stomping Tantrum"
        ],
        "trMoves": [
          "Swords Dance",
          "Body Slam",
          "Flamethrower",
          "Ice Beam",
          "Blizzard",
          "Low Kick",
          "Earthquake",
          "Focus Energy",
          "Fire Blast",
          "Substitute",
          "Outrage",
          "Endure",
          "Sleep Talk",
          "Iron Tail",
          "Uproar",
          "Iron Defense",
          "Focus Blast",
          "Earth Power",
          "Iron Head",
          "Stone Edge",
          "Stealth Rock",
          "Throat Chop"
        ],
        "hmMoves": [],
        "transferMoves": [
          "Aerial Ace",
          "Bide",
          "Bone Club",
          "Bubble Beam",
          "Captivate",
          "Chip Away",
          "Confide",
          "Counter",
          "Double Team",
          "Dynamic Punch",
          "Echoed Voice",
          "Fissure",
          "Focus Punch",
          "Frustration",
          "Fury Cutter",
          "Hidden Power",
          "Incinerate",
          "Knock Off",
          "Laser Focus",
          "Mimic",
          "Natural Gift",
          "Power-Up Punch",
          "Rage",
          "Return",
          "Rock Smash",
          "Secret Power",
          "Seismic Toss",
          "Sing",
          "Smack Down",
          "Strength",
          "Submission",
          "Swagger",
          "Take Down",
          "Toxic",
          "Water Gun"
        ],
        "tmMoves7": [
          "Toxic",
          "Hidden Power",
          "Sunny Day",
          "Ice Beam",
          "Blizzard",
          "Hyper Beam",
          "Protect",
          "Frustration",
          "Smack Down",
          "Earthquake",
          "Return",
          "Brick Break",
          "Double Team",
          "Flamethrower",
          "Sandstorm",
          "Fire Blast",
          "Rock Tomb",
          "Aerial Ace",
          "Facade",
          "Rest",
          "Attract",
          "Thief",
          "Round",
          "Echoed Voice",
          "Focus Blast",
          "False Swipe",
          "Fling",
          "Brutal Swing",
          "Giga Impact",
          "Stone Edge",
          "Swords Dance",
          "Bulldoze",
          "Rock Slide",
          "Swagger",
          "Sleep Talk",
          "Substitute",
          "Confide"
        ],
        "tmMoves6": [
          "Toxic",
          "Hidden Power",
          "Sunny Day",
          "Ice Beam",
          "Blizzard",
          "Hyper Beam",
          "Protect",
          "Frustration",
          "Smack Down",
          "Earthquake",
          "Return",
          "Dig",
          "Brick Break",
          "Double Team",
          "Flamethrower",
          "Sandstorm",
          "Fire Blast",
          "Rock Tomb",
          "Aerial Ace",
          "Facade",
          "Rest",
          "Attract",
          "Thief",
          "Round",
          "Echoed Voice",
          "Focus Blast",
          "False Swipe",
          "Fling",
          "Incinerate",
          "Retaliate",
          "Giga Impact",
          "Stone Edge",
          "Swords Dance",
          "Bulldoze",
          "Rock Slide",
          "Swagger",
          "Sleep Talk",
          "Substitute",
          "Secret Power",
          "Power-Up Punch",
          "Confide"
        ],
        "tmMoves5": [
          "Toxic",
          "Hidden Power",
          "Sunny Day",
          "Ice Beam",
          "Blizzard",
          "Hyper Beam",
          "Protect",
          "Frustration",
          "Smack Down",
          "Earthquake",
          "Return",
          "Dig",
          "Brick Break",
          "Double Team",
          "Flamethrower",
          "Sandstorm",
          "Fire Blast",
          "Rock Tomb",
          "Aerial Ace",
          "Facade",
          "Rest",
          "Attract",
          "Thief",
          "Round",
          "Echoed Voice",
          "Focus Blast",
          "False Swipe",
          "Fling",
          "Incinerate",
          "Retaliate",
          "Giga Impact",
          "Stone Edge",
          "Swords Dance",
          "Bulldoze",
          "Rock Slide",
          "Swagger",
          "Substitute",
          "Rock Smash"
        ],
        "tmMoves4": [
          "Focus Punch",
          "Toxic",
          "Hidden Power",
          "Sunny Day",
          "Ice Beam",
          "Blizzard",
          "Hyper Beam",
          "Protect",
          "Frustration",
          "Iron Tail",
          "Earthquake",
          "Return",
          "Dig",
          "Brick Break",
          "Double Team",
          "Flamethrower",
          "Sandstorm",
          "Fire Blast",
          "Rock Tomb",
          "Aerial Ace",
          "Facade",
          "Secret Power",
          "Rest",
          "Attract",
          "Thief",
          "Focus Blast",
          "False Swipe",
          "Fling",
          "Endure",
          "Giga Impact",
          "Stone Edge",
          "Swords Dance",
          "Stealth Rock",
          "Captivate",
          "Rock Slide",
          "Sleep Talk",
          "Natural Gift",
          "Swagger",
          "Substitute"
        ],
        "tmMoves3": [
          "Focus Punch",
          "Toxic",
          "Hidden Power",
          "Sunny Day",
          "Ice Beam",
          "Blizzard",
          "Hyper Beam",
          "Protect",
          "Frustration",
          "Iron Tail",
          "Earthquake",
          "Return",
          "Dig",
          "Brick Break",
          "Double Team",
          "Flamethrower",
          "Sandstorm",
          "Fire Blast",
          "Rock Tomb",
          "Aerial Ace",
          "Facade",
          "Secret Power",
          "Rest",
          "Attract",
          "Thief"
        ],
        "tmMoves2": [
          "Dynamic Punch",
          "Headbutt",
          "Curse",
          "Toxic",
          "Rock Smash",
          "Hidden Power",
          "Sunny Day",
          "Snore",
          "Blizzard",
          "Hyper Beam",
          "Icy Wind",
          "Protect",
          "Endure",
          "Frustration",
          "Iron Tail",
          "Earthquake",
          "Return",
          "Dig",
          "Mud-Slap",
          "Double Team",
          "Swagger",
          "Sleep Talk",
          "Sandstorm",
          "Fire Blast",
          "Thunder Punch",
          "Detect",
          "Rest",
          "Attract",
          "Thief",
          "Fire Punch"
        ],
        "tmMoves1": [
          "Mega Punch",
          "Mega Kick",
          "Toxic",
          "Body Slam",
          "Take Down",
          "Double-Edge",
          "Bubble Beam",
          "Water Gun",
          "Ice Beam",
          "Blizzard",
          "Hyper Beam",
          "Submission",
          "Counter",
          "Seismic Toss",
          "Rage",
          "Earthquake",
          "Fissure",
          "Dig",
          "Mimic",
          "Double Team",
          "Bide",
          "Fire Blast",
          "Skull Bash",
          "Rest",
          "Substitute"
        ],
        "tmMoves": []
      },
      "abilities": {
        "abilities": [
          "RockHead",
          "LightningRod"
        ],
        "hiddenAbilities": [
          "BattleArmour"
        ]
      },
      "movement": {
        "rideable": false,
        "canFly": false,
        "canSurf": false,
        "canRideShoulder": false
      },
      "aggression": {
        "timid": 80,
        "passive": 0,
        "aggressive": 20
      },
      "battleStats": {
        "hp": 60,
        "attack": 80,
        "defense": 110,
        "specialAttack": 50,
        "specialDefense": 80,
        "speed": 45
      },
      "tags": [],
      "spawn": {
        "baseExp": 124,
        "baseFriendship": 70,
        "spawnLevel": 28,
        "spawnLevelRange": 22,
        "spawnLocations": [
          "LAND"
        ]
      },
      "possibleGenders": [
        "MALE",
        "FEMALE"
      ],
      "genderProperties": [
        {
          "gender": "ALL",
          "palettes": [
            {
              "name": "none",
              "texture": "pixelmon:pokemon/105_marowak/all/base/none/texture.png",
              "sprite": "pixelmon:pokemon/105_marowak/all/base/none/sprite.png",
              "particle": "",
              "modelLocator": {
                "factoryType": "NORMAL",
                "pqc": [
                  "pixelmon:pokemon/105_marowak/all/base/none/model.pqc"
                ],
                "movementThreshold": 0.03,
                "rotateAngleX": 0
              },
              "sounds": [
                "pixelmon.mob.marowak"
              ]
            },
            {
              "name": "shiny",
              "texture": "pixelmon:pokemon/105_marowak/all/base/shiny/texture.png",
              "sprite": "pixelmon:pokemon/105_marowak/all/base/shiny/sprite.png",
              "particle": "arcanery:shiny"
            },
			{
              "name": "anubis",
              "texture": "pixelmon:pokemon/105_marowak/all/base/custom-anubis/texture.png",
              "sprite": "pixelmon:pokemon/105_marowak/all/base/custom-anubis/sprite.png",
              "particle": ""
            },
			{
              "name": "beta",
              "texture": "pixelmon:pokemon/105_marowak/all/base/custom-beta/texture.png",
              "sprite": "pixelmon:pokemon/105_marowak/all/base/custom-beta/sprite.png",
              "particle": ""
            },
			{
              "name": "fusion",
              "texture": "pixelmon:pokemon/105_marowak/all/base/custom-fusion/texture.png",
              "sprite": "pixelmon:pokemon/105_marowak/all/base/custom-fusion/sprite.png",
              "particle": ""
            },
			{
              "name": "galaxy",
              "texture": "pixelmon:pokemon/105_marowak/all/base/custom-galaxy/texture.png",
              "sprite": "pixelmon:pokemon/105_marowak/all/base/custom-galaxy/sprite.png",
              "particle": ""
            },
			{
              "name": "glass",
              "texture": "pixelmon:pokemon/105_marowak/all/base/custom-glass/texture.png",
              "sprite": "pixelmon:pokemon/105_marowak/all/base/custom-glass/sprite.png",
              "particle": ""
            },
			{
              "name": "halloween 1",
              "texture": "pixelmon:pokemon/105_marowak/all/base/custom-halloween1/texture.png",
              "sprite": "pixelmon:pokemon/105_marowak/all/base/custom-halloween1/sprite.png",
              "particle": ""
            },
			{
              "name": "halloween 2",
              "texture": "pixelmon:pokemon/105_marowak/all/base/custom-halloween2/texture.png",
              "sprite": "pixelmon:pokemon/105_marowak/all/base/custom-halloween2/sprite.png",
              "particle": ""
            },
			{
              "name": "outer worlds",
              "texture": "pixelmon:pokemon/105_marowak/all/base/custom-outerworlds/texture.png",
              "sprite": "pixelmon:pokemon/105_marowak/all/base/custom-outerworlds/sprite.png",
              "particle": ""
            },
			{
              "name": "rainbow",
              "texture": "pixelmon:pokemon/105_marowak/all/base/custom-rainbow/texture.png",
              "sprite": "pixelmon:pokemon/105_marowak/all/base/custom-rainbow/sprite.png",
              "particle": ""
            },
			{
              "name": "rgb",
              "texture": "pixelmon:pokemon/105_marowak/all/base/custom-rgb/texture.png",
              "sprite": "pixelmon:pokemon/105_marowak/all/base/custom-rgb/sprite.png",
              "particle": ""
            },
			{
              "name": "shadow",
              "texture": "pixelmon:pokemon/105_marowak/all/base/custom-shadow/texture.png",
              "sprite": "pixelmon:pokemon/105_marowak/all/base/custom-shadow/sprite.png",
              "particle": ""
            },
			{
              "name": "trick or treat",
              "texture": "pixelmon:pokemon/105_marowak/all/base/custom-trickortreat/texture.png",
              "sprite": "pixelmon:pokemon/105_marowak/all/base/custom-trickortreat/sprite.png",
              "particle": ""
            }
          ]
        }
      ],
      "eggGroups": [
        "MONSTER"
      ],
      "types": [
        "GROUND"
      ],
      "preEvolutions": [
        "Cubone"
      ],
      "defaultBaseForm": "",
      "megaItems": [],
      "megas": [],
      "gigantamax": {
        "canHaveFactor": false,
        "canGigantamax": false
      },
      "eggCycles": 21,
      "weight": 45.0,
      "catchRate": 75,
      "malePercentage": 0,
      "evolutions": [],
      "evYields": {
        "defense": 2
      }
    },
    {
      "name": "alolan",
      "dimensions": {
        "height": 0.9,
        "width": 0.7,
        "length": 0.7
      },
      "moves": {
        "levelUpMoves": [
          {
            "level": 0,
            "attacks": [
              "Double-Edge",
              "False Swipe",
              "Fire Spin",
              "Focus Energy",
              "Growl",
              "Headbutt",
              "Mud-Slap",
              "Retaliate",
              "Tail Whip"
            ]
          },
          {
            "level": 12,
            "attacks": [
              "Flame Wheel"
            ]
          },
          {
            "level": 16,
            "attacks": [
              "Hex"
            ]
          },
          {
            "level": 20,
            "attacks": [
              "Fling"
            ]
          },
          {
            "level": 24,
            "attacks": [
              "Stomping Tantrum"
            ]
          },
          {
            "level": 31,
            "attacks": [
              "Bone Rush"
            ]
          },
          {
            "level": 36,
            "attacks": [
              "Will-O-Wisp"
            ]
          },
          {
            "level": 42,
            "attacks": [
              "Endeavor"
            ]
          },
          {
            "level": 48,
            "attacks": [
              "Bonemerang"
            ]
          },
          {
            "level": 54,
            "attacks": [
              "Thrash"
            ]
          },
          {
            "level": 60,
            "attacks": [
              "Flare Blitz"
            ]
          }
        ],
        "tutorMoves": [
          "Burning Jealousy",
          "Poltergeist",
          "Scorching Sands"
        ],
        "eggMoves": [
          "Ancient Power",
          "Belly Drum",
          "Screech",
          "Skull Bash",
          "Perish Song",
          "Double Kick",
          "Iron Head",
          "Detect",
          "Endure",
          "Chip Away",
          "Curse"
        ],
        "tmMoves8": [
          "Mega Punch",
          "Mega Kick",
          "Fire Punch",
          "Thunder Punch",
          "Hyper Beam",
          "Giga Impact",
          "Fire Spin",
          "Dig",
          "Screech",
          "Rest",
          "Rock Slide",
          "Thief",
          "Snore",
          "Protect",
          "Icy Wind",
          "Attract",
          "Sandstorm",
          "Rain Dance",
          "Sunny Day",
          "Will-O-Wisp",
          "Facade",
          "Swift",
          "Brick Break",
          "Imprison",
          "Rock Tomb",
          "Fling",
          "Round",
          "Hex",
          "Retaliate",
          "Bulldoze",
          "False Swipe",
          "Brutal Swing",
          "Stomping Tantrum"
        ],
        "trMoves": [
          "Swords Dance",
          "Body Slam",
          "Flamethrower",
          "Ice Beam",
          "Blizzard",
          "Low Kick",
          "Thunderbolt",
          "Thunder",
          "Earthquake",
          "Focus Energy",
          "Fire Blast",
          "Substitute",
          "Outrage",
          "Endure",
          "Sleep Talk",
          "Iron Tail",
          "Shadow Ball",
          "Uproar",
          "Heat Wave",
          "Iron Defense",
          "Flare Blitz",
          "Dark Pulse",
          "Focus Blast",
          "Earth Power",
          "Iron Head",
          "Stone Edge",
          "Stealth Rock",
          "Ally Switch",
          "Throat Chop"
        ],
        "hmMoves": [],
        "transferMoves": [
          "Aerial Ace",
          "Bide",
          "Bone Club",
          "Bubble Beam",
          "Captivate",
          "Chip Away",
          "Confide",
          "Counter",
          "Double Team",
          "Dream Eater",
          "Dynamic Punch",
          "Echoed Voice",
          "Fissure",
          "Flame Charge",
          "Focus Punch",
          "Frustration",
          "Fury Cutter",
          "Hidden Power",
          "Incinerate",
          "Knock Off",
          "Laser Focus",
          "Mimic",
          "Natural Gift",
          "Pain Split",
          "Power-Up Punch",
          "Rage",
          "Return",
          "Rock Smash",
          "Secret Power",
          "Seismic Toss",
          "Sing",
          "Smack Down",
          "Spite",
          "Strength",
          "Submission",
          "Swagger",
          "Take Down",
          "Toxic",
          "Water Gun"
        ],
        "tmMoves7": [
          "Toxic",
          "Hidden Power",
          "Sunny Day",
          "Ice Beam",
          "Blizzard",
          "Hyper Beam",
          "Protect",
          "Rain Dance",
          "Frustration",
          "Smack Down",
          "Thunderbolt",
          "Thunder",
          "Earthquake",
          "Return",
          "Shadow Ball",
          "Brick Break",
          "Double Team",
          "Flamethrower",
          "Sandstorm",
          "Fire Blast",
          "Rock Tomb",
          "Aerial Ace",
          "Facade",
          "Flame Charge",
          "Rest",
          "Attract",
          "Thief",
          "Round",
          "Echoed Voice",
          "Focus Blast",
          "False Swipe",
          "Fling",
          "Brutal Swing",
          "Will-O-Wisp",
          "Giga Impact",
          "Stone Edge",
          "Swords Dance",
          "Bulldoze",
          "Rock Slide",
          "Dream Eater",
          "Swagger",
          "Sleep Talk",
          "Substitute",
          "Dark Pulse",
          "Confide"
        ],
        "tmMoves6": [],
        "tmMoves5": [],
        "tmMoves4": [],
        "tmMoves3": [],
        "tmMoves2": [],
        "tmMoves1": [],
        "tmMoves": []
      },
      "abilities": {
        "abilities": [
          "CursedBody",
          "LightningRod"
        ],
        "hiddenAbilities": [
          "RockHead"
        ]
      },
      "tags": [
        "alolan"
      ],
      "types": [
        "FIRE",
        "GHOST"
      ],
      "preEvolutions": [
        "Cubone"
      ],
      "genderProperties": [
        {
          "gender": "ALL",
          "palettes": [
            {
              "name": "none",
              "texture": "pixelmon:pokemon/105_marowak/all/alolan/none/texture.png",
              "sprite": "pixelmon:pokemon/105_marowak/all/alolan/none/sprite.png",
              "particle": "",
              "modelLocator": {
                "factoryType": "NORMAL",
                "pqc": [
                  "pixelmon:pokemon/105_marowak/all/alolan/none/model.pqc"
                ]
              }
            },
            {
              "name": "shiny",
              "texture": "pixelmon:pokemon/105_marowak/all/alolan/shiny/texture.png",
              "sprite": "pixelmon:pokemon/105_marowak/all/alolan/shiny/sprite.png",
              "particle": "arcanery:shiny"
            },
			{
              "name": "corrupt",
              "texture": "pixelmon:pokemon/105_marowak/all/alolan/custom-corrupt/texture.png",
              "sprite": "pixelmon:pokemon/105_marowak/all/alolan/custom-corrupt/sprite.png",
              "particle": ""
            },
			{
              "name": "galaxy",
              "texture": "pixelmon:pokemon/105_marowak/all/alolan/custom-galaxy/texture.png",
              "sprite": "pixelmon:pokemon/105_marowak/all/alolan/custom-galaxy/sprite.png",
              "particle": ""
            },
			{
              "name": "infernal",
              "texture": "pixelmon:pokemon/105_marowak/all/alolan/custom-infernal/texture.png",
              "sprite": "pixelmon:pokemon/105_marowak/all/alolan/custom-infernal/sprite.png",
              "particle": ""
            },
			{
              "name": "norse",
              "texture": "pixelmon:pokemon/105_marowak/all/alolan/custom-norse/texture.png",
              "sprite": "pixelmon:pokemon/105_marowak/all/alolan/custom-norse/sprite.png",
              "particle": ""
            },
			{
              "name": "outer worlds",
              "texture": "pixelmon:pokemon/105_marowak/all/alolan/custom-outerworlds/texture.png",
              "sprite": "pixelmon:pokemon/105_marowak/all/alolan/custom-outerworlds/sprite.png",
              "particle": ""
            },
			{
              "name": "trick or treat",
              "texture": "pixelmon:pokemon/105_marowak/all/alolan/custom-trickortreat/texture.png",
              "sprite": "pixelmon:pokemon/105_marowak/all/alolan/custom-trickortreat/sprite.png",
              "particle": ""
            }
          ]
        }
      ]
    }
  ],
  "generation": 1
}
