{
  "name": "Hitmonlee",
  "dex": 106,
  "defaultForms": [
    ""
  ],
  "forms": [
    {
      "name": "",
      "experienceGroup": "MEDIUM_FAST",
      "dimensions": {
        "height": 1.4,
        "width": 1.0,
        "length": 1,
        "eyeHeight": 1.4,
        "hoverHeight": 1.4
      },
      "moves": {
        "levelUpMoves": [
          {
            "level": 0,
            "attacks": [
              "Brick Break",
              "Fake Out",
              "Feint",
              "Focus Energy",
              "Helping Hand",
              "Low Sweep",
              "Tackle"
            ]
          },
          {
            "level": 4,
            "attacks": [
              "Double Kick"
            ]
          },
          {
            "level": 8,
            "attacks": [
              "Low Kick"
            ]
          },
          {
            "level": 12,
            "attacks": [
              "Endure"
            ]
          },
          {
            "level": 16,
            "attacks": [
              "Revenge"
            ]
          },
          {
            "level": 21,
            "attacks": [
              "Wide Guard"
            ]
          },
          {
            "level": 24,
            "attacks": [
              "Blaze Kick"
            ]
          },
          {
            "level": 28,
            "attacks": [
              "Mind Reader"
            ]
          },
          {
            "level": 32,
            "attacks": [
              "Mega Kick"
            ]
          },
          {
            "level": 36,
            "attacks": [
              "Close Combat"
            ]
          },
          {
            "level": 40,
            "attacks": [
              "Reversal"
            ]
          },
          {
            "level": 44,
            "attacks": [
              "High Jump Kick"
            ]
          }
        ],
        "tutorMoves": [
          "Coaching"
        ],
        "eggMoves": [
          "Bullet Punch",
          "Counter",
          "Feint",
          "High Jump Kick",
          "Mach Punch",
          "Mind Reader",
          "Rapid Spin",
          "Vacuum Wave"
        ],
        "tmMoves8": [
          "Mega Punch",
          "Mega Kick",
          "Rest",
          "Rock Slide",
          "Thief",
          "Snore",
          "Protect",
          "Attract",
          "Rain Dance",
          "Sunny Day",
          "Facade",
          "Swift",
          "Helping Hand",
          "Revenge",
          "Brick Break",
          "Rock Tomb",
          "Bounce",
          "Fling",
          "Low Sweep",
          "Round",
          "Retaliate",
          "Bulldoze",
          "Stomping Tantrum"
        ],
        "trMoves": [
          "Body Slam",
          "Low Kick",
          "Earthquake",
          "Focus Energy",
          "Metronome",
          "Substitute",
          "Reversal",
          "Endure",
          "Sleep Talk",
          "Uproar",
          "Superpower",
          "Blaze Kick",
          "Bulk Up",
          "Close Combat",
          "Aura Sphere",
          "Poison Jab",
          "Focus Blast",
          "Stone Edge",
          "Work Up",
          "Throat Chop"
        ],
        "hmMoves": [],
        "transferMoves": [
          "Bide",
          "Captivate",
          "Confide",
          "Covet",
          "Curse",
          "Detect",
          "Double Team",
          "Double-Edge",
          "Dynamic Punch",
          "Focus Punch",
          "Foresight",
          "Frustration",
          "Headbutt",
          "Hidden Power",
          "Jump Kick",
          "Knock Off",
          "Laser Focus",
          "Meditate",
          "Mimic",
          "Mud-Slap",
          "Natural Gift",
          "Power-Up Punch",
          "Pursuit",
          "Rage",
          "Refresh",
          "Return",
          "Rock Smash",
          "Role Play",
          "Rolling Kick",
          "Secret Power",
          "Seismic Toss",
          "Skull Bash",
          "Strength",
          "Submission",
          "Sucker Punch",
          "Swagger",
          "Take Down",
          "Toxic"
        ],
        "tmMoves7": [
          "Work Up",
          "Toxic",
          "Bulk Up",
          "Hidden Power",
          "Sunny Day",
          "Protect",
          "Rain Dance",
          "Frustration",
          "Earthquake",
          "Return",
          "Brick Break",
          "Double Team",
          "Rock Tomb",
          "Facade",
          "Rest",
          "Attract",
          "Thief",
          "Low Sweep",
          "Round",
          "Focus Blast",
          "Fling",
          "Stone Edge",
          "Bulldoze",
          "Rock Slide",
          "Poison Jab",
          "Swagger",
          "Sleep Talk",
          "Substitute",
          "Confide"
        ],
        "tmMoves6": [
          "Toxic",
          "Bulk Up",
          "Hidden Power",
          "Sunny Day",
          "Protect",
          "Rain Dance",
          "Frustration",
          "Earthquake",
          "Return",
          "Brick Break",
          "Double Team",
          "Rock Tomb",
          "Facade",
          "Rest",
          "Attract",
          "Thief",
          "Low Sweep",
          "Round",
          "Focus Blast",
          "Fling",
          "Retaliate",
          "Stone Edge",
          "Bulldoze",
          "Rock Slide",
          "Poison Jab",
          "Swagger",
          "Sleep Talk",
          "Substitute",
          "Secret Power",
          "Power-Up Punch",
          "Confide"
        ],
        "tmMoves5": [
          "Toxic",
          "Bulk Up",
          "Hidden Power",
          "Sunny Day",
          "Protect",
          "Rain Dance",
          "Frustration",
          "Earthquake",
          "Return",
          "Brick Break",
          "Double Team",
          "Rock Tomb",
          "Facade",
          "Rest",
          "Attract",
          "Thief",
          "Low Sweep",
          "Round",
          "Focus Blast",
          "Fling",
          "Retaliate",
          "Stone Edge",
          "Bulldoze",
          "Rock Slide",
          "Work Up",
          "Poison Jab",
          "Swagger",
          "Substitute",
          "Rock Smash"
        ],
        "tmMoves4": [
          "Focus Punch",
          "Toxic",
          "Bulk Up",
          "Hidden Power",
          "Sunny Day",
          "Protect",
          "Rain Dance",
          "Frustration",
          "Earthquake",
          "Return",
          "Brick Break",
          "Double Team",
          "Rock Tomb",
          "Facade",
          "Secret Power",
          "Rest",
          "Attract",
          "Thief",
          "Focus Blast",
          "Fling",
          "Endure",
          "Stone Edge",
          "Captivate",
          "Rock Slide",
          "Sleep Talk",
          "Natural Gift",
          "Poison Jab",
          "Swagger",
          "Substitute"
        ],
        "tmMoves3": [
          "Focus Punch",
          "Toxic",
          "Bulk Up",
          "Hidden Power",
          "Sunny Day",
          "Protect",
          "Rain Dance",
          "Frustration",
          "Earthquake",
          "Return",
          "Brick Break",
          "Double Team",
          "Rock Tomb",
          "Facade",
          "Secret Power",
          "Rest",
          "Attract",
          "Thief"
        ],
        "tmMoves2": [
          "Dynamic Punch",
          "Headbutt",
          "Curse",
          "Toxic",
          "Rock Smash",
          "Hidden Power",
          "Sunny Day",
          "Snore",
          "Protect",
          "Endure",
          "Frustration",
          "Return",
          "Mud-Slap",
          "Double Team",
          "Swagger",
          "Sleep Talk",
          "Swift",
          "Detect",
          "Rest",
          "Attract",
          "Thief"
        ],
        "tmMoves1": [
          "Mega Punch",
          "Mega Kick",
          "Toxic",
          "Body Slam",
          "Take Down",
          "Double-Edge",
          "Submission",
          "Counter",
          "Seismic Toss",
          "Rage",
          "Mimic",
          "Double Team",
          "Bide",
          "Metronome",
          "Swift",
          "Skull Bash",
          "Rest",
          "Substitute"
        ],
        "tmMoves": []
      },
      "abilities": {
        "abilities": [
          "Limber",
          "Reckless"
        ],
        "hiddenAbilities": [
          "Unburden"
        ]
      },
      "movement": {
        "rideable": false,
        "canFly": false,
        "canSurf": false,
        "canRideShoulder": false
      },
      "aggression": {
        "timid": 80,
        "passive": 0,
        "aggressive": 20
      },
      "battleStats": {
        "hp": 50,
        "attack": 120,
        "defense": 53,
        "specialAttack": 35,
        "specialDefense": 110,
        "speed": 87
      },
      "tags": [],
      "spawn": {
        "baseExp": 139,
        "baseFriendship": 70,
        "spawnLevel": 25,
        "spawnLevelRange": 25,
        "spawnLocations": [
          "LAND"
        ]
      },
      "possibleGenders": [
        "MALE",
        "FEMALE"
      ],
      "genderProperties": [
        {
          "gender": "ALL",
          "palettes": [
            {
              "name": "none",
              "texture": "pixelmon:pokemon/106_hitmonlee/all/base/none/texture.png",
              "sprite": "pixelmon:pokemon/106_hitmonlee/all/base/none/sprite.png",
              "particle": "",
              "modelLocator": {
                "factoryType": "NORMAL",
                "pqc": [
                  "pixelmon:pokemon/106_hitmonlee/all/base/none/model.pqc"
                ],
                "yRotation": 24.1
              },
              "sounds": [
                "pixelmon.mob.hitmonlee",
                "pixelmon.mob.hitmonlee"
              ]
            },
            {
              "name": "shiny",
              "texture": "pixelmon:pokemon/106_hitmonlee/all/base/shiny/texture.png",
              "sprite": "pixelmon:pokemon/106_hitmonlee/all/base/shiny/sprite.png",
              "particle": "arcanery:shiny"
            },
			{
              "name": "phantom",
              "texture": "pixelmon:pokemon/106_hitmonlee/all/base/custom-phantom/texture.png",
              "sprite": "pixelmon:pokemon/106_hitmonlee/all/base/custom-phantom/sprite.png",
              "particle": ""
            },
			{
              "name": "shadow",
              "texture": "pixelmon:pokemon/106_hitmonlee/all/base/custom-shadow/texture.png",
              "sprite": "pixelmon:pokemon/106_hitmonlee/all/base/custom-shadow/sprite.png",
              "particle": ""
            },
			{
              "name": "summer",
              "texture": "pixelmon:pokemon/106_hitmonlee/all/base/custom-summer/texture.png",
              "sprite": "pixelmon:pokemon/106_hitmonlee/all/base/custom-summer/sprite.png",
              "particle": ""
            }
          ]
        }
      ],
      "eggGroups": [
        "HUMAN_LIKE"
      ],
      "types": [
        "FIGHTING"
      ],
      "preEvolutions": [
        "Tyrogue"
      ],
      "defaultBaseForm": "",
      "megaItems": [],
      "megas": [],
      "gigantamax": {
        "canHaveFactor": false,
        "canGigantamax": false
      },
      "eggCycles": 26,
      "weight": 49.8,
      "catchRate": 45,
      "malePercentage": 0,
      "evolutions": [],
      "evYields": {
        "attack": 2
      }
    }
  ],
  "generation": 1
}
