{
  "name": "Hitmonchan",
  "dex": 107,
  "defaultForms": [
    ""
  ],
  "forms": [
    {
      "name": "",
      "experienceGroup": "MEDIUM_FAST",
      "dimensions": {
        "height": 1.4,
        "width": 1.0,
        "length": 1,
        "eyeHeight": 1.4,
        "hoverHeight": 1.4
      },
      "moves": {
        "levelUpMoves": [
          {
            "level": 0,
            "attacks": [
              "Bullet Punch",
              "Drain Punch",
              "Fake Out",
              "Feint",
              "Focus Energy",
              "Helping Hand",
              "Tackle",
              "Vacuum Wave"
            ]
          },
          {
            "level": 4,
            "attacks": [
              "Mach Punch"
            ]
          },
          {
            "level": 8,
            "attacks": [
              "Power-Up Punch"
            ]
          },
          {
            "level": 12,
            "attacks": [
              "Detect"
            ]
          },
          {
            "level": 16,
            "attacks": [
              "Revenge"
            ]
          },
          {
            "level": 21,
            "attacks": [
              "Quick Guard"
            ]
          },
          {
            "level": 24,
            "attacks": [
              "Fire Punch",
              "Ice Punch",
              "Thunder Punch"
            ]
          },
          {
            "level": 28,
            "attacks": [
              "Agility"
            ]
          },
          {
            "level": 32,
            "attacks": [
              "Mega Punch"
            ]
          },
          {
            "level": 36,
            "attacks": [
              "Close Combat"
            ]
          },
          {
            "level": 40,
            "attacks": [
              "Counter"
            ]
          },
          {
            "level": 44,
            "attacks": [
              "Focus Punch"
            ]
          }
        ],
        "tutorMoves": [
          "Coaching"
        ],
        "eggMoves": [
          "Bullet Punch",
          "Counter",
          "Feint",
          "High Jump Kick",
          "Mach Punch",
          "Mind Reader",
          "Rapid Spin",
          "Vacuum Wave"
        ],
        "tmMoves8": [
          "Mega Punch",
          "Mega Kick",
          "Fire Punch",
          "Ice Punch",
          "Thunder Punch",
          "Rest",
          "Rock Slide",
          "Thief",
          "Snore",
          "Protect",
          "Attract",
          "Rain Dance",
          "Sunny Day",
          "Facade",
          "Swift",
          "Helping Hand",
          "Revenge",
          "Brick Break",
          "Rock Tomb",
          "Fling",
          "Drain Punch",
          "Low Sweep",
          "Round",
          "Retaliate",
          "Bulldoze"
        ],
        "trMoves": [
          "Body Slam",
          "Low Kick",
          "Earthquake",
          "Agility",
          "Focus Energy",
          "Metronome",
          "Substitute",
          "Endure",
          "Sleep Talk",
          "Uproar",
          "Bulk Up",
          "Close Combat",
          "Aura Sphere",
          "Focus Blast",
          "Stone Edge",
          "Work Up",
          "Throat Chop"
        ],
        "hmMoves": [],
        "transferMoves": [
          "Bide",
          "Captivate",
          "Comet Punch",
          "Confide",
          "Covet",
          "Curse",
          "Dizzy Punch",
          "Double Team",
          "Double-Edge",
          "Dynamic Punch",
          "Foresight",
          "Frustration",
          "Headbutt",
          "Hidden Power",
          "Laser Focus",
          "Leer",
          "Mimic",
          "Mud-Slap",
          "Natural Gift",
          "Pursuit",
          "Rage",
          "Return",
          "Rock Smash",
          "Role Play",
          "Secret Power",
          "Seismic Toss",
          "Skull Bash",
          "Sky Uppercut",
          "Strength",
          "Submission",
          "Swagger",
          "Take Down",
          "Toxic"
        ],
        "tmMoves7": [
          "Work Up",
          "Toxic",
          "Bulk Up",
          "Hidden Power",
          "Sunny Day",
          "Protect",
          "Rain Dance",
          "Frustration",
          "Earthquake",
          "Return",
          "Brick Break",
          "Double Team",
          "Rock Tomb",
          "Facade",
          "Rest",
          "Attract",
          "Thief",
          "Low Sweep",
          "Round",
          "Focus Blast",
          "Fling",
          "Stone Edge",
          "Bulldoze",
          "Rock Slide",
          "Swagger",
          "Sleep Talk",
          "Substitute",
          "Confide"
        ],
        "tmMoves6": [
          "Toxic",
          "Bulk Up",
          "Hidden Power",
          "Sunny Day",
          "Protect",
          "Rain Dance",
          "Frustration",
          "Earthquake",
          "Return",
          "Brick Break",
          "Double Team",
          "Rock Tomb",
          "Facade",
          "Rest",
          "Attract",
          "Thief",
          "Low Sweep",
          "Round",
          "Focus Blast",
          "Fling",
          "Retaliate",
          "Stone Edge",
          "Bulldoze",
          "Rock Slide",
          "Swagger",
          "Sleep Talk",
          "Substitute",
          "Secret Power",
          "Power-Up Punch",
          "Confide"
        ],
        "tmMoves5": [
          "Toxic",
          "Bulk Up",
          "Hidden Power",
          "Sunny Day",
          "Protect",
          "Rain Dance",
          "Frustration",
          "Earthquake",
          "Return",
          "Brick Break",
          "Double Team",
          "Rock Tomb",
          "Facade",
          "Rest",
          "Attract",
          "Thief",
          "Low Sweep",
          "Round",
          "Focus Blast",
          "Fling",
          "Retaliate",
          "Stone Edge",
          "Bulldoze",
          "Rock Slide",
          "Work Up",
          "Swagger",
          "Substitute",
          "Rock Smash"
        ],
        "tmMoves4": [
          "Focus Punch",
          "Toxic",
          "Bulk Up",
          "Hidden Power",
          "Sunny Day",
          "Protect",
          "Rain Dance",
          "Frustration",
          "Earthquake",
          "Return",
          "Brick Break",
          "Double Team",
          "Rock Tomb",
          "Facade",
          "Secret Power",
          "Rest",
          "Attract",
          "Thief",
          "Focus Blast",
          "Fling",
          "Endure",
          "Drain Punch",
          "Stone Edge",
          "Captivate",
          "Rock Slide",
          "Sleep Talk",
          "Natural Gift",
          "Swagger",
          "Substitute"
        ],
        "tmMoves3": [
          "Focus Punch",
          "Toxic",
          "Bulk Up",
          "Hidden Power",
          "Sunny Day",
          "Protect",
          "Rain Dance",
          "Frustration",
          "Earthquake",
          "Return",
          "Brick Break",
          "Double Team",
          "Rock Tomb",
          "Facade",
          "Secret Power",
          "Rest",
          "Attract",
          "Thief"
        ],
        "tmMoves2": [
          "Dynamic Punch",
          "Headbutt",
          "Curse",
          "Toxic",
          "Rock Smash",
          "Hidden Power",
          "Sunny Day",
          "Snore",
          "Protect",
          "Endure",
          "Frustration",
          "Return",
          "Mud-Slap",
          "Double Team",
          "Ice Punch",
          "Swagger",
          "Sleep Talk",
          "Swift",
          "Thunder Punch",
          "Detect",
          "Rest",
          "Attract",
          "Thief",
          "Fire Punch"
        ],
        "tmMoves1": [
          "Mega Punch",
          "Mega Kick",
          "Toxic",
          "Body Slam",
          "Take Down",
          "Double-Edge",
          "Submission",
          "Counter",
          "Seismic Toss",
          "Rage",
          "Mimic",
          "Double Team",
          "Bide",
          "Metronome",
          "Swift",
          "Skull Bash",
          "Rest",
          "Substitute"
        ],
        "tmMoves": []
      },
      "abilities": {
        "abilities": [
          "KeenEye",
          "IronFist"
        ],
        "hiddenAbilities": [
          "InnerFocus"
        ]
      },
      "movement": {
        "rideable": false,
        "canFly": false,
        "canSurf": false,
        "canRideShoulder": false
      },
      "aggression": {
        "timid": 80,
        "passive": 0,
        "aggressive": 20
      },
      "battleStats": {
        "hp": 50,
        "attack": 105,
        "defense": 79,
        "specialAttack": 35,
        "specialDefense": 110,
        "speed": 76
      },
      "tags": [],
      "spawn": {
        "baseExp": 140,
        "baseFriendship": 70,
        "spawnLevel": 25,
        "spawnLevelRange": 25,
        "spawnLocations": [
          "LAND"
        ]
      },
      "possibleGenders": [
        "MALE",
        "FEMALE"
      ],
      "genderProperties": [
        {
          "gender": "ALL",
          "palettes": [
            {
              "name": "none",
              "texture": "pixelmon:pokemon/107_hitmonchan/all/base/none/texture.png",
              "sprite": "pixelmon:pokemon/107_hitmonchan/all/base/none/sprite.png",
              "particle": "",
              "modelLocator": {
                "factoryType": "NORMAL",
                "pqc": [
                  "pixelmon:pokemon/107_hitmonchan/all/base/none/model.pqc"
                ],
                "yRotation": 24.1
              },
              "sounds": [
                "pixelmon.mob.hitmonchan",
                "pixelmon.mob.hitmonchan",
                "pixelmon.mob.hitmonchan",
                "pixelmon.mob.hitmonchan"
              ]
            },
            {
              "name": "shiny",
              "texture": "pixelmon:pokemon/107_hitmonchan/all/base/shiny/texture.png",
              "sprite": "pixelmon:pokemon/107_hitmonchan/all/base/shiny/sprite.png",
              "particle": "arcanery:shiny"
            },
			{
              "name": "cosplay",
              "texture": "pixelmon:pokemon/107_hitmonchan/all/base/custom-cosplay/texture.png",
              "sprite": "pixelmon:pokemon/107_hitmonchan/all/base/custom-cosplay/sprite.png",
              "particle": ""
            },
			{
              "name": "fusion",
              "texture": "pixelmon:pokemon/107_hitmonchan/all/base/custom-fusion/texture.png",
              "sprite": "pixelmon:pokemon/107_hitmonchan/all/base/custom-fusion/sprite.png",
              "particle": ""
            },
			{
              "name": "hero",
              "texture": "pixelmon:pokemon/107_hitmonchan/all/base/custom-hero/texture.png",
              "sprite": "pixelmon:pokemon/107_hitmonchan/all/base/custom-hero/sprite.png",
              "particle": ""
            },
			{
              "name": "irradiated",
              "texture": "pixelmon:pokemon/107_hitmonchan/all/base/custom-irradiated/texture.png",
              "sprite": "pixelmon:pokemon/107_hitmonchan/all/base/custom-irradiated/sprite.png",
              "particle": ""
            },{
              "name": "nintendo",
              "texture": "pixelmon:pokemon/107_hitmonchan/all/base/custom-nintendo/texture.png",
              "sprite": "pixelmon:pokemon/107_hitmonchan/all/base/custom-nintendo/sprite.png",
              "particle": ""
            },
			{
              "name": "patriotic",
              "texture": "pixelmon:pokemon/107_hitmonchan/all/base/custom-patriotic/texture.png",
              "sprite": "pixelmon:pokemon/107_hitmonchan/all/base/custom-patriotic/sprite.png",
              "particle": ""
            },
			{
              "name": "shadow",
              "texture": "pixelmon:pokemon/107_hitmonchan/all/base/custom-shadow/texture.png",
              "sprite": "pixelmon:pokemon/107_hitmonchan/all/base/custom-shadow/sprite.png",
              "particle": ""
            },
			{
              "name": "tribal",
              "texture": "pixelmon:pokemon/107_hitmonchan/all/base/custom-tribal/texture.png",
              "sprite": "pixelmon:pokemon/107_hitmonchan/all/base/custom-tribal/sprite.png",
              "particle": ""
            }
          ]
        }
      ],
      "eggGroups": [
        "HUMAN_LIKE"
      ],
      "types": [
        "FIGHTING"
      ],
      "preEvolutions": [
        "Tyrogue"
      ],
      "defaultBaseForm": "",
      "megaItems": [],
      "megas": [],
      "gigantamax": {
        "canHaveFactor": false,
        "canGigantamax": false
      },
      "eggCycles": 26,
      "weight": 50.2,
      "catchRate": 45,
      "malePercentage": 0,
      "evolutions": [],
      "evYields": {
        "specialDefense": 2
      }
    }
  ],
  "generation": 1
}
