{
  "name": "Rhyhorn",
  "dex": 111,
  "defaultForms": [
    ""
  ],
  "forms": [
    {
      "name": "",
      "experienceGroup": "SLOW",
      "dimensions": {
        "height": 1.1,
        "width": 1.3,
        "length": 1,
        "eyeHeight": 1.1,
        "hoverHeight": 1.1
      },
      "moves": {
        "levelUpMoves": [
          {
            "level": 0,
            "attacks": [
              "Tackle",
              "Tail Whip"
            ]
          },
          {
            "level": 5,
            "attacks": [
              "Smack Down"
            ]
          },
          {
            "level": 10,
            "attacks": [
              "Bulldoze"
            ]
          },
          {
            "level": 15,
            "attacks": [
              "Horn Attack"
            ]
          },
          {
            "level": 20,
            "attacks": [
              "Scary Face"
            ]
          },
          {
            "level": 25,
            "attacks": [
              "Stomp"
            ]
          },
          {
            "level": 30,
            "attacks": [
              "Rock Blast"
            ]
          },
          {
            "level": 35,
            "attacks": [
              "Drill Run"
            ]
          },
          {
            "level": 40,
            "attacks": [
              "Take Down"
            ]
          },
          {
            "level": 45,
            "attacks": [
              "Earthquake"
            ]
          },
          {
            "level": 50,
            "attacks": [
              "Stone Edge"
            ]
          },
          {
            "level": 55,
            "attacks": [
              "Megahorn"
            ]
          },
          {
            "level": 60,
            "attacks": [
              "Horn Drill"
            ]
          }
        ],
        "tutorMoves": [
          "Scorching Sands"
        ],
        "eggMoves": [
          "Counter",
          "Curse",
          "Dragon Rush",
          "Guard Split",
          "Metal Burst",
          "Rock Polish",
          "Skull Bash"
        ],
        "tmMoves8": [
          "Dig",
          "Rest",
          "Rock Slide",
          "Thief",
          "Snore",
          "Protect",
          "Scary Face",
          "Icy Wind",
          "Attract",
          "Sandstorm",
          "Rain Dance",
          "Sunny Day",
          "Facade",
          "Rock Tomb",
          "Mud Shot",
          "Rock Blast",
          "Payback",
          "Thunder Fang",
          "Ice Fang",
          "Fire Fang",
          "Round",
          "Bulldoze",
          "Smart Strike",
          "Stomping Tantrum"
        ],
        "trMoves": [
          "Swords Dance",
          "Body Slam",
          "Flamethrower",
          "Ice Beam",
          "Blizzard",
          "Thunderbolt",
          "Thunder",
          "Earthquake",
          "Fire Blast",
          "Substitute",
          "Reversal",
          "Endure",
          "Sleep Talk",
          "Megahorn",
          "Iron Tail",
          "Crunch",
          "Uproar",
          "Superpower",
          "Poison Jab",
          "Dragon Pulse",
          "Earth Power",
          "Stone Edge",
          "Stealth Rock",
          "Drill Run",
          "High Horsepower"
        ],
        "hmMoves": [],
        "transferMoves": [
          "Ancient Power",
          "Aqua Tail",
          "Bide",
          "Captivate",
          "Chip Away",
          "Confide",
          "Crush Claw",
          "Double Team",
          "Double-Edge",
          "Endeavor",
          "Fissure",
          "Frustration",
          "Fury Attack",
          "Headbutt",
          "Hidden Power",
          "Incinerate",
          "Leer",
          "Magnitude",
          "Mimic",
          "Mud-Slap",
          "Natural Gift",
          "Pursuit",
          "Rage",
          "Return",
          "Roar",
          "Rock Climb",
          "Rock Smash",
          "Rock Throw",
          "Rollout",
          "Rototiller",
          "Sand Attack",
          "Secret Power",
          "Shock Wave",
          "Spite",
          "Strength",
          "Swagger",
          "Thrash",
          "Toxic",
          "Zap Cannon"
        ],
        "tmMoves7": [
          "Roar",
          "Toxic",
          "Hidden Power",
          "Sunny Day",
          "Ice Beam",
          "Blizzard",
          "Protect",
          "Rain Dance",
          "Frustration",
          "Smack Down",
          "Thunderbolt",
          "Thunder",
          "Earthquake",
          "Return",
          "Double Team",
          "Flamethrower",
          "Sandstorm",
          "Fire Blast",
          "Rock Tomb",
          "Facade",
          "Rest",
          "Attract",
          "Thief",
          "Round",
          "Payback",
          "Smart Strike",
          "Rock Polish",
          "Stone Edge",
          "Swords Dance",
          "Bulldoze",
          "Rock Slide",
          "Poison Jab",
          "Swagger",
          "Sleep Talk",
          "Substitute",
          "Confide"
        ],
        "tmMoves6": [
          "Roar",
          "Toxic",
          "Hidden Power",
          "Sunny Day",
          "Ice Beam",
          "Blizzard",
          "Protect",
          "Rain Dance",
          "Frustration",
          "Smack Down",
          "Thunderbolt",
          "Thunder",
          "Earthquake",
          "Return",
          "Dig",
          "Double Team",
          "Flamethrower",
          "Sandstorm",
          "Fire Blast",
          "Rock Tomb",
          "Facade",
          "Rest",
          "Attract",
          "Thief",
          "Round",
          "Incinerate",
          "Payback",
          "Rock Polish",
          "Stone Edge",
          "Swords Dance",
          "Bulldoze",
          "Rock Slide",
          "Poison Jab",
          "Swagger",
          "Sleep Talk",
          "Substitute",
          "Secret Power",
          "Confide"
        ],
        "tmMoves5": [
          "Roar",
          "Toxic",
          "Hidden Power",
          "Sunny Day",
          "Ice Beam",
          "Blizzard",
          "Protect",
          "Rain Dance",
          "Frustration",
          "Thunderbolt",
          "Thunder",
          "Earthquake",
          "Return",
          "Dig",
          "Double Team",
          "Flamethrower",
          "Sandstorm",
          "Fire Blast",
          "Rock Tomb",
          "Facade",
          "Rest",
          "Attract",
          "Thief",
          "Round",
          "Incinerate",
          "Payback",
          "Rock Polish",
          "Stone Edge",
          "Swords Dance",
          "Bulldoze",
          "Rock Slide",
          "Poison Jab",
          "Swagger",
          "Substitute",
          "Rock Smash"
        ],
        "tmMoves4": [
          "Roar",
          "Toxic",
          "Hidden Power",
          "Sunny Day",
          "Ice Beam",
          "Blizzard",
          "Protect",
          "Rain Dance",
          "Frustration",
          "Iron Tail",
          "Thunderbolt",
          "Thunder",
          "Earthquake",
          "Return",
          "Dig",
          "Double Team",
          "Shock Wave",
          "Flamethrower",
          "Sandstorm",
          "Fire Blast",
          "Rock Tomb",
          "Facade",
          "Secret Power",
          "Rest",
          "Attract",
          "Thief",
          "Endure",
          "Dragon Pulse",
          "Payback",
          "Rock Polish",
          "Stone Edge",
          "Swords Dance",
          "Stealth Rock",
          "Captivate",
          "Rock Slide",
          "Sleep Talk",
          "Natural Gift",
          "Poison Jab",
          "Swagger",
          "Substitute"
        ],
        "tmMoves3": [
          "Roar",
          "Toxic",
          "Hidden Power",
          "Sunny Day",
          "Ice Beam",
          "Blizzard",
          "Protect",
          "Rain Dance",
          "Frustration",
          "Iron Tail",
          "Thunderbolt",
          "Thunder",
          "Earthquake",
          "Return",
          "Dig",
          "Double Team",
          "Shock Wave",
          "Flamethrower",
          "Sandstorm",
          "Fire Blast",
          "Rock Tomb",
          "Facade",
          "Secret Power",
          "Rest",
          "Attract",
          "Thief"
        ],
        "tmMoves2": [
          "Headbutt",
          "Curse",
          "Rollout",
          "Roar",
          "Toxic",
          "Zap Cannon",
          "Rock Smash",
          "Hidden Power",
          "Sunny Day",
          "Snore",
          "Blizzard",
          "Icy Wind",
          "Protect",
          "Endure",
          "Frustration",
          "Iron Tail",
          "Thunder",
          "Earthquake",
          "Return",
          "Dig",
          "Mud-Slap",
          "Double Team",
          "Swagger",
          "Sleep Talk",
          "Sandstorm",
          "Fire Blast",
          "Rest",
          "Attract"
        ],
        "tmMoves1": [
          "Toxic",
          "Horn Drill",
          "Body Slam",
          "Take Down",
          "Double-Edge",
          "Rage",
          "Thunderbolt",
          "Thunder",
          "Earthquake",
          "Fissure",
          "Dig",
          "Mimic",
          "Double Team",
          "Bide",
          "Fire Blast",
          "Skull Bash",
          "Rest",
          "Rock Slide",
          "Substitute"
        ],
        "tmMoves": []
      },
      "abilities": {
        "abilities": [
          "LightningRod",
          "RockHead"
        ],
        "hiddenAbilities": [
          "Reckless"
        ]
      },
      "movement": {
        "rideable": true,
        "canFly": false,
        "canSurf": false,
        "canRideShoulder": false,
        "ridingOffsets": {
          "standing": {
            "x": 0.0,
            "y": -0.55,
            "z": 0.0
          },
          "moving": {
            "x": 0.0,
            "y": -0.55,
            "z": 0.0
          }
        }
      },
      "aggression": {
        "timid": 70,
        "passive": 0,
        "aggressive": 30
      },
      "battleStats": {
        "hp": 80,
        "attack": 85,
        "defense": 95,
        "specialAttack": 30,
        "specialDefense": 30,
        "speed": 25
      },
      "tags": [],
      "spawn": {
        "baseExp": 135,
        "baseFriendship": 70,
        "spawnLevel": 20,
        "spawnLevelRange": 14,
        "spawnLocations": [
          "LAND"
        ]
      },
      "possibleGenders": [
        "MALE",
        "FEMALE"
      ],
      "genderProperties": [
        {
          "gender": "ALL",
          "palettes": [
            {
              "name": "none",
              "texture": "pixelmon:pokemon/111_rhyhorn/all/base/none/texture.png",
              "sprite": "pixelmon:pokemon/111_rhyhorn/all/base/none/sprite.png",
              "particle": "",
              "modelLocator": {
                "factoryType": "NORMAL",
                "pqc": [
                  "pixelmon:pokemon/111_rhyhorn/all/base/none/model.pqc"
                ]
              },
              "sounds": [
                "pixelmon.mob.rhyhorn",
                "pixelmon.mob.rhyhorn",
                "pixelmon.mob.rhyhorn",
                "pixelmon.mob.rhyhorn"
              ]
            },
            {
              "name": "shiny",
              "texture": "pixelmon:pokemon/111_rhyhorn/all/base/shiny/texture.png",
              "sprite": "pixelmon:pokemon/111_rhyhorn/all/base/shiny/sprite.png",
              "particle": "arcanery:shiny"
            },
            {
              "name": "pink",
              "texture": "pixelmon:pokemon/111_rhyhorn/all/base/pink/texture.png",
              "sprite": "pixelmon:pokemon/111_rhyhorn/all/base/pink/sprite.png",
              "particle": ""
            },
			{
              "name": "gemstone 1",
              "texture": "pixelmon:pokemon/111_rhyhorn/all/base/custom-gemstone1/texture.png",
              "sprite": "pixelmon:pokemon/111_rhyhorn/all/base/custom-gemstone1/sprite.png",
              "particle": ""
            },
			{
              "name": "gemstone 2",
              "texture": "pixelmon:pokemon/111_rhyhorn/all/base/custom-gemstone2/texture.png",
              "sprite": "pixelmon:pokemon/111_rhyhorn/all/base/custom-gemstone2/sprite.png",
              "particle": ""
            },
			{
              "name": "molten",
              "texture": "pixelmon:pokemon/111_rhyhorn/all/base/custom-molten/texture.png",
              "sprite": "pixelmon:pokemon/111_rhyhorn/all/base/custom-molten/sprite.png",
              "particle": ""
            },
			{
              "name": "shadow",
              "texture": "pixelmon:pokemon/111_rhyhorn/all/base/custom-shadow/texture.png",
              "sprite": "pixelmon:pokemon/111_rhyhorn/all/base/custom-shadow/sprite.png",
              "particle": ""
            }
          ]
        }
      ],
      "eggGroups": [
        "MONSTER",
        "FIELD"
      ],
      "types": [
        "GROUND",
        "ROCK"
      ],
      "preEvolutions": [],
      "defaultBaseForm": "",
      "megaItems": [],
      "megas": [],
      "gigantamax": {
        "canHaveFactor": false,
        "canGigantamax": false
      },
      "eggCycles": 21,
      "weight": 115.0,
      "catchRate": 120,
      "malePercentage": 0,
      "evolutions": [
        {
          "level": 42,
          "to": "Rhydon",
          "conditions": [],
          "evoType": "leveling",
          "moves": [
            "Hammer Arm"
          ]
        }
      ],
      "evYields": {
        "defense": 1
      }
    }
  ],
  "generation": 1
}
