{
  "name": "Chansey",
  "dex": 113,
  "defaultForms": [
    ""
  ],
  "forms": [
    {
      "name": "",
      "experienceGroup": "FAST",
      "dimensions": {
        "height": 1.1,
        "width": 1.0,
        "length": 1,
        "eyeHeight": 1.1,
        "hoverHeight": 1.1
      },
      "moves": {
        "levelUpMoves": [
          {
            "level": 0,
            "attacks": [
              "Charm",
              "Copycat",
              "Covet",
              "Defense Curl",
              "Disarming Voice",
              "Minimize",
              "Pound",
              "Sweet Kiss"
            ]
          },
          {
            "level": 4,
            "attacks": [
              "Tail Whip"
            ]
          },
          {
            "level": 8,
            "attacks": [
              "Echoed Voice"
            ]
          },
          {
            "level": 12,
            "attacks": [
              "Life Dew"
            ]
          },
          {
            "level": 16,
            "attacks": [
              "Sing"
            ]
          },
          {
            "level": 20,
            "attacks": [
              "Fling"
            ]
          },
          {
            "level": 24,
            "attacks": [
              "Take Down"
            ]
          },
          {
            "level": 28,
            "attacks": [
              "Heal Pulse"
            ]
          },
          {
            "level": 32,
            "attacks": [
              "Helping Hand"
            ]
          },
          {
            "level": 36,
            "attacks": [
              "Light Screen"
            ]
          },
          {
            "level": 40,
            "attacks": [
              "Double-Edge"
            ]
          },
          {
            "level": 44,
            "attacks": [
              "Soft-Boiled"
            ]
          },
          {
            "level": 48,
            "attacks": [
              "Last Resort"
            ]
          },
          {
            "level": 52,
            "attacks": [
              "Healing Wish"
            ]
          }
        ],
        "tutorMoves": [],
        "eggMoves": [
          "Aromatherapy",
          "Gravity",
          "Present",
          "Seismic Toss"
        ],
        "tmMoves8": [
          "Mega Punch",
          "Mega Kick",
          "Fire Punch",
          "Ice Punch",
          "Thunder Punch",
          "Hyper Beam",
          "Giga Impact",
          "Solar Beam",
          "Thunder Wave",
          "Light Screen",
          "Safeguard",
          "Rest",
          "Rock Slide",
          "Snore",
          "Protect",
          "Icy Wind",
          "Charm",
          "Attract",
          "Sandstorm",
          "Rain Dance",
          "Sunny Day",
          "Hail",
          "Facade",
          "Helping Hand",
          "Brick Break",
          "Rock Tomb",
          "Fling",
          "Drain Punch",
          "Round",
          "Retaliate",
          "Bulldoze",
          "Stomping Tantrum"
        ],
        "trMoves": [
          "Body Slam",
          "Flamethrower",
          "Ice Beam",
          "Blizzard",
          "Thunderbolt",
          "Thunder",
          "Earthquake",
          "Psychic",
          "Metronome",
          "Fire Blast",
          "Tri Attack",
          "Substitute",
          "Endure",
          "Sleep Talk",
          "Iron Tail",
          "Shadow Ball",
          "Uproar",
          "Skill Swap",
          "Hyper Voice",
          "Calm Mind",
          "Zen Headbutt",
          "Stealth Rock",
          "Grass Knot",
          "Stored Power",
          "Ally Switch",
          "Work Up",
          "Wild Charge",
          "Dazzling Gleam"
        ],
        "hmMoves": [],
        "transferMoves": [
          "Bestow",
          "Bide",
          "Bubble Beam",
          "Captivate",
          "Celebrate",
          "Charge Beam",
          "Confide",
          "Counter",
          "Curse",
          "Double Slap",
          "Double Team",
          "Dream Eater",
          "Dynamic Punch",
          "Egg Bomb",
          "Endeavor",
          "Flash",
          "Focus Punch",
          "Frustration",
          "Growl",
          "Headbutt",
          "Heal Bell",
          "Hidden Power",
          "Incinerate",
          "Laser Focus",
          "Mimic",
          "Mud Bomb",
          "Mud-Slap",
          "Natural Gift",
          "Power-Up Punch",
          "Psych Up",
          "Psywave",
          "Rage",
          "Recycle",
          "Reflect",
          "Refresh",
          "Return",
          "Rock Smash",
          "Rollout",
          "Secret Power",
          "Shock Wave",
          "Skull Bash",
          "Snatch",
          "Strength",
          "Submission",
          "Swagger",
          "Sweet Scent",
          "Telekinesis",
          "Teleport",
          "Toxic",
          "Water Gun",
          "Water Pulse",
          "Wish",
          "Zap Cannon"
        ],
        "tmMoves7": [
          "Work Up",
          "Calm Mind",
          "Toxic",
          "Hail",
          "Hidden Power",
          "Sunny Day",
          "Ice Beam",
          "Blizzard",
          "Hyper Beam",
          "Light Screen",
          "Protect",
          "Rain Dance",
          "Safeguard",
          "Frustration",
          "Solar Beam",
          "Thunderbolt",
          "Thunder",
          "Earthquake",
          "Return",
          "Psychic",
          "Shadow Ball",
          "Brick Break",
          "Double Team",
          "Flamethrower",
          "Sandstorm",
          "Fire Blast",
          "Rock Tomb",
          "Facade",
          "Rest",
          "Attract",
          "Round",
          "Echoed Voice",
          "Fling",
          "Charge Beam",
          "Giga Impact",
          "Thunder Wave",
          "Psych Up",
          "Bulldoze",
          "Rock Slide",
          "Dream Eater",
          "Grass Knot",
          "Swagger",
          "Sleep Talk",
          "Substitute",
          "Wild Charge",
          "Dazzling Gleam",
          "Confide"
        ],
        "tmMoves6": [
          "Calm Mind",
          "Toxic",
          "Hail",
          "Hidden Power",
          "Sunny Day",
          "Ice Beam",
          "Blizzard",
          "Hyper Beam",
          "Light Screen",
          "Protect",
          "Rain Dance",
          "Safeguard",
          "Frustration",
          "Solar Beam",
          "Thunderbolt",
          "Thunder",
          "Earthquake",
          "Return",
          "Psychic",
          "Shadow Ball",
          "Brick Break",
          "Double Team",
          "Flamethrower",
          "Sandstorm",
          "Fire Blast",
          "Rock Tomb",
          "Facade",
          "Rest",
          "Attract",
          "Round",
          "Echoed Voice",
          "Fling",
          "Charge Beam",
          "Incinerate",
          "Retaliate",
          "Giga Impact",
          "Flash",
          "Thunder Wave",
          "Psych Up",
          "Bulldoze",
          "Rock Slide",
          "Dream Eater",
          "Grass Knot",
          "Swagger",
          "Sleep Talk",
          "Substitute",
          "Wild Charge",
          "Secret Power",
          "Power-Up Punch",
          "Dazzling Gleam",
          "Confide"
        ],
        "tmMoves5": [
          "Calm Mind",
          "Toxic",
          "Hail",
          "Hidden Power",
          "Sunny Day",
          "Ice Beam",
          "Blizzard",
          "Hyper Beam",
          "Light Screen",
          "Protect",
          "Rain Dance",
          "Safeguard",
          "Frustration",
          "Solar Beam",
          "Thunderbolt",
          "Thunder",
          "Earthquake",
          "Return",
          "Psychic",
          "Shadow Ball",
          "Brick Break",
          "Double Team",
          "Flamethrower",
          "Sandstorm",
          "Fire Blast",
          "Rock Tomb",
          "Facade",
          "Rest",
          "Attract",
          "Round",
          "Echoed Voice",
          "Fling",
          "Charge Beam",
          "Incinerate",
          "Retaliate",
          "Giga Impact",
          "Flash",
          "Thunder Wave",
          "Psych Up",
          "Bulldoze",
          "Rock Slide",
          "Work Up",
          "Dream Eater",
          "Grass Knot",
          "Swagger",
          "Substitute",
          "Wild Charge",
          "Rock Smash"
        ],
        "tmMoves4": [
          "Focus Punch",
          "Water Pulse",
          "Calm Mind",
          "Toxic",
          "Hail",
          "Hidden Power",
          "Sunny Day",
          "Ice Beam",
          "Blizzard",
          "Hyper Beam",
          "Light Screen",
          "Protect",
          "Rain Dance",
          "Safeguard",
          "Frustration",
          "Solar Beam",
          "Iron Tail",
          "Thunderbolt",
          "Thunder",
          "Earthquake",
          "Return",
          "Psychic",
          "Shadow Ball",
          "Brick Break",
          "Double Team",
          "Shock Wave",
          "Flamethrower",
          "Sandstorm",
          "Fire Blast",
          "Rock Tomb",
          "Facade",
          "Secret Power",
          "Rest",
          "Attract",
          "Skill Swap",
          "Snatch",
          "Fling",
          "Charge Beam",
          "Endure",
          "Drain Punch",
          "Recycle",
          "Giga Impact",
          "Flash",
          "Thunder Wave",
          "Stealth Rock",
          "Psych Up",
          "Captivate",
          "Rock Slide",
          "Sleep Talk",
          "Natural Gift",
          "Dream Eater",
          "Grass Knot",
          "Swagger",
          "Substitute"
        ],
        "tmMoves3": [
          "Focus Punch",
          "Water Pulse",
          "Calm Mind",
          "Toxic",
          "Hail",
          "Hidden Power",
          "Sunny Day",
          "Ice Beam",
          "Blizzard",
          "Hyper Beam",
          "Light Screen",
          "Protect",
          "Rain Dance",
          "Safeguard",
          "Frustration",
          "Solar Beam",
          "Iron Tail",
          "Thunderbolt",
          "Thunder",
          "Earthquake",
          "Return",
          "Psychic",
          "Shadow Ball",
          "Brick Break",
          "Double Team",
          "Shock Wave",
          "Flamethrower",
          "Sandstorm",
          "Fire Blast",
          "Rock Tomb",
          "Facade",
          "Secret Power",
          "Rest",
          "Attract",
          "Skill Swap",
          "Snatch"
        ],
        "tmMoves2": [
          "Dynamic Punch",
          "Headbutt",
          "Curse",
          "Rollout",
          "Toxic",
          "Zap Cannon",
          "Rock Smash",
          "Psych Up",
          "Hidden Power",
          "Sunny Day",
          "Snore",
          "Blizzard",
          "Hyper Beam",
          "Icy Wind",
          "Protect",
          "Rain Dance",
          "Endure",
          "Frustration",
          "Solar Beam",
          "Iron Tail",
          "Thunder",
          "Return",
          "Psychic",
          "Shadow Ball",
          "Mud-Slap",
          "Double Team",
          "Swagger",
          "Sleep Talk",
          "Sandstorm",
          "Fire Blast",
          "Defense Curl",
          "Dream Eater",
          "Rest",
          "Attract"
        ],
        "tmMoves1": [
          "Mega Punch",
          "Mega Kick",
          "Toxic",
          "Body Slam",
          "Take Down",
          "Double-Edge",
          "Bubble Beam",
          "Water Gun",
          "Ice Beam",
          "Blizzard",
          "Hyper Beam",
          "Submission",
          "Counter",
          "Seismic Toss",
          "Rage",
          "Solar Beam",
          "Thunderbolt",
          "Thunder",
          "Psychic",
          "Teleport",
          "Mimic",
          "Double Team",
          "Reflect",
          "Bide",
          "Metronome",
          "Egg Bomb",
          "Fire Blast",
          "Skull Bash",
          "Soft-Boiled",
          "Rest",
          "Thunder Wave",
          "Psywave",
          "Tri Attack",
          "Substitute"
        ],
        "tmMoves": []
      },
      "abilities": {
        "abilities": [
          "NaturalCure",
          "SereneGrace"
        ],
        "hiddenAbilities": [
          "Healer"
        ]
      },
      "movement": {
        "rideable": true,
        "canFly": false,
        "canSurf": false,
        "canRideShoulder": false,
        "ridingOffsets": {
          "standing": {
            "x": 0.0,
            "y": -0.2,
            "z": -0.1
          },
          "moving": {
            "x": 0.0,
            "y": -0.2,
            "z": -0.1
          }
        }
      },
      "aggression": {
        "timid": 80,
        "passive": 0,
        "aggressive": 20
      },
      "battleStats": {
        "hp": 250,
        "attack": 5,
        "defense": 5,
        "specialAttack": 35,
        "specialDefense": 105,
        "speed": 50
      },
      "tags": [],
      "spawn": {
        "baseExp": 395,
        "baseFriendship": 140,
        "spawnLevel": 15,
        "spawnLevelRange": 35,
        "spawnLocations": [
          "LAND"
        ]
      },
      "possibleGenders": [
        "MALE",
        "FEMALE"
      ],
      "genderProperties": [
        {
          "gender": "ALL",
          "palettes": [
            {
              "name": "none",
              "texture": "pixelmon:pokemon/113_chansey/all/base/none/texture.png",
              "sprite": "pixelmon:pokemon/113_chansey/all/base/none/sprite.png",
              "particle": "",
              "modelLocator": {
                "factoryType": "NORMAL",
                "pqc": [
                  "pixelmon:pokemon/113_chansey/all/base/none/model.pqc"
                ]
              },
              "sounds": [
                "pixelmon.mob.chansey",
                "pixelmon.mob.chansey",
                "pixelmon.mob.chansey",
                "pixelmon.mob.chansey",
                "pixelmon.mob.chansey"
              ]
            },
            {
              "name": "shiny",
              "texture": "pixelmon:pokemon/113_chansey/all/base/shiny/texture.png",
              "sprite": "pixelmon:pokemon/113_chansey/all/base/shiny/sprite.png",
              "particle": "arcanery:shiny"
            },
            {
              "name": "valencian",
              "texture": "pixelmon:pokemon/113_chansey/all/base/valencian/texture.png",
              "sprite": "pixelmon:pokemon/113_chansey/all/base/valencian/sprite.png",
              "particle": ""
            },
			{
              "name": "city",
              "texture": "pixelmon:pokemon/113_chansey/all/base/custom-city/texture.png",
              "sprite": "pixelmon:pokemon/113_chansey/all/base/custom-city/sprite.png",
              "particle": ""
            },
			{
              "name": "cosplay",
              "texture": "pixelmon:pokemon/113_chansey/all/base/custom-cosplay/texture.png",
              "sprite": "pixelmon:pokemon/113_chansey/all/base/custom-cosplay/sprite.png",
              "particle": ""
            },
			{
              "name": "easter 1",
              "texture": "pixelmon:pokemon/113_chansey/all/base/custom-easter1/texture.png",
              "sprite": "pixelmon:pokemon/113_chansey/all/base/custom-easter1/sprite.png",
              "particle": ""
            },
			{
              "name": "easter 2",
              "texture": "pixelmon:pokemon/113_chansey/all/base/custom-easter2/texture.png",
              "sprite": "pixelmon:pokemon/113_chansey/all/base/custom-easter2/sprite.png",
              "particle": ""
            },
			{
              "name": "easter 3",
              "texture": "pixelmon:pokemon/113_chansey/all/base/custom-easter3/texture.png",
              "sprite": "pixelmon:pokemon/113_chansey/all/base/custom-easter3/sprite.png",
              "particle": ""
            },
			{
              "name": "easter 4",
              "texture": "pixelmon:pokemon/113_chansey/all/base/custom-easter4/texture.png",
              "sprite": "pixelmon:pokemon/113_chansey/all/base/custom-easter4/sprite.png",
              "particle": ""
            },
			{
              "name": "halloween",
              "texture": "pixelmon:pokemon/113_chansey/all/base/custom-halloween/texture.png",
              "sprite": "pixelmon:pokemon/113_chansey/all/base/custom-halloween/sprite.png",
              "particle": ""
            },
			{
              "name": "meme 1",
              "texture": "pixelmon:pokemon/113_chansey/all/base/custom-meme1/texture.png",
              "sprite": "pixelmon:pokemon/113_chansey/all/base/custom-meme1/sprite.png",
              "particle": ""
            },
			{
              "name": "meme 2",
              "texture": "pixelmon:pokemon/113_chansey/all/base/custom-meme2/texture.png",
              "sprite": "pixelmon:pokemon/113_chansey/all/base/custom-meme2/sprite.png",
              "particle": ""
            },
			{
              "name": "shadow",
              "texture": "pixelmon:pokemon/113_chansey/all/base/custom-shadow/texture.png",
              "sprite": "pixelmon:pokemon/113_chansey/all/base/custom-shadow/sprite.png",
              "particle": ""
            },
			{
              "name": "valentines",
              "texture": "pixelmon:pokemon/113_chansey/all/base/custom-val/texture.png",
              "sprite": "pixelmon:pokemon/113_chansey/all/base/custom-val/sprite.png",
              "particle": ""
            }
          ]
        }
      ],
      "eggGroups": [
        "FAIRY"
      ],
      "types": [
        "NORMAL"
      ],
      "preEvolutions": [
        "Happiny"
      ],
      "defaultBaseForm": "",
      "megaItems": [],
      "megas": [],
      "gigantamax": {
        "canHaveFactor": false,
        "canGigantamax": false
      },
      "eggCycles": 41,
      "weight": 34.6,
      "catchRate": 30,
      "malePercentage": 0,
      "evolutions": [
        {
          "to": "Blissey",
          "conditions": [
            {
              "friendship": 220,
              "evoConditionType": "friendship"
            }
          ],
          "evoType": "leveling"
        }
      ],
      "evYields": {
        "hp": 2
      }
    }
  ],
  "generation": 1
}
