{
  "name": "Tangela",
  "dex": 114,
  "defaultForms": [
    ""
  ],
  "forms": [
    {
      "name": "",
      "experienceGroup": "MEDIUM_FAST",
      "dimensions": {
        "height": 0.8,
        "width": 1.0,
        "length": 1,
        "eyeHeight": 0.8,
        "hoverHeight": 0.8
      },
      "moves": {
        "levelUpMoves": [
          {
            "level": 0,
            "attacks": [
              "Absorb",
              "Bind"
            ]
          },
          {
            "level": 4,
            "attacks": [
              "Stun Spore"
            ]
          },
          {
            "level": 8,
            "attacks": [
              "Growth"
            ]
          },
          {
            "level": 12,
            "attacks": [
              "Mega Drain"
            ]
          },
          {
            "level": 16,
            "attacks": [
              "Vine Whip"
            ]
          },
          {
            "level": 20,
            "attacks": [
              "Poison Powder"
            ]
          },
          {
            "level": 24,
            "attacks": [
              "Ancient Power"
            ]
          },
          {
            "level": 28,
            "attacks": [
              "Knock Off"
            ]
          },
          {
            "level": 32,
            "attacks": [
              "Giga Drain"
            ]
          },
          {
            "level": 36,
            "attacks": [
              "Sleep Powder"
            ]
          },
          {
            "level": 40,
            "attacks": [
              "Slam"
            ]
          },
          {
            "level": 44,
            "attacks": [
              "Tickle"
            ]
          },
          {
            "level": 48,
            "attacks": [
              "Power Whip"
            ]
          },
          {
            "level": 52,
            "attacks": [
              "Ingrain"
            ]
          },
          {
            "level": 56,
            "attacks": [
              "Grassy Terrain"
            ]
          }
        ],
        "tutorMoves": [
          "Grassy Glide"
        ],
        "eggMoves": [
          "Confusion",
          "Endeavor",
          "Flail",
          "Leech Seed",
          "Nature Power",
          "Rage Powder"
        ],
        "tmMoves8": [
          "Hyper Beam",
          "Giga Impact",
          "Solar Beam",
          "Reflect",
          "Rest",
          "Thief",
          "Snore",
          "Protect",
          "Giga Drain",
          "Attract",
          "Sunny Day",
          "Facade",
          "Bullet Seed",
          "Power Swap",
          "Round",
          "Grassy Terrain"
        ],
        "trMoves": [
          "Swords Dance",
          "Body Slam",
          "Amnesia",
          "Substitute",
          "Sludge Bomb",
          "Endure",
          "Sleep Talk",
          "Seed Bomb",
          "Energy Ball",
          "Leaf Storm",
          "Power Whip",
          "Grass Knot"
        ],
        "hmMoves": [],
        "transferMoves": [
          "Bide",
          "Captivate",
          "Confide",
          "Constrict",
          "Curse",
          "Cut",
          "Double Team",
          "Double-Edge",
          "Flash",
          "Frustration",
          "Headbutt",
          "Hidden Power",
          "Infestation",
          "Mimic",
          "Morning Sun",
          "Natural Gift",
          "Pain Split",
          "Psych Up",
          "Rage",
          "Return",
          "Rock Smash",
          "Secret Power",
          "Shock Wave",
          "Skull Bash",
          "Swagger",
          "Sweet Scent",
          "Synthesis",
          "Take Down",
          "Toxic",
          "Wake-Up Slap",
          "Worry Seed",
          "Wring Out"
        ],
        "tmMoves7": [
          "Toxic",
          "Hidden Power",
          "Sunny Day",
          "Hyper Beam",
          "Protect",
          "Frustration",
          "Solar Beam",
          "Return",
          "Double Team",
          "Reflect",
          "Sludge Bomb",
          "Facade",
          "Rest",
          "Attract",
          "Thief",
          "Round",
          "Energy Ball",
          "Giga Impact",
          "Swords Dance",
          "Psych Up",
          "Infestation",
          "Grass Knot",
          "Swagger",
          "Sleep Talk",
          "Substitute",
          "Nature Power",
          "Confide"
        ],
        "tmMoves6": [
          "Toxic",
          "Hidden Power",
          "Sunny Day",
          "Hyper Beam",
          "Protect",
          "Frustration",
          "Solar Beam",
          "Return",
          "Double Team",
          "Reflect",
          "Sludge Bomb",
          "Facade",
          "Rest",
          "Attract",
          "Thief",
          "Round",
          "Energy Ball",
          "Giga Impact",
          "Flash",
          "Swords Dance",
          "Psych Up",
          "Infestation",
          "Grass Knot",
          "Swagger",
          "Sleep Talk",
          "Substitute",
          "Secret Power",
          "Nature Power",
          "Confide"
        ],
        "tmMoves5": [
          "Toxic",
          "Hidden Power",
          "Sunny Day",
          "Hyper Beam",
          "Protect",
          "Frustration",
          "Solar Beam",
          "Return",
          "Double Team",
          "Reflect",
          "Sludge Bomb",
          "Facade",
          "Rest",
          "Attract",
          "Thief",
          "Round",
          "Energy Ball",
          "Giga Impact",
          "Flash",
          "Swords Dance",
          "Psych Up",
          "Grass Knot",
          "Swagger",
          "Substitute",
          "Rock Smash"
        ],
        "tmMoves4": [
          "Toxic",
          "Bullet Seed",
          "Hidden Power",
          "Sunny Day",
          "Hyper Beam",
          "Protect",
          "Giga Drain",
          "Frustration",
          "Solar Beam",
          "Return",
          "Double Team",
          "Reflect",
          "Shock Wave",
          "Sludge Bomb",
          "Facade",
          "Secret Power",
          "Rest",
          "Attract",
          "Thief",
          "Energy Ball",
          "Endure",
          "Giga Impact",
          "Flash",
          "Swords Dance",
          "Psych Up",
          "Captivate",
          "Sleep Talk",
          "Natural Gift",
          "Grass Knot",
          "Swagger",
          "Substitute"
        ],
        "tmMoves3": [
          "Toxic",
          "Bullet Seed",
          "Hidden Power",
          "Sunny Day",
          "Hyper Beam",
          "Protect",
          "Giga Drain",
          "Frustration",
          "Solar Beam",
          "Return",
          "Double Team",
          "Sludge Bomb",
          "Facade",
          "Secret Power",
          "Rest",
          "Attract",
          "Thief"
        ],
        "tmMoves2": [
          "Headbutt",
          "Curse",
          "Toxic",
          "Psych Up",
          "Hidden Power",
          "Sunny Day",
          "Sweet Scent",
          "Snore",
          "Hyper Beam",
          "Protect",
          "Giga Drain",
          "Endure",
          "Frustration",
          "Solar Beam",
          "Return",
          "Double Team",
          "Swagger",
          "Sleep Talk",
          "Sludge Bomb",
          "Rest",
          "Attract",
          "Thief"
        ],
        "tmMoves1": [
          "Swords Dance",
          "Toxic",
          "Body Slam",
          "Take Down",
          "Double-Edge",
          "Hyper Beam",
          "Rage",
          "Mega Drain",
          "Solar Beam",
          "Mimic",
          "Double Team",
          "Bide",
          "Skull Bash",
          "Rest",
          "Substitute"
        ],
        "tmMoves": []
      },
      "abilities": {
        "abilities": [
          "Chlorophyll",
          "LeafGuard"
        ],
        "hiddenAbilities": [
          "Regenerator"
        ]
      },
      "movement": {
        "rideable": false,
        "canFly": false,
        "canSurf": false,
        "canRideShoulder": false
      },
      "aggression": {
        "timid": 80,
        "passive": 0,
        "aggressive": 20
      },
      "battleStats": {
        "hp": 65,
        "attack": 55,
        "defense": 115,
        "specialAttack": 100,
        "specialDefense": 40,
        "speed": 60
      },
      "tags": [],
      "spawn": {
        "baseExp": 166,
        "baseFriendship": 70,
        "spawnLevel": 10,
        "spawnLevelRange": 40,
        "spawnLocations": [
          "LAND"
        ]
      },
      "possibleGenders": [
        "MALE",
        "FEMALE"
      ],
      "genderProperties": [
        {
          "gender": "ALL",
          "palettes": [
            {
              "name": "none",
              "texture": "pixelmon:pokemon/114_tangela/all/base/none/texture.png",
              "sprite": "pixelmon:pokemon/114_tangela/all/base/none/sprite.png",
              "particle": "",
              "modelLocator": {
                "factoryType": "NORMAL",
                "pqc": [
                  "pixelmon:pokemon/114_tangela/all/base/none/model.pqc"
                ]
              },
              "sounds": [
                "pixelmon.mob.tangela"
              ]
            },
            {
              "name": "shiny",
              "texture": "pixelmon:pokemon/114_tangela/all/base/shiny/texture.png",
              "sprite": "pixelmon:pokemon/114_tangela/all/base/shiny/sprite.png",
              "particle": "arcanery:shiny"
            },
			{
              "name": "christmas",
              "texture": "pixelmon:pokemon/114_tangela/all/base/custom-christmas/texture.png",
              "sprite": "pixelmon:pokemon/114_tangela/all/base/custom-christmas/sprite.png",
              "particle": ""
            },
			{
              "name": "halloween",
              "texture": "pixelmon:pokemon/114_tangela/all/base/custom-halloween/texture.png",
              "sprite": "pixelmon:pokemon/114_tangela/all/base/custom-halloween/sprite.png",
              "particle": ""
            },
			{
              "name": "shadow",
              "texture": "pixelmon:pokemon/114_tangela/all/base/custom-shadow/texture.png",
              "sprite": "pixelmon:pokemon/114_tangela/all/base/custom-shadow/sprite.png",
              "particle": ""
            },
			{
              "name": "spring",
              "texture": "pixelmon:pokemon/114_tangela/all/base/custom-spring/texture.png",
              "sprite": "pixelmon:pokemon/114_tangela/all/base/custom-spring/sprite.png",
              "particle": ""
            }
          ]
        }
      ],
      "eggGroups": [
        "GRASS"
      ],
      "types": [
        "GRASS"
      ],
      "preEvolutions": [],
      "defaultBaseForm": "",
      "megaItems": [],
      "megas": [],
      "gigantamax": {
        "canHaveFactor": false,
        "canGigantamax": false
      },
      "eggCycles": 21,
      "weight": 35.0,
      "catchRate": 45,
      "malePercentage": 0,
      "evolutions": [
        {
          "to": "Tangrowth",
          "conditions": [
            {
              "attackName": "Ancient Power",
              "evoConditionType": "move"
            }
          ],
          "evoType": "leveling"
        }
      ],
      "evYields": {
        "defense": 1
      }
    }
  ],
  "generation": 1
}
