{
  "name": "Electabuzz",
  "dex": 125,
  "defaultForms": [
    ""
  ],
  "forms": [
    {
      "name": "",
      "experienceGroup": "MEDIUM_FAST",
      "dimensions": {
        "height": 1.15,
        "width": 1.0,
        "length": 1,
        "eyeHeight": 1.15,
        "hoverHeight": 1.15
      },
      "moves": {
        "levelUpMoves": [
          {
            "level": 0,
            "attacks": [
              "Charge",
              "Leer",
              "Quick Attack",
              "Thunder Shock"
            ]
          },
          {
            "level": 12,
            "attacks": [
              "Swift"
            ]
          },
          {
            "level": 16,
            "attacks": [
              "Shock Wave"
            ]
          },
          {
            "level": 20,
            "attacks": [
              "Thunder Wave"
            ]
          },
          {
            "level": 24,
            "attacks": [
              "Screech"
            ]
          },
          {
            "level": 28,
            "attacks": [
              "Thunder Punch"
            ]
          },
          {
            "level": 34,
            "attacks": [
              "Discharge"
            ]
          },
          {
            "level": 40,
            "attacks": [
              "Low Kick"
            ]
          },
          {
            "level": 46,
            "attacks": [
              "Thunderbolt"
            ]
          },
          {
            "level": 52,
            "attacks": [
              "Light Screen"
            ]
          },
          {
            "level": 58,
            "attacks": [
              "Thunder"
            ]
          },
          {
            "level": 64,
            "attacks": [
              "Giga Impact"
            ]
          }
        ],
        "tutorMoves": [
          "Rising Voltage"
        ],
        "eggMoves": [
          "Barrier",
          "Cross Chop",
          "Dynamic Punch",
          "Feint",
          "Fire Punch",
          "Focus Punch",
          "Hammer Arm",
          "Ice Punch",
          "Karate Chop",
          "Meditate",
          "Rolling Kick"
        ],
        "tmMoves8": [
          "Mega Punch",
          "Mega Kick",
          "Fire Punch",
          "Ice Punch",
          "Thunder Punch",
          "Hyper Beam",
          "Giga Impact",
          "Thunder Wave",
          "Screech",
          "Light Screen",
          "Rest",
          "Thief",
          "Snore",
          "Protect",
          "Attract",
          "Rain Dance",
          "Facade",
          "Swift",
          "Helping Hand",
          "Brick Break",
          "Fling",
          "Low Sweep",
          "Round",
          "Volt Switch",
          "Electroweb"
        ],
        "trMoves": [
          "Body Slam",
          "Low Kick",
          "Thunderbolt",
          "Thunder",
          "Psychic",
          "Substitute",
          "Endure",
          "Sleep Talk",
          "Iron Tail",
          "Uproar",
          "Focus Blast",
          "Electro Ball",
          "Wild Charge"
        ],
        "hmMoves": [],
        "transferMoves": [
          "Barrier",
          "Bide",
          "Captivate",
          "Charge Beam",
          "Confide",
          "Counter",
          "Covet",
          "Curse",
          "Detect",
          "Double Team",
          "Double-Edge",
          "Dual Chop",
          "Flash",
          "Follow Me",
          "Frustration",
          "Headbutt",
          "Hidden Power",
          "Karate Chop",
          "Magnet Rise",
          "Meditate",
          "Metronome",
          "Mimic",
          "Mud-Slap",
          "Natural Gift",
          "Power-Up Punch",
          "Psywave",
          "Rage",
          "Reflect",
          "Return",
          "Rock Smash",
          "Rolling Kick",
          "Secret Power",
          "Seismic Toss",
          "Signal Beam",
          "Skull Bash",
          "Strength",
          "Submission",
          "Swagger",
          "Take Down",
          "Taunt",
          "Teleport",
          "Toxic",
          "Zap Cannon"
        ],
        "tmMoves7": [
          "Toxic",
          "Hidden Power",
          "Hyper Beam",
          "Light Screen",
          "Protect",
          "Rain Dance",
          "Frustration",
          "Thunderbolt",
          "Thunder",
          "Return",
          "Psychic",
          "Brick Break",
          "Double Team",
          "Facade",
          "Rest",
          "Attract",
          "Thief",
          "Low Sweep",
          "Round",
          "Focus Blast",
          "Fling",
          "Charge Beam",
          "Giga Impact",
          "Volt Switch",
          "Thunder Wave",
          "Swagger",
          "Sleep Talk",
          "Substitute",
          "Wild Charge",
          "Confide"
        ],
        "tmMoves6": [
          "Toxic",
          "Hidden Power",
          "Hyper Beam",
          "Light Screen",
          "Protect",
          "Rain Dance",
          "Frustration",
          "Thunderbolt",
          "Thunder",
          "Return",
          "Psychic",
          "Brick Break",
          "Double Team",
          "Facade",
          "Rest",
          "Attract",
          "Thief",
          "Low Sweep",
          "Round",
          "Focus Blast",
          "Fling",
          "Charge Beam",
          "Giga Impact",
          "Flash",
          "Volt Switch",
          "Thunder Wave",
          "Swagger",
          "Sleep Talk",
          "Substitute",
          "Wild Charge",
          "Secret Power",
          "Power-Up Punch",
          "Confide"
        ],
        "tmMoves5": [
          "Toxic",
          "Hidden Power",
          "Hyper Beam",
          "Light Screen",
          "Protect",
          "Rain Dance",
          "Frustration",
          "Thunderbolt",
          "Thunder",
          "Return",
          "Psychic",
          "Brick Break",
          "Double Team",
          "Facade",
          "Rest",
          "Attract",
          "Thief",
          "Low Sweep",
          "Round",
          "Focus Blast",
          "Fling",
          "Charge Beam",
          "Giga Impact",
          "Flash",
          "Volt Switch",
          "Thunder Wave",
          "Swagger",
          "Substitute",
          "Wild Charge",
          "Rock Smash"
        ],
        "tmMoves4": [
          "Focus Punch",
          "Toxic",
          "Hidden Power",
          "Hyper Beam",
          "Light Screen",
          "Protect",
          "Rain Dance",
          "Frustration",
          "Iron Tail",
          "Thunderbolt",
          "Thunder",
          "Return",
          "Psychic",
          "Brick Break",
          "Double Team",
          "Shock Wave",
          "Facade",
          "Secret Power",
          "Rest",
          "Attract",
          "Thief",
          "Focus Blast",
          "Fling",
          "Charge Beam",
          "Endure",
          "Giga Impact",
          "Flash",
          "Thunder Wave",
          "Captivate",
          "Sleep Talk",
          "Natural Gift",
          "Swagger",
          "Substitute"
        ],
        "tmMoves3": [
          "Focus Punch",
          "Toxic",
          "Hidden Power",
          "Hyper Beam",
          "Light Screen",
          "Protect",
          "Rain Dance",
          "Frustration",
          "Iron Tail",
          "Thunderbolt",
          "Thunder",
          "Return",
          "Psychic",
          "Brick Break",
          "Double Team",
          "Shock Wave",
          "Facade",
          "Secret Power",
          "Rest",
          "Attract",
          "Thief"
        ],
        "tmMoves2": [
          "Dynamic Punch",
          "Headbutt",
          "Curse",
          "Toxic",
          "Zap Cannon",
          "Rock Smash",
          "Hidden Power",
          "Snore",
          "Hyper Beam",
          "Protect",
          "Rain Dance",
          "Endure",
          "Frustration",
          "Iron Tail",
          "Thunder",
          "Return",
          "Psychic",
          "Mud-Slap",
          "Double Team",
          "Ice Punch",
          "Swagger",
          "Sleep Talk",
          "Swift",
          "Thunder Punch",
          "Detect",
          "Rest",
          "Attract",
          "Thief",
          "Fire Punch"
        ],
        "tmMoves1": [
          "Mega Punch",
          "Mega Kick",
          "Toxic",
          "Body Slam",
          "Take Down",
          "Double-Edge",
          "Hyper Beam",
          "Submission",
          "Counter",
          "Seismic Toss",
          "Rage",
          "Thunderbolt",
          "Thunder",
          "Psychic",
          "Teleport",
          "Mimic",
          "Double Team",
          "Reflect",
          "Bide",
          "Metronome",
          "Swift",
          "Skull Bash",
          "Rest",
          "Thunder Wave",
          "Psywave",
          "Substitute"
        ],
        "tmMoves": []
      },
      "abilities": {
        "abilities": [
          "Static"
        ],
        "hiddenAbilities": [
          "VitalSpirit"
        ]
      },
      "movement": {
        "rideable": false,
        "canFly": false,
        "canSurf": false,
        "canRideShoulder": false
      },
      "aggression": {
        "timid": 80,
        "passive": 0,
        "aggressive": 20
      },
      "battleStats": {
        "hp": 65,
        "attack": 83,
        "defense": 57,
        "specialAttack": 95,
        "specialDefense": 85,
        "speed": 105
      },
      "tags": [],
      "spawn": {
        "baseExp": 156,
        "baseFriendship": 70,
        "spawnLevel": 25,
        "spawnLevelRange": 9,
        "spawnLocations": [
          "LAND"
        ]
      },
      "possibleGenders": [
        "MALE",
        "FEMALE"
      ],
      "genderProperties": [
        {
          "gender": "ALL",
          "palettes": [
            {
              "name": "none",
              "texture": "pixelmon:pokemon/125_electabuzz/all/base/none/texture.png",
              "sprite": "pixelmon:pokemon/125_electabuzz/all/base/none/sprite.png",
              "particle": "",
              "modelLocator": {
                "factoryType": "NORMAL",
                "pqc": [
                  "pixelmon:pokemon/125_electabuzz/all/base/none/model.pqc"
                ]
              },
              "sounds": [
                "pixelmon.mob.electabuzz",
                "pixelmon.mob.electabuzz"
              ]
            },
            {
              "name": "shiny",
              "texture": "pixelmon:pokemon/125_electabuzz/all/base/shiny/texture.png",
              "sprite": "pixelmon:pokemon/125_electabuzz/all/base/shiny/sprite.png",
              "particle": "arcanery:shiny"
            },
			{
              "name": "shadow",
              "texture": "pixelmon:pokemon/125_electabuzz/all/base/custom-shadow/texture.png",
              "sprite": "pixelmon:pokemon/125_electabuzz/all/base/custom-shadow/sprite.png",
              "particle": ""
            }
          ]
        }
      ],
      "eggGroups": [
        "HUMAN_LIKE"
      ],
      "types": [
        "ELECTRIC"
      ],
      "preEvolutions": [
        "Elekid"
      ],
      "defaultBaseForm": "",
      "megaItems": [],
      "megas": [],
      "gigantamax": {
        "canHaveFactor": false,
        "canGigantamax": false
      },
      "eggCycles": 26,
      "weight": 30.0,
      "catchRate": 45,
      "malePercentage": 0,
      "evolutions": [
        {
          "to": "Electivire",
          "conditions": [
            {
              "item": {
                "itemID": "pixelmon:electirizer"
              },
              "evoConditionType": "heldItem"
            }
          ],
          "evoType": "trade"
        },
        {
          "item": {
            "itemID": "pixelmon:linking_cord"
          },
          "to": "Electivire",
          "conditions": [
            {
              "item": {
                "itemID": "pixelmon:electirizer"
              },
              "evoConditionType": "heldItem"
            }
          ],
          "evoType": "interact"
        }
      ],
      "evYields": {
        "speed": 2
      }
    }
  ],
  "generation": 1
}
