{
  "name": "Pinsir",
  "dex": 127,
  "defaultForms": [
    ""
  ],
  "forms": [
    {
      "name": "",
      "experienceGroup": "SLOW",
      "dimensions": {
        "height": 1.3,
        "width": 1.0,
        "length": 1,
        "eyeHeight": 1.3,
        "hoverHeight": 1.3
      },
      "moves": {
        "levelUpMoves": [
          {
            "level": 0,
            "attacks": [
              "Harden",
              "Vise Grip"
            ]
          },
          {
            "level": 4,
            "attacks": [
              "Focus Energy"
            ]
          },
          {
            "level": 8,
            "attacks": [
              "Bind"
            ]
          },
          {
            "level": 12,
            "attacks": [
              "Seismic Toss"
            ]
          },
          {
            "level": 16,
            "attacks": [
              "Bug Bite"
            ]
          },
          {
            "level": 20,
            "attacks": [
              "Storm Throw"
            ]
          },
          {
            "level": 24,
            "attacks": [
              "Double Hit"
            ]
          },
          {
            "level": 28,
            "attacks": [
              "Vital Throw"
            ]
          },
          {
            "level": 32,
            "attacks": [
              "X-Scissor"
            ]
          },
          {
            "level": 36,
            "attacks": [
              "Strength"
            ]
          },
          {
            "level": 40,
            "attacks": [
              "Swords Dance"
            ]
          },
          {
            "level": 44,
            "attacks": [
              "Submission"
            ]
          },
          {
            "level": 48,
            "attacks": [
              "Guillotine"
            ]
          },
          {
            "level": 52,
            "attacks": [
              "Superpower"
            ]
          }
        ],
        "tutorMoves": [],
        "eggMoves": [
          "Feint",
          "Flail",
          "Fury Attack",
          "Quick Attack",
          "Thrash"
        ],
        "tmMoves8": [
          "Hyper Beam",
          "Giga Impact",
          "Dig",
          "Rest",
          "Rock Slide",
          "Thief",
          "Snore",
          "Protect",
          "Attract",
          "Rain Dance",
          "Sunny Day",
          "Facade",
          "Helping Hand",
          "Revenge",
          "Brick Break",
          "Rock Tomb",
          "Fling",
          "Round",
          "Bulldoze",
          "False Swipe",
          "Brutal Swing"
        ],
        "trMoves": [
          "Swords Dance",
          "Body Slam",
          "Earthquake",
          "Focus Energy",
          "Substitute",
          "Reversal",
          "Endure",
          "Sleep Talk",
          "Superpower",
          "Iron Defense",
          "Bulk Up",
          "Close Combat",
          "X-Scissor",
          "Focus Blast",
          "Stone Edge",
          "Stealth Rock",
          "High Horsepower",
          "Throat Chop"
        ],
        "hmMoves": [],
        "transferMoves": [
          "Bide",
          "Captivate",
          "Confide",
          "Curse",
          "Cut",
          "Double Team",
          "Double-Edge",
          "Feint Attack",
          "Focus Punch",
          "Frustration",
          "Fury Cutter",
          "Headbutt",
          "Hidden Power",
          "Knock Off",
          "Me First",
          "Mimic",
          "Natural Gift",
          "Outrage",
          "Rage",
          "Return",
          "Rock Smash",
          "Secret Power",
          "Slash",
          "Smack Down",
          "String Shot",
          "Struggle Bug",
          "Swagger",
          "Take Down",
          "Toxic"
        ],
        "tmMoves7": [
          "Toxic",
          "Bulk Up",
          "Hidden Power",
          "Sunny Day",
          "Hyper Beam",
          "Protect",
          "Rain Dance",
          "Frustration",
          "Smack Down",
          "Earthquake",
          "Return",
          "Brick Break",
          "Double Team",
          "Rock Tomb",
          "Facade",
          "Rest",
          "Attract",
          "Thief",
          "Round",
          "Focus Blast",
          "False Swipe",
          "Fling",
          "Brutal Swing",
          "Giga Impact",
          "Stone Edge",
          "Swords Dance",
          "Bulldoze",
          "Rock Slide",
          "X-Scissor",
          "Swagger",
          "Sleep Talk",
          "Substitute",
          "Confide"
        ],
        "tmMoves6": [
          "Toxic",
          "Bulk Up",
          "Hidden Power",
          "Sunny Day",
          "Hyper Beam",
          "Protect",
          "Rain Dance",
          "Frustration",
          "Smack Down",
          "Earthquake",
          "Return",
          "Dig",
          "Brick Break",
          "Double Team",
          "Rock Tomb",
          "Facade",
          "Rest",
          "Attract",
          "Thief",
          "Round",
          "Focus Blast",
          "False Swipe",
          "Fling",
          "Giga Impact",
          "Stone Edge",
          "Swords Dance",
          "Struggle Bug",
          "Bulldoze",
          "Rock Slide",
          "X-Scissor",
          "Swagger",
          "Sleep Talk",
          "Substitute",
          "Secret Power",
          "Confide"
        ],
        "tmMoves5": [
          "Toxic",
          "Bulk Up",
          "Hidden Power",
          "Sunny Day",
          "Hyper Beam",
          "Protect",
          "Rain Dance",
          "Frustration",
          "Smack Down",
          "Earthquake",
          "Return",
          "Dig",
          "Brick Break",
          "Double Team",
          "Rock Tomb",
          "Facade",
          "Rest",
          "Attract",
          "Thief",
          "Round",
          "Focus Blast",
          "False Swipe",
          "Fling",
          "Giga Impact",
          "Stone Edge",
          "Swords Dance",
          "Struggle Bug",
          "Bulldoze",
          "Rock Slide",
          "X-Scissor",
          "Swagger",
          "Substitute",
          "Rock Smash"
        ],
        "tmMoves4": [
          "Focus Punch",
          "Toxic",
          "Bulk Up",
          "Hidden Power",
          "Sunny Day",
          "Hyper Beam",
          "Protect",
          "Rain Dance",
          "Frustration",
          "Earthquake",
          "Return",
          "Dig",
          "Brick Break",
          "Double Team",
          "Rock Tomb",
          "Facade",
          "Secret Power",
          "Rest",
          "Attract",
          "Thief",
          "Focus Blast",
          "False Swipe",
          "Fling",
          "Endure",
          "Giga Impact",
          "Stone Edge",
          "Swords Dance",
          "Stealth Rock",
          "Captivate",
          "Rock Slide",
          "X-Scissor",
          "Sleep Talk",
          "Natural Gift",
          "Swagger",
          "Substitute"
        ],
        "tmMoves3": [
          "Focus Punch",
          "Toxic",
          "Bulk Up",
          "Hidden Power",
          "Sunny Day",
          "Hyper Beam",
          "Protect",
          "Rain Dance",
          "Frustration",
          "Earthquake",
          "Return",
          "Dig",
          "Brick Break",
          "Double Team",
          "Rock Tomb",
          "Facade",
          "Secret Power",
          "Rest",
          "Attract",
          "Thief"
        ],
        "tmMoves2": [
          "Headbutt",
          "Curse",
          "Toxic",
          "Rock Smash",
          "Hidden Power",
          "Sunny Day",
          "Snore",
          "Hyper Beam",
          "Protect",
          "Endure",
          "Frustration",
          "Return",
          "Double Team",
          "Swagger",
          "Sleep Talk",
          "Rest",
          "Attract",
          "Thief",
          "Fury Cutter"
        ],
        "tmMoves1": [
          "Swords Dance",
          "Toxic",
          "Body Slam",
          "Take Down",
          "Double-Edge",
          "Hyper Beam",
          "Submission",
          "Seismic Toss",
          "Rage",
          "Mimic",
          "Double Team",
          "Bide",
          "Rest",
          "Substitute"
        ],
        "tmMoves": []
      },
      "abilities": {
        "abilities": [
          "HyperCutter",
          "MoldBreaker"
        ],
        "hiddenAbilities": [
          "Moxie"
        ]
      },
      "movement": {
        "rideable": true,
        "canFly": false,
        "canSurf": false,
        "canRideShoulder": false,
        "ridingOffsets": {
          "standing": {
            "x": 0.0,
            "y": -1.0,
            "z": 0.1
          },
          "moving": {
            "x": 0.0,
            "y": -1.0,
            "z": 0.1
          }
        }
      },
      "aggression": {
        "timid": 80,
        "passive": 0,
        "aggressive": 20
      },
      "battleStats": {
        "hp": 65,
        "attack": 125,
        "defense": 100,
        "specialAttack": 55,
        "specialDefense": 70,
        "speed": 85
      },
      "tags": [],
      "spawn": {
        "baseExp": 175,
        "baseFriendship": 70,
        "spawnLevel": 10,
        "spawnLevelRange": 40,
        "spawnLocations": [
          "LAND"
        ]
      },
      "possibleGenders": [
        "MALE",
        "FEMALE"
      ],
      "genderProperties": [
        {
          "gender": "ALL",
          "palettes": [
            {
              "name": "none",
              "texture": "pixelmon:pokemon/127_pinsir/all/base/none/texture.png",
              "sprite": "pixelmon:pokemon/127_pinsir/all/base/none/sprite.png",
              "particle": "",
              "modelLocator": {
                "factoryType": "NORMAL",
                "pqc": [
                  "pixelmon:pokemon/127_pinsir/all/base/none/model.pqc"
                ],
                "yRotation": 22
              },
              "sounds": [
                "pixelmon.mob.pinsir",
                "pixelmon.mob.pinsir",
                "pixelmon.mob.pinsir",
                "pixelmon.mob.pinsir"
              ]
            },
            {
              "name": "shiny",
              "texture": "pixelmon:pokemon/127_pinsir/all/base/shiny/texture.png",
              "sprite": "pixelmon:pokemon/127_pinsir/all/base/shiny/sprite.png",
              "particle": "arcanery:shiny"
            },
			{
              "name": "anubis",
              "texture": "pixelmon:pokemon/127_pinsir/all/base/custom-anubis/texture.png",
              "sprite": "pixelmon:pokemon/127_pinsir/all/base/custom-anubis/sprite.png",
              "particle": ""
            },
			{
              "name": "purified 1",
              "texture": "pixelmon:pokemon/127_pinsir/all/base/custom-purifed1/texture.png",
              "sprite": "pixelmon:pokemon/127_pinsir/all/base/custom-purified1/sprite.png",
              "particle": ""
            },
			{
              "name": "purified 2",
              "texture": "pixelmon:pokemon/127_pinsir/all/base/custom-purified2/texture.png",
              "sprite": "pixelmon:pokemon/127_pinsir/all/base/custom-purified2/sprite.png",
              "particle": ""
            },
			{
              "name": "shadow",
              "texture": "pixelmon:pokemon/127_pinsir/all/base/custom-shadow/texture.png",
              "sprite": "pixelmon:pokemon/127_pinsir/all/base/custom-shadow/sprite.png",
              "particle": ""
            }
          ]
        }
      ],
      "eggGroups": [
        "BUG"
      ],
      "types": [
        "BUG"
      ],
      "preEvolutions": [],
      "defaultBaseForm": "",
      "megaItems": [
        "pixelmon:pinsirite"
      ],
      "megas": [
        "mega"
      ],
      "gigantamax": {
        "canHaveFactor": false,
        "canGigantamax": false
      },
      "eggCycles": 26,
      "weight": 55.0,
      "catchRate": 45,
      "malePercentage": 0,
      "evolutions": [],
      "evYields": {
        "attack": 2
      }
    },
    {
      "name": "mega",
      "tags": [
        "temp"
      ],
      "abilities": {
        "abilities": [
          "Aerilate"
        ]
      },
      "battleStats": {
        "hp": 65,
        "attack": 155,
        "defense": 120,
        "specialAttack": 65,
        "specialDefense": 90,
        "speed": 105
      },
      "types": [
        "BUG",
        "FLYING"
      ],
      "weight": 59.0,
      "genderProperties": [
        {
          "gender": "ALL",
          "palettes": [
            {
              "name": "none",
              "texture": "pixelmon:pokemon/127_pinsir/all/mega/none/texture.png",
              "sprite": "pixelmon:pokemon/127_pinsir/all/mega/none/sprite.png",
              "particle": "",
              "modelLocator": {
                "factoryType": "NORMAL",
                "pqc": [
                  "pixelmon:pokemon/127_pinsir/all/mega/none/model.pqc"
                ]
              }
            },
            {
              "name": "shiny",
              "texture": "pixelmon:pokemon/127_pinsir/all/mega/shiny/texture.png",
              "sprite": "pixelmon:pokemon/127_pinsir/all/mega/shiny/sprite.png",
              "particle": "arcanery:shiny"
            },
			{
              "name": "anubis",
              "texture": "pixelmon:pokemon/127_pinsir/all/mega/custom-anubis/texture.png",
              "sprite": "pixelmon:pokemon/127_pinsir/all/mega/custom-anubis/sprite.png",
              "particle": ""
            },
			{
              "name": "purified 1",
              "texture": "pixelmon:pokemon/127_pinsir/all/mega/custom-purifed1/texture.png",
              "sprite": "pixelmon:pokemon/127_pinsir/all/mega/custom-purified1/sprite.png",
              "particle": ""
            },
			{
              "name": "purified 2",
              "texture": "pixelmon:pokemon/127_pinsir/all/mega/custom-purified2/texture.png",
              "sprite": "pixelmon:pokemon/127_pinsir/all/mega/custom-purified2/sprite.png",
              "particle": ""
            }
          ]
        }
      ]
    }
  ],
  "generation": 1
}
