{
  "name": "Eevee",
  "dex": 133,
  "defaultForms": [
    ""
  ],
  "forms": [
    {
      "name": "",
      "experienceGroup": "MEDIUM_FAST",
      "dimensions": {
        "height": 0.9,
        "width": 1.0,
        "length": 1,
        "eyeHeight": 0.9,
        "hoverHeight": 0.9
      },
      "moves": {
        "levelUpMoves": [
          {
            "level": 0,
            "attacks": [
              "Covet",
              "Growl",
              "Helping Hand",
              "Tackle",
              "Tail Whip"
            ]
          },
          {
            "level": 5,
            "attacks": [
              "Sand Attack"
            ]
          },
          {
            "level": 10,
            "attacks": [
              "Quick Attack"
            ]
          },
          {
            "level": 15,
            "attacks": [
              "Baby-Doll Eyes"
            ]
          },
          {
            "level": 20,
            "attacks": [
              "Swift"
            ]
          },
          {
            "level": 25,
            "attacks": [
              "Bite"
            ]
          },
          {
            "level": 30,
            "attacks": [
              "Copycat"
            ]
          },
          {
            "level": 35,
            "attacks": [
              "Baton Pass"
            ]
          },
          {
            "level": 40,
            "attacks": [
              "Take Down"
            ]
          },
          {
            "level": 45,
            "attacks": [
              "Charm"
            ]
          },
          {
            "level": 50,
            "attacks": [
              "Double-Edge"
            ]
          },
          {
            "level": 55,
            "attacks": [
              "Last Resort"
            ]
          }
        ],
        "tutorMoves": [],
        "eggMoves": [
          "Celebrate",
          "Curse",
          "Detect",
          "Double Kick",
          "Flail",
          "Mud-Slap",
          "Tickle",
          "Wish",
          "Yawn"
        ],
        "tmMoves8": [
          "Pay Day",
          "Dig",
          "Rest",
          "Snore",
          "Protect",
          "Charm",
          "Attract",
          "Rain Dance",
          "Sunny Day",
          "Facade",
          "Swift",
          "Helping Hand",
          "Weather Ball",
          "Fake Tears",
          "Round",
          "Retaliate"
        ],
        "trMoves": [
          "Body Slam",
          "Focus Energy",
          "Substitute",
          "Endure",
          "Sleep Talk",
          "Baton Pass",
          "Iron Tail",
          "Shadow Ball",
          "Hyper Voice",
          "Stored Power",
          "Work Up"
        ],
        "hmMoves": [],
        "transferMoves": [
          "Bide",
          "Captivate",
          "Confide",
          "Double Team",
          "Echoed Voice",
          "Frustration",
          "Headbutt",
          "Heal Bell",
          "Hidden Power",
          "Laser Focus",
          "Mimic",
          "Natural Gift",
          "Rage",
          "Reflect",
          "Refresh",
          "Return",
          "Secret Power",
          "Sing",
          "Skull Bash",
          "Swagger",
          "Synchronoise",
          "Toxic",
          "Trump Card"
        ],
        "tmMoves7": [
          "Work Up",
          "Toxic",
          "Hidden Power",
          "Sunny Day",
          "Protect",
          "Rain Dance",
          "Frustration",
          "Return",
          "Shadow Ball",
          "Double Team",
          "Facade",
          "Rest",
          "Attract",
          "Round",
          "Echoed Voice",
          "Swagger",
          "Sleep Talk",
          "Substitute",
          "Confide"
        ],
        "tmMoves6": [
          "Toxic",
          "Hidden Power",
          "Sunny Day",
          "Protect",
          "Rain Dance",
          "Frustration",
          "Return",
          "Dig",
          "Shadow Ball",
          "Double Team",
          "Facade",
          "Rest",
          "Attract",
          "Round",
          "Echoed Voice",
          "Retaliate",
          "Swagger",
          "Sleep Talk",
          "Substitute",
          "Secret Power",
          "Confide"
        ],
        "tmMoves5": [
          "Toxic",
          "Hidden Power",
          "Sunny Day",
          "Protect",
          "Rain Dance",
          "Frustration",
          "Return",
          "Dig",
          "Shadow Ball",
          "Double Team",
          "Facade",
          "Rest",
          "Attract",
          "Round",
          "Echoed Voice",
          "Retaliate",
          "Work Up",
          "Swagger",
          "Substitute"
        ],
        "tmMoves4": [
          "Toxic",
          "Hidden Power",
          "Sunny Day",
          "Protect",
          "Rain Dance",
          "Frustration",
          "Iron Tail",
          "Return",
          "Dig",
          "Shadow Ball",
          "Double Team",
          "Facade",
          "Secret Power",
          "Rest",
          "Attract",
          "Endure",
          "Captivate",
          "Sleep Talk",
          "Natural Gift",
          "Swagger",
          "Substitute"
        ],
        "tmMoves3": [
          "Toxic",
          "Hidden Power",
          "Sunny Day",
          "Protect",
          "Rain Dance",
          "Frustration",
          "Iron Tail",
          "Return",
          "Dig",
          "Shadow Ball",
          "Double Team",
          "Facade",
          "Secret Power",
          "Rest",
          "Attract"
        ],
        "tmMoves2": [
          "Headbutt",
          "Curse",
          "Toxic",
          "Hidden Power",
          "Sunny Day",
          "Snore",
          "Protect",
          "Rain Dance",
          "Endure",
          "Frustration",
          "Iron Tail",
          "Return",
          "Shadow Ball",
          "Mud-Slap",
          "Double Team",
          "Swagger",
          "Sleep Talk",
          "Swift",
          "Detect",
          "Rest",
          "Attract"
        ],
        "tmMoves1": [
          "Toxic",
          "Body Slam",
          "Take Down",
          "Double-Edge",
          "Rage",
          "Mimic",
          "Double Team",
          "Reflect",
          "Bide",
          "Swift",
          "Skull Bash",
          "Rest",
          "Substitute"
        ],
        "tmMoves": []
      },
      "abilities": {
        "abilities": [
          "RunAway",
          "Adaptability"
        ],
        "hiddenAbilities": [
          "Anticipation"
        ]
      },
      "movement": {
        "rideable": false,
        "canFly": false,
        "canSurf": false,
        "canRideShoulder": false
      },
      "aggression": {
        "timid": 80,
        "passive": 0,
        "aggressive": 20
      },
      "battleStats": {
        "hp": 55,
        "attack": 55,
        "defense": 50,
        "specialAttack": 45,
        "specialDefense": 65,
        "speed": 55
      },
      "tags": [],
      "spawn": {
        "baseExp": 65,
        "baseFriendship": 70,
        "spawnLevel": 10,
        "spawnLevelRange": 5,
        "spawnLocations": [
          "LAND"
        ]
      },
      "possibleGenders": [
        "MALE",
        "FEMALE"
      ],
      "genderProperties": [
        {
          "gender": "ALL",
          "palettes": [
            {
              "name": "none",
              "texture": "pixelmon:pokemon/133_eevee/all/base/none/texture.png",
              "sprite": "pixelmon:pokemon/133_eevee/all/base/none/sprite.png",
              "particle": "",
              "modelLocator": {
                "factoryType": "NORMAL",
                "pqc": [
                  "pixelmon:pokemon/133_eevee/all/base/none/model.pqc"
                ]
              },
              "sounds": [
                "pixelmon.mob.eevee"
              ]
            },
            {
              "name": "shiny",
              "texture": "pixelmon:pokemon/133_eevee/all/base/shiny/texture.png",
              "sprite": "pixelmon:pokemon/133_eevee/all/base/shiny/sprite.png",
              "particle": "arcanery:shiny"
            },
            {
              "name": "strike",
              "texture": "pixelmon:pokemon/133_eevee/all/base/strike/texture.png",
              "emissive": "pixelmon:pokemon/133_eevee/all/base/strike/emissive.png",
              "sprite": "pixelmon:pokemon/133_eevee/all/base/strike/sprite.png",
              "particle": ""
            },
            {
              "name": "spirit",
              "texture": "pixelmon:pokemon/133_eevee/all/base/spirit/texture.png",
              "emissive": "pixelmon:pokemon/133_eevee/all/base/spirit/emissive.png",
              "sprite": "pixelmon:pokemon/133_eevee/all/base/spirit/sprite.png",
              "particle": ""
            },
			{
              "name": "alternative",
              "texture": "pixelmon:pokemon/133_eevee/all/base/custom-alternative/texture.png",
              "sprite": "pixelmon:pokemon/133_eevee/all/base/custom-alternative/sprite.png",
              "particle": ""
            },
			{
              "name": "anniversary",
              "texture": "pixelmon:pokemon/133_eevee/all/base/custom-anniversary/texture.png",
              "sprite": "pixelmon:pokemon/133_eevee/all/base/custom-anniversary/sprite.png",
              "particle": ""
            },
			{
              "name": "arctic",
              "texture": "pixelmon:pokemon/133_eevee/all/base/custom-arctic/texture.png",
              "sprite": "pixelmon:pokemon/133_eevee/all/base/custom-arctic/sprite.png",
              "particle": ""
            },
			{
              "name": "black and white",
              "texture": "pixelmon:pokemon/133_eevee/all/base/custom-black-white/texture.png",
              "sprite": "pixelmon:pokemon/133_eevee/all/base/custom-black-white/sprite.png",
              "particle": ""
            },
			{
              "name": "chocolate",
              "texture": "pixelmon:pokemon/133_eevee/all/base/custom-chocolate/texture.png",
              "sprite": "pixelmon:pokemon/133_eevee/all/base/custom-chocolate/sprite.png",
              "particle": ""
            },
			{
              "name": "dark",
              "texture": "pixelmon:pokemon/133_eevee/all/base/custom-dark/texture.png",
              "sprite": "pixelmon:pokemon/133_eevee/all/base/custom-dark/sprite.png",
              "particle": ""
            },
			{
              "name": "ditto",
              "texture": "pixelmon:pokemon/133_eevee/all/base/custom-ditto/texture.png",
              "sprite": "pixelmon:pokemon/133_eevee/all/base/custom-ditto/sprite.png",
              "particle": ""
            },
			{
              "name": "galaxy",
              "texture": "pixelmon:pokemon/133_eevee/all/base/custom-galaxy/texture.png",
              "sprite": "pixelmon:pokemon/133_eevee/all/base/custom-galaxy/sprite.png",
              "particle": ""
            },
			{
              "name": "halloween",
              "texture": "pixelmon:pokemon/133_eevee/all/base/custom-halloween/texture.png",
              "sprite": "pixelmon:pokemon/133_eevee/all/base/custom-halloween/sprite.png",
              "particle": ""
            },
			{
              "name": "lunar",
              "texture": "pixelmon:pokemon/133_eevee/all/base/custom-lunar/texture.png",
              "sprite": "pixelmon:pokemon/133_eevee/all/base/custom-lunar/sprite.png",
              "particle": ""
            },
			{
              "name": "purple haze",
              "texture": "pixelmon:pokemon/133_eevee/all/base/custom-purplehaze/texture.png",
              "sprite": "pixelmon:pokemon/133_eevee/all/base/custom-purplehaze/sprite.png",
              "particle": ""
            },
			{
              "name": "shadow 1",
              "texture": "pixelmon:pokemon/133_eevee/all/base/custom-shadow1/texture.png",
              "sprite": "pixelmon:pokemon/133_eevee/all/base/custom-shadow1/sprite.png",
              "particle": ""
            },
			{
              "name": "shadow 2",
              "texture": "pixelmon:pokemon/133_eevee/all/base/custom-shadow2/texture.png",
              "sprite": "pixelmon:pokemon/133_eevee/all/base/custom-shadow2/sprite.png",
              "particle": ""
            },
			{
              "name": "special",
              "texture": "pixelmon:pokemon/133_eevee/all/base/custom-special/texture.png",
              "sprite": "pixelmon:pokemon/133_eevee/all/base/custom-special/sprite.png",
              "particle": ""
            },
			{
              "name": "valentines 1",
              "texture": "pixelmon:pokemon/133_eevee/all/base/custom-val1/texture.png",
              "sprite": "pixelmon:pokemon/133_eevee/all/base/custom-val1/sprite.png",
              "particle": ""
            },
			{
              "name": "valentines 2",
              "texture": "pixelmon:pokemon/133_eevee/all/base/custom-val2/texture.png",
              "sprite": "pixelmon:pokemon/133_eevee/all/base/custom-val2/sprite.png",
              "particle": ""
            },
			{
              "name": "valentines 3",
              "texture": "pixelmon:pokemon/133_eevee/all/base/custom-val3/texture.png",
              "sprite": "pixelmon:pokemon/133_eevee/all/base/custom-val3/sprite.png",
              "particle": ""
            },
            {
              "name": "creator",
              "texture": "pixelmon:pokemon/133_eevee/all/base/creator/texture.png",
              "sprite": "pixelmon:pokemon/133_eevee/all/base/creator/sprite.png",
              "particle": "",
              "modelLocator": {
                "factoryType": "NORMAL",
                "pqc": [
                  "pixelmon:pokemon/133_eevee/all/base/none/eevee-creator.pqc"
                ]
              }
            }
          ]
        }
      ],
      "eggGroups": [
        "FIELD"
      ],
      "types": [
        "NORMAL"
      ],
      "preEvolutions": [],
      "defaultBaseForm": "",
      "megaItems": [],
      "megas": [],
      "gigantamax": {
        "canHaveFactor": true,
        "canGigantamax": true,
        "form": "gmax",
        "move": "G-Max Cuddle"
      },
      "eggCycles": 36,
      "weight": 6.5,
      "catchRate": 45,
      "malePercentage": 0,
      "evolutions": [
        {
          "to": "Sylveon",
          "conditions": [
            {
              "friendship": 220,
              "evoConditionType": "friendship"
            },
            {
              "type": "FAIRY",
              "evoConditionType": "moveType"
            },
            {
              "biomes": [
                "minecraft:flower_forest",
                "minecraft:sunflower_plains"
              ],
              "evoConditionType": "biome"
            }
          ],
          "evoType": "leveling",
          "moves": [
            "Disarming Voice"
          ]
        },
        {
          "item": {
            "itemID": "pixelmon:water_stone"
          },
          "to": "Vaporeon",
          "conditions": [],
          "evoType": "interact",
          "moves": [
            "Water Gun"
          ]
        },
        {
          "item": {
            "itemID": "pixelmon:thunder_stone"
          },
          "to": "Jolteon",
          "conditions": [],
          "evoType": "interact",
          "moves": [
            "Thunder Shock"
          ]
        },
        {
          "item": {
            "itemID": "pixelmon:fire_stone"
          },
          "to": "Flareon",
          "conditions": [],
          "evoType": "interact",
          "moves": [
            "Ember"
          ]
        },
        {
          "to": "Espeon",
          "conditions": [
            {
              "friendship": 220,
              "evoConditionType": "friendship"
            },
            {
              "time": "DAY",
              "evoConditionType": "time"
            }
          ],
          "evoType": "leveling",
          "moves": [
            "Confusion"
          ]
        },
        {
          "to": "Umbreon",
          "conditions": [
            {
              "friendship": 220,
              "evoConditionType": "friendship"
            },
            {
              "time": "NIGHT",
              "evoConditionType": "time"
            }
          ],
          "evoType": "leveling",
          "moves": [
            "Snarl"
          ]
        },
        {
          "item": {
            "itemID": "pixelmon:leaf_stone"
          },
          "to": "Leafeon",
          "conditions": [],
          "evoType": "interact",
          "moves": [
            "Razor Leaf"
          ]
        },
        {
          "to": "Leafeon",
          "conditions": [
            {
              "evolutionRock": "MOSSY_ROCK",
              "maxRangeSquared": 100,
              "evoConditionType": "evolutionRock"
            }
          ],
          "evoType": "leveling",
          "moves": [
            "Razor Leaf"
          ]
        },
        {
          "item": {
            "itemID": "pixelmon:ice_stone"
          },
          "to": "Glaceon",
          "conditions": [],
          "evoType": "interact",
          "moves": [
            "Icy Wind"
          ]
        },
        {
          "to": "Glaceon",
          "conditions": [
            {
              "evolutionRock": "ICE_ROCK",
              "maxRangeSquared": 100,
              "evoConditionType": "evolutionRock"
            }
          ],
          "evoType": "leveling",
          "moves": [
            "Icy Wind"
          ]
        }
      ],
      "evYields": {
        "specialDefense": 1
      }
    },
    {
      "name": "gmax",
      "tags": [
        "temp"
      ],
      "genderProperties": [
        {
          "gender": "ALL",
          "palettes": [
            {
              "name": "none",
              "texture": "pixelmon:pokemon/133_eevee/all/gmax/none/texture.png",
              "sprite": "pixelmon:pokemon/133_eevee/all/gmax/none/sprite.png",
              "particle": "",
              "modelLocator": {
                "factoryType": "NORMAL",
                "pqc": [
                  "pixelmon:pokemon/133_eevee/all/gmax/none/model.pqc"
                ]
              },
              "sounds": [
                "pixelmon.mob.eevee"
              ]
            },
            {
              "name": "shiny",
              "texture": "pixelmon:pokemon/133_eevee/all/gmax/shiny/texture.png",
              "sprite": "pixelmon:pokemon/133_eevee/all/gmax/shiny/sprite.png",
              "particle": "arcanery:shiny"
            },
			{
              "name": "anniversary",
              "texture": "pixelmon:pokemon/133_eevee/all/gmax/custom-anniversary/texture.png",
              "sprite": "pixelmon:pokemon/133_eevee/all/gmax/custom-anniversary/sprite.png",
              "particle": ""
            },
			{
              "name": "arctic",
              "texture": "pixelmon:pokemon/133_eevee/all/gmax/custom-arctic/texture.png",
              "sprite": "pixelmon:pokemon/133_eevee/all/gmax/custom-arctic/sprite.png",
              "particle": ""
            },
			{
              "name": "black and white",
              "texture": "pixelmon:pokemon/133_eevee/all/gmax/custom-black-white/texture.png",
              "sprite": "pixelmon:pokemon/133_eevee/all/gmax/custom-black-white/sprite.png",
              "particle": ""
            },
			{
              "name": "dark",
              "texture": "pixelmon:pokemon/133_eevee/all/gmax/custom-dark/texture.png",
              "sprite": "pixelmon:pokemon/133_eevee/all/gmax/custom-dark/sprite.png",
              "particle": ""
            },
			{
              "name": "galaxy",
              "texture": "pixelmon:pokemon/133_eevee/all/gmax/custom-galaxy/texture.png",
              "sprite": "pixelmon:pokemon/133_eevee/all/gmax/custom-galaxy/sprite.png",
              "particle": ""
            },
			{
              "name": "halloween",
              "texture": "pixelmon:pokemon/133_eevee/all/gmax/custom-halloween/texture.png",
              "sprite": "pixelmon:pokemon/133_eevee/all/gmax/custom-halloween/sprite.png",
              "particle": ""
            },
			{
              "name": "purple haze",
              "texture": "pixelmon:pokemon/133_eevee/all/gmax/custom-purplehaze/texture.png",
              "sprite": "pixelmon:pokemon/133_eevee/all/gmax/custom-purplehaze/sprite.png",
              "particle": ""
            },
			{
              "name": "shadow 1",
              "texture": "pixelmon:pokemon/133_eevee/all/gmax/custom-shadow1/texture.png",
              "sprite": "pixelmon:pokemon/133_eevee/all/gmax/custom-shadow1/sprite.png",
              "particle": ""
            },
			{
              "name": "valentines",
              "texture": "pixelmon:pokemon/133_eevee/all/gmax/custom-val/texture.png",
              "sprite": "pixelmon:pokemon/133_eevee/all/gmax/custom-val/sprite.png",
              "particle": ""
            }			
          ]
        }
      ]
    },
	{
      "name": "partner",
      "experienceGroup": "MEDIUM_SLOW",
      "moves": {
        "levelUpMoves": [
          {
            "level": 0,
            "attacks": [
              "Scratch",
              "Tail Whip",
              "Helping Hand"
            ]
          },
          {
            "level": 7,
            "attacks": [
              "Sand Attack"
            ]
          },
          {
            "level": 10,
            "attacks": [
              "Quick Attack"
            ]
          },
          {
            "level": 14,
            "attacks": [
              "Baby-Doll Eyes"
            ]
          },
          {
            "level": 18,
            "attacks": [
              "Swift"
            ]
          },
          {
            "level": 22,
            "attacks": [
              "Copycat"
            ]
          },
          {
            "level": 26,
            "attacks": [
              "Covet"
            ]
          },
          {
            "level": 29,
            "attacks": [
              "Bite"
            ]
          },
          {
            "level": 32,
            "attacks": [
              "Work Up"
            ]
          },
          {
            "level": 36,
            "attacks": [
              "Baton Pass"
            ]
          },
          {
            "level": 40,
            "attacks": [
              "Take Down"
            ]
          },
          {
            "level": 45,
            "attacks": [
              "Charm"
            ]
          },
          {
            "level": 50,
            "attacks": [
              "Double-Edge"
            ]
          },
          {
            "level": 55,
            "attacks": [
              "Last Resort"
            ]
          },
          {
            "level": 60,
            "attacks": [
              "Veevee Volley"
            ]
          }
        ],
        "tutorMoves": [
          "Bouncy Bubble",
          "Buzzy Buzz",
          "Sizzly Slide",
          "Glitzy Glow",
          "Baddy Bad",
          "Sappy Seed",
          "Freezy Frost",
          "Sparkly Swirl"
        ],
        "eggMoves": [],
        "tmMoves8": [
          "Pay Day",
          "Dig",
          "Rest",
          "Snore",
          "Protect",
          "Charm",
          "Attract",
          "Rain Dance",
          "Sunny Day",
          "Facade",
          "Swift",
          "Helping Hand",
          "Weather Ball",
          "Fake Tears",
          "Round",
          "Retaliate"
        ],
        "trMoves": [
          "Body Slam",
          "Focus Energy",
          "Substitute",
          "Endure",
          "Sleep Talk",
          "Baton Pass",
          "Iron Tail",
          "Shadow Ball",
          "Hyper Voice",
          "Stored Power",
          "Work Up"
        ],
        "hmMoves": [],
        "transferMoves": [
          "Bide",
          "Captivate",
          "Confide",
          "Double Team",
          "Echoed Voice",
          "Frustration",
          "Headbutt",
          "Heal Bell",
          "Hidden Power",
          "Laser Focus",
          "Mimic",
          "Natural Gift",
          "Rage",
          "Reflect",
          "Refresh",
          "Return",
          "Secret Power",
          "Sing",
          "Skull Bash",
          "Swagger",
          "Synchronoise",
          "Toxic",
          "Trump Card"
        ],
        "tmMoves7": [
          "Work Up",
          "Toxic",
          "Hidden Power",
          "Sunny Day",
          "Protect",
          "Rain Dance",
          "Frustration",
          "Return",
          "Shadow Ball",
          "Double Team",
          "Facade",
          "Rest",
          "Attract",
          "Round",
          "Echoed Voice",
          "Swagger",
          "Sleep Talk",
          "Substitute",
          "Confide"
        ],
        "tmMoves6": [
          "Toxic",
          "Hidden Power",
          "Sunny Day",
          "Protect",
          "Rain Dance",
          "Frustration",
          "Return",
          "Dig",
          "Shadow Ball",
          "Double Team",
          "Facade",
          "Rest",
          "Attract",
          "Round",
          "Echoed Voice",
          "Retaliate",
          "Swagger",
          "Sleep Talk",
          "Substitute",
          "Secret Power",
          "Confide"
        ],
        "tmMoves5": [
          "Toxic",
          "Hidden Power",
          "Sunny Day",
          "Protect",
          "Rain Dance",
          "Frustration",
          "Return",
          "Dig",
          "Shadow Ball",
          "Double Team",
          "Facade",
          "Rest",
          "Attract",
          "Round",
          "Echoed Voice",
          "Retaliate",
          "Work Up",
          "Swagger",
          "Substitute"
        ],
        "tmMoves4": [
          "Toxic",
          "Hidden Power",
          "Sunny Day",
          "Protect",
          "Rain Dance",
          "Frustration",
          "Iron Tail",
          "Return",
          "Dig",
          "Shadow Ball",
          "Double Team",
          "Facade",
          "Secret Power",
          "Rest",
          "Attract",
          "Endure",
          "Captivate",
          "Sleep Talk",
          "Natural Gift",
          "Swagger",
          "Substitute"
        ],
        "tmMoves3": [
          "Toxic",
          "Hidden Power",
          "Sunny Day",
          "Protect",
          "Rain Dance",
          "Frustration",
          "Iron Tail",
          "Return",
          "Dig",
          "Shadow Ball",
          "Double Team",
          "Facade",
          "Secret Power",
          "Rest",
          "Attract"
        ],
        "tmMoves2": [
          "Headbutt",
          "Curse",
          "Toxic",
          "Hidden Power",
          "Sunny Day",
          "Snore",
          "Protect",
          "Rain Dance",
          "Endure",
          "Frustration",
          "Iron Tail",
          "Return",
          "Shadow Ball",
          "Mud-Slap",
          "Double Team",
          "Swagger",
          "Sleep Talk",
          "Swift",
          "Detect",
          "Rest",
          "Attract"
        ],
        "tmMoves1": [
          "Toxic",
          "Body Slam",
          "Take Down",
          "Double-Edge",
          "Rage",
          "Mimic",
          "Double Team",
          "Reflect",
          "Bide",
          "Swift",
          "Skull Bash",
          "Rest",
          "Substitute"
        ],
        "tmMoves": []
      },
      "abilities": {
        "abilities": [
          "RunAway",
          "Adaptability"
        ],
        "hiddenAbilities": [
          "Anticipation"
        ]
      },
      "movement": {
        "rideable": false,
        "canFly": false,
        "canSurf": false,
        "canRideShoulder": false
      },
      "aggression": {
        "timid": 80,
        "passive": 20,
        "aggressive": 0
      },
      "battleStats": {
        "hp": 65,
        "attack": 75,
        "defense": 70,
        "specialAttack": 65,
        "specialDefense": 85,
        "speed": 75
      },
      "tags": [],
      "spawn": {
        "baseExp": 130,
        "baseFriendship": 40,
        "spawnLevel": 5,
        "spawnLevelRange": 20,
        "spawnLocations": [
          "LAND"
        ]
      },
      "possibleGenders": [
        "MALE",
        "FEMALE"
      ],
      "genderProperties": [
        {
          "gender": "ALL",
          "palettes": [
            {
              "name": "none",
              "texture": "pixelmon:pokemon/133_eevee/all/base/partner/texture.png",
              "sprite": "pixelmon:pokemon/133_eevee/all/base/partner/sprite.png",
              "particle": "",
              "modelLocator": {
                "factoryType": "NORMAL",
                "pqc": [
                  "pixelmon:pokemon/133_eevee/all/base/none/model.pqc"
                ]
              },
              "sounds": [
                "pixelmon.mob.eevee"
              ]
            }
          ]
        }
      ],
      "eggGroups": [
        "UNDISCOVERED"
      ],
      "types": [
        "NORMAL"
      ],
      "preEvolutions": [],
      "defaultBaseForm": "",
      "megaItems": [],
      "megas": [],
      "gigantamax": {
        "canHaveFactor": true,
        "canGigantamax": false
      },
      "malePercentage": 50,
      "evolutions": [
        {
          "level": 255,
          "to": "Eevee form:partner",
          "conditions": [         
          {
            "friendship": 999,
            "evoConditionType": "friendship"
          }
          ],
          "evoType": "leveling",
          "moves": [
            "Celebrate"
          ]
        }
      ],
      "evYields": {
        "specialDefense": 2
      }
    },
	{
      "name": "burst",
      "genderProperties": [
        {
          "gender": "ALL",
          "palettes": [
            {
              "name": "none",
              "texture": "pixelmon:pokemon/133_eevee/all/burst/none/texture.png",
              "sprite": "pixelmon:pokemon/133_eevee/all/burst/none/sprite.png",
              "particle": "",
              "modelLocator": {
                "factoryType": "NORMAL",
                "pqc": [
                  "pixelmon:pokemon/133_eevee/all/burst/none/model.pqc"
                ]
              }
            }
          ]
        }
      ]
    }
  ],
  "generation": 1
}
