{
  "name": "Flareon",
  "dex": 136,
  "defaultForms": [
    ""
  ],
  "forms": [
    {
      "name": "",
      "experienceGroup": "MEDIUM_FAST",
      "dimensions": {
        "height": 1.2,
        "width": 1.0,
        "length": 1,
        "eyeHeight": 1.2,
        "hoverHeight": 1.2
      },
      "moves": {
        "levelUpMoves": [
          {
            "level": 0,
            "attacks": [
              "Baton Pass",
              "Charm",
              "Copycat",
              "Covet",
              "Double-Edge",
              "Ember",
              "Growl",
              "Helping Hand",
              "Swift",
              "Tackle",
              "Tail Whip",
              "Take Down"
            ]
          },
          {
            "level": 5,
            "attacks": [
              "Sand Attack"
            ]
          },
          {
            "level": 10,
            "attacks": [
              "Quick Attack"
            ]
          },
          {
            "level": 15,
            "attacks": [
              "Baby-Doll Eyes"
            ]
          },
          {
            "level": 20,
            "attacks": [
              "Smog"
            ]
          },
          {
            "level": 25,
            "attacks": [
              "Bite"
            ]
          },
          {
            "level": 30,
            "attacks": [
              "Fire Fang"
            ]
          },
          {
            "level": 35,
            "attacks": [
              "Fire Spin"
            ]
          },
          {
            "level": 40,
            "attacks": [
              "Lava Plume"
            ]
          },
          {
            "level": 45,
            "attacks": [
              "Scary Face"
            ]
          },
          {
            "level": 50,
            "attacks": [
              "Flare Blitz"
            ]
          },
          {
            "level": 55,
            "attacks": [
              "Last Resort"
            ]
          }
        ],
        "tutorMoves": [
          "Burning Jealousy",
          "Celebrate",
          "Scorching Sands"
        ],
        "eggMoves": [
          "Curse",
          "Detect",
          "Double Kick",
          "Flail",
          "Mud-Slap",
          "Tickle",
          "Wish",
          "Yawn"
        ],
        "tmMoves8": [
          "Pay Day",
          "Hyper Beam",
          "Giga Impact",
          "Fire Spin",
          "Dig",
          "Rest",
          "Snore",
          "Protect",
          "Scary Face",
          "Charm",
          "Attract",
          "Rain Dance",
          "Sunny Day",
          "Will-O-Wisp",
          "Facade",
          "Swift",
          "Helping Hand",
          "Weather Ball",
          "Fake Tears",
          "Fire Fang",
          "Round",
          "Retaliate",
          "Mystical Fire"
        ],
        "trMoves": [
          "Body Slam",
          "Flamethrower",
          "Focus Energy",
          "Fire Blast",
          "Substitute",
          "Endure",
          "Sleep Talk",
          "Baton Pass",
          "Iron Tail",
          "Shadow Ball",
          "Heat Wave",
          "Superpower",
          "Hyper Voice",
          "Overheat",
          "Flare Blitz",
          "Stored Power",
          "Work Up"
        ],
        "hmMoves": [],
        "transferMoves": [
          "Bide",
          "Captivate",
          "Confide",
          "Double Team",
          "Echoed Voice",
          "Flame Charge",
          "Frustration",
          "Headbutt",
          "Heal Bell",
          "Hidden Power",
          "Incinerate",
          "Laser Focus",
          "Leer",
          "Mimic",
          "Natural Gift",
          "Rage",
          "Reflect",
          "Refresh",
          "Return",
          "Roar",
          "Rock Smash",
          "Secret Power",
          "Sing",
          "Skull Bash",
          "Strength",
          "Swagger",
          "Synchronoise",
          "Toxic",
          "Trump Card",
          "Zap Cannon"
        ],
        "tmMoves7": [
          "Work Up",
          "Roar",
          "Toxic",
          "Hidden Power",
          "Sunny Day",
          "Hyper Beam",
          "Protect",
          "Rain Dance",
          "Frustration",
          "Return",
          "Shadow Ball",
          "Double Team",
          "Flamethrower",
          "Fire Blast",
          "Facade",
          "Flame Charge",
          "Rest",
          "Attract",
          "Round",
          "Echoed Voice",
          "Overheat",
          "Will-O-Wisp",
          "Giga Impact",
          "Swagger",
          "Sleep Talk",
          "Substitute",
          "Confide"
        ],
        "tmMoves6": [
          "Roar",
          "Toxic",
          "Hidden Power",
          "Sunny Day",
          "Hyper Beam",
          "Protect",
          "Rain Dance",
          "Frustration",
          "Return",
          "Dig",
          "Shadow Ball",
          "Double Team",
          "Flamethrower",
          "Fire Blast",
          "Facade",
          "Flame Charge",
          "Rest",
          "Attract",
          "Round",
          "Echoed Voice",
          "Overheat",
          "Incinerate",
          "Will-O-Wisp",
          "Retaliate",
          "Giga Impact",
          "Swagger",
          "Sleep Talk",
          "Substitute",
          "Secret Power",
          "Confide"
        ],
        "tmMoves5": [
          "Roar",
          "Toxic",
          "Hidden Power",
          "Sunny Day",
          "Hyper Beam",
          "Protect",
          "Rain Dance",
          "Frustration",
          "Return",
          "Dig",
          "Shadow Ball",
          "Double Team",
          "Flamethrower",
          "Fire Blast",
          "Facade",
          "Flame Charge",
          "Rest",
          "Attract",
          "Round",
          "Echoed Voice",
          "Overheat",
          "Incinerate",
          "Will-O-Wisp",
          "Retaliate",
          "Giga Impact",
          "Work Up",
          "Swagger",
          "Substitute",
          "Rock Smash"
        ],
        "tmMoves4": [
          "Roar",
          "Toxic",
          "Hidden Power",
          "Sunny Day",
          "Hyper Beam",
          "Protect",
          "Rain Dance",
          "Frustration",
          "Iron Tail",
          "Return",
          "Dig",
          "Shadow Ball",
          "Double Team",
          "Flamethrower",
          "Fire Blast",
          "Facade",
          "Secret Power",
          "Rest",
          "Attract",
          "Overheat",
          "Endure",
          "Will-O-Wisp",
          "Giga Impact",
          "Captivate",
          "Sleep Talk",
          "Natural Gift",
          "Swagger",
          "Substitute"
        ],
        "tmMoves3": [
          "Roar",
          "Toxic",
          "Hidden Power",
          "Sunny Day",
          "Hyper Beam",
          "Protect",
          "Rain Dance",
          "Frustration",
          "Iron Tail",
          "Return",
          "Dig",
          "Shadow Ball",
          "Double Team",
          "Flamethrower",
          "Fire Blast",
          "Facade",
          "Secret Power",
          "Rest",
          "Attract",
          "Overheat"
        ],
        "tmMoves2": [
          "Headbutt",
          "Curse",
          "Roar",
          "Toxic",
          "Zap Cannon",
          "Hidden Power",
          "Sunny Day",
          "Snore",
          "Hyper Beam",
          "Protect",
          "Rain Dance",
          "Endure",
          "Frustration",
          "Iron Tail",
          "Return",
          "Shadow Ball",
          "Mud-Slap",
          "Double Team",
          "Swagger",
          "Sleep Talk",
          "Fire Blast",
          "Swift",
          "Detect",
          "Rest",
          "Attract"
        ],
        "tmMoves1": [
          "Toxic",
          "Body Slam",
          "Take Down",
          "Double-Edge",
          "Hyper Beam",
          "Rage",
          "Mimic",
          "Double Team",
          "Reflect",
          "Bide",
          "Fire Blast",
          "Swift",
          "Skull Bash",
          "Rest",
          "Substitute"
        ],
        "tmMoves": []
      },
      "abilities": {
        "abilities": [
          "FlashFire"
        ],
        "hiddenAbilities": [
          "Guts"
        ]
      },
      "movement": {
        "rideable": true,
        "canFly": false,
        "canSurf": false,
        "canRideShoulder": false,
        "ridingOffsets": {
          "standing": {
            "x": 0.0,
            "y": -0.38,
            "z": -0.4
          },
          "moving": {
            "x": 0.0,
            "y": -0.38,
            "z": -0.4
          }
        }
      },
      "aggression": {
        "timid": 80,
        "passive": 0,
        "aggressive": 20
      },
      "battleStats": {
        "hp": 65,
        "attack": 130,
        "defense": 60,
        "specialAttack": 95,
        "specialDefense": 110,
        "speed": 65
      },
      "tags": [],
      "spawn": {
        "baseExp": 184,
        "baseFriendship": 70,
        "spawnLevel": 35,
        "spawnLevelRange": 15,
        "spawnLocations": [
          "LAND"
        ]
      },
      "possibleGenders": [
        "MALE",
        "FEMALE"
      ],
      "genderProperties": [
        {
          "gender": "ALL",
          "palettes": [
            {
              "name": "none",
              "texture": "pixelmon:pokemon/136_flareon/all/base/none/texture.png",
              "sprite": "pixelmon:pokemon/136_flareon/all/base/none/sprite.png",
              "particle": "",
              "modelLocator": {
                "factoryType": "NORMAL",
                "pqc": [
                  "pixelmon:pokemon/136_flareon/all/base/none/model.pqc"
                ]
              },
              "sounds": [
                "pixelmon.mob.flareon"
              ]
            },
            {
              "name": "shiny",
              "texture": "pixelmon:pokemon/136_flareon/all/base/shiny/texture.png",
              "sprite": "pixelmon:pokemon/136_flareon/all/base/shiny/sprite.png",
              "particle": "arcanery:shiny"
            },
            {
              "name": "spirit",
              "texture": "pixelmon:pokemon/136_flareon/all/base/spirit/texture.png",
              "emissive": "pixelmon:pokemon/136_flareon/all/base/spirit/emissive.png",
              "sprite": "pixelmon:pokemon/136_flareon/all/base/spirit/sprite.png",
              "particle": ""
            },
			{
              "name": "alternative",
              "texture": "pixelmon:pokemon/136_flareon/all/base/custom-alternative/texture.png",
              "sprite": "pixelmon:pokemon/136_flareon/all/base/custom-alternative/sprite.png",
              "particle": ""
            },
			{
              "name": "anniversary",
              "texture": "pixelmon:pokemon/136_flareon/all/base/custom-anniversary/texture.png",
              "sprite": "pixelmon:pokemon/136_flareon/all/base/custom-anniversary/sprite.png",
              "particle": ""
            },
			{
              "name": "arctic",
              "texture": "pixelmon:pokemon/136_flareon/all/base/custom-arctic/texture.png",
              "sprite": "pixelmon:pokemon/136_flareon/all/base/custom-arctic/sprite.png",
              "particle": ""
            },
			{
              "name": "black and white",
              "texture": "pixelmon:pokemon/136_flareon/all/base/custom-black-white/texture.png",
              "sprite": "pixelmon:pokemon/136_flareon/all/base/custom-black-white/sprite.png",
              "particle": ""
            },
			{
              "name": "chocolate",
              "texture": "pixelmon:pokemon/136_flareon/all/base/custom-chocolate/texture.png",
              "sprite": "pixelmon:pokemon/136_flareon/all/base/custom-chocolate/sprite.png",
              "particle": ""
            },
			{
              "name": "ditto",
              "texture": "pixelmon:pokemon/136_flareon/all/base/custom-ditto/texture.png",
              "sprite": "pixelmon:pokemon/136_flareon/all/base/custom-ditto/sprite.png",
              "particle": ""
            },
			{
              "name": "galaxy",
              "texture": "pixelmon:pokemon/136_flareon/all/base/custom-galaxy/texture.png",
              "sprite": "pixelmon:pokemon/136_flareon/all/base/custom-galaxy/sprite.png",
              "particle": ""
            },
			{
              "name": "halloween",
              "texture": "pixelmon:pokemon/136_flareon/all/base/custom-halloween/texture.png",
              "sprite": "pixelmon:pokemon/136_flareon/all/base/custom-halloween/sprite.png",
              "particle": ""
            },
			{
              "name": "nippon",
              "texture": "pixelmon:pokemon/136_flareon/all/base/custom-nippon/texture.png",
              "sprite": "pixelmon:pokemon/136_flareon/all/base/custom-nippon/sprite.png",
              "particle": ""
            },
			{
              "name": "purple haze",
              "texture": "pixelmon:pokemon/136_flareon/all/base/custom-purplehaze/texture.png",
              "sprite": "pixelmon:pokemon/136_flareon/all/base/custom-purplehaze/sprite.png",
              "particle": ""
            },
			{
              "name": "rangos",
              "texture": "pixelmon:pokemon/136_flareon/all/base/custom-rangos/texture.png",
              "sprite": "pixelmon:pokemon/136_flareon/all/base/custom-rangos/sprite.png",
              "particle": ""
            },
			{
              "name": "shadow 1",
              "texture": "pixelmon:pokemon/136_flareon/all/base/custom-shadow1/texture.png",
              "sprite": "pixelmon:pokemon/136_flareon/all/base/custom-Shadow1/sprite.png",
              "particle": ""
            },
			{
              "name": "shadow 2",
              "texture": "pixelmon:pokemon/136_flareon/all/base/custom-shadow2/texture.png",
              "sprite": "pixelmon:pokemon/136_flareon/all/base/custom-Shadow2/sprite.png",
              "particle": ""
            },
			{
              "name": "soulfire",
              "texture": "pixelmon:pokemon/136_flareon/all/base/custom-soulfire/texture.png",
              "sprite": "pixelmon:pokemon/136_flareon/all/base/custom-soulfire/sprite.png",
              "particle": ""
            },
			{
              "name": "valentines 1",
              "texture": "pixelmon:pokemon/136_flareon/all/base/custom-val1/texture.png",
              "sprite": "pixelmon:pokemon/136_flareon/all/base/custom-val1/sprite.png",
              "particle": ""
            },
			{
              "name": "valentines 2",
              "texture": "pixelmon:pokemon/136_flareon/all/base/custom-val2/texture.png",
              "sprite": "pixelmon:pokemon/136_flareon/all/base/custom-val2/sprite.png",
              "particle": ""
            }
          ]
        }
      ],
      "eggGroups": [
        "FIELD"
      ],
      "types": [
        "FIRE"
      ],
      "preEvolutions": [
        "Eevee"
      ],
      "defaultBaseForm": "",
      "megaItems": [],
      "megas": [],
      "gigantamax": {
        "canHaveFactor": false,
        "canGigantamax": false
      },
      "eggCycles": 36,
      "weight": 25.0,
      "catchRate": 45,
      "malePercentage": 0,
      "evolutions": [],
      "evYields": {
        "attack": 2
      }
    }
  ],
  "generation": 1
}
