{
  "name": "Kabutops",
  "dex": 141,
  "defaultForms": [
    ""
  ],
  "forms": [
    {
      "name": "",
      "experienceGroup": "MEDIUM_FAST",
      "dimensions": {
        "height": 1.7,
        "width": 1.2,
        "length": 1,
        "eyeHeight": 1.7,
        "hoverHeight": 1.7
      },
      "moves": {
        "levelUpMoves": [
          {
            "level": 0,
            "attacks": [
              "Absorb",
              "Feint",
              "Harden",
              "Night Slash",
              "Sand Attack",
              "Scratch",
              "Slash"
            ]
          },
          {
            "level": 15,
            "attacks": [
              "Aqua Jet"
            ]
          },
          {
            "level": 20,
            "attacks": [
              "Leer"
            ]
          },
          {
            "level": 25,
            "attacks": [
              "Mud Shot"
            ]
          },
          {
            "level": 30,
            "attacks": [
              "Ancient Power"
            ]
          },
          {
            "level": 35,
            "attacks": [
              "Brine"
            ]
          },
          {
            "level": 43,
            "attacks": [
              "Protect"
            ]
          },
          {
            "level": 49,
            "attacks": [
              "Leech Life"
            ]
          },
          {
            "level": 56,
            "attacks": [
              "Liquidation"
            ]
          },
          {
            "level": 63,
            "attacks": [
              "Metal Sound"
            ]
          },
          {
            "level": 70,
            "attacks": [
              "Stone Edge"
            ]
          }
        ],
        "tutorMoves": [
          "Flip Turn",
          "Meteor Beam"
        ],
        "eggMoves": [
          "Aurora Beam",
          "Bubble Beam",
          "Confuse Ray",
          "Flail",
          "Foresight",
          "Giga Drain",
          "Icy Wind",
          "Knock Off",
          "Mud Shot",
          "Rapid Spin",
          "Screech",
          "Take Down"
        ],
        "tmMoves8": [
          "Mega Kick",
          "Hyper Beam",
          "Giga Impact",
          "Dig",
          "Screech",
          "Rest",
          "Rock Slide",
          "Thief",
          "Snore",
          "Protect",
          "Icy Wind",
          "Giga Drain",
          "Attract",
          "Sandstorm",
          "Rain Dance",
          "Hail",
          "Whirlpool",
          "Facade",
          "Brick Break",
          "Dive",
          "Rock Tomb",
          "Mud Shot",
          "Rock Blast",
          "Brine",
          "Psycho Cut",
          "Cross Poison",
          "Round",
          "Razor Shell"
        ],
        "trMoves": [
          "Swords Dance",
          "Body Slam",
          "Hydro Pump",
          "Surf",
          "Ice Beam",
          "Blizzard",
          "Low Kick",
          "Waterfall",
          "Leech Life",
          "Substitute",
          "Endure",
          "Sleep Talk",
          "Superpower",
          "Iron Defense",
          "X-Scissor",
          "Earth Power",
          "Stone Edge",
          "Stealth Rock",
          "Scald",
          "Liquidation"
        ],
        "hmMoves": [],
        "transferMoves": [
          "Aerial Ace",
          "Aqua Tail",
          "Bide",
          "Captivate",
          "Confide",
          "Curse",
          "Cut",
          "Double Team",
          "Double-Edge",
          "Foresight",
          "Frustration",
          "Fury Cutter",
          "Headbutt",
          "Hidden Power",
          "Hone Claws",
          "Mimic",
          "Mud-Slap",
          "Natural Gift",
          "Nature Power",
          "Rage",
          "Razor Wind",
          "Reflect",
          "Return",
          "Rock Polish",
          "Rock Smash",
          "Rock Throw",
          "Rollout",
          "Secret Power",
          "Seismic Toss",
          "Skull Bash",
          "Smack Down",
          "Submission",
          "Swagger",
          "Toxic",
          "Water Gun",
          "Water Pulse",
          "Wring Out"
        ],
        "tmMoves7": [
          "Toxic",
          "Hail",
          "Hidden Power",
          "Ice Beam",
          "Blizzard",
          "Hyper Beam",
          "Protect",
          "Rain Dance",
          "Frustration",
          "Smack Down",
          "Return",
          "Brick Break",
          "Double Team",
          "Sandstorm",
          "Rock Tomb",
          "Aerial Ace",
          "Facade",
          "Rest",
          "Attract",
          "Thief",
          "Round",
          "Scald",
          "Giga Impact",
          "Rock Polish",
          "Stone Edge",
          "Swords Dance",
          "Rock Slide",
          "X-Scissor",
          "Swagger",
          "Sleep Talk",
          "Substitute",
          "Surf",
          "Nature Power",
          "Waterfall",
          "Confide"
        ],
        "tmMoves6": [
          "Hone Claws",
          "Toxic",
          "Hail",
          "Hidden Power",
          "Ice Beam",
          "Blizzard",
          "Hyper Beam",
          "Protect",
          "Rain Dance",
          "Frustration",
          "Smack Down",
          "Return",
          "Dig",
          "Brick Break",
          "Double Team",
          "Sandstorm",
          "Rock Tomb",
          "Aerial Ace",
          "Facade",
          "Rest",
          "Attract",
          "Thief",
          "Round",
          "Scald",
          "Giga Impact",
          "Rock Polish",
          "Stone Edge",
          "Swords Dance",
          "Rock Slide",
          "X-Scissor",
          "Swagger",
          "Sleep Talk",
          "Substitute",
          "Secret Power",
          "Nature Power",
          "Confide"
        ],
        "tmMoves5": [
          "Hone Claws",
          "Toxic",
          "Hail",
          "Hidden Power",
          "Ice Beam",
          "Blizzard",
          "Hyper Beam",
          "Protect",
          "Rain Dance",
          "Frustration",
          "Smack Down",
          "Return",
          "Dig",
          "Brick Break",
          "Double Team",
          "Sandstorm",
          "Rock Tomb",
          "Aerial Ace",
          "Facade",
          "Rest",
          "Attract",
          "Thief",
          "Round",
          "Scald",
          "Giga Impact",
          "Rock Polish",
          "Stone Edge",
          "Swords Dance",
          "Rock Slide",
          "X-Scissor",
          "Swagger",
          "Substitute",
          "Rock Smash"
        ],
        "tmMoves4": [
          "Water Pulse",
          "Toxic",
          "Hail",
          "Hidden Power",
          "Ice Beam",
          "Blizzard",
          "Hyper Beam",
          "Protect",
          "Rain Dance",
          "Giga Drain",
          "Frustration",
          "Return",
          "Dig",
          "Brick Break",
          "Double Team",
          "Sandstorm",
          "Rock Tomb",
          "Aerial Ace",
          "Facade",
          "Secret Power",
          "Rest",
          "Attract",
          "Thief",
          "Brine",
          "Endure",
          "Giga Impact",
          "Rock Polish",
          "Stone Edge",
          "Swords Dance",
          "Stealth Rock",
          "Captivate",
          "Rock Slide",
          "X-Scissor",
          "Sleep Talk",
          "Natural Gift",
          "Swagger",
          "Substitute"
        ],
        "tmMoves3": [
          "Water Pulse",
          "Toxic",
          "Hail",
          "Hidden Power",
          "Ice Beam",
          "Blizzard",
          "Hyper Beam",
          "Protect",
          "Rain Dance",
          "Giga Drain",
          "Frustration",
          "Return",
          "Dig",
          "Brick Break",
          "Double Team",
          "Sandstorm",
          "Rock Tomb",
          "Aerial Ace",
          "Facade",
          "Secret Power",
          "Rest",
          "Attract",
          "Thief"
        ],
        "tmMoves2": [
          "Headbutt",
          "Curse",
          "Rollout",
          "Toxic",
          "Rock Smash",
          "Hidden Power",
          "Snore",
          "Blizzard",
          "Hyper Beam",
          "Icy Wind",
          "Protect",
          "Rain Dance",
          "Giga Drain",
          "Endure",
          "Frustration",
          "Return",
          "Double Team",
          "Swagger",
          "Sleep Talk",
          "Sandstorm",
          "Rest",
          "Attract",
          "Thief",
          "Fury Cutter"
        ],
        "tmMoves1": [
          "Razor Wind",
          "Swords Dance",
          "Mega Kick",
          "Toxic",
          "Body Slam",
          "Take Down",
          "Double-Edge",
          "Bubble Beam",
          "Water Gun",
          "Ice Beam",
          "Blizzard",
          "Hyper Beam",
          "Submission",
          "Seismic Toss",
          "Rage",
          "Mimic",
          "Double Team",
          "Reflect",
          "Bide",
          "Skull Bash",
          "Rest",
          "Substitute"
        ],
        "tmMoves": []
      },
      "abilities": {
        "abilities": [
          "SwiftSwim",
          "BattleArmour"
        ],
        "hiddenAbilities": [
          "WeakArmor"
        ]
      },
      "movement": {
        "rideable": true,
        "canFly": false,
        "canSurf": true,
        "canRideShoulder": false,
        "ridingOffsets": {
          "standing": {
            "x": 0.0,
            "y": -0.35,
            "z": -0.2
          },
          "moving": {
            "x": 0.0,
            "y": -0.35,
            "z": -0.2
          }
        },
        "swimmingParameters": {
          "depthRangeStart": 20,
          "depthRangeEnd": 60,
          "swimSpeed": 10,
          "decayRate": 0.8,
          "refreshRate": 100,
          "chanceToStopOnBlock": 0.1,
          "blocksToStopOn": [
            "minecraft:SAND"
          ],
          "minStopTime": 1,
          "maxStopTime": 5,
          "minStopCooldownTime": 20,
          "maxStopCooldownTime": 30
        }
      },
      "aggression": {
        "timid": 80,
        "passive": 0,
        "aggressive": 20
      },
      "battleStats": {
        "hp": 60,
        "attack": 115,
        "defense": 105,
        "specialAttack": 65,
        "specialDefense": 70,
        "speed": 80
      },
      "tags": [],
      "spawn": {
        "baseExp": 199,
        "baseFriendship": 70,
        "spawnLevel": 40,
        "spawnLevelRange": 10,
        "spawnLocations": [
          "WATER"
        ]
      },
      "possibleGenders": [
        "MALE",
        "FEMALE"
      ],
      "genderProperties": [
        {
          "gender": "ALL",
          "palettes": [
            {
              "name": "none",
              "texture": "pixelmon:pokemon/141_kabutops/all/base/none/texture.png",
              "sprite": "pixelmon:pokemon/141_kabutops/all/base/none/sprite.png",
              "particle": "",
              "modelLocator": {
                "factoryType": "NORMAL",
                "pqc": [
                  "pixelmon:pokemon/141_kabutops/all/base/none/model.pqc"
                ]
              },
              "sounds": [
                "pixelmon.mob.kabutops"
              ]
            },
            {
              "name": "shiny",
              "texture": "pixelmon:pokemon/141_kabutops/all/base/shiny/texture.png",
              "sprite": "pixelmon:pokemon/141_kabutops/all/base/shiny/sprite.png",
              "particle": "arcanery:shiny"
            },
			{
              "name": "aether",
              "texture": "pixelmon:pokemon/141_kabutops/all/base/custom-aether/texture.png",
			  "emissive": "pixelmon:pokemon/141_kabutops/all/base/custom-aether/emissive.png",
              "sprite": "pixelmon:pokemon/141_kabutops/all/base/custom-aether/sprite.png",
              "particle": ""
            },
			{
              "name": "battlecast",
              "texture": "pixelmon:pokemon/141_kabutops/all/base/custom-battlecast/texture.png",
              "emissive": "pixelmon:pokemon/141_kabutops/all/base/custom-battlecast/emissive.png",			  
              "sprite": "pixelmon:pokemon/141_kabutops/all/base/custom-battlecast/sprite.png",
              "particle": ""
            },
			{
              "name": "fusion",
              "texture": "pixelmon:pokemon/141_kabutops/all/base/custom-fusion/texture.png",
              "sprite": "pixelmon:pokemon/141_kabutops/all/base/custom-fusion/sprite.png",
              "particle": ""
            },
			{
              "name": "gemstone 1",
              "texture": "pixelmon:pokemon/141_kabutops/all/base/custom-gemstone1/texture.png",
              "sprite": "pixelmon:pokemon/141_kabutops/all/base/custom-gemstone1/sprite.png",
              "particle": ""
            },
			{
              "name": "gemstone 2",
              "texture": "pixelmon:pokemon/141_kabutops/all/base/custom-gemstone2/texture.png",
              "sprite": "pixelmon:pokemon/141_kabutops/all/base/custom-gemstone2/sprite.png",
              "particle": ""
            },
			{
              "name": "halloween 1",
              "texture": "pixelmon:pokemon/141_kabutops/all/base/custom-halloween1/texture.png",
              "sprite": "pixelmon:pokemon/141_kabutops/all/base/custom-halloween1/sprite.png",
              "particle": ""
            },
			{
              "name": "halloween 2",
              "texture": "pixelmon:pokemon/141_kabutops/all/base/custom-halloween2/texture.png",
              "sprite": "pixelmon:pokemon/141_kabutops/all/base/custom-halloween2/sprite.png",
              "particle": ""
            },
			{
              "name": "halloween 3",
              "texture": "pixelmon:pokemon/141_kabutops/all/base/custom-halloween3/texture.png",
              "sprite": "pixelmon:pokemon/141_kabutops/all/base/custom-halloween3/sprite.png",
              "particle": ""
            },
			{
              "name": "molten",
              "texture": "pixelmon:pokemon/141_kabutops/all/base/custom-molten/texture.png",
              "sprite": "pixelmon:pokemon/141_kabutops/all/base/custom-molten/sprite.png",
              "particle": ""
            },
			{
              "name": "outer worlds 1",
              "texture": "pixelmon:pokemon/141_kabutops/all/base/custom-outerworlds1/texture.png",
              "sprite": "pixelmon:pokemon/141_kabutops/all/base/custom-outerworlds1/sprite.png",
              "particle": ""
            },
			{
              "name": "outer worlds 2",
              "texture": "pixelmon:pokemon/141_kabutops/all/base/custom-outerworlds2/texture.png",
              "sprite": "pixelmon:pokemon/141_kabutops/all/base/custom-outerworlds2/sprite.png",
              "particle": ""
            },
			{
              "name": "skeletal",
              "texture": "pixelmon:pokemon/141_kabutops/all/base/custom-skeletal/texture.png",
              "sprite": "pixelmon:pokemon/141_kabutops/all/base/custom-skeletal/sprite.png",
              "particle": ""
            }
          ]
        }
      ],
      "eggGroups": [
        "WATER_ONE",
        "WATER_THREE"
      ],
      "types": [
        "ROCK",
        "WATER"
      ],
      "preEvolutions": [
        "Kabuto"
      ],
      "defaultBaseForm": "",
      "megaItems": [],
      "megas": [],
      "gigantamax": {
        "canHaveFactor": false,
        "canGigantamax": false
      },
      "eggCycles": 31,
      "weight": 40.5,
      "catchRate": 45,
      "malePercentage": 0,
      "evolutions": [],
      "evYields": {
        "attack": 2
      }
    }
  ],
  "generation": 1
}
