{
  "name": "Chikorita",
  "dex": 152,
  "defaultForms": [
    ""
  ],
  "forms": [
    {
      "name": "",
      "experienceGroup": "MEDIUM_SLOW",
      "dimensions": {
        "height": 0.9,
        "width": 1.0,
        "length": 1,
        "eyeHeight": 0.9,
        "hoverHeight": 0.9
      },
      "moves": {
        "levelUpMoves": [
          {
            "level": 0,
            "attacks": [
              "Growl",
              "Tackle"
            ]
          },
          {
            "level": 6,
            "attacks": [
              "Razor Leaf"
            ]
          },
          {
            "level": 9,
            "attacks": [
              "Poison Powder"
            ]
          },
          {
            "level": 12,
            "attacks": [
              "Synthesis"
            ]
          },
          {
            "level": 17,
            "attacks": [
              "Reflect"
            ]
          },
          {
            "level": 20,
            "attacks": [
              "Magical Leaf"
            ]
          },
          {
            "level": 23,
            "attacks": [
              "Natural Gift"
            ]
          },
          {
            "level": 28,
            "attacks": [
              "Sweet Scent"
            ]
          },
          {
            "level": 31,
            "attacks": [
              "Light Screen"
            ]
          },
          {
            "level": 34,
            "attacks": [
              "Body Slam"
            ]
          },
          {
            "level": 39,
            "attacks": [
              "Safeguard"
            ]
          },
          {
            "level": 42,
            "attacks": [
              "Aromatherapy"
            ]
          },
          {
            "level": 45,
            "attacks": [
              "Solar Beam"
            ]
          }
        ],
        "tutorMoves": [
          "Giga Drain",
          "Grass Pledge",
          "Iron Tail",
          "Magic Coat",
          "Seed Bomb",
          "Snore",
          "Synthesis",
          "Worry Seed"
        ],
        "eggMoves": [
          "Ancient Power",
          "Aromatherapy",
          "Body Slam",
          "Counter",
          "Flail",
          "Grass Whistle",
          "Grassy Terrain",
          "Heal Pulse",
          "Ingrain",
          "Leaf Storm",
          "Leech Seed",
          "Nature Power",
          "Refresh",
          "Vine Whip",
          "Wring Out"
        ],
        "tmMoves8": [],
        "trMoves": [],
        "hmMoves": [],
        "transferMoves": [
          "Bullet Seed",
          "Captivate",
          "Curse",
          "Cut",
          "Detect",
          "Double-Edge",
          "Endure",
          "Flash",
          "Frenzy Plant",
          "Fury Cutter",
          "Headbutt",
          "Mimic",
          "Mud-Slap",
          "Secret Power"
        ],
        "tmMoves7": [
          "Work Up",
          "Toxic",
          "Hidden Power",
          "Sunny Day",
          "Light Screen",
          "Protect",
          "Safeguard",
          "Frustration",
          "Solar Beam",
          "Return",
          "Double Team",
          "Reflect",
          "Facade",
          "Rest",
          "Attract",
          "Round",
          "Echoed Voice",
          "Energy Ball",
          "Swords Dance",
          "Grass Knot",
          "Swagger",
          "Sleep Talk",
          "Substitute",
          "Nature Power",
          "Confide"
        ],
        "tmMoves6": [
          "Toxic",
          "Hidden Power",
          "Sunny Day",
          "Light Screen",
          "Protect",
          "Safeguard",
          "Frustration",
          "Solar Beam",
          "Return",
          "Double Team",
          "Reflect",
          "Facade",
          "Rest",
          "Attract",
          "Round",
          "Echoed Voice",
          "Energy Ball",
          "Flash",
          "Swords Dance",
          "Grass Knot",
          "Swagger",
          "Sleep Talk",
          "Substitute",
          "Secret Power",
          "Nature Power",
          "Confide"
        ],
        "tmMoves5": [
          "Toxic",
          "Hidden Power",
          "Sunny Day",
          "Light Screen",
          "Protect",
          "Safeguard",
          "Frustration",
          "Solar Beam",
          "Return",
          "Double Team",
          "Reflect",
          "Facade",
          "Rest",
          "Attract",
          "Round",
          "Echoed Voice",
          "Energy Ball",
          "Flash",
          "Swords Dance",
          "Grass Knot",
          "Swagger",
          "Substitute"
        ],
        "tmMoves4": [
          "Toxic",
          "Bullet Seed",
          "Hidden Power",
          "Sunny Day",
          "Light Screen",
          "Protect",
          "Giga Drain",
          "Safeguard",
          "Frustration",
          "Solar Beam",
          "Iron Tail",
          "Return",
          "Double Team",
          "Reflect",
          "Facade",
          "Secret Power",
          "Rest",
          "Attract",
          "Energy Ball",
          "Endure",
          "Flash",
          "Swords Dance",
          "Captivate",
          "Sleep Talk",
          "Natural Gift",
          "Grass Knot",
          "Swagger",
          "Substitute"
        ],
        "tmMoves3": [
          "Toxic",
          "Bullet Seed",
          "Hidden Power",
          "Sunny Day",
          "Light Screen",
          "Protect",
          "Giga Drain",
          "Safeguard",
          "Frustration",
          "Solar Beam",
          "Iron Tail",
          "Return",
          "Double Team",
          "Reflect",
          "Facade",
          "Secret Power",
          "Rest",
          "Attract"
        ],
        "tmMoves2": [
          "Headbutt",
          "Curse",
          "Toxic",
          "Hidden Power",
          "Sunny Day",
          "Sweet Scent",
          "Snore",
          "Protect",
          "Giga Drain",
          "Endure",
          "Frustration",
          "Solar Beam",
          "Iron Tail",
          "Return",
          "Mud-Slap",
          "Double Team",
          "Swagger",
          "Sleep Talk",
          "Detect",
          "Rest",
          "Attract"
        ],
        "tmMoves1": [],
        "tmMoves": []
      },
      "abilities": {
        "abilities": [
          "Overgrow"
        ],
        "hiddenAbilities": [
          "LeafGuard"
        ]
      },
      "movement": {
        "rideable": false,
        "canFly": false,
        "canSurf": false,
        "canRideShoulder": false
      },
      "aggression": {
        "timid": 80,
        "passive": 0,
        "aggressive": 20
      },
      "battleStats": {
        "hp": 45,
        "attack": 49,
        "defense": 65,
        "specialAttack": 49,
        "specialDefense": 65,
        "speed": 45
      },
      "tags": [],
      "spawn": {
        "baseExp": 64,
        "baseFriendship": 70,
        "spawnLevel": 10,
        "spawnLevelRange": 6,
        "spawnLocations": [
          "LAND"
        ]
      },
      "possibleGenders": [
        "MALE",
        "FEMALE"
      ],
      "genderProperties": [
        {
          "gender": "ALL",
          "palettes": [
            {
              "name": "none",
              "texture": "pixelmon:pokemon/152_chikorita/all/base/none/texture.png",
              "sprite": "pixelmon:pokemon/152_chikorita/all/base/none/sprite.png",
              "particle": "",
              "modelLocator": {
                "factoryType": "NORMAL",
                "pqc": [
                  "pixelmon:pokemon/152_chikorita/all/base/none/model.pqc"
                ]
              },
              "sounds": []
            },
            {
              "name": "shiny",
              "texture": "pixelmon:pokemon/152_chikorita/all/base/shiny/texture.png",
              "sprite": "pixelmon:pokemon/152_chikorita/all/base/shiny/sprite.png",
              "particle": "arcanery:shiny"
            },
			{
              "name": "akuma",
              "texture": "pixelmon:pokemon/152_chikorita/all/base/custom-akuma/texture.png",
              "sprite": "pixelmon:pokemon/152_chikorita/all/base/custom-akuma/sprite.png",
              "particle": ""
            },
			{
              "name": "dark",
              "texture": "pixelmon:pokemon/152_chikorita/all/base/custom-dark/texture.png",
              "sprite": "pixelmon:pokemon/152_chikorita/all/base/custom-dark/sprite.png",
              "particle": ""
            },
			{
              "name": "diamond",
              "texture": "pixelmon:pokemon/152_chikorita/all/base/custom-diamond/texture.png",
              "sprite": "pixelmon:pokemon/152_chikorita/all/base/custom-diamond/sprite.png",
              "particle": ""
            },
			{
              "name": "faceless 1",
              "texture": "pixelmon:pokemon/152_chikorita/all/base/custom-faceless1/texture.png",
              "sprite": "pixelmon:pokemon/152_chikorita/all/base/custom-faceless1/sprite.png",
              "particle": ""
            },
			{
              "name": "faceless 2",
              "texture": "pixelmon:pokemon/152_chikorita/all/base/custom-faceless2/texture.png",
              "sprite": "pixelmon:pokemon/152_chikorita/all/base/custom-faceless2/sprite.png",
              "particle": ""
            },{
              "name": "ice",
              "texture": "pixelmon:pokemon/152_chikorita/all/base/custom-ice/texture.png",
              "sprite": "pixelmon:pokemon/152_chikorita/all/base/custom-ice/sprite.png",
              "particle": ""
            },
			{
              "name": "infernal",
              "texture": "pixelmon:pokemon/152_chikorita/all/base/custom-infernal/texture.png",
              "sprite": "pixelmon:pokemon/152_chikorita/all/base/custom-infernal/sprite.png",
              "particle": ""
            },
			{
              "name": "moon",
              "texture": "pixelmon:pokemon/152_chikorita/all/base/custom-moon/texture.png",
              "sprite": "pixelmon:pokemon/152_chikorita/all/base/custom-moon/sprite.png",
              "particle": ""
            },
			{
              "name": "pearl",
              "texture": "pixelmon:pokemon/152_chikorita/all/base/custom-pearl/texture.png",
              "sprite": "pixelmon:pokemon/152_chikorita/all/base/custom-pearl/sprite.png",
              "particle": ""
            }
          ]
        }
      ],
      "eggGroups": [
        "MONSTER",
        "GRASS"
      ],
      "types": [
        "GRASS"
      ],
      "preEvolutions": [],
      "defaultBaseForm": "",
      "megaItems": [],
      "megas": [],
      "gigantamax": {
        "canHaveFactor": false,
        "canGigantamax": false
      },
      "eggCycles": 21,
      "weight": 6.4,
      "catchRate": 45,
      "malePercentage": 0,
      "evolutions": [
        {
          "level": 16,
          "to": "Bayleef",
          "conditions": [],
          "evoType": "leveling"
        }
      ],
      "evYields": {
        "specialDefense": 1
      }
    }
  ],
  "generation": 2
}
