{
  "name": "Bayleef",
  "dex": 153,
  "defaultForms": [
    ""
  ],
  "forms": [
    {
      "name": "",
      "experienceGroup": "MEDIUM_SLOW",
      "dimensions": {
        "height": 1.2,
        "width": 1.0,
        "length": 1,
        "eyeHeight": 1.2,
        "hoverHeight": 1.2
      },
      "moves": {
        "levelUpMoves": [
          {
            "level": 0,
            "attacks": [
              "Growl",
              "Poison Powder",
              "Razor Leaf",
              "Tackle"
            ]
          },
          {
            "level": 6,
            "attacks": [
              "Razor Leaf"
            ]
          },
          {
            "level": 9,
            "attacks": [
              "Poison Powder"
            ]
          },
          {
            "level": 12,
            "attacks": [
              "Synthesis"
            ]
          },
          {
            "level": 18,
            "attacks": [
              "Reflect"
            ]
          },
          {
            "level": 22,
            "attacks": [
              "Magical Leaf"
            ]
          },
          {
            "level": 26,
            "attacks": [
              "Natural Gift"
            ]
          },
          {
            "level": 32,
            "attacks": [
              "Sweet Scent"
            ]
          },
          {
            "level": 36,
            "attacks": [
              "Light Screen"
            ]
          },
          {
            "level": 40,
            "attacks": [
              "Body Slam"
            ]
          },
          {
            "level": 46,
            "attacks": [
              "Safeguard"
            ]
          },
          {
            "level": 50,
            "attacks": [
              "Aromatherapy"
            ]
          },
          {
            "level": 54,
            "attacks": [
              "Solar Beam"
            ]
          }
        ],
        "tutorMoves": [
          "Giga Drain",
          "Grass Pledge",
          "Iron Tail",
          "Laser Focus",
          "Magic Coat",
          "Seed Bomb",
          "Snore",
          "Synthesis",
          "Worry Seed"
        ],
        "eggMoves": [
          "Ancient Power",
          "Aromatherapy",
          "Body Slam",
          "Counter",
          "Flail",
          "Grass Whistle",
          "Grassy Terrain",
          "Heal Pulse",
          "Ingrain",
          "Leaf Storm",
          "Leech Seed",
          "Nature Power",
          "Refresh",
          "Vine Whip",
          "Wring Out"
        ],
        "tmMoves8": [],
        "trMoves": [],
        "hmMoves": [],
        "transferMoves": [
          "Bullet Seed",
          "Captivate",
          "Curse",
          "Cut",
          "Detect",
          "Double-Edge",
          "Endure",
          "Flash",
          "Frenzy Plant",
          "Fury Cutter",
          "Headbutt",
          "Mimic",
          "Mud-Slap",
          "Rock Smash",
          "Secret Power",
          "Strength"
        ],
        "tmMoves7": [
          "Work Up",
          "Toxic",
          "Hidden Power",
          "Sunny Day",
          "Light Screen",
          "Protect",
          "Safeguard",
          "Frustration",
          "Solar Beam",
          "Return",
          "Double Team",
          "Reflect",
          "Facade",
          "Rest",
          "Attract",
          "Round",
          "Echoed Voice",
          "Energy Ball",
          "Swords Dance",
          "Grass Knot",
          "Swagger",
          "Sleep Talk",
          "Substitute",
          "Nature Power",
          "Confide"
        ],
        "tmMoves6": [
          "Toxic",
          "Hidden Power",
          "Sunny Day",
          "Light Screen",
          "Protect",
          "Safeguard",
          "Frustration",
          "Solar Beam",
          "Return",
          "Double Team",
          "Reflect",
          "Facade",
          "Rest",
          "Attract",
          "Round",
          "Echoed Voice",
          "Energy Ball",
          "Flash",
          "Swords Dance",
          "Grass Knot",
          "Swagger",
          "Sleep Talk",
          "Substitute",
          "Secret Power",
          "Nature Power",
          "Confide"
        ],
        "tmMoves5": [
          "Toxic",
          "Hidden Power",
          "Sunny Day",
          "Light Screen",
          "Protect",
          "Safeguard",
          "Frustration",
          "Solar Beam",
          "Return",
          "Double Team",
          "Reflect",
          "Facade",
          "Rest",
          "Attract",
          "Round",
          "Echoed Voice",
          "Energy Ball",
          "Flash",
          "Swords Dance",
          "Grass Knot",
          "Swagger",
          "Substitute",
          "Rock Smash"
        ],
        "tmMoves4": [
          "Toxic",
          "Bullet Seed",
          "Hidden Power",
          "Sunny Day",
          "Light Screen",
          "Protect",
          "Giga Drain",
          "Safeguard",
          "Frustration",
          "Solar Beam",
          "Iron Tail",
          "Return",
          "Double Team",
          "Reflect",
          "Facade",
          "Secret Power",
          "Rest",
          "Attract",
          "Energy Ball",
          "Endure",
          "Flash",
          "Swords Dance",
          "Captivate",
          "Sleep Talk",
          "Natural Gift",
          "Grass Knot",
          "Swagger",
          "Substitute"
        ],
        "tmMoves3": [
          "Toxic",
          "Bullet Seed",
          "Hidden Power",
          "Sunny Day",
          "Light Screen",
          "Protect",
          "Giga Drain",
          "Safeguard",
          "Frustration",
          "Solar Beam",
          "Iron Tail",
          "Return",
          "Double Team",
          "Reflect",
          "Facade",
          "Secret Power",
          "Rest",
          "Attract"
        ],
        "tmMoves2": [
          "Headbutt",
          "Curse",
          "Toxic",
          "Rock Smash",
          "Hidden Power",
          "Sunny Day",
          "Sweet Scent",
          "Snore",
          "Protect",
          "Giga Drain",
          "Endure",
          "Frustration",
          "Solar Beam",
          "Iron Tail",
          "Return",
          "Mud-Slap",
          "Double Team",
          "Swagger",
          "Sleep Talk",
          "Detect",
          "Rest",
          "Attract",
          "Fury Cutter"
        ],
        "tmMoves1": [],
        "tmMoves": []
      },
      "abilities": {
        "abilities": [
          "Overgrow"
        ],
        "hiddenAbilities": [
          "LeafGuard"
        ]
      },
      "movement": {
        "rideable": true,
        "canFly": false,
        "canSurf": false,
        "canRideShoulder": false,
        "ridingOffsets": {
          "standing": {
            "x": 0.0,
            "y": -1.5,
            "z": -0.25
          },
          "moving": {
            "x": 0.0,
            "y": -1.5,
            "z": -0.25
          }
        }
      },
      "aggression": {
        "timid": 80,
        "passive": 0,
        "aggressive": 20
      },
      "battleStats": {
        "hp": 60,
        "attack": 62,
        "defense": 80,
        "specialAttack": 63,
        "specialDefense": 80,
        "speed": 60
      },
      "tags": [],
      "spawn": {
        "baseExp": 141,
        "baseFriendship": 70,
        "spawnLevel": 16,
        "spawnLevelRange": 16,
        "spawnLocations": [
          "LAND"
        ]
      },
      "possibleGenders": [
        "MALE",
        "FEMALE"
      ],
      "genderProperties": [
        {
          "gender": "ALL",
          "palettes": [
            {
              "name": "none",
              "texture": "pixelmon:pokemon/153_bayleef/all/base/none/texture.png",
              "sprite": "pixelmon:pokemon/153_bayleef/all/base/none/sprite.png",
              "particle": "",
              "modelLocator": {
                "factoryType": "NORMAL",
                "pqc": [
                  "pixelmon:pokemon/153_bayleef/all/base/none/model.pqc"
                ]
              },
              "sounds": [
                "pixelmon.mob.bayleef",
                "pixelmon.mob.bayleef",
                "pixelmon.mob.bayleef"
              ]
            },
            {
              "name": "shiny",
              "texture": "pixelmon:pokemon/153_bayleef/all/base/shiny/texture.png",
              "sprite": "pixelmon:pokemon/153_bayleef/all/base/shiny/sprite.png",
              "particle": "arcanery:shiny"
            },
			{
              "name": "akuma",
              "texture": "pixelmon:pokemon/153_bayleef/all/base/custom-akuma/texture.png",
              "sprite": "pixelmon:pokemon/153_bayleef/all/base/custom-akuma/sprite.png",
              "particle": ""
            },
			{
              "name": "diamond",
              "texture": "pixelmon:pokemon/153_bayleef/all/base/custom-diamond/texture.png",
              "sprite": "pixelmon:pokemon/153_bayleef/all/base/custom-diamond/sprite.png",
              "particle": ""
            },
			{
              "name": "ice",
              "texture": "pixelmon:pokemon/153_bayleef/all/base/custom-ice/texture.png",
              "sprite": "pixelmon:pokemon/153_bayleef/all/base/custom-ice/sprite.png",
              "particle": ""
            },
			{
              "name": "infernal",
              "texture": "pixelmon:pokemon/153_bayleef/all/base/custom-infernal/texture.png",
              "sprite": "pixelmon:pokemon/153_bayleef/all/base/custom-infernal/sprite.png",
              "particle": ""
            },{
              "name": "moon",
              "texture": "pixelmon:pokemon/153_bayleef/all/base/custom-moon/texture.png",
              "sprite": "pixelmon:pokemon/153_bayleef/all/base/custom-moon/sprite.png",
              "particle": ""
            },
			{
              "name": "pearl",
              "texture": "pixelmon:pokemon/153_bayleef/all/base/custom-pearl/texture.png",
              "sprite": "pixelmon:pokemon/153_bayleef/all/base/custom-pearl/sprite.png",
              "particle": ""
            }
          ]
        }
      ],
      "eggGroups": [
        "MONSTER",
        "GRASS"
      ],
      "types": [
        "GRASS"
      ],
      "preEvolutions": [
        "Chikorita"
      ],
      "defaultBaseForm": "",
      "megaItems": [],
      "megas": [],
      "gigantamax": {
        "canHaveFactor": false,
        "canGigantamax": false
      },
      "eggCycles": 21,
      "weight": 15.8,
      "catchRate": 45,
      "malePercentage": 0,
      "evolutions": [
        {
          "level": 32,
          "to": "Meganium",
          "conditions": [],
          "evoType": "leveling",
          "moves": [
            "Petal Dance"
          ]
        }
      ],
      "evYields": {
        "defense": 1,
        "specialDefense": 1
      }
    }
  ],
  "generation": 2
}
