{
  "name": "Meganium",
  "dex": 154,
  "defaultForms": [
    ""
  ],
  "forms": [
    {
      "name": "",
      "experienceGroup": "MEDIUM_SLOW",
      "dimensions": {
        "height": 1.5,
        "width": 1.0,
        "length": 1,
        "eyeHeight": 1.5,
        "hoverHeight": 1.5
      },
      "moves": {
        "levelUpMoves": [
          {
            "level": 0,
            "attacks": [
              "Growl",
              "Petal Blizzard",
              "Petal Dance",
              "Poison Powder",
              "Razor Leaf",
              "Tackle"
            ]
          },
          {
            "level": 6,
            "attacks": [
              "Razor Leaf"
            ]
          },
          {
            "level": 9,
            "attacks": [
              "Poison Powder"
            ]
          },
          {
            "level": 12,
            "attacks": [
              "Synthesis"
            ]
          },
          {
            "level": 18,
            "attacks": [
              "Reflect"
            ]
          },
          {
            "level": 22,
            "attacks": [
              "Magical Leaf"
            ]
          },
          {
            "level": 26,
            "attacks": [
              "Natural Gift"
            ]
          },
          {
            "level": 34,
            "attacks": [
              "Sweet Scent"
            ]
          },
          {
            "level": 40,
            "attacks": [
              "Light Screen"
            ]
          },
          {
            "level": 46,
            "attacks": [
              "Body Slam"
            ]
          },
          {
            "level": 54,
            "attacks": [
              "Safeguard"
            ]
          },
          {
            "level": 60,
            "attacks": [
              "Aromatherapy"
            ]
          },
          {
            "level": 66,
            "attacks": [
              "Solar Beam"
            ]
          },
          {
            "level": 70,
            "attacks": [
              "Petal Blizzard"
            ]
          }
        ],
        "tutorMoves": [
          "Frenzy Plant",
          "Giga Drain",
          "Grass Pledge",
          "Iron Tail",
          "Laser Focus",
          "Magic Coat",
          "Outrage",
          "Seed Bomb",
          "Snore",
          "Stomping Tantrum",
          "Synthesis",
          "Worry Seed"
        ],
        "eggMoves": [
          "Ancient Power",
          "Aromatherapy",
          "Body Slam",
          "Counter",
          "Flail",
          "Grass Whistle",
          "Grassy Terrain",
          "Heal Pulse",
          "Ingrain",
          "Leaf Storm",
          "Leech Seed",
          "Nature Power",
          "Refresh",
          "Vine Whip",
          "Wring Out"
        ],
        "tmMoves8": [],
        "trMoves": [],
        "hmMoves": [],
        "transferMoves": [
          "Bullet Seed",
          "Captivate",
          "Curse",
          "Cut",
          "Detect",
          "Double-Edge",
          "Endure",
          "Flash",
          "Fury Cutter",
          "Headbutt",
          "Mimic",
          "Mud-Slap",
          "Rock Smash",
          "Secret Power",
          "Strength"
        ],
        "tmMoves7": [
          "Work Up",
          "Toxic",
          "Hidden Power",
          "Sunny Day",
          "Hyper Beam",
          "Light Screen",
          "Protect",
          "Safeguard",
          "Frustration",
          "Solar Beam",
          "Earthquake",
          "Return",
          "Double Team",
          "Reflect",
          "Facade",
          "Rest",
          "Attract",
          "Round",
          "Echoed Voice",
          "Energy Ball",
          "Giga Impact",
          "Swords Dance",
          "Bulldoze",
          "Dragon Tail",
          "Grass Knot",
          "Swagger",
          "Sleep Talk",
          "Substitute",
          "Nature Power",
          "Confide"
        ],
        "tmMoves6": [
          "Toxic",
          "Hidden Power",
          "Sunny Day",
          "Hyper Beam",
          "Light Screen",
          "Protect",
          "Safeguard",
          "Frustration",
          "Solar Beam",
          "Earthquake",
          "Return",
          "Double Team",
          "Reflect",
          "Facade",
          "Rest",
          "Attract",
          "Round",
          "Echoed Voice",
          "Energy Ball",
          "Giga Impact",
          "Flash",
          "Swords Dance",
          "Bulldoze",
          "Dragon Tail",
          "Grass Knot",
          "Swagger",
          "Sleep Talk",
          "Substitute",
          "Secret Power",
          "Nature Power",
          "Confide"
        ],
        "tmMoves5": [
          "Toxic",
          "Hidden Power",
          "Sunny Day",
          "Hyper Beam",
          "Light Screen",
          "Protect",
          "Safeguard",
          "Frustration",
          "Solar Beam",
          "Earthquake",
          "Return",
          "Double Team",
          "Reflect",
          "Facade",
          "Rest",
          "Attract",
          "Round",
          "Echoed Voice",
          "Energy Ball",
          "Giga Impact",
          "Flash",
          "Swords Dance",
          "Bulldoze",
          "Dragon Tail",
          "Grass Knot",
          "Swagger",
          "Substitute",
          "Rock Smash"
        ],
        "tmMoves4": [
          "Toxic",
          "Bullet Seed",
          "Hidden Power",
          "Sunny Day",
          "Hyper Beam",
          "Light Screen",
          "Protect",
          "Giga Drain",
          "Safeguard",
          "Frustration",
          "Solar Beam",
          "Iron Tail",
          "Earthquake",
          "Return",
          "Double Team",
          "Reflect",
          "Facade",
          "Secret Power",
          "Rest",
          "Attract",
          "Energy Ball",
          "Endure",
          "Giga Impact",
          "Flash",
          "Swords Dance",
          "Captivate",
          "Sleep Talk",
          "Natural Gift",
          "Grass Knot",
          "Swagger",
          "Substitute"
        ],
        "tmMoves3": [
          "Toxic",
          "Bullet Seed",
          "Hidden Power",
          "Sunny Day",
          "Hyper Beam",
          "Light Screen",
          "Protect",
          "Giga Drain",
          "Safeguard",
          "Frustration",
          "Solar Beam",
          "Iron Tail",
          "Earthquake",
          "Return",
          "Double Team",
          "Reflect",
          "Facade",
          "Secret Power",
          "Rest",
          "Attract"
        ],
        "tmMoves2": [
          "Headbutt",
          "Curse",
          "Toxic",
          "Rock Smash",
          "Hidden Power",
          "Sunny Day",
          "Sweet Scent",
          "Snore",
          "Hyper Beam",
          "Protect",
          "Giga Drain",
          "Endure",
          "Frustration",
          "Solar Beam",
          "Iron Tail",
          "Earthquake",
          "Return",
          "Mud-Slap",
          "Double Team",
          "Swagger",
          "Sleep Talk",
          "Detect",
          "Rest",
          "Attract",
          "Fury Cutter"
        ],
        "tmMoves1": [],
        "tmMoves": []
      },
      "abilities": {
        "abilities": [
          "Overgrow"
        ],
        "hiddenAbilities": [
          "LeafGuard"
        ]
      },
      "movement": {
        "rideable": true,
        "canFly": false,
        "canSurf": false,
        "canRideShoulder": false,
        "ridingOffsets": {
          "standing": {
            "x": 0.0,
            "y": -1.7,
            "z": -0.65
          },
          "moving": {
            "x": 0,
            "y": 0,
            "z": 0
          }
        }
      },
      "aggression": {
        "timid": 80,
        "passive": 0,
        "aggressive": 20
      },
      "battleStats": {
        "hp": 80,
        "attack": 82,
        "defense": 100,
        "specialAttack": 83,
        "specialDefense": 100,
        "speed": 80
      },
      "tags": [],
      "spawn": {
        "baseExp": 208,
        "baseFriendship": 70,
        "spawnLevel": 32,
        "spawnLevelRange": 18,
        "spawnLocations": [
          "LAND"
        ]
      },
      "possibleGenders": [
        "MALE",
        "FEMALE"
      ],
      "genderProperties": [
        {
          "gender": "ALL",
          "palettes": [
            {
              "name": "none",
              "texture": "pixelmon:pokemon/154_meganium/all/base/none/texture.png",
              "sprite": "pixelmon:pokemon/154_meganium/all/base/none/sprite.png",
              "particle": "",
              "modelLocator": {
                "factoryType": "NORMAL",
                "pqc": [
                  "pixelmon:pokemon/154_meganium/all/base/none/model.pqc"
                ]
              },
              "sounds": [
                "pixelmon.mob.meganium"
              ]
            },
            {
              "name": "shiny",
              "texture": "pixelmon:pokemon/154_meganium/all/base/shiny/texture.png",
              "sprite": "pixelmon:pokemon/154_meganium/all/base/shiny/sprite.png",
              "particle": "arcanery:shiny"
            },
            {
              "name": "zombie",
              "texture": "pixelmon:pokemon/154_meganium/all/base/zombie/texture.png",
              "sprite": "pixelmon:pokemon/154_meganium/all/base/zombie/sprite.png",
              "particle": ""
            },
			{
              "name": "akuma",
              "texture": "pixelmon:pokemon/154_meganium/all/base/custom-akuma/texture.png",
              "sprite": "pixelmon:pokemon/154_meganium/all/base/custom-akuma/sprite.png",
              "particle": ""
            },
			{
              "name": "angelic",
              "texture": "pixelmon:pokemon/154_meganium/all/base/custom-angelic/texture.png",
              "sprite": "pixelmon:pokemon/154_meganium/all/base/custom-angelic/sprite.png",
              "particle": ""
            },
			{
              "name": "autumn",
              "texture": "pixelmon:pokemon/154_meganium/all/base/custom-autumn/texture.png",
              "sprite": "pixelmon:pokemon/154_meganium/all/base/custom-autumn/sprite.png",
              "particle": ""
            },
			{
              "name": "diamond",
              "texture": "pixelmon:pokemon/154_meganium/all/base/custom-diamond/texture.png",
              "sprite": "pixelmon:pokemon/154_meganium/all/base/custom-diamond/sprite.png",
              "particle": ""
            },
			{
              "name": "floral",
              "texture": "pixelmon:pokemon/154_meganium/all/base/custom-floral/texture.png",
              "sprite": "pixelmon:pokemon/154_meganium/all/base/custom-floral/sprite.png",
              "particle": ""
            },
			{
              "name": "ice",
              "texture": "pixelmon:pokemon/154_meganium/all/base/custom-ice/texture.png",
              "sprite": "pixelmon:pokemon/154_meganium/all/base/custom-ice/sprite.png",
              "particle": ""
            },
			{
              "name": "infernal",
              "texture": "pixelmon:pokemon/154_meganium/all/base/custom-infernal/texture.png",
              "sprite": "pixelmon:pokemon/154_meganium/all/base/custom-infernal/sprite.png",
              "particle": ""
            },
			{
              "name": "moon",
              "texture": "pixelmon:pokemon/154_meganium/all/base/custom-moon/texture.png",
              "sprite": "pixelmon:pokemon/154_meganium/all/base/custom-moon/sprite.png",
              "particle": ""
            },
			{
              "name": "pearl",
              "texture": "pixelmon:pokemon/154_meganium/all/base/custom-pearl/texture.png",
              "sprite": "pixelmon:pokemon/154_meganium/all/base/custom-pearl/sprite.png",
              "particle": ""
            },
			{
              "name": "prismatic",
              "texture": "pixelmon:pokemon/154_meganium/all/base/custom-prismatic/texture.png",
              "sprite": "pixelmon:pokemon/154_meganium/all/base/custom-prismatic/sprite.png",
              "particle": ""
            },
			{
              "name": "rainbow",
              "texture": "pixelmon:pokemon/154_meganium/all/base/custom-rainbow/texture.png",
              "sprite": "pixelmon:pokemon/154_meganium/all/base/custom-rainbow/sprite.png",
              "particle": ""
            }
          ]
        }
      ],
      "eggGroups": [
        "MONSTER",
        "GRASS"
      ],
      "types": [
        "GRASS"
      ],
      "preEvolutions": [
        "Bayleef",
        "Chikorita"
      ],
      "defaultBaseForm": "",
      "megaItems": [],
      "megas": [],
      "gigantamax": {
        "canHaveFactor": false,
        "canGigantamax": false
      },
      "eggCycles": 21,
      "weight": 100.5,
      "catchRate": 45,
      "malePercentage": 0,
      "evolutions": [],
      "evYields": {
        "defense": 1,
        "specialDefense": 2
      }
    }
  ],
  "generation": 2
}
