{
  "name": "Quilava",
  "dex": 156,
  "defaultForms": [
    ""
  ],
  "forms": [
    {
      "name": "",
      "experienceGroup": "MEDIUM_SLOW",
      "dimensions": {
        "height": 1.0,
        "width": 1.0,
        "length": 1,
        "eyeHeight": 1.0,
        "hoverHeight": 1.0
      },
      "moves": {
        "levelUpMoves": [
          {
            "level": 0,
            "attacks": [
              "Leer",
              "Smokescreen",
              "Tackle"
            ]
          },
          {
            "level": 6,
            "attacks": [
              "Smokescreen"
            ]
          },
          {
            "level": 10,
            "attacks": [
              "Ember"
            ]
          },
          {
            "level": 13,
            "attacks": [
              "Quick Attack"
            ]
          },
          {
            "level": 20,
            "attacks": [
              "Flame Wheel"
            ]
          },
          {
            "level": 24,
            "attacks": [
              "Defense Curl"
            ]
          },
          {
            "level": 31,
            "attacks": [
              "Swift"
            ]
          },
          {
            "level": 35,
            "attacks": [
              "Flame Charge"
            ]
          },
          {
            "level": 42,
            "attacks": [
              "Lava Plume"
            ]
          },
          {
            "level": 46,
            "attacks": [
              "Flamethrower"
            ]
          },
          {
            "level": 53,
            "attacks": [
              "Inferno"
            ]
          },
          {
            "level": 57,
            "attacks": [
              "Rollout"
            ]
          },
          {
            "level": 64,
            "attacks": [
              "Double-Edge"
            ]
          },
          {
            "level": 68,
            "attacks": [
              "Burn Up"
            ]
          },
          {
            "level": 75,
            "attacks": [
              "Eruption"
            ]
          }
        ],
        "tutorMoves": [
          "Covet",
          "Fire Pledge",
          "Focus Punch",
          "Heat Wave",
          "Snore"
        ],
        "eggMoves": [
          "Covet",
          "Crush Claw",
          "Double Kick",
          "Double-Edge",
          "Extrasensory",
          "Flame Burst",
          "Flare Blitz",
          "Foresight",
          "Fury Swipes",
          "Howl",
          "Nature Power",
          "Quick Attack",
          "Reversal",
          "Thrash"
        ],
        "tmMoves8": [],
        "trMoves": [],
        "hmMoves": [],
        "transferMoves": [
          "Blast Burn",
          "Body Slam",
          "Captivate",
          "Curse",
          "Cut",
          "Detect",
          "Dig",
          "Endure",
          "Fury Cutter",
          "Headbutt",
          "Incinerate",
          "Iron Tail",
          "Mimic",
          "Mud-Slap",
          "Natural Gift",
          "Rock Smash",
          "Secret Power",
          "Strength",
          "Submission"
        ],
        "tmMoves7": [
          "Work Up",
          "Roar",
          "Toxic",
          "Hidden Power",
          "Sunny Day",
          "Protect",
          "Frustration",
          "Return",
          "Brick Break",
          "Double Team",
          "Flamethrower",
          "Fire Blast",
          "Aerial Ace",
          "Facade",
          "Flame Charge",
          "Rest",
          "Attract",
          "Round",
          "Overheat",
          "Will-O-Wisp",
          "Swagger",
          "Sleep Talk",
          "Substitute",
          "Wild Charge",
          "Nature Power",
          "Confide"
        ],
        "tmMoves6": [
          "Roar",
          "Toxic",
          "Hidden Power",
          "Sunny Day",
          "Protect",
          "Frustration",
          "Return",
          "Dig",
          "Brick Break",
          "Double Team",
          "Flamethrower",
          "Fire Blast",
          "Aerial Ace",
          "Facade",
          "Flame Charge",
          "Rest",
          "Attract",
          "Round",
          "Overheat",
          "Incinerate",
          "Will-O-Wisp",
          "Swagger",
          "Sleep Talk",
          "Substitute",
          "Wild Charge",
          "Secret Power",
          "Nature Power",
          "Confide"
        ],
        "tmMoves5": [
          "Roar",
          "Toxic",
          "Hidden Power",
          "Sunny Day",
          "Protect",
          "Frustration",
          "Return",
          "Dig",
          "Brick Break",
          "Double Team",
          "Flamethrower",
          "Fire Blast",
          "Aerial Ace",
          "Facade",
          "Flame Charge",
          "Rest",
          "Attract",
          "Round",
          "Overheat",
          "Incinerate",
          "Will-O-Wisp",
          "Swagger",
          "Substitute",
          "Wild Charge",
          "Rock Smash"
        ],
        "tmMoves4": [
          "Focus Punch",
          "Roar",
          "Toxic",
          "Hidden Power",
          "Sunny Day",
          "Protect",
          "Frustration",
          "Return",
          "Dig",
          "Brick Break",
          "Double Team",
          "Flamethrower",
          "Fire Blast",
          "Aerial Ace",
          "Facade",
          "Secret Power",
          "Rest",
          "Attract",
          "Overheat",
          "Endure",
          "Will-O-Wisp",
          "Captivate",
          "Sleep Talk",
          "Natural Gift",
          "Swagger",
          "Substitute"
        ],
        "tmMoves3": [
          "Focus Punch",
          "Roar",
          "Toxic",
          "Hidden Power",
          "Sunny Day",
          "Protect",
          "Frustration",
          "Return",
          "Dig",
          "Brick Break",
          "Double Team",
          "Flamethrower",
          "Fire Blast",
          "Aerial Ace",
          "Facade",
          "Secret Power",
          "Rest",
          "Attract",
          "Overheat"
        ],
        "tmMoves2": [
          "Headbutt",
          "Curse",
          "Rollout",
          "Roar",
          "Toxic",
          "Rock Smash",
          "Hidden Power",
          "Sunny Day",
          "Snore",
          "Protect",
          "Endure",
          "Frustration",
          "Iron Tail",
          "Return",
          "Dig",
          "Mud-Slap",
          "Double Team",
          "Swagger",
          "Sleep Talk",
          "Fire Blast",
          "Swift",
          "Defense Curl",
          "Detect",
          "Rest",
          "Attract",
          "Fury Cutter"
        ],
        "tmMoves1": [],
        "tmMoves": []
      },
      "abilities": {
        "abilities": [
          "Blaze"
        ],
        "hiddenAbilities": [
          "FlashFire"
        ]
      },
      "movement": {
        "rideable": true,
        "canFly": false,
        "canSurf": false,
        "canRideShoulder": false,
        "ridingOffsets": {
          "standing": {
            "x": 0.0,
            "y": -1.17,
            "z": -0.03
          },
          "moving": {
            "x": 0.0,
            "y": -1.17,
            "z": -0.03
          }
        }
      },
      "aggression": {
        "timid": 80,
        "passive": 0,
        "aggressive": 20
      },
      "battleStats": {
        "hp": 58,
        "attack": 64,
        "defense": 58,
        "specialAttack": 80,
        "specialDefense": 65,
        "speed": 80
      },
      "tags": [],
      "spawn": {
        "baseExp": 142,
        "baseFriendship": 70,
        "spawnLevel": 14,
        "spawnLevelRange": 22,
        "spawnLocations": [
          "LAND"
        ]
      },
      "possibleGenders": [
        "MALE",
        "FEMALE"
      ],
      "genderProperties": [
        {
          "gender": "ALL",
          "palettes": [
            {
              "name": "none",
              "texture": "pixelmon:pokemon/156_quilava/all/base/none/texture.png",
              "sprite": "pixelmon:pokemon/156_quilava/all/base/none/sprite.png",
              "particle": "",
              "modelLocator": {
                "factoryType": "NORMAL",
                "pqc": [
                  "pixelmon:pokemon/156_quilava/all/base/none/model.pqc"
                ]
              },
              "sounds": [
                "pixelmon.mob.quilava"
              ]
            },
            {
              "name": "shiny",
              "texture": "pixelmon:pokemon/156_quilava/all/base/shiny/texture.png",
              "sprite": "pixelmon:pokemon/156_quilava/all/base/shiny/sprite.png",
              "particle": "arcanery:shiny"
            },
			{
              "name": "coral reef",
              "texture": "pixelmon:pokemon/156_quilava/all/base/custom-coralreef/texture.png",
              "sprite": "pixelmon:pokemon/156_quilava/all/base/custom-coralreef/sprite.png",
              "particle": ""
            },
			{
              "name": "diamond",
              "texture": "pixelmon:pokemon/156_quilava/all/base/custom-diamond/texture.png",
              "sprite": "pixelmon:pokemon/156_quilava/all/base/custom-diamond/sprite.png",
              "particle": ""
            },
			{
              "name": "galaxy",
              "texture": "pixelmon:pokemon/156_quilava/all/base/custom-galaxy/texture.png",
              "sprite": "pixelmon:pokemon/156_quilava/all/base/custom-galaxy/sprite.png",
              "particle": ""
            },
			{
              "name": "moon",
              "texture": "pixelmon:pokemon/156_quilava/all/base/custom-moon/texture.png",
              "sprite": "pixelmon:pokemon/156_quilava/all/base/custom-moon/sprite.png",
              "particle": ""
            },
			{
              "name": "pearl",
              "texture": "pixelmon:pokemon/156_quilava/all/base/custom-pearl/texture.png",
              "sprite": "pixelmon:pokemon/156_quilava/all/base/custom-pearl/sprite.png",
              "particle": ""
            },
			{
              "name": "winter 1",
              "texture": "pixelmon:pokemon/156_quilava/all/base/custom-winter1/texture.png",
              "sprite": "pixelmon:pokemon/156_quilava/all/base/custom-winter1/sprite.png",
              "particle": ""
            },
			{
              "name": "winter 2",
              "texture": "pixelmon:pokemon/156_quilava/all/base/custom-winter2/texture.png",
              "sprite": "pixelmon:pokemon/156_quilava/all/base/custom-winter2/sprite.png",
              "particle": ""
            }
          ]
        }
      ],
      "eggGroups": [
        "FIELD"
      ],
      "types": [
        "FIRE"
      ],
      "preEvolutions": [
        "Cyndaquil"
      ],
      "defaultBaseForm": "",
      "megaItems": [],
      "megas": [],
      "gigantamax": {
        "canHaveFactor": false,
        "canGigantamax": false
      },
      "eggCycles": 21,
      "weight": 19.0,
      "catchRate": 45,
      "malePercentage": 0,
      "evolutions": [
        {
          "level": 36,
          "to": "Typhlosion",
          "conditions": [
            {
              "time": "DAY",
              "evoConditionType": "time"
            }
          ],
          "evoType": "leveling"
        },
        {
          "level": 36,
          "to": "Typhlosion form:hisuian",
          "conditions": [
            {
              "time": "NIGHT",
              "evoConditionType": "time"
            }
          ],
          "evoType": "leveling"
        }
      ],
      "evYields": {
        "specialAttack": 1,
        "speed": 1
      }
    }
  ],
  "generation": 2
}
