{
  "name": "Typhlosion",
  "dex": 157,
  "defaultForms": [
    ""
  ],
  "forms": [
    {
      "name": "",
      "experienceGroup": "MEDIUM_SLOW",
      "dimensions": {
        "height": 1.6,
        "width": 1.0,
        "length": 1,
        "eyeHeight": 1.6,
        "hoverHeight": 1.6
      },
      "moves": {
        "levelUpMoves": [
          {
            "level": 0,
            "attacks": [
              "Double-Edge",
              "Ember",
              "Eruption",
              "Gyro Ball",
              "Leer",
              "Smokescreen",
              "Tackle"
            ]
          },
          {
            "level": 6,
            "attacks": [
              "Smokescreen"
            ]
          },
          {
            "level": 10,
            "attacks": [
              "Ember"
            ]
          },
          {
            "level": 13,
            "attacks": [
              "Quick Attack"
            ]
          },
          {
            "level": 20,
            "attacks": [
              "Flame Wheel"
            ]
          },
          {
            "level": 24,
            "attacks": [
              "Defense Curl"
            ]
          },
          {
            "level": 31,
            "attacks": [
              "Swift"
            ]
          },
          {
            "level": 35,
            "attacks": [
              "Flame Charge"
            ]
          },
          {
            "level": 43,
            "attacks": [
              "Lava Plume"
            ]
          },
          {
            "level": 48,
            "attacks": [
              "Flamethrower"
            ]
          },
          {
            "level": 56,
            "attacks": [
              "Inferno"
            ]
          },
          {
            "level": 61,
            "attacks": [
              "Rollout"
            ]
          },
          {
            "level": 69,
            "attacks": [
              "Double-Edge"
            ]
          },
          {
            "level": 74,
            "attacks": [
              "Burn Up"
            ]
          },
          {
            "level": 82,
            "attacks": [
              "Eruption"
            ]
          }
        ],
        "tutorMoves": [
          "Blast Burn",
          "Covet",
          "Fire Pledge",
          "Fire Punch",
          "Focus Punch",
          "Heat Wave",
          "Laser Focus",
          "Low Kick",
          "Snore",
          "Stomping Tantrum",
          "Throat Chop",
          "Thunder Punch"
        ],
        "eggMoves": [
          "Covet",
          "Crush Claw",
          "Double Kick",
          "Double-Edge",
          "Extrasensory",
          "Flame Burst",
          "Flare Blitz",
          "Foresight",
          "Fury Swipes",
          "Howl",
          "Nature Power",
          "Quick Attack",
          "Reversal",
          "Thrash"
        ],
        "tmMoves8": [],
        "trMoves": [],
        "hmMoves": [],
        "transferMoves": [
          "Body Slam",
          "Captivate",
          "Counter",
          "Curse",
          "Cut",
          "Detect",
          "Dig",
          "Dynamic Punch",
          "Endure",
          "Fury Cutter",
          "Headbutt",
          "Incinerate",
          "Iron Tail",
          "Mega Kick",
          "Mega Punch",
          "Mimic",
          "Mud-Slap",
          "Natural Gift",
          "Power-Up Punch",
          "Rock Smash",
          "Secret Power",
          "Seismic Toss",
          "Strength",
          "Submission"
        ],
        "tmMoves7": [
          "Work Up",
          "Roar",
          "Toxic",
          "Hidden Power",
          "Sunny Day",
          "Hyper Beam",
          "Protect",
          "Frustration",
          "Solar Beam",
          "Earthquake",
          "Return",
          "Brick Break",
          "Double Team",
          "Flamethrower",
          "Fire Blast",
          "Rock Tomb",
          "Aerial Ace",
          "Facade",
          "Flame Charge",
          "Rest",
          "Attract",
          "Round",
          "Overheat",
          "Focus Blast",
          "Fling",
          "Will-O-Wisp",
          "Shadow Claw",
          "Giga Impact",
          "Gyro Ball",
          "Bulldoze",
          "Rock Slide",
          "Swagger",
          "Sleep Talk",
          "Substitute",
          "Wild Charge",
          "Nature Power",
          "Confide"
        ],
        "tmMoves6": [
          "Roar",
          "Toxic",
          "Hidden Power",
          "Sunny Day",
          "Hyper Beam",
          "Protect",
          "Frustration",
          "Solar Beam",
          "Earthquake",
          "Return",
          "Dig",
          "Brick Break",
          "Double Team",
          "Flamethrower",
          "Fire Blast",
          "Rock Tomb",
          "Aerial Ace",
          "Facade",
          "Flame Charge",
          "Rest",
          "Attract",
          "Round",
          "Overheat",
          "Focus Blast",
          "Fling",
          "Incinerate",
          "Will-O-Wisp",
          "Shadow Claw",
          "Giga Impact",
          "Gyro Ball",
          "Bulldoze",
          "Rock Slide",
          "Swagger",
          "Sleep Talk",
          "Substitute",
          "Wild Charge",
          "Secret Power",
          "Nature Power",
          "Power-Up Punch",
          "Confide"
        ],
        "tmMoves5": [
          "Roar",
          "Toxic",
          "Hidden Power",
          "Sunny Day",
          "Hyper Beam",
          "Protect",
          "Frustration",
          "Solar Beam",
          "Earthquake",
          "Return",
          "Dig",
          "Brick Break",
          "Double Team",
          "Flamethrower",
          "Fire Blast",
          "Rock Tomb",
          "Aerial Ace",
          "Facade",
          "Flame Charge",
          "Rest",
          "Attract",
          "Round",
          "Overheat",
          "Focus Blast",
          "Fling",
          "Incinerate",
          "Will-O-Wisp",
          "Shadow Claw",
          "Giga Impact",
          "Gyro Ball",
          "Bulldoze",
          "Rock Slide",
          "Swagger",
          "Substitute",
          "Wild Charge",
          "Rock Smash"
        ],
        "tmMoves4": [
          "Focus Punch",
          "Roar",
          "Toxic",
          "Hidden Power",
          "Sunny Day",
          "Hyper Beam",
          "Protect",
          "Frustration",
          "Solar Beam",
          "Earthquake",
          "Return",
          "Dig",
          "Brick Break",
          "Double Team",
          "Flamethrower",
          "Fire Blast",
          "Rock Tomb",
          "Aerial Ace",
          "Facade",
          "Secret Power",
          "Rest",
          "Attract",
          "Overheat",
          "Focus Blast",
          "Fling",
          "Endure",
          "Will-O-Wisp",
          "Shadow Claw",
          "Giga Impact",
          "Gyro Ball",
          "Captivate",
          "Rock Slide",
          "Sleep Talk",
          "Natural Gift",
          "Swagger",
          "Substitute"
        ],
        "tmMoves3": [
          "Focus Punch",
          "Roar",
          "Toxic",
          "Hidden Power",
          "Sunny Day",
          "Hyper Beam",
          "Protect",
          "Frustration",
          "Earthquake",
          "Return",
          "Dig",
          "Brick Break",
          "Double Team",
          "Flamethrower",
          "Fire Blast",
          "Aerial Ace",
          "Facade",
          "Secret Power",
          "Rest",
          "Attract",
          "Overheat"
        ],
        "tmMoves2": [
          "Dynamic Punch",
          "Headbutt",
          "Curse",
          "Rollout",
          "Roar",
          "Toxic",
          "Rock Smash",
          "Hidden Power",
          "Sunny Day",
          "Snore",
          "Hyper Beam",
          "Protect",
          "Endure",
          "Frustration",
          "Iron Tail",
          "Earthquake",
          "Return",
          "Dig",
          "Mud-Slap",
          "Double Team",
          "Swagger",
          "Sleep Talk",
          "Fire Blast",
          "Swift",
          "Defense Curl",
          "Thunder Punch",
          "Detect",
          "Rest",
          "Attract",
          "Fire Punch",
          "Fury Cutter"
        ],
        "tmMoves1": [],
        "tmMoves": []
      },
      "abilities": {
        "abilities": [
          "Blaze"
        ],
        "hiddenAbilities": [
          "FlashFire"
        ]
      },
      "movement": {
        "rideable": true,
        "canFly": false,
        "canSurf": false,
        "canRideShoulder": false,
        "ridingOffsets": {
          "standing": {
            "x": 0.0,
            "y": -1.2,
            "z": -0.15
          },
          "moving": {
            "x": -0.33,
            "y": -5.0,
            "z": 0.4
          }
        }
      },
      "aggression": {
        "timid": 80,
        "passive": 0,
        "aggressive": 20
      },
      "battleStats": {
        "hp": 78,
        "attack": 84,
        "defense": 78,
        "specialAttack": 109,
        "specialDefense": 85,
        "speed": 100
      },
      "tags": [],
      "spawn": {
        "baseExp": 209,
        "baseFriendship": 70,
        "spawnLevel": 36,
        "spawnLevelRange": 14,
        "spawnLocations": [
          "LAND"
        ]
      },
      "possibleGenders": [
        "MALE",
        "FEMALE"
      ],
      "genderProperties": [
        {
          "gender": "ALL",
          "palettes": [
            {
              "name": "none",
              "texture": "pixelmon:pokemon/157_typhlosion/all/base/none/texture.png",
              "sprite": "pixelmon:pokemon/157_typhlosion/all/base/none/sprite.png",
              "particle": "",
              "modelLocator": {
                "factoryType": "NORMAL",
                "pqc": [
                  "pixelmon:pokemon/157_typhlosion/all/base/none/model.pqc"
                ]
              },
              "sounds": [
                "pixelmon.mob.typhlosion"
              ]
            },
            {
              "name": "shiny",
              "texture": "pixelmon:pokemon/157_typhlosion/all/base/shiny/texture.png",
              "sprite": "pixelmon:pokemon/157_typhlosion/all/base/shiny/sprite.png",
              "particle": "arcanery:shiny"
            },
            {
              "name": "zombie",
              "texture": "pixelmon:pokemon/157_typhlosion/all/base/zombie/texture.png",
              "sprite": "pixelmon:pokemon/157_typhlosion/all/base/zombie/sprite.png",
              "particle": ""
            },
			{
              "name": "autumn",
              "texture": "pixelmon:pokemon/157_typhlosion/all/base/custom-autumn/texture.png",
              "sprite": "pixelmon:pokemon/157_typhlosion/all/base/custom-autumn/sprite.png",
              "particle": ""
            },
			{
              "name": "charged",
              "texture": "pixelmon:pokemon/157_typhlosion/all/base/custom-charged/texture.png",
              "sprite": "pixelmon:pokemon/157_typhlosion/all/base/custom-charged/sprite.png",
              "particle": ""
            },
			{
              "name": "coralp",
              "texture": "pixelmon:pokemon/157_typhlosion/all/base/custom-coralp/texture.png",
              "sprite": "pixelmon:pokemon/157_typhlosion/all/base/custom-coralp/sprite.png",
              "particle": ""
            },
			{
              "name": "coral reef",
              "texture": "pixelmon:pokemon/157_typhlosion/all/base/custom-coralreef/texture.png",
              "sprite": "pixelmon:pokemon/157_typhlosion/all/base/custom-coralreef/sprite.png",
              "particle": ""
            },
			{
              "name": "coralw",
              "texture": "pixelmon:pokemon/157_typhlosion/all/base/custom-coralw/texture.png",
              "sprite": "pixelmon:pokemon/157_typhlosion/all/base/custom-coralw/sprite.png",
              "particle": ""
            },
			{
              "name": "diamond",
              "texture": "pixelmon:pokemon/157_typhlosion/all/base/custom-diamond/texture.png",
              "sprite": "pixelmon:pokemon/157_typhlosion/all/base/custom-diamond/sprite.png",
              "particle": ""
            },
			{
              "name": "forest",
              "texture": "pixelmon:pokemon/157_typhlosion/all/base/custom-forest/texture.png",
              "sprite": "pixelmon:pokemon/157_typhlosion/all/base/custom-forest/sprite.png",
              "particle": ""
            },
			{
              "name": "galaxy",
              "texture": "pixelmon:pokemon/157_typhlosion/all/base/custom-galaxy/texture.png",
              "sprite": "pixelmon:pokemon/157_typhlosion/all/base/custom-galaxy/sprite.png",
              "particle": ""
            },
			{
              "name": "molten",
              "texture": "pixelmon:pokemon/157_typhlosion/all/base/custom-molten/texture.png",
              "sprite": "pixelmon:pokemon/157_typhlosion/all/base/custom-molten/sprite.png",
              "particle": ""
            },
			{
              "name": "moon",
              "texture": "pixelmon:pokemon/157_typhlosion/all/base/custom-moon/texture.png",
              "sprite": "pixelmon:pokemon/157_typhlosion/all/base/custom-moon/sprite.png",
              "particle": ""
            },
			{
              "name": "neon",
              "texture": "pixelmon:pokemon/157_typhlosion/all/base/custom-neon/texture.png",
              "sprite": "pixelmon:pokemon/157_typhlosion/all/base/custom-neon/sprite.png",
              "particle": ""
            },
			{
              "name": "nippon",
              "texture": "pixelmon:pokemon/157_typhlosion/all/base/custom-nippon/texture.png",
              "sprite": "pixelmon:pokemon/157_typhlosion/all/base/custom-nippon/sprite.png",
              "particle": ""
            },
			{
              "name": "pearl",
              "texture": "pixelmon:pokemon/157_typhlosion/all/base/custom-pearl/texture.png",
              "sprite": "pixelmon:pokemon/157_typhlosion/all/base/custom-pearl/sprite.png",
              "particle": ""
            },
			{
              "name": "retro",
              "texture": "pixelmon:pokemon/157_typhlosion/all/base/custom-retro/texture.png",
              "sprite": "pixelmon:pokemon/157_typhlosion/all/base/custom-retro/sprite.png",
              "particle": ""
            },
			{
              "name": "soulfire",
              "texture": "pixelmon:pokemon/157_typhlosion/all/base/custom-soulfire/texture.png",
              "sprite": "pixelmon:pokemon/157_typhlosion/all/base/custom-soulfire/sprite.png",
              "particle": ""
            },
			{
              "name": "winter 1",
              "texture": "pixelmon:pokemon/157_typhlosion/all/base/custom-winter1/texture.png",
              "sprite": "pixelmon:pokemon/157_typhlosion/all/base/custom-winter1/sprite.png",
              "particle": ""
            },
			{
              "name": "winter 2",
              "texture": "pixelmon:pokemon/157_typhlosion/all/base/custom-winter2/texture.png",
              "sprite": "pixelmon:pokemon/157_typhlosion/all/base/custom-winter2/sprite.png",
              "particle": ""
            }
          ]
        }
      ],
      "eggGroups": [
        "FIELD"
      ],
      "types": [
        "FIRE"
      ],
      "preEvolutions": [
        "Quilava",
        "Cyndaquil"
      ],
      "defaultBaseForm": "",
      "megaItems": [],
      "megas": [],
      "gigantamax": {
        "canHaveFactor": false,
        "canGigantamax": false
      },
      "eggCycles": 21,
      "weight": 79.5,
      "catchRate": 45,
      "malePercentage": 0,
      "evolutions": [],
      "evYields": {
        "specialAttack": 3
      }
    },
    {
      "name": "hisuian",
      "experienceGroup": "MEDIUM_SLOW",
      "dimensions": {
        "height": 1.6,
        "width": 0.5,
        "length": 1,
        "eyeHeight": 0.7,
        "hoverHeight": 0.7
      },
      "moves": {
        "levelUpMoves": [
          {
            "level": 0,
            "attacks": [
              "Hex"
            ]
          },
          {
            "level": 1,
            "attacks": [
              "Quick Attack"
            ]
          },
          {
            "level": 6,
            "attacks": [
              "Ember"
            ]
          },
          {
            "level": 11,
            "attacks": [
              "Rollout"
            ]
          },
          {
            "level": 18,
            "attacks": [
              "Flame Wheel"
            ]
          },
          {
            "level": 25,
            "attacks": [
              "Swift"
            ]
          },
          {
            "level": 34,
            "attacks": [
              "Flamethrower"
            ]
          },
          {
            "level": 40,
            "attacks": [
              "Infernal Parade"
            ]
          },
          {
            "level": 43,
            "attacks": [
              "Overheat",
              "Shadow Ball"
            ]
          }
        ],
        "tutorMoves": [
          "Aerial Ace",
          "Bulldoze",
          "Calm Mind",
          "Drain Punch",
          "Fire Punch",
          "Flamethrower",
          "Giga Impact",
          "Hyper Beam",
          "Iron Tail",
          "Mystical Fire",
          "Ominous Wind",
          "Rest",
          "Rock Slide",
          "Rock Smash",
          "Shadow Ball",
          "Shadow Claw",
          "Swift",
          "Thunder Punch",
          "Wild Charge"
        ],
        "eggMoves": [],
        "tmMoves8": [],
        "trMoves": [],
        "hmMoves": [],
        "transferMoves": [],
        "tmMoves7": [],
        "tmMoves6": [],
        "tmMoves5": [],
        "tmMoves4": [],
        "tmMoves3": [],
        "tmMoves2": [],
        "tmMoves1": [],
        "tmMoves": []
      },
      "abilities": {
        "abilities": [
          "Blaze"
        ],
        "hiddenAbilities": [
          "Frisk"
        ]
      },
      "movement": {
        "rideable": false,
        "canFly": false,
        "canSurf": false,
        "canRideShoulder": false
      },
      "aggression": {
        "timid": 0,
        "passive": 80,
        "aggressive": 20
      },
      "battleStats": {
        "hp": 73,
        "attack": 84,
        "defense": 78,
        "specialAttack": 119,
        "specialDefense": 85,
        "speed": 95
      },
      "tags": [
        "hisuian"
      ],
      "spawn": {
        "baseExp": 209,
        "baseFriendship": 70,
        "spawnLevel": 36,
        "spawnLevelRange": 14,
        "spawnLocations": [
          "LAND"
        ]
      },
      "possibleGenders": [
        "MALE",
        "FEMALE"
      ],
      "genderProperties": [
        {
          "gender": "ALL",
          "palettes": [
            {
              "name": "none",
              "texture": "pixelmon:pokemon/157_typhlosion/all/hisuian/none/texture.png",
              "sprite": "pixelmon:pokemon/157_typhlosion/all/hisuian/none/sprite.png",
              "particle": "",
              "modelLocator": {
                "factoryType": "NORMAL",
                "pqc": [
                  "pixelmon:pokemon/157_typhlosion/all/hisuian/none/model.pqc"
                ]
              }
            },
            {
              "name": "shiny",
              "texture": "pixelmon:pokemon/157_typhlosion/all/hisuian/shiny/texture.png",
              "sprite": "pixelmon:pokemon/157_typhlosion/all/hisuian/shiny/sprite.png",
              "particle": "arcanery:shiny"
            },
			{
              "name": "halloween",
              "texture": "pixelmon:pokemon/157_typhlosion/all/hisuian/custom-halloween/texture.png",
              "sprite": "pixelmon:pokemon/157_typhlosion/all/hisuian/custom-halloween/sprite.png",
              "particle": ""
            },
			{
              "name": "video game",
              "texture": "pixelmon:pokemon/157_typhlosion/all/hisuian/custom-videogame/texture.png",
              "sprite": "pixelmon:pokemon/157_typhlosion/all/hisuian/custom-videogame/sprite.png",
              "particle": ""
            }
          ]
        }
      ],
      "eggGroups": [
        "FIELD"
      ],
      "types": [
        "FIRE",
        "GHOST"
      ],
      "preEvolutions": [
        "Quilava"
      ],
      "defaultBaseForm": "",
      "megaItems": [],
      "megas": [],
      "gigantamax": {
        "canHaveFactor": false,
        "canGigantamax": false
      },
      "eggCycles": 20,
      "weight": 79.5,
      "catchRate": 45,
      "malePercentage": 87.5
    }
  ],
  "generation": 2
}
