{
  "name": "Ledian",
  "dex": 166,
  "defaultForms": [
    ""
  ],
  "forms": [
    {
      "name": "",
      "experienceGroup": "FAST",
      "dimensions": {
        "height": 1.2,
        "width": 0.7,
        "length": 1,
        "eyeHeight": 1.2,
        "hoverHeight": 1.2
      },
      "moves": {
        "levelUpMoves": [
          {
            "level": 0,
            "attacks": [
              "Supersonic",
              "Swift",
              "Tackle"
            ]
          },
          {
            "level": 5,
            "attacks": [
              "Supersonic"
            ]
          },
          {
            "level": 8,
            "attacks": [
              "Swift"
            ]
          },
          {
            "level": 12,
            "attacks": [
              "Light Screen",
              "Reflect",
              "Safeguard"
            ]
          },
          {
            "level": 15,
            "attacks": [
              "Mach Punch"
            ]
          },
          {
            "level": 20,
            "attacks": [
              "Silver Wind"
            ]
          },
          {
            "level": 24,
            "attacks": [
              "Comet Punch"
            ]
          },
          {
            "level": 29,
            "attacks": [
              "Baton Pass"
            ]
          },
          {
            "level": 33,
            "attacks": [
              "Agility"
            ]
          },
          {
            "level": 38,
            "attacks": [
              "Bug Buzz"
            ]
          },
          {
            "level": 42,
            "attacks": [
              "Air Slash"
            ]
          },
          {
            "level": 47,
            "attacks": [
              "Double-Edge"
            ]
          }
        ],
        "tutorMoves": [
          "Bug Bite",
          "Defog",
          "Drain Punch",
          "Focus Punch",
          "Giga Drain",
          "Ice Punch",
          "Knock Off",
          "Snore",
          "Tailwind",
          "Thunder Punch",
          "Uproar"
        ],
        "eggMoves": [
          "Bide",
          "Bug Bite",
          "Bug Buzz",
          "Counter",
          "Dizzy Punch",
          "Drain Punch",
          "Encore",
          "Endure",
          "Focus Punch",
          "Knock Off",
          "Psybeam",
          "Screech",
          "Silver Wind",
          "Tailwind"
        ],
        "tmMoves8": [],
        "trMoves": [],
        "hmMoves": [],
        "transferMoves": [
          "Air Cutter",
          "Captivate",
          "Curse",
          "Dig",
          "Dynamic Punch",
          "Flash",
          "Headbutt",
          "Mega Punch",
          "Mimic",
          "Natural Gift",
          "Ominous Wind",
          "Power-Up Punch",
          "Refresh",
          "Rock Smash",
          "Rollout",
          "Secret Power",
          "Strength",
          "String Shot",
          "Struggle Bug",
          "Sweet Scent"
        ],
        "tmMoves7": [
          "Toxic",
          "Hidden Power",
          "Sunny Day",
          "Hyper Beam",
          "Light Screen",
          "Protect",
          "Roost",
          "Safeguard",
          "Frustration",
          "Solar Beam",
          "Return",
          "Brick Break",
          "Double Team",
          "Reflect",
          "Aerial Ace",
          "Facade",
          "Rest",
          "Attract",
          "Thief",
          "Round",
          "Focus Blast",
          "Fling",
          "Acrobatics",
          "Giga Impact",
          "Swords Dance",
          "Infestation",
          "Swagger",
          "Sleep Talk",
          "U-turn",
          "Substitute",
          "Confide"
        ],
        "tmMoves6": [
          "Toxic",
          "Hidden Power",
          "Sunny Day",
          "Hyper Beam",
          "Light Screen",
          "Protect",
          "Roost",
          "Safeguard",
          "Frustration",
          "Solar Beam",
          "Return",
          "Dig",
          "Brick Break",
          "Double Team",
          "Reflect",
          "Aerial Ace",
          "Facade",
          "Rest",
          "Attract",
          "Thief",
          "Round",
          "Focus Blast",
          "Fling",
          "Acrobatics",
          "Giga Impact",
          "Flash",
          "Swords Dance",
          "Struggle Bug",
          "Infestation",
          "Swagger",
          "Sleep Talk",
          "U-turn",
          "Substitute",
          "Secret Power",
          "Power-Up Punch",
          "Confide"
        ],
        "tmMoves5": [
          "Toxic",
          "Hidden Power",
          "Sunny Day",
          "Hyper Beam",
          "Light Screen",
          "Protect",
          "Safeguard",
          "Frustration",
          "Solar Beam",
          "Return",
          "Dig",
          "Brick Break",
          "Double Team",
          "Reflect",
          "Aerial Ace",
          "Facade",
          "Rest",
          "Attract",
          "Thief",
          "Round",
          "Focus Blast",
          "Fling",
          "Acrobatics",
          "Giga Impact",
          "Flash",
          "Swords Dance",
          "Struggle Bug",
          "Swagger",
          "U-turn",
          "Substitute",
          "Rock Smash"
        ],
        "tmMoves4": [
          "Focus Punch",
          "Toxic",
          "Hidden Power",
          "Sunny Day",
          "Hyper Beam",
          "Light Screen",
          "Protect",
          "Giga Drain",
          "Safeguard",
          "Frustration",
          "Solar Beam",
          "Return",
          "Dig",
          "Brick Break",
          "Double Team",
          "Reflect",
          "Aerial Ace",
          "Facade",
          "Secret Power",
          "Rest",
          "Attract",
          "Thief",
          "Roost",
          "Focus Blast",
          "Fling",
          "Endure",
          "Drain Punch",
          "Silver Wind",
          "Giga Impact",
          "Flash",
          "Swords Dance",
          "Captivate",
          "Sleep Talk",
          "Natural Gift",
          "Swagger",
          "U-turn",
          "Substitute"
        ],
        "tmMoves3": [
          "Focus Punch",
          "Toxic",
          "Hidden Power",
          "Sunny Day",
          "Hyper Beam",
          "Light Screen",
          "Protect",
          "Giga Drain",
          "Safeguard",
          "Frustration",
          "Solar Beam",
          "Return",
          "Dig",
          "Brick Break",
          "Double Team",
          "Reflect",
          "Aerial Ace",
          "Facade",
          "Secret Power",
          "Rest",
          "Attract",
          "Thief"
        ],
        "tmMoves2": [
          "Dynamic Punch",
          "Headbutt",
          "Curse",
          "Rollout",
          "Toxic",
          "Hidden Power",
          "Sunny Day",
          "Sweet Scent",
          "Snore",
          "Hyper Beam",
          "Protect",
          "Giga Drain",
          "Endure",
          "Frustration",
          "Solar Beam",
          "Return",
          "Dig",
          "Double Team",
          "Ice Punch",
          "Swagger",
          "Sleep Talk",
          "Swift",
          "Thunder Punch",
          "Rest",
          "Attract",
          "Thief"
        ],
        "tmMoves1": [],
        "tmMoves": []
      },
      "abilities": {
        "abilities": [
          "Swarm",
          "EarlyBird"
        ],
        "hiddenAbilities": [
          "IronFist"
        ]
      },
      "movement": {
        "rideable": false,
        "canFly": true,
        "canSurf": false,
        "canRideShoulder": false,
        "flyingParameters": {
          "flyHeightMin": 0,
          "flyHeightMax": 5,
          "flySpeedModifier": 1.0,
          "flyRefreshRateY": 80,
          "flyRefreshRateXZ": 100,
          "flyRefreshRateSpeed": 100,
          "flightTimeMin": 0,
          "flightTimeMax": 20,
          "flapRate": 5,
          "landingMaterials": "LEAVES_AND_GRASS"
        }
      },
      "aggression": {
        "timid": 80,
        "passive": 0,
        "aggressive": 20
      },
      "battleStats": {
        "hp": 55,
        "attack": 35,
        "defense": 50,
        "specialAttack": 55,
        "specialDefense": 110,
        "speed": 85
      },
      "tags": [],
      "spawn": {
        "baseExp": 134,
        "baseFriendship": 70,
        "spawnLevel": 18,
        "spawnLevelRange": 12,
        "spawnLocations": [
          "AIR"
        ]
      },
      "possibleGenders": [
        "MALE",
        "FEMALE"
      ],
      "genderProperties": [
        {
          "gender": "ALL",
          "palettes": [
            {
              "name": "none",
              "texture": "pixelmon:pokemon/166_ledian/all/base/none/texture.png",
              "sprite": "pixelmon:pokemon/166_ledian/all/base/none/sprite.png",
              "particle": "",
              "modelLocator": {
                "factoryType": "NORMAL",
                "pqc": [
                  "pixelmon:pokemon/166_ledian/all/base/none/model.pqc"
                ],
                "movementThreshold": 0.02
              },
              "flyingModelLocator": {
                "factoryType": "NORMAL",
                "pqc": [
                  "pixelmon:pokemon/166_ledian/all/base/none/flying/model.pqc"
                ]
              },
              "sounds": []
            },
            {
              "name": "shiny",
              "texture": "pixelmon:pokemon/166_ledian/all/base/shiny/texture.png",
              "sprite": "pixelmon:pokemon/166_ledian/all/base/shiny/sprite.png",
              "particle": "arcanery:shiny"
            },
			{
              "name": "anubis",
              "texture": "pixelmon:pokemon/166_ledian/all/base/custom-anubis/texture.png",
              "sprite": "pixelmon:pokemon/166_ledian/all/base/custom-anubis/sprite.png",
              "particle": ""
            },
			{
              "name": "shadow",
              "texture": "pixelmon:pokemon/166_ledian/all/base/custom-shadow/texture.png",
              "sprite": "pixelmon:pokemon/166_ledian/all/base/custom-shadow/sprite.png",
              "particle": ""
            }
          ]
        }
      ],
      "eggGroups": [
        "BUG"
      ],
      "types": [
        "BUG",
        "FLYING"
      ],
      "preEvolutions": [
        "Ledyba"
      ],
      "defaultBaseForm": "",
      "megaItems": [],
      "megas": [],
      "gigantamax": {
        "canHaveFactor": false,
        "canGigantamax": false
      },
      "eggCycles": 16,
      "weight": 35.6,
      "catchRate": 90,
      "malePercentage": 0,
      "evolutions": [],
      "evYields": {
        "specialDefense": 2
      }
    }
  ],
  "generation": 2
}
