{
  "name": "Chinchou",
  "dex": 170,
  "defaultForms": [
    ""
  ],
  "forms": [
    {
      "name": "",
      "experienceGroup": "SLOW",
      "dimensions": {
        "height": 0.4,
        "width": 0.6,
        "length": 1,
        "eyeHeight": 0.4,
        "hoverHeight": 0.4
      },
      "moves": {
        "levelUpMoves": [
          {
            "level": 0,
            "attacks": [
              "Supersonic",
              "Water Gun"
            ]
          },
          {
            "level": 4,
            "attacks": [
              "Electro Ball"
            ]
          },
          {
            "level": 8,
            "attacks": [
              "Thunder Wave"
            ]
          },
          {
            "level": 12,
            "attacks": [
              "Bubble Beam"
            ]
          },
          {
            "level": 16,
            "attacks": [
              "Confuse Ray"
            ]
          },
          {
            "level": 20,
            "attacks": [
              "Spark"
            ]
          },
          {
            "level": 24,
            "attacks": [
              "Charge"
            ]
          },
          {
            "level": 28,
            "attacks": [
              "Discharge"
            ]
          },
          {
            "level": 32,
            "attacks": [
              "Aqua Ring"
            ]
          },
          {
            "level": 36,
            "attacks": [
              "Flail"
            ]
          },
          {
            "level": 40,
            "attacks": [
              "Take Down"
            ]
          },
          {
            "level": 44,
            "attacks": [
              "Hydro Pump"
            ]
          }
        ],
        "tutorMoves": [
          "Rising Voltage"
        ],
        "eggMoves": [
          "Mist",
          "Psybeam",
          "Soak",
          "Water Pulse"
        ],
        "tmMoves8": [
          "Thunder Wave",
          "Screech",
          "Rest",
          "Snore",
          "Protect",
          "Icy Wind",
          "Attract",
          "Rain Dance",
          "Hail",
          "Whirlpool",
          "Facade",
          "Dive",
          "Bounce",
          "Brine",
          "Round",
          "Volt Switch"
        ],
        "trMoves": [
          "Hydro Pump",
          "Surf",
          "Ice Beam",
          "Blizzard",
          "Thunderbolt",
          "Thunder",
          "Agility",
          "Waterfall",
          "Amnesia",
          "Substitute",
          "Endure",
          "Sleep Talk",
          "Electro Ball",
          "Scald",
          "Wild Charge",
          "Dazzling Gleam"
        ],
        "hmMoves": [],
        "transferMoves": [
          "Bubble",
          "Captivate",
          "Charge Beam",
          "Confide",
          "Curse",
          "Double Team",
          "Double-Edge",
          "Flash",
          "Frustration",
          "Heal Bell",
          "Hidden Power",
          "Ion Deluge",
          "Mimic",
          "Natural Gift",
          "Return",
          "Secret Power",
          "Shock Wave",
          "Signal Beam",
          "Sucker Punch",
          "Swagger",
          "Toxic",
          "Zap Cannon"
        ],
        "tmMoves7": [
          "Toxic",
          "Hail",
          "Hidden Power",
          "Ice Beam",
          "Blizzard",
          "Protect",
          "Rain Dance",
          "Frustration",
          "Thunderbolt",
          "Thunder",
          "Return",
          "Double Team",
          "Facade",
          "Rest",
          "Attract",
          "Round",
          "Scald",
          "Charge Beam",
          "Volt Switch",
          "Thunder Wave",
          "Swagger",
          "Sleep Talk",
          "Substitute",
          "Wild Charge",
          "Surf",
          "Waterfall",
          "Dazzling Gleam",
          "Confide"
        ],
        "tmMoves6": [
          "Toxic",
          "Hail",
          "Hidden Power",
          "Ice Beam",
          "Blizzard",
          "Protect",
          "Rain Dance",
          "Frustration",
          "Thunderbolt",
          "Thunder",
          "Return",
          "Double Team",
          "Facade",
          "Rest",
          "Attract",
          "Round",
          "Scald",
          "Charge Beam",
          "Flash",
          "Volt Switch",
          "Thunder Wave",
          "Swagger",
          "Sleep Talk",
          "Substitute",
          "Wild Charge",
          "Secret Power",
          "Dazzling Gleam",
          "Confide"
        ],
        "tmMoves5": [
          "Toxic",
          "Hail",
          "Hidden Power",
          "Ice Beam",
          "Blizzard",
          "Protect",
          "Rain Dance",
          "Frustration",
          "Thunderbolt",
          "Thunder",
          "Return",
          "Double Team",
          "Facade",
          "Rest",
          "Attract",
          "Round",
          "Scald",
          "Charge Beam",
          "Flash",
          "Volt Switch",
          "Thunder Wave",
          "Swagger",
          "Substitute",
          "Wild Charge"
        ],
        "tmMoves4": [
          "Water Pulse",
          "Toxic",
          "Hail",
          "Hidden Power",
          "Ice Beam",
          "Blizzard",
          "Protect",
          "Rain Dance",
          "Frustration",
          "Thunderbolt",
          "Thunder",
          "Return",
          "Double Team",
          "Shock Wave",
          "Facade",
          "Secret Power",
          "Rest",
          "Attract",
          "Brine",
          "Charge Beam",
          "Endure",
          "Flash",
          "Thunder Wave",
          "Captivate",
          "Sleep Talk",
          "Natural Gift",
          "Swagger",
          "Substitute"
        ],
        "tmMoves3": [
          "Water Pulse",
          "Toxic",
          "Hail",
          "Hidden Power",
          "Ice Beam",
          "Blizzard",
          "Protect",
          "Rain Dance",
          "Frustration",
          "Thunderbolt",
          "Thunder",
          "Return",
          "Double Team",
          "Shock Wave",
          "Facade",
          "Secret Power",
          "Rest",
          "Attract"
        ],
        "tmMoves2": [
          "Curse",
          "Toxic",
          "Zap Cannon",
          "Hidden Power",
          "Snore",
          "Protect",
          "Rain Dance",
          "Endure",
          "Frustration",
          "Thunder",
          "Return",
          "Double Team",
          "Swagger",
          "Sleep Talk",
          "Rest",
          "Attract"
        ],
        "tmMoves1": [],
        "tmMoves": []
      },
      "abilities": {
        "abilities": [
          "VoltAbsorb",
          "Illuminate"
        ],
        "hiddenAbilities": [
          "WaterAbsorb"
        ]
      },
      "movement": {
        "rideable": false,
        "canFly": false,
        "canSurf": true,
        "canRideShoulder": false,
        "swimmingParameters": {
          "depthRangeStart": 5,
          "depthRangeEnd": 100,
          "swimSpeed": 7,
          "decayRate": 0.99,
          "refreshRate": 100
        }
      },
      "aggression": {
        "timid": 80,
        "passive": 0,
        "aggressive": 20
      },
      "battleStats": {
        "hp": 75,
        "attack": 38,
        "defense": 38,
        "specialAttack": 56,
        "specialDefense": 56,
        "speed": 67
      },
      "tags": [],
      "spawn": {
        "baseExp": 90,
        "baseFriendship": 70,
        "spawnLevel": 12,
        "spawnLevelRange": 15,
        "spawnLocations": [
          "WATER"
        ]
      },
      "possibleGenders": [
        "MALE",
        "FEMALE"
      ],
      "genderProperties": [
        {
          "gender": "ALL",
          "palettes": [
            {
              "name": "none",
              "texture": "pixelmon:pokemon/170_chinchou/all/base/none/texture.png",
              "sprite": "pixelmon:pokemon/170_chinchou/all/base/none/sprite.png",
              "particle": "",
              "modelLocator": {
                "factoryType": "NORMAL",
                "pqc": [
                  "pixelmon:pokemon/170_chinchou/all/base/none/model.pqc"
                ]
              },
              "sounds": [
                "pixelmon.mob.chinchou"
              ]
            },
            {
              "name": "shiny",
              "texture": "pixelmon:pokemon/170_chinchou/all/base/shiny/texture.png",
              "sprite": "pixelmon:pokemon/170_chinchou/all/base/shiny/sprite.png",
              "particle": "arcanery:shiny"
            },
			{
              "name": "beta",
              "texture": "pixelmon:pokemon/170_chinchou/all/base/custom-beta/texture.png",
              "sprite": "pixelmon:pokemon/170_chinchou/all/base/custom-beta/sprite.png",
              "particle": ""
            },
			{
              "name": "dark",
              "texture": "pixelmon:pokemon/170_chinchou/all/base/custom-dark/texture.png",
              "sprite": "pixelmon:pokemon/170_chinchou/all/base/custom-dark/sprite.png",
              "particle": ""
            },
			{
              "name": "halloween 1",
              "texture": "pixelmon:pokemon/170_chinchou/all/base/custom-halloween1/texture.png",
              "emissive": "pixelmon:pokemon/170_chinchou/all/base/custom-halloween1/emissive.png",			  
              "sprite": "pixelmon:pokemon/170_chinchou/all/base/custom-halloween1/sprite.png",
              "particle": ""
            },
			{
              "name": "halloween 2",
              "texture": "pixelmon:pokemon/170_chinchou/all/base/custom-halloween2/texture.png",
			  "emissive": "pixelmon:pokemon/170_chinchou/all/base/custom-halloween2/emissive.png",
              "sprite": "pixelmon:pokemon/170_chinchou/all/base/custom-halloween2/sprite.png",
              "particle": ""
            },
			{
              "name": "halloween 3",
              "texture": "pixelmon:pokemon/170_chinchou/all/base/custom-halloween3/texture.png",
              "sprite": "pixelmon:pokemon/170_chinchou/all/base/custom-halloween3/sprite.png",
              "particle": ""
            },
			{
              "name": "valentines",
              "texture": "pixelmon:pokemon/170_chinchou/all/base/custom-val/texture.png",
              "sprite": "pixelmon:pokemon/170_chinchou/all/base/custom-val/sprite.png",
              "particle": ""
            }
          ]
        }
      ],
      "eggGroups": [
        "WATER_TWO"
      ],
      "types": [
        "WATER",
        "ELECTRIC"
      ],
      "preEvolutions": [],
      "defaultBaseForm": "",
      "megaItems": [],
      "megas": [],
      "gigantamax": {
        "canHaveFactor": false,
        "canGigantamax": false
      },
      "eggCycles": 21,
      "weight": 12.0,
      "catchRate": 190,
      "malePercentage": 0,
      "evolutions": [
        {
          "level": 27,
          "to": "Lanturn",
          "conditions": [],
          "evoType": "leveling",
          "moves": [
            "Stockpile",
            "Spit Up",
            "Swallow"
          ]
        }
      ],
      "evYields": {
        "hp": 1
      }
    }
  ],
  "generation": 2
}
