{
  "name": "Cleffa",
  "dex": 173,
  "defaultForms": [
    ""
  ],
  "forms": [
    {
      "name": "",
      "experienceGroup": "FAST",
      "dimensions": {
        "height": 0.3,
        "width": 0.4,
        "length": 1,
        "eyeHeight": 0.3,
        "hoverHeight": 0.3
      },
      "moves": {
        "levelUpMoves": [
          {
            "level": 0,
            "attacks": [
              "Copycat",
              "Pound",
              "Splash"
            ]
          },
          {
            "level": 4,
            "attacks": [
              "Sing"
            ]
          },
          {
            "level": 8,
            "attacks": [
              "Sweet Kiss"
            ]
          },
          {
            "level": 12,
            "attacks": [
              "Disarming Voice"
            ]
          },
          {
            "level": 16,
            "attacks": [
              "Encore"
            ]
          },
          {
            "level": 20,
            "attacks": [
              "Charm"
            ]
          }
        ],
        "tutorMoves": [],
        "eggMoves": [
          "Aromatherapy",
          "Heal Pulse",
          "Present",
          "Tickle",
          "Wish"
        ],
        "tmMoves8": [
          "Mega Punch",
          "Mega Kick",
          "Magical Leaf",
          "Solar Beam",
          "Thunder Wave",
          "Dig",
          "Light Screen",
          "Reflect",
          "Safeguard",
          "Rest",
          "Snore",
          "Protect",
          "Icy Wind",
          "Charm",
          "Attract",
          "Rain Dance",
          "Sunny Day",
          "Facade",
          "Helping Hand",
          "Fake Tears",
          "Fling",
          "Wonder Room",
          "Round",
          "Draining Kiss",
          "Misty Terrain"
        ],
        "trMoves": [
          "Body Slam",
          "Flamethrower",
          "Psychic",
          "Metronome",
          "Fire Blast",
          "Amnesia",
          "Substitute",
          "Psyshock",
          "Endure",
          "Sleep Talk",
          "Encore",
          "Iron Tail",
          "Shadow Ball",
          "Uproar",
          "Trick",
          "Hyper Voice",
          "Zen Headbutt",
          "Grass Knot",
          "Stored Power",
          "Work Up",
          "Play Rough"
        ],
        "hmMoves": [],
        "transferMoves": [
          "After You",
          "Belly Drum",
          "Captivate",
          "Confide",
          "Counter",
          "Covet",
          "Curse",
          "Defense Curl",
          "Detect",
          "Double Team",
          "Double-Edge",
          "Dream Eater",
          "Echoed Voice",
          "Endeavor",
          "Flash",
          "Frustration",
          "Gravity",
          "Headbutt",
          "Hidden Power",
          "Incinerate",
          "Last Resort",
          "Magic Coat",
          "Mimic",
          "Mud-Slap",
          "Natural Gift",
          "Nightmare",
          "Psych Up",
          "Recycle",
          "Return",
          "Role Play",
          "Rollout",
          "Secret Power",
          "Seismic Toss",
          "Shock Wave",
          "Signal Beam",
          "Soft-Boiled",
          "Swagger",
          "Telekinesis",
          "Toxic",
          "Water Pulse",
          "Zap Cannon"
        ],
        "tmMoves7": [
          "Work Up",
          "Psyshock",
          "Toxic",
          "Hidden Power",
          "Sunny Day",
          "Light Screen",
          "Protect",
          "Rain Dance",
          "Safeguard",
          "Frustration",
          "Solar Beam",
          "Return",
          "Psychic",
          "Shadow Ball",
          "Double Team",
          "Reflect",
          "Flamethrower",
          "Fire Blast",
          "Facade",
          "Rest",
          "Attract",
          "Round",
          "Echoed Voice",
          "Fling",
          "Thunder Wave",
          "Psych Up",
          "Dream Eater",
          "Grass Knot",
          "Swagger",
          "Sleep Talk",
          "Substitute",
          "Confide"
        ],
        "tmMoves6": [
          "Psyshock",
          "Toxic",
          "Hidden Power",
          "Sunny Day",
          "Light Screen",
          "Protect",
          "Rain Dance",
          "Safeguard",
          "Frustration",
          "Solar Beam",
          "Return",
          "Dig",
          "Psychic",
          "Shadow Ball",
          "Double Team",
          "Reflect",
          "Flamethrower",
          "Fire Blast",
          "Facade",
          "Rest",
          "Attract",
          "Round",
          "Echoed Voice",
          "Fling",
          "Incinerate",
          "Flash",
          "Thunder Wave",
          "Psych Up",
          "Dream Eater",
          "Grass Knot",
          "Swagger",
          "Sleep Talk",
          "Substitute",
          "Secret Power",
          "Confide"
        ],
        "tmMoves5": [
          "Psyshock",
          "Toxic",
          "Hidden Power",
          "Sunny Day",
          "Light Screen",
          "Protect",
          "Rain Dance",
          "Telekinesis",
          "Safeguard",
          "Frustration",
          "Solar Beam",
          "Return",
          "Dig",
          "Psychic",
          "Shadow Ball",
          "Double Team",
          "Reflect",
          "Flamethrower",
          "Fire Blast",
          "Facade",
          "Rest",
          "Attract",
          "Round",
          "Echoed Voice",
          "Fling",
          "Incinerate",
          "Flash",
          "Thunder Wave",
          "Psych Up",
          "Work Up",
          "Dream Eater",
          "Grass Knot",
          "Swagger",
          "Substitute"
        ],
        "tmMoves4": [
          "Water Pulse",
          "Toxic",
          "Hidden Power",
          "Sunny Day",
          "Light Screen",
          "Protect",
          "Rain Dance",
          "Safeguard",
          "Frustration",
          "Solar Beam",
          "Iron Tail",
          "Return",
          "Dig",
          "Psychic",
          "Shadow Ball",
          "Double Team",
          "Reflect",
          "Shock Wave",
          "Flamethrower",
          "Fire Blast",
          "Facade",
          "Secret Power",
          "Rest",
          "Attract",
          "Fling",
          "Endure",
          "Recycle",
          "Flash",
          "Thunder Wave",
          "Psych Up",
          "Captivate",
          "Sleep Talk",
          "Natural Gift",
          "Dream Eater",
          "Grass Knot",
          "Swagger",
          "Substitute"
        ],
        "tmMoves3": [
          "Water Pulse",
          "Toxic",
          "Hidden Power",
          "Sunny Day",
          "Light Screen",
          "Protect",
          "Rain Dance",
          "Safeguard",
          "Frustration",
          "Solar Beam",
          "Iron Tail",
          "Return",
          "Dig",
          "Psychic",
          "Shadow Ball",
          "Double Team",
          "Reflect",
          "Shock Wave",
          "Flamethrower",
          "Fire Blast",
          "Facade",
          "Secret Power",
          "Rest",
          "Attract"
        ],
        "tmMoves2": [
          "Headbutt",
          "Curse",
          "Rollout",
          "Toxic",
          "Zap Cannon",
          "Psych Up",
          "Hidden Power",
          "Sunny Day",
          "Snore",
          "Icy Wind",
          "Protect",
          "Rain Dance",
          "Endure",
          "Frustration",
          "Solar Beam",
          "Iron Tail",
          "Return",
          "Psychic",
          "Shadow Ball",
          "Mud-Slap",
          "Double Team",
          "Swagger",
          "Sleep Talk",
          "Fire Blast",
          "Defense Curl",
          "Dream Eater",
          "Detect",
          "Rest",
          "Attract",
          "Nightmare"
        ],
        "tmMoves1": [],
        "tmMoves": []
      },
      "abilities": {
        "abilities": [
          "CuteCharm",
          "MagicGuard"
        ],
        "hiddenAbilities": [
          "FriendGuard"
        ]
      },
      "movement": {
        "rideable": false,
        "canFly": false,
        "canSurf": false,
        "canRideShoulder": false
      },
      "aggression": {
        "timid": 80,
        "passive": 0,
        "aggressive": 20
      },
      "battleStats": {
        "hp": 50,
        "attack": 25,
        "defense": 28,
        "specialAttack": 45,
        "specialDefense": 55,
        "speed": 15
      },
      "tags": [],
      "spawn": {
        "baseExp": 37,
        "baseFriendship": 140,
        "spawnLevel": 5,
        "spawnLevelRange": 10,
        "spawnLocations": [
          "LAND",
          "UNDERGROUND"
        ]
      },
      "possibleGenders": [
        "MALE",
        "FEMALE"
      ],
      "genderProperties": [
        {
          "gender": "ALL",
          "palettes": [
            {
              "name": "none",
              "texture": "pixelmon:pokemon/173_cleffa/all/base/none/texture.png",
              "sprite": "pixelmon:pokemon/173_cleffa/all/base/none/sprite.png",
              "particle": "",
              "modelLocator": {
                "factoryType": "NORMAL",
                "pqc": [
                  "pixelmon:pokemon/173_cleffa/all/base/none/model.pqc"
                ]
              },
              "sounds": [
                "pixelmon.mob.cleffa"
              ]
            },
            {
              "name": "shiny",
              "texture": "pixelmon:pokemon/173_cleffa/all/base/shiny/texture.png",
              "sprite": "pixelmon:pokemon/173_cleffa/all/base/shiny/sprite.png",
              "particle": "arcanery:shiny"
            },
			{
              "name": "dark",
              "texture": "pixelmon:pokemon/173_cleffa/all/base/custom-dark/texture.png",
              "sprite": "pixelmon:pokemon/173_cleffa/all/base/custom-dark/sprite.png",
              "particle": ""
            },
			{
              "name": "halloween",
              "texture": "pixelmon:pokemon/173_cleffa/all/base/custom-halloween/texture.png",
              "sprite": "pixelmon:pokemon/173_cleffa/all/base/custom-halloween/sprite.png",
              "particle": ""
            },
			{
              "name": "lunar",
              "texture": "pixelmon:pokemon/173_cleffa/all/base/custom-lunar/texture.png",
              "sprite": "pixelmon:pokemon/173_cleffa/all/base/custom-lunar/sprite.png",
              "particle": ""
            },
			{
              "name": "outer worlds",
              "texture": "pixelmon:pokemon/173_cleffa/all/base/custom-outerworlds/texture.png",
              "sprite": "pixelmon:pokemon/173_cleffa/all/base/custom-outerworlds/sprite.png",
              "particle": ""
            },
			{
              "name": "purple haze",
              "texture": "pixelmon:pokemon/173_cleffa/all/base/custom-purplehaze/texture.png",
              "sprite": "pixelmon:pokemon/173_cleffa/all/base/custom-purplehaze/sprite.png",
              "particle": ""
            },
			{
              "name": "toy 1",
              "texture": "pixelmon:pokemon/173_cleffa/all/base/custom-toy1/texture.png",
              "sprite": "pixelmon:pokemon/173_cleffa/all/base/custom-toy1/sprite.png",
              "particle": ""
            },
			{
              "name": "toy 2",
              "texture": "pixelmon:pokemon/173_cleffa/all/base/custom-toy2/texture.png",
              "sprite": "pixelmon:pokemon/173_cleffa/all/base/custom-toy2/sprite.png",
              "particle": ""
            }
          ]
        }
      ],
      "eggGroups": [
        "FAIRY"
      ],
      "types": [
        "FAIRY"
      ],
      "preEvolutions": [],
      "defaultBaseForm": "",
      "megaItems": [],
      "megas": [],
      "gigantamax": {
        "canHaveFactor": false,
        "canGigantamax": false
      },
      "eggCycles": 21,
      "weight": 3.0,
      "catchRate": 150,
      "malePercentage": 0,
      "evolutions": [
        {
          "to": "Clefairy",
          "conditions": [
            {
              "friendship": 220,
              "evoConditionType": "friendship"
            }
          ],
          "evoType": "leveling"
        }
      ],
      "evYields": {
        "specialDefense": 1
      }
    }
  ],
  "generation": 2
}
