{
  "name": "Togepi",
  "dex": 175,
  "defaultForms": [
    ""
  ],
  "forms": [
    {
      "name": "",
      "experienceGroup": "FAST",
      "dimensions": {
        "height": 0.3,
        "width": 0.3,
        "length": 1,
        "eyeHeight": 0.3,
        "hoverHeight": 0.3
      },
      "moves": {
        "levelUpMoves": [
          {
            "level": 0,
            "attacks": [
              "Growl",
              "Pound"
            ]
          },
          {
            "level": 4,
            "attacks": [
              "Sweet Kiss"
            ]
          },
          {
            "level": 8,
            "attacks": [
              "Life Dew"
            ]
          },
          {
            "level": 12,
            "attacks": [
              "Charm"
            ]
          },
          {
            "level": 16,
            "attacks": [
              "Ancient Power"
            ]
          },
          {
            "level": 20,
            "attacks": [
              "Yawn"
            ]
          },
          {
            "level": 24,
            "attacks": [
              "Metronome"
            ]
          },
          {
            "level": 28,
            "attacks": [
              "After You"
            ]
          },
          {
            "level": 32,
            "attacks": [
              "Double-Edge"
            ]
          },
          {
            "level": 36,
            "attacks": [
              "Safeguard"
            ]
          },
          {
            "level": 40,
            "attacks": [
              "Follow Me"
            ]
          },
          {
            "level": 44,
            "attacks": [
              "Baton Pass"
            ]
          },
          {
            "level": 48,
            "attacks": [
              "Last Resort"
            ]
          },
          {
            "level": 52,
            "attacks": [
              "Wish"
            ]
          }
        ],
        "tutorMoves": [],
        "eggMoves": [
          "Aerial Ace",
          "Extrasensory",
          "Morning Sun",
          "Peck",
          "Present",
          "Psycho Shift"
        ],
        "tmMoves8": [
          "Mega Punch",
          "Mega Kick",
          "Solar Beam",
          "Thunder Wave",
          "Light Screen",
          "Reflect",
          "Safeguard",
          "Rest",
          "Snore",
          "Protect",
          "Charm",
          "Attract",
          "Rain Dance",
          "Sunny Day",
          "Facade",
          "Swift",
          "Helping Hand",
          "Fling",
          "Round",
          "Draining Kiss",
          "Mystical Fire"
        ],
        "trMoves": [
          "Body Slam",
          "Flamethrower",
          "Psychic",
          "Metronome",
          "Fire Blast",
          "Tri Attack",
          "Substitute",
          "Psyshock",
          "Endure",
          "Sleep Talk",
          "Baton Pass",
          "Encore",
          "Shadow Ball",
          "Future Sight",
          "Uproar",
          "Trick",
          "Hyper Voice",
          "Nasty Plot",
          "Zen Headbutt",
          "Grass Knot",
          "Stored Power",
          "Work Up",
          "Play Rough",
          "Dazzling Gleam"
        ],
        "hmMoves": [],
        "transferMoves": [
          "Bestow",
          "Captivate",
          "Confide",
          "Counter",
          "Covet",
          "Curse",
          "Defense Curl",
          "Detect",
          "Double Team",
          "Dream Eater",
          "Echoed Voice",
          "Endeavor",
          "Flash",
          "Foresight",
          "Frustration",
          "Headbutt",
          "Heal Bell",
          "Hidden Power",
          "Incinerate",
          "Lucky Chant",
          "Magic Coat",
          "Mimic",
          "Mirror Move",
          "Mud-Slap",
          "Natural Gift",
          "Psych Up",
          "Return",
          "Rock Smash",
          "Rollout",
          "Secret Power",
          "Seismic Toss",
          "Shock Wave",
          "Signal Beam",
          "Soft-Boiled",
          "Swagger",
          "Telekinesis",
          "Toxic",
          "Water Pulse",
          "Zap Cannon"
        ],
        "tmMoves7": [
          "Work Up",
          "Psyshock",
          "Toxic",
          "Hidden Power",
          "Sunny Day",
          "Light Screen",
          "Protect",
          "Rain Dance",
          "Safeguard",
          "Frustration",
          "Solar Beam",
          "Return",
          "Psychic",
          "Shadow Ball",
          "Double Team",
          "Reflect",
          "Flamethrower",
          "Fire Blast",
          "Facade",
          "Rest",
          "Attract",
          "Round",
          "Echoed Voice",
          "Fling",
          "Thunder Wave",
          "Psych Up",
          "Dream Eater",
          "Grass Knot",
          "Swagger",
          "Sleep Talk",
          "Substitute",
          "Dazzling Gleam",
          "Confide"
        ],
        "tmMoves6": [
          "Psyshock",
          "Toxic",
          "Hidden Power",
          "Sunny Day",
          "Light Screen",
          "Protect",
          "Rain Dance",
          "Safeguard",
          "Frustration",
          "Solar Beam",
          "Return",
          "Psychic",
          "Shadow Ball",
          "Double Team",
          "Reflect",
          "Flamethrower",
          "Fire Blast",
          "Facade",
          "Rest",
          "Attract",
          "Round",
          "Echoed Voice",
          "Fling",
          "Incinerate",
          "Flash",
          "Thunder Wave",
          "Psych Up",
          "Dream Eater",
          "Grass Knot",
          "Swagger",
          "Sleep Talk",
          "Substitute",
          "Secret Power",
          "Dazzling Gleam",
          "Confide"
        ],
        "tmMoves5": [
          "Psyshock",
          "Toxic",
          "Hidden Power",
          "Sunny Day",
          "Light Screen",
          "Protect",
          "Rain Dance",
          "Telekinesis",
          "Safeguard",
          "Frustration",
          "Solar Beam",
          "Return",
          "Psychic",
          "Shadow Ball",
          "Double Team",
          "Reflect",
          "Flamethrower",
          "Fire Blast",
          "Facade",
          "Rest",
          "Attract",
          "Round",
          "Echoed Voice",
          "Fling",
          "Incinerate",
          "Flash",
          "Thunder Wave",
          "Psych Up",
          "Work Up",
          "Dream Eater",
          "Grass Knot",
          "Swagger",
          "Substitute",
          "Rock Smash"
        ],
        "tmMoves4": [
          "Water Pulse",
          "Toxic",
          "Hidden Power",
          "Sunny Day",
          "Light Screen",
          "Protect",
          "Rain Dance",
          "Safeguard",
          "Frustration",
          "Solar Beam",
          "Return",
          "Psychic",
          "Shadow Ball",
          "Double Team",
          "Reflect",
          "Shock Wave",
          "Flamethrower",
          "Fire Blast",
          "Facade",
          "Secret Power",
          "Rest",
          "Attract",
          "Fling",
          "Endure",
          "Flash",
          "Thunder Wave",
          "Psych Up",
          "Captivate",
          "Sleep Talk",
          "Natural Gift",
          "Dream Eater",
          "Grass Knot",
          "Swagger",
          "Substitute"
        ],
        "tmMoves3": [
          "Water Pulse",
          "Toxic",
          "Hidden Power",
          "Sunny Day",
          "Light Screen",
          "Protect",
          "Rain Dance",
          "Safeguard",
          "Frustration",
          "Solar Beam",
          "Return",
          "Psychic",
          "Shadow Ball",
          "Double Team",
          "Reflect",
          "Shock Wave",
          "Flamethrower",
          "Fire Blast",
          "Facade",
          "Secret Power",
          "Rest",
          "Attract"
        ],
        "tmMoves2": [
          "Headbutt",
          "Curse",
          "Rollout",
          "Toxic",
          "Zap Cannon",
          "Rock Smash",
          "Psych Up",
          "Hidden Power",
          "Sunny Day",
          "Snore",
          "Protect",
          "Rain Dance",
          "Endure",
          "Frustration",
          "Solar Beam",
          "Return",
          "Psychic",
          "Shadow Ball",
          "Mud-Slap",
          "Double Team",
          "Swagger",
          "Sleep Talk",
          "Fire Blast",
          "Swift",
          "Defense Curl",
          "Dream Eater",
          "Detect",
          "Rest",
          "Attract"
        ],
        "tmMoves1": [],
        "tmMoves": []
      },
      "abilities": {
        "abilities": [
          "Hustle",
          "SereneGrace"
        ],
        "hiddenAbilities": [
          "SuperLuck"
        ]
      },
      "movement": {
        "rideable": false,
        "canFly": false,
        "canSurf": false,
        "canRideShoulder": false
      },
      "aggression": {
        "timid": 80,
        "passive": 0,
        "aggressive": 20
      },
      "battleStats": {
        "hp": 35,
        "attack": 20,
        "defense": 65,
        "specialAttack": 40,
        "specialDefense": 65,
        "speed": 20
      },
      "tags": [],
      "spawn": {
        "baseExp": 74,
        "baseFriendship": 70,
        "spawnLevel": 5,
        "spawnLevelRange": 10,
        "spawnLocations": [
          "LAND"
        ]
      },
      "possibleGenders": [
        "MALE",
        "FEMALE"
      ],
      "genderProperties": [
        {
          "gender": "ALL",
          "palettes": [
            {
              "name": "none",
              "texture": "pixelmon:pokemon/175_togepi/all/base/none/texture.png",
              "sprite": "pixelmon:pokemon/175_togepi/all/base/none/sprite.png",
              "particle": "",
              "modelLocator": {
                "factoryType": "NORMAL",
                "pqc": [
                  "pixelmon:pokemon/175_togepi/all/base/none/model.pqc"
                ]
              },
              "sounds": [
                "pixelmon.mob.togepi"
              ]
            },
            {
              "name": "shiny",
              "texture": "pixelmon:pokemon/175_togepi/all/base/shiny/texture.png",
              "sprite": "pixelmon:pokemon/175_togepi/all/base/shiny/sprite.png",
              "particle": "arcanery:shiny"
            },
            {
              "name": "valentine",
              "texture": "pixelmon:pokemon/175_togepi/all/base/valentine/texture.png",
              "sprite": "pixelmon:pokemon/175_togepi/all/base/valentine/sprite.png",
              "particle": ""
            },
			{
              "name": "easter 1",
              "texture": "pixelmon:pokemon/175_togepi/all/base/custom-easter1/texture.png",
              "sprite": "pixelmon:pokemon/175_togepi/all/base/custom-easter1/sprite.png",
              "particle": ""
            },
			{
              "name": "easter 2",
              "texture": "pixelmon:pokemon/175_togepi/all/base/custom-easter2/texture.png",
              "sprite": "pixelmon:pokemon/175_togepi/all/base/custom-easter2/sprite.png",
              "particle": ""
            },
			{
              "name": "easter 3",
              "texture": "pixelmon:pokemon/175_togepi/all/base/custom-easter3/texture.png",
              "sprite": "pixelmon:pokemon/175_togepi/all/base/custom-easter3/sprite.png",
              "particle": ""
            },
			{
              "name": "easter 4",
              "texture": "pixelmon:pokemon/175_togepi/all/base/custom-easter4/texture.png",
              "sprite": "pixelmon:pokemon/175_togepi/all/base/custom-easter4/sprite.png",
              "particle": ""
            },
			{
              "name": "glass",
              "texture": "pixelmon:pokemon/175_togepi/all/base/custom-glass/texture.png",
              "sprite": "pixelmon:pokemon/175_togepi/all/base/custom-glass/sprite.png",
              "particle": ""
            },
			{
              "name": "halloween 1",
              "texture": "pixelmon:pokemon/175_togepi/all/base/custom-halloween1/texture.png",
              "sprite": "pixelmon:pokemon/175_togepi/all/base/custom-halloween1/sprite.png",
              "particle": ""
            },
			{
              "name": "halloween 2",
              "texture": "pixelmon:pokemon/175_togepi/all/base/custom-halloween2/texture.png",
              "sprite": "pixelmon:pokemon/175_togepi/all/base/custom-halloween2/sprite.png",
              "particle": ""
            },
			{
              "name": "halloween 3",
              "texture": "pixelmon:pokemon/175_togepi/all/base/custom-halloween3/texture.png",
              "sprite": "pixelmon:pokemon/175_togepi/all/base/custom-halloween3/sprite.png",
              "particle": ""
            },
			{
              "name": "halloween 4",
              "texture": "pixelmon:pokemon/175_togepi/all/base/custom-halloween4/texture.png",
              "sprite": "pixelmon:pokemon/175_togepi/all/base/custom-halloween4/sprite.png",
              "particle": ""
            },
			{
              "name": "halloween 5",
              "texture": "pixelmon:pokemon/175_togepi/all/base/custom-halloween5/texture.png",
			  "emissive": "pixelmon:pokemon/175_togepi/all/base/custom-halloween5/emissive.png",
              "sprite": "pixelmon:pokemon/175_togepi/all/base/custom-halloween5/sprite.png",
              "particle": ""
            },
			{
              "name": "halloween 6",
              "texture": "pixelmon:pokemon/175_togepi/all/base/custom-halloween6/texture.png",
              "sprite": "pixelmon:pokemon/175_togepi/all/base/custom-halloween6/sprite.png",
              "particle": ""
            },
			{
              "name": "midnight",
              "texture": "pixelmon:pokemon/175_togepi/all/base/custom-midnight/texture.png",
              "sprite": "pixelmon:pokemon/175_togepi/all/base/custom-midnight/sprite.png",
              "particle": ""
            },
			{
              "name": "purple haze",
              "texture": "pixelmon:pokemon/175_togepi/all/base/custom-purplehaze/texture.png",
              "sprite": "pixelmon:pokemon/175_togepi/all/base/custom-purplehaze/sprite.png",
              "particle": ""
            },
			{
              "name": "shadow",
              "texture": "pixelmon:pokemon/175_togepi/all/base/custom-shadow/texture.png",
              "sprite": "pixelmon:pokemon/175_togepi/all/base/custom-shadow/sprite.png",
              "particle": ""
            },
			{
              "name": "valentines",
              "texture": "pixelmon:pokemon/175_togepi/all/base/custom-val/texture.png",
              "emissive": "pixelmon:pokemon/175_togepi/all/base/custom-val/emissive.png",
              "sprite": "pixelmon:pokemon/175_togepi/all/base/custom-val/sprite.png",
              "particle": ""
            }
          ]
        }
      ],
      "eggGroups": [
        "FAIRY"
      ],
      "types": [
        "FAIRY"
      ],
      "preEvolutions": [],
      "defaultBaseForm": "",
      "megaItems": [],
      "megas": [],
      "gigantamax": {
        "canHaveFactor": false,
        "canGigantamax": false
      },
      "eggCycles": 11,
      "weight": 1.5,
      "catchRate": 190,
      "malePercentage": 0,
      "evolutions": [
        {
          "to": "Togetic",
          "conditions": [
            {
              "friendship": 220,
              "evoConditionType": "friendship"
            }
          ],
          "evoType": "leveling",
          "moves": [
            "Fairy Wind"
          ]
        }
      ],
      "evYields": {
        "specialDefense": 1
      }
    }
  ],
  "generation": 2
}
