{
  "name": "Natu",
  "dex": 177,
  "defaultForms": [
    ""
  ],
  "forms": [
    {
      "name": "",
      "experienceGroup": "MEDIUM_FAST",
      "dimensions": {
        "height": 0.25,
        "width": 0.25,
        "length": 1,
        "eyeHeight": 0.25,
        "hoverHeight": 0.25
      },
      "moves": {
        "levelUpMoves": [
          {
            "level": 0,
            "attacks": [
              "Leer",
              "Peck"
            ]
          },
          {
            "level": 5,
            "attacks": [
              "Stored Power"
            ]
          },
          {
            "level": 10,
            "attacks": [
              "Teleport"
            ]
          },
          {
            "level": 15,
            "attacks": [
              "Confuse Ray"
            ]
          },
          {
            "level": 20,
            "attacks": [
              "Night Shade"
            ]
          },
          {
            "level": 26,
            "attacks": [
              "Psycho Shift"
            ]
          },
          {
            "level": 30,
            "attacks": [
              "Power Swap"
            ]
          },
          {
            "level": 35,
            "attacks": [
              "Guard Swap",
              "Psychic"
            ]
          },
          {
            "level": 40,
            "attacks": [
              "Wish"
            ]
          },
          {
            "level": 45,
            "attacks": [
              "Future Sight"
            ]
          }
        ],
        "tutorMoves": [
          "Dual Wingbeat",
          "Expanding Force"
        ],
        "eggMoves": [
          "Drill Peck",
          "Feather Dance",
          "Quick Attack",
          "Roost",
          "Simple Beam",
          "Sucker Punch"
        ],
        "tmMoves8": [
          "Solar Beam",
          "Thunder Wave",
          "Light Screen",
          "Reflect",
          "Rest",
          "Thief",
          "Snore",
          "Protect",
          "Giga Drain",
          "Steel Wing",
          "Attract",
          "Rain Dance",
          "Sunny Day",
          "Facade",
          "Swift",
          "Imprison",
          "U-turn",
          "Power Swap",
          "Guard Swap",
          "Trick Room",
          "Magic Room",
          "Round",
          "Air Slash"
        ],
        "trMoves": [
          "Psychic",
          "Substitute",
          "Psyshock",
          "Endure",
          "Sleep Talk",
          "Baton Pass",
          "Shadow Ball",
          "Future Sight",
          "Heat Wave",
          "Trick",
          "Skill Swap",
          "Cosmic Power",
          "Calm Mind",
          "Zen Headbutt",
          "Grass Knot",
          "Stored Power",
          "Ally Switch",
          "Dazzling Gleam"
        ],
        "hmMoves": [],
        "transferMoves": [
          "Aerial Ace",
          "Air Cutter",
          "Captivate",
          "Confide",
          "Curse",
          "Detect",
          "Double Team",
          "Double-Edge",
          "Dream Eater",
          "Feint Attack",
          "Flash",
          "Frustration",
          "Haze",
          "Hidden Power",
          "Lucky Chant",
          "Magic Coat",
          "Me First",
          "Mimic",
          "Miracle Eye",
          "Natural Gift",
          "Nightmare",
          "Ominous Wind",
          "Pain Split",
          "Pluck",
          "Psych Up",
          "Refresh",
          "Return",
          "Secret Power",
          "Signal Beam",
          "Silver Wind",
          "Sky Attack",
          "Swagger",
          "Synchronoise",
          "Tailwind",
          "Telekinesis",
          "Toxic",
          "Twister"
        ],
        "tmMoves7": [
          "Psyshock",
          "Calm Mind",
          "Toxic",
          "Hidden Power",
          "Sunny Day",
          "Light Screen",
          "Protect",
          "Rain Dance",
          "Roost",
          "Frustration",
          "Solar Beam",
          "Return",
          "Psychic",
          "Shadow Ball",
          "Double Team",
          "Reflect",
          "Aerial Ace",
          "Facade",
          "Rest",
          "Attract",
          "Thief",
          "Round",
          "Steel Wing",
          "Thunder Wave",
          "Psych Up",
          "Dream Eater",
          "Grass Knot",
          "Swagger",
          "Sleep Talk",
          "U-turn",
          "Substitute",
          "Trick Room",
          "Dazzling Gleam",
          "Confide"
        ],
        "tmMoves6": [
          "Psyshock",
          "Calm Mind",
          "Toxic",
          "Hidden Power",
          "Sunny Day",
          "Light Screen",
          "Protect",
          "Rain Dance",
          "Roost",
          "Frustration",
          "Solar Beam",
          "Return",
          "Psychic",
          "Shadow Ball",
          "Double Team",
          "Reflect",
          "Aerial Ace",
          "Facade",
          "Rest",
          "Attract",
          "Thief",
          "Round",
          "Steel Wing",
          "Flash",
          "Thunder Wave",
          "Psych Up",
          "Dream Eater",
          "Grass Knot",
          "Swagger",
          "Sleep Talk",
          "U-turn",
          "Substitute",
          "Trick Room",
          "Secret Power",
          "Dazzling Gleam",
          "Confide"
        ],
        "tmMoves5": [
          "Psyshock",
          "Calm Mind",
          "Toxic",
          "Hidden Power",
          "Sunny Day",
          "Light Screen",
          "Protect",
          "Rain Dance",
          "Telekinesis",
          "Frustration",
          "Solar Beam",
          "Return",
          "Psychic",
          "Shadow Ball",
          "Double Team",
          "Reflect",
          "Aerial Ace",
          "Facade",
          "Rest",
          "Attract",
          "Thief",
          "Round",
          "Ally Switch",
          "Flash",
          "Thunder Wave",
          "Psych Up",
          "Dream Eater",
          "Grass Knot",
          "Swagger",
          "Pluck",
          "U-turn",
          "Substitute",
          "Trick Room"
        ],
        "tmMoves4": [
          "Calm Mind",
          "Toxic",
          "Hidden Power",
          "Sunny Day",
          "Light Screen",
          "Protect",
          "Rain Dance",
          "Giga Drain",
          "Frustration",
          "Solar Beam",
          "Return",
          "Psychic",
          "Shadow Ball",
          "Double Team",
          "Reflect",
          "Aerial Ace",
          "Facade",
          "Secret Power",
          "Rest",
          "Attract",
          "Thief",
          "Steel Wing",
          "Skill Swap",
          "Roost",
          "Endure",
          "Silver Wind",
          "Flash",
          "Thunder Wave",
          "Psych Up",
          "Captivate",
          "Sleep Talk",
          "Natural Gift",
          "Dream Eater",
          "Grass Knot",
          "Swagger",
          "Pluck",
          "U-turn",
          "Substitute",
          "Trick Room"
        ],
        "tmMoves3": [
          "Calm Mind",
          "Toxic",
          "Hidden Power",
          "Sunny Day",
          "Light Screen",
          "Protect",
          "Rain Dance",
          "Giga Drain",
          "Frustration",
          "Solar Beam",
          "Return",
          "Psychic",
          "Shadow Ball",
          "Double Team",
          "Reflect",
          "Aerial Ace",
          "Facade",
          "Secret Power",
          "Rest",
          "Attract",
          "Thief",
          "Steel Wing",
          "Skill Swap"
        ],
        "tmMoves2": [
          "Curse",
          "Toxic",
          "Psych Up",
          "Hidden Power",
          "Sunny Day",
          "Snore",
          "Protect",
          "Giga Drain",
          "Endure",
          "Frustration",
          "Solar Beam",
          "Return",
          "Psychic",
          "Double Team",
          "Swagger",
          "Sleep Talk",
          "Swift",
          "Dream Eater",
          "Detect",
          "Rest",
          "Attract",
          "Thief",
          "Nightmare"
        ],
        "tmMoves1": [],
        "tmMoves": []
      },
      "abilities": {
        "abilities": [
          "Synchronize",
          "EarlyBird"
        ],
        "hiddenAbilities": [
          "MagicBounce"
        ]
      },
      "movement": {
        "rideable": false,
        "canFly": true,
        "canSurf": false,
        "canRideShoulder": false,
        "flyingParameters": {
          "flyHeightMin": 0,
          "flyHeightMax": 10,
          "flySpeedModifier": 1.0,
          "flyRefreshRateY": 80,
          "flyRefreshRateXZ": 100,
          "flyRefreshRateSpeed": 100,
          "flightTimeMin": 0,
          "flightTimeMax": 20,
          "flapRate": 5,
          "landingMaterials": "LEAVES_AND_GRASS"
        }
      },
      "aggression": {
        "timid": 80,
        "passive": 0,
        "aggressive": 20
      },
      "battleStats": {
        "hp": 40,
        "attack": 50,
        "defense": 45,
        "specialAttack": 70,
        "specialDefense": 45,
        "speed": 70
      },
      "tags": [],
      "spawn": {
        "baseExp": 73,
        "baseFriendship": 70,
        "spawnLevel": 5,
        "spawnLevelRange": 19,
        "spawnLocations": [
          "AIR"
        ]
      },
      "possibleGenders": [
        "MALE",
        "FEMALE"
      ],
      "genderProperties": [
        {
          "gender": "ALL",
          "palettes": [
            {
              "name": "none",
              "texture": "pixelmon:pokemon/177_natu/all/base/none/texture.png",
              "sprite": "pixelmon:pokemon/177_natu/all/base/none/sprite.png",
              "particle": "",
              "modelLocator": {
                "factoryType": "NORMAL",
                "pqc": [
                  "pixelmon:pokemon/177_natu/all/base/none/model.pqc"
                ]
              },
              "sounds": []
            },
            {
              "name": "shiny",
              "texture": "pixelmon:pokemon/177_natu/all/base/shiny/texture.png",
              "sprite": "pixelmon:pokemon/177_natu/all/base/shiny/sprite.png",
              "particle": "arcanery:shiny"
            },
			{
              "name": "shadow",
              "texture": "pixelmon:pokemon/177_natu/all/base/custom-shadow/texture.png",
              "sprite": "pixelmon:pokemon/177_natu/all/base/custom-shadow/sprite.png",
              "particle": ""
            },
			{
              "name": "valentines 1",
              "texture": "pixelmon:pokemon/177_natu/all/base/custom-val1/texture.png",
              "sprite": "pixelmon:pokemon/177_natu/all/base/custom-val1/sprite.png",
              "particle": ""
            },
			{
              "name": "valentines 2",
              "texture": "pixelmon:pokemon/177_natu/all/base/custom-val2/texture.png",
              "sprite": "pixelmon:pokemon/177_natu/all/base/custom-val2/sprite.png",
              "particle": ""
            }
          ]
        }
      ],
      "eggGroups": [
        "FLYING"
      ],
      "types": [
        "PSYCHIC",
        "FLYING"
      ],
      "preEvolutions": [],
      "defaultBaseForm": "",
      "megaItems": [],
      "megas": [],
      "gigantamax": {
        "canHaveFactor": false,
        "canGigantamax": false
      },
      "eggCycles": 21,
      "weight": 2.0,
      "catchRate": 190,
      "malePercentage": 0,
      "evolutions": [
        {
          "level": 25,
          "to": "Xatu",
          "conditions": [],
          "evoType": "leveling",
          "moves": [
            "Air Slash"
          ]
        }
      ],
      "evYields": {
        "specialAttack": 1
      }
    }
  ],
  "generation": 2
}
