{
  "name": "Marill",
  "dex": 183,
  "defaultForms": [
    ""
  ],
  "forms": [
    {
      "name": "",
      "experienceGroup": "FAST",
      "dimensions": {
        "height": 0.4,
        "width": 0.5,
        "length": 1,
        "eyeHeight": 0.4,
        "hoverHeight": 0.4
      },
      "moves": {
        "levelUpMoves": [
          {
            "level": 0,
            "attacks": [
              "Defense Curl",
              "Helping Hand",
              "Rollout",
              "Tackle",
              "Tail Whip",
              "Water Gun"
            ]
          },
          {
            "level": 6,
            "attacks": [
              "Bubble Beam"
            ]
          },
          {
            "level": 9,
            "attacks": [
              "Charm"
            ]
          },
          {
            "level": 12,
            "attacks": [
              "Slam"
            ]
          },
          {
            "level": 15,
            "attacks": [
              "Bounce"
            ]
          },
          {
            "level": 19,
            "attacks": [
              "Aqua Tail"
            ]
          },
          {
            "level": 21,
            "attacks": [
              "Play Rough"
            ]
          },
          {
            "level": 24,
            "attacks": [
              "Aqua Ring"
            ]
          },
          {
            "level": 27,
            "attacks": [
              "Rain Dance"
            ]
          },
          {
            "level": 30,
            "attacks": [
              "Hydro Pump"
            ]
          },
          {
            "level": 33,
            "attacks": [
              "Double-Edge"
            ]
          },
          {
            "level": 36,
            "attacks": [
              "Superpower"
            ]
          }
        ],
        "tutorMoves": [
          "Misty Explosion",
          "Steel Roller"
        ],
        "eggMoves": [
          "Aqua Jet",
          "Belly Drum",
          "Copycat",
          "Perish Song",
          "Present",
          "Sing",
          "Soak",
          "Supersonic",
          "Tickle"
        ],
        "tmMoves8": [
          "Mega Punch",
          "Mega Kick",
          "Ice Punch",
          "Dig",
          "Light Screen",
          "Rest",
          "Snore",
          "Protect",
          "Icy Wind",
          "Charm",
          "Attract",
          "Rain Dance",
          "Hail",
          "Whirlpool",
          "Facade",
          "Swift",
          "Helping Hand",
          "Brick Break",
          "Dive",
          "Fake Tears",
          "Bounce",
          "Mud Shot",
          "Fling",
          "Round",
          "Draining Kiss",
          "Misty Terrain",
          "Brutal Swing"
        ],
        "trMoves": [
          "Body Slam",
          "Hydro Pump",
          "Surf",
          "Ice Beam",
          "Blizzard",
          "Waterfall",
          "Amnesia",
          "Substitute",
          "Endure",
          "Sleep Talk",
          "Encore",
          "Iron Tail",
          "Future Sight",
          "Uproar",
          "Superpower",
          "Hyper Voice",
          "Muddy Water",
          "Grass Knot",
          "Scald",
          "Work Up",
          "Play Rough"
        ],
        "hmMoves": [],
        "transferMoves": [
          "Bubble",
          "Camouflage",
          "Captivate",
          "Confide",
          "Covet",
          "Curse",
          "Double Team",
          "Dynamic Punch",
          "Focus Punch",
          "Foresight",
          "Frustration",
          "Headbutt",
          "Hidden Power",
          "Knock Off",
          "Mimic",
          "Mud-Slap",
          "Natural Gift",
          "Power-Up Punch",
          "Refresh",
          "Return",
          "Rock Smash",
          "Secret Power",
          "Seismic Toss",
          "Strength",
          "Swagger",
          "Toxic",
          "Water Pulse",
          "Water Sport"
        ],
        "tmMoves7": [
          "Work Up",
          "Toxic",
          "Hail",
          "Hidden Power",
          "Ice Beam",
          "Blizzard",
          "Light Screen",
          "Protect",
          "Rain Dance",
          "Frustration",
          "Return",
          "Brick Break",
          "Double Team",
          "Facade",
          "Rest",
          "Attract",
          "Round",
          "Scald",
          "Fling",
          "Grass Knot",
          "Swagger",
          "Sleep Talk",
          "Substitute",
          "Surf",
          "Waterfall",
          "Confide"
        ],
        "tmMoves6": [
          "Toxic",
          "Hail",
          "Hidden Power",
          "Ice Beam",
          "Blizzard",
          "Light Screen",
          "Protect",
          "Rain Dance",
          "Frustration",
          "Return",
          "Dig",
          "Brick Break",
          "Double Team",
          "Facade",
          "Rest",
          "Attract",
          "Round",
          "Scald",
          "Fling",
          "Grass Knot",
          "Swagger",
          "Sleep Talk",
          "Substitute",
          "Secret Power",
          "Power-Up Punch",
          "Confide"
        ],
        "tmMoves5": [
          "Toxic",
          "Hail",
          "Hidden Power",
          "Ice Beam",
          "Blizzard",
          "Light Screen",
          "Protect",
          "Rain Dance",
          "Frustration",
          "Return",
          "Dig",
          "Brick Break",
          "Double Team",
          "Facade",
          "Rest",
          "Attract",
          "Round",
          "Scald",
          "Fling",
          "Work Up",
          "Grass Knot",
          "Swagger",
          "Substitute",
          "Rock Smash"
        ],
        "tmMoves4": [
          "Focus Punch",
          "Water Pulse",
          "Toxic",
          "Hail",
          "Hidden Power",
          "Ice Beam",
          "Blizzard",
          "Protect",
          "Rain Dance",
          "Frustration",
          "Iron Tail",
          "Return",
          "Dig",
          "Brick Break",
          "Double Team",
          "Facade",
          "Secret Power",
          "Rest",
          "Attract",
          "Fling",
          "Endure",
          "Captivate",
          "Sleep Talk",
          "Natural Gift",
          "Grass Knot",
          "Swagger",
          "Substitute"
        ],
        "tmMoves3": [
          "Focus Punch",
          "Water Pulse",
          "Toxic",
          "Hail",
          "Hidden Power",
          "Ice Beam",
          "Blizzard",
          "Protect",
          "Rain Dance",
          "Frustration",
          "Iron Tail",
          "Return",
          "Dig",
          "Brick Break",
          "Double Team",
          "Facade",
          "Secret Power",
          "Rest",
          "Attract"
        ],
        "tmMoves2": [
          "Dynamic Punch",
          "Headbutt",
          "Curse",
          "Rollout",
          "Toxic",
          "Hidden Power",
          "Snore",
          "Blizzard",
          "Icy Wind",
          "Protect",
          "Rain Dance",
          "Endure",
          "Frustration",
          "Iron Tail",
          "Return",
          "Mud-Slap",
          "Double Team",
          "Ice Punch",
          "Swagger",
          "Sleep Talk",
          "Swift",
          "Defense Curl",
          "Rest",
          "Attract"
        ],
        "tmMoves1": [],
        "tmMoves": []
      },
      "abilities": {
        "abilities": [
          "ThickFat",
          "HugePower"
        ],
        "hiddenAbilities": [
          "SapSipper"
        ]
      },
      "movement": {
        "rideable": false,
        "canFly": false,
        "canSurf": true,
        "canRideShoulder": false,
        "swimmingParameters": {
          "depthRangeStart": 1,
          "depthRangeEnd": 1,
          "swimSpeed": 1,
          "decayRate": 0.99,
          "refreshRate": 200
        }
      },
      "aggression": {
        "timid": 80,
        "passive": 0,
        "aggressive": 20
      },
      "battleStats": {
        "hp": 70,
        "attack": 20,
        "defense": 50,
        "specialAttack": 20,
        "specialDefense": 50,
        "speed": 40
      },
      "tags": [],
      "spawn": {
        "baseExp": 58,
        "baseFriendship": 70,
        "spawnLevel": 5,
        "spawnLevelRange": 12,
        "spawnLocations": [
          "LAND"
        ]
      },
      "possibleGenders": [
        "MALE",
        "FEMALE"
      ],
      "genderProperties": [
        {
          "gender": "ALL",
          "palettes": [
            {
              "name": "none",
              "texture": "pixelmon:pokemon/183_marill/all/base/none/texture.png",
              "sprite": "pixelmon:pokemon/183_marill/all/base/none/sprite.png",
              "particle": "",
              "modelLocator": {
                "factoryType": "NORMAL",
                "pqc": [
                  "pixelmon:pokemon/183_marill/all/base/none/model.pqc"
                ]
              },
              "sounds": [
                "pixelmon.mob.marill",
                "pixelmon.mob.marill",
                "pixelmon.mob.marill"
              ]
            },
            {
              "name": "shiny",
              "texture": "pixelmon:pokemon/183_marill/all/base/shiny/texture.png",
              "sprite": "pixelmon:pokemon/183_marill/all/base/shiny/sprite.png",
              "particle": "arcanery:shiny"
            },
            {
              "name": "alter",
              "texture": "pixelmon:pokemon/183_marill/all/base/alter/texture.png",
              "sprite": "pixelmon:pokemon/183_marill/all/base/alter/sprite.png",
              "particle": ""
            },
			{
              "name": "easter 1",
              "texture": "pixelmon:pokemon/183_marill/all/base/custom-easter1/texture.png",
              "sprite": "pixelmon:pokemon/183_marill/all/base/custom-easter1/sprite.png",
              "particle": ""
            },
			{
              "name": "easter 2",
              "texture": "pixelmon:pokemon/183_marill/all/base/custom-easter2/texture.png",
              "sprite": "pixelmon:pokemon/183_marill/all/base/custom-easter2/sprite.png",
              "particle": ""
            },
			{
              "name": "easter 3",
              "texture": "pixelmon:pokemon/183_marill/all/base/custom-easter3/texture.png",
              "sprite": "pixelmon:pokemon/183_marill/all/base/custom-easter3/sprite.png",
              "particle": ""
            },
			{
              "name": "poison",
              "texture": "pixelmon:pokemon/183_marill/all/base/custom-poison/texture.png",
              "sprite": "pixelmon:pokemon/183_marill/all/base/custom-poison/sprite.png",
              "particle": ""
            },
			{
              "name": "primal",
              "texture": "pixelmon:pokemon/183_marill/all/base/custom-primal/texture.png",
              "sprite": "pixelmon:pokemon/183_marill/all/base/custom-primal/sprite.png",
              "particle": ""
            },
			{
              "name": "rainbow",
              "texture": "pixelmon:pokemon/183_marill/all/base/custom-rainbow/texture.png",
              "sprite": "pixelmon:pokemon/183_marill/all/base/custom-rainbow/sprite.png",
              "particle": ""
            },
			{
              "name": "rgb",
              "texture": "pixelmon:pokemon/183_marill/all/base/custom-rgb/texture.png",
              "sprite": "pixelmon:pokemon/183_marill/all/base/custom-rgb/sprite.png",
              "particle": ""
            },
			{
              "name": "shadow",
              "texture": "pixelmon:pokemon/183_marill/all/base/custom-shadow/texture.png",
              "sprite": "pixelmon:pokemon/183_marill/all/base/custom-shadow/sprite.png",
              "particle": ""
            },
			{
              "name": "toxic",
              "texture": "pixelmon:pokemon/183_marill/all/base/custom-toxic/texture.png",
              "sprite": "pixelmon:pokemon/183_marill/all/base/custom-toxic/sprite.png",
              "particle": ""
            }
          ]
        }
      ],
      "eggGroups": [
        "WATER_ONE",
        "FAIRY"
      ],
      "types": [
        "WATER",
        "FAIRY"
      ],
      "preEvolutions": [
        "Azurill"
      ],
      "defaultBaseForm": "",
      "megaItems": [],
      "megas": [],
      "gigantamax": {
        "canHaveFactor": false,
        "canGigantamax": false
      },
      "eggCycles": 11,
      "weight": 8.5,
      "catchRate": 190,
      "malePercentage": 0,
      "evolutions": [
        {
          "level": 18,
          "to": "Azumarill",
          "conditions": [],
          "evoType": "leveling"
        }
      ],
      "evYields": {
        "hp": 2
      }
    }
  ],
  "generation": 2
}
