{
  "name": "Politoed",
  "dex": 186,
  "defaultForms": [
    ""
  ],
  "forms": [
    {
      "name": "",
      "experienceGroup": "MEDIUM_SLOW",
      "dimensions": {
        "height": 1.0,
        "width": 0.8,
        "length": 1,
        "eyeHeight": 1.0,
        "hoverHeight": 1.0
      },
      "moves": {
        "levelUpMoves": [
          {
            "level": 0,
            "attacks": [
              "Belly Drum",
              "Body Slam",
              "Bounce",
              "Bubble Beam",
              "Double-Edge",
              "Earth Power",
              "Hydro Pump",
              "Hyper Voice",
              "Hypnosis",
              "Mud Shot",
              "Perish Song",
              "Pound",
              "Rain Dance",
              "Swagger",
              "Water Gun"
            ]
          }
        ],
        "tutorMoves": [],
        "eggMoves": [
          "Endeavor",
          "Haze",
          "Mind Reader",
          "Mist",
          "Splash",
          "Water Pulse"
        ],
        "tmMoves8": [
          "Mega Punch",
          "Mega Kick",
          "Ice Punch",
          "Hyper Beam",
          "Giga Impact",
          "Dig",
          "Screech",
          "Rest",
          "Thief",
          "Snore",
          "Protect",
          "Icy Wind",
          "Attract",
          "Rain Dance",
          "Hail",
          "Whirlpool",
          "Facade",
          "Helping Hand",
          "Brick Break",
          "Dive",
          "Weather Ball",
          "Bounce",
          "Mud Shot",
          "Payback",
          "Fling",
          "Round",
          "Bulldoze"
        ],
        "trMoves": [
          "Body Slam",
          "Hydro Pump",
          "Surf",
          "Ice Beam",
          "Blizzard",
          "Earthquake",
          "Psychic",
          "Metronome",
          "Waterfall",
          "Substitute",
          "Endure",
          "Sleep Talk",
          "Encore",
          "Uproar",
          "Hyper Voice",
          "Muddy Water",
          "Focus Blast",
          "Earth Power",
          "Scald",
          "Liquidation"
        ],
        "hmMoves": [],
        "transferMoves": [
          "Amnesia",
          "Bide",
          "Bubble",
          "Captivate",
          "Confide",
          "Counter",
          "Curse",
          "Defense Curl",
          "Detect",
          "Double Slap",
          "Double Team",
          "Dynamic Punch",
          "Echoed Voice",
          "Fissure",
          "Focus Punch",
          "Frustration",
          "Headbutt",
          "Hidden Power",
          "Ice Ball",
          "Mimic",
          "Mud Bomb",
          "Mud-Slap",
          "Natural Gift",
          "Power-Up Punch",
          "Psywave",
          "Rage",
          "Refresh",
          "Return",
          "Rock Smash",
          "Secret Power",
          "Seismic Toss",
          "Skull Bash",
          "Strength",
          "Submission",
          "Sweet Kiss",
          "Take Down",
          "Toxic",
          "Wake-Up Slap",
          "Water Sport"
        ],
        "tmMoves7": [
          "Toxic",
          "Hail",
          "Hidden Power",
          "Ice Beam",
          "Blizzard",
          "Hyper Beam",
          "Protect",
          "Rain Dance",
          "Frustration",
          "Earthquake",
          "Return",
          "Psychic",
          "Brick Break",
          "Double Team",
          "Facade",
          "Rest",
          "Attract",
          "Thief",
          "Round",
          "Echoed Voice",
          "Focus Blast",
          "Scald",
          "Fling",
          "Payback",
          "Giga Impact",
          "Bulldoze",
          "Swagger",
          "Sleep Talk",
          "Substitute",
          "Surf",
          "Waterfall",
          "Confide"
        ],
        "tmMoves6": [
          "Toxic",
          "Hail",
          "Hidden Power",
          "Ice Beam",
          "Blizzard",
          "Hyper Beam",
          "Protect",
          "Rain Dance",
          "Frustration",
          "Earthquake",
          "Return",
          "Dig",
          "Psychic",
          "Brick Break",
          "Double Team",
          "Facade",
          "Rest",
          "Attract",
          "Thief",
          "Round",
          "Echoed Voice",
          "Focus Blast",
          "Scald",
          "Fling",
          "Payback",
          "Giga Impact",
          "Bulldoze",
          "Swagger",
          "Sleep Talk",
          "Substitute",
          "Secret Power",
          "Power-Up Punch",
          "Confide"
        ],
        "tmMoves5": [
          "Toxic",
          "Hail",
          "Hidden Power",
          "Ice Beam",
          "Blizzard",
          "Hyper Beam",
          "Protect",
          "Rain Dance",
          "Frustration",
          "Earthquake",
          "Return",
          "Dig",
          "Psychic",
          "Brick Break",
          "Double Team",
          "Facade",
          "Rest",
          "Attract",
          "Thief",
          "Round",
          "Echoed Voice",
          "Focus Blast",
          "Scald",
          "Fling",
          "Payback",
          "Giga Impact",
          "Bulldoze",
          "Swagger",
          "Substitute",
          "Rock Smash"
        ],
        "tmMoves4": [
          "Focus Punch",
          "Water Pulse",
          "Toxic",
          "Hail",
          "Hidden Power",
          "Ice Beam",
          "Blizzard",
          "Hyper Beam",
          "Protect",
          "Rain Dance",
          "Frustration",
          "Earthquake",
          "Return",
          "Dig",
          "Psychic",
          "Brick Break",
          "Double Team",
          "Facade",
          "Secret Power",
          "Rest",
          "Attract",
          "Thief",
          "Focus Blast",
          "Fling",
          "Endure",
          "Payback",
          "Giga Impact",
          "Captivate",
          "Sleep Talk",
          "Natural Gift",
          "Swagger",
          "Substitute"
        ],
        "tmMoves3": [
          "Focus Punch",
          "Water Pulse",
          "Toxic",
          "Hail",
          "Hidden Power",
          "Ice Beam",
          "Blizzard",
          "Hyper Beam",
          "Protect",
          "Rain Dance",
          "Frustration",
          "Earthquake",
          "Return",
          "Dig",
          "Psychic",
          "Brick Break",
          "Double Team",
          "Facade",
          "Secret Power",
          "Rest",
          "Attract",
          "Thief"
        ],
        "tmMoves2": [
          "Dynamic Punch",
          "Headbutt",
          "Curse",
          "Toxic",
          "Rock Smash",
          "Hidden Power",
          "Snore",
          "Blizzard",
          "Hyper Beam",
          "Icy Wind",
          "Protect",
          "Rain Dance",
          "Endure",
          "Frustration",
          "Earthquake",
          "Return",
          "Psychic",
          "Mud-Slap",
          "Double Team",
          "Ice Punch",
          "Swagger",
          "Sleep Talk",
          "Defense Curl",
          "Detect",
          "Rest",
          "Attract",
          "Thief"
        ],
        "tmMoves1": [],
        "tmMoves": []
      },
      "abilities": {
        "abilities": [
          "WaterAbsorb",
          "Damp"
        ],
        "hiddenAbilities": [
          "Drizzle"
        ]
      },
      "movement": {
        "rideable": false,
        "canFly": false,
        "canSurf": false,
        "canRideShoulder": false
      },
      "aggression": {
        "timid": 80,
        "passive": 0,
        "aggressive": 20
      },
      "battleStats": {
        "hp": 90,
        "attack": 75,
        "defense": 75,
        "specialAttack": 90,
        "specialDefense": 100,
        "speed": 70
      },
      "tags": [],
      "spawn": {
        "baseExp": 185,
        "baseFriendship": 70,
        "spawnLevel": 30,
        "spawnLevelRange": 10,
        "spawnLocations": [
          "LAND"
        ]
      },
      "possibleGenders": [
        "MALE",
        "FEMALE"
      ],
      "genderProperties": [
        {
          "gender": "ALL",
          "palettes": [
            {
              "name": "none",
              "texture": "pixelmon:pokemon/186_politoed/all/base/none/texture.png",
              "sprite": "pixelmon:pokemon/186_politoed/all/base/none/sprite.png",
              "particle": "",
              "modelLocator": {
                "factoryType": "NORMAL",
                "pqc": [
                  "pixelmon:pokemon/186_politoed/all/base/none/model.pqc"
                ]
              },
              "sounds": []
            },
            {
              "name": "shiny",
              "texture": "pixelmon:pokemon/186_politoed/all/base/shiny/texture.png",
              "sprite": "pixelmon:pokemon/186_politoed/all/base/shiny/sprite.png",
              "particle": "arcanery:shiny"
            },
            {
              "name": "valencian",
              "texture": "pixelmon:pokemon/186_politoed/all/base/valencian/texture.png",
              "sprite": "pixelmon:pokemon/186_politoed/all/base/valencian/sprite.png",
              "particle": ""
            },
			{
              "name": "christmas",
              "texture": "pixelmon:pokemon/186_politoed/all/base/custom-christmas/texture.png",
              "sprite": "pixelmon:pokemon/186_politoed/all/base/custom-christmas/sprite.png",
              "particle": ""
            },
			{
              "name": "meme 1",
              "texture": "pixelmon:pokemon/186_politoed/all/base/custom-meme1/texture.png",
              "sprite": "pixelmon:pokemon/186_politoed/all/base/custom-meme1/sprite.png",
              "particle": ""
            },
			{
              "name": "meme 2",
              "texture": "pixelmon:pokemon/186_politoed/all/base/custom-meme2/texture.png",
              "sprite": "pixelmon:pokemon/186_politoed/all/base/custom-meme2/sprite.png",
              "particle": ""
            },
			{
              "name": "nintendo",
              "texture": "pixelmon:pokemon/186_politoed/all/base/custom-nintendo/texture.png",
              "sprite": "pixelmon:pokemon/186_politoed/all/base/custom-nintendo/sprite.png",
              "particle": ""
            },
			{
              "name": "sea",
              "texture": "pixelmon:pokemon/186_politoed/all/base/custom-sea/texture.png",
              "sprite": "pixelmon:pokemon/186_politoed/all/base/custom-sea/sprite.png",
              "particle": ""
            },
			{
              "name": "valentines",
              "texture": "pixelmon:pokemon/186_politoed/all/base/custom-val/texture.png",
              "sprite": "pixelmon:pokemon/186_politoed/all/base/custom-val/sprite.png",
              "particle": ""
            },
			{
              "name": "vapor",
              "texture": "pixelmon:pokemon/186_politoed/all/base/custom-vapor/texture.png",
              "sprite": "pixelmon:pokemon/186_politoed/all/base/custom-vapor/sprite.png",
              "particle": ""
            }
          ]
        }
      ],
      "eggGroups": [
        "WATER_ONE"
      ],
      "types": [
        "WATER"
      ],
      "preEvolutions": [
        "Poliwhirl",
        "Poliwag"
      ],
      "defaultBaseForm": "",
      "megaItems": [],
      "megas": [],
      "gigantamax": {
        "canHaveFactor": false,
        "canGigantamax": false
      },
      "eggCycles": 21,
      "weight": 33.9,
      "catchRate": 45,
      "malePercentage": 0,
      "evolutions": [],
      "evYields": {
        "specialDefense": 3
      }
    }
  ],
  "generation": 2
}
