{
  "name": "Jumpluff",
  "dex": 189,
  "defaultForms": [
    ""
  ],
  "forms": [
    {
      "name": "",
      "experienceGroup": "MEDIUM_SLOW",
      "dimensions": {
        "height": 1.1,
        "width": 0.8,
        "length": 1,
        "eyeHeight": 1.1,
        "hoverHeight": 1.1
      },
      "moves": {
        "levelUpMoves": [
          {
            "level": 0,
            "attacks": [
              "Absorb",
              "Splash",
              "Synthesis",
              "Tail Whip"
            ]
          },
          {
            "level": 4,
            "attacks": [
              "Synthesis"
            ]
          },
          {
            "level": 6,
            "attacks": [
              "Tail Whip"
            ]
          },
          {
            "level": 8,
            "attacks": [
              "Tackle"
            ]
          },
          {
            "level": 10,
            "attacks": [
              "Fairy Wind"
            ]
          },
          {
            "level": 12,
            "attacks": [
              "Poison Powder"
            ]
          },
          {
            "level": 14,
            "attacks": [
              "Stun Spore"
            ]
          },
          {
            "level": 16,
            "attacks": [
              "Sleep Powder"
            ]
          },
          {
            "level": 20,
            "attacks": [
              "Bullet Seed"
            ]
          },
          {
            "level": 24,
            "attacks": [
              "Leech Seed"
            ]
          },
          {
            "level": 29,
            "attacks": [
              "Mega Drain"
            ]
          },
          {
            "level": 34,
            "attacks": [
              "Acrobatics"
            ]
          },
          {
            "level": 39,
            "attacks": [
              "Rage Powder"
            ]
          },
          {
            "level": 44,
            "attacks": [
              "Cotton Spore"
            ]
          },
          {
            "level": 49,
            "attacks": [
              "U-turn"
            ]
          },
          {
            "level": 54,
            "attacks": [
              "Worry Seed"
            ]
          },
          {
            "level": 59,
            "attacks": [
              "Giga Drain"
            ]
          },
          {
            "level": 64,
            "attacks": [
              "Bounce"
            ]
          },
          {
            "level": 69,
            "attacks": [
              "Memento"
            ]
          }
        ],
        "tutorMoves": [
          "Bounce",
          "Giga Drain",
          "Helping Hand",
          "Seed Bomb",
          "Snore",
          "Synthesis",
          "Worry Seed"
        ],
        "eggMoves": [
          "Amnesia",
          "Aromatherapy",
          "Confusion",
          "Cotton Guard",
          "Double-Edge",
          "Encore",
          "Endure",
          "Grassy Terrain",
          "Helping Hand",
          "Seed Bomb",
          "Strength Sap",
          "Worry Seed"
        ],
        "tmMoves8": [],
        "trMoves": [],
        "hmMoves": [],
        "transferMoves": [
          "Captivate",
          "Curse",
          "Defense Curl",
          "False Swipe",
          "Flash",
          "Growl",
          "Headbutt",
          "Mimic",
          "Natural Gift",
          "Pay Day",
          "Secret Power",
          "Silver Wind",
          "Sweet Scent"
        ],
        "tmMoves7": [
          "Toxic",
          "Hidden Power",
          "Sunny Day",
          "Hyper Beam",
          "Protect",
          "Frustration",
          "Solar Beam",
          "Return",
          "Double Team",
          "Reflect",
          "Aerial Ace",
          "Facade",
          "Rest",
          "Attract",
          "Round",
          "Energy Ball",
          "Acrobatics",
          "Giga Impact",
          "Swords Dance",
          "Psych Up",
          "Infestation",
          "Grass Knot",
          "Swagger",
          "Sleep Talk",
          "U-turn",
          "Substitute",
          "Dazzling Gleam",
          "Confide"
        ],
        "tmMoves6": [
          "Toxic",
          "Hidden Power",
          "Sunny Day",
          "Hyper Beam",
          "Protect",
          "Frustration",
          "Solar Beam",
          "Return",
          "Double Team",
          "Reflect",
          "Aerial Ace",
          "Facade",
          "Rest",
          "Attract",
          "Round",
          "Energy Ball",
          "Acrobatics",
          "Giga Impact",
          "Flash",
          "Swords Dance",
          "Psych Up",
          "Infestation",
          "Grass Knot",
          "Swagger",
          "Sleep Talk",
          "U-turn",
          "Substitute",
          "Secret Power",
          "Dazzling Gleam",
          "Confide"
        ],
        "tmMoves5": [
          "Toxic",
          "Hidden Power",
          "Sunny Day",
          "Hyper Beam",
          "Protect",
          "Frustration",
          "Solar Beam",
          "Return",
          "Double Team",
          "Reflect",
          "Aerial Ace",
          "Facade",
          "Rest",
          "Attract",
          "Round",
          "Energy Ball",
          "Acrobatics",
          "Giga Impact",
          "Flash",
          "Swords Dance",
          "Psych Up",
          "Grass Knot",
          "Swagger",
          "U-turn",
          "Substitute"
        ],
        "tmMoves4": [
          "Toxic",
          "Bullet Seed",
          "Hidden Power",
          "Sunny Day",
          "Hyper Beam",
          "Protect",
          "Giga Drain",
          "Frustration",
          "Solar Beam",
          "Return",
          "Double Team",
          "Aerial Ace",
          "Facade",
          "Secret Power",
          "Rest",
          "Attract",
          "Energy Ball",
          "Endure",
          "Silver Wind",
          "Giga Impact",
          "Flash",
          "Swords Dance",
          "Captivate",
          "Sleep Talk",
          "Natural Gift",
          "Grass Knot",
          "Swagger",
          "U-turn",
          "Substitute"
        ],
        "tmMoves3": [
          "Toxic",
          "Bullet Seed",
          "Hidden Power",
          "Sunny Day",
          "Hyper Beam",
          "Protect",
          "Giga Drain",
          "Frustration",
          "Solar Beam",
          "Return",
          "Double Team",
          "Aerial Ace",
          "Facade",
          "Secret Power",
          "Rest",
          "Attract"
        ],
        "tmMoves2": [
          "Headbutt",
          "Curse",
          "Toxic",
          "Hidden Power",
          "Sunny Day",
          "Sweet Scent",
          "Snore",
          "Hyper Beam",
          "Protect",
          "Giga Drain",
          "Endure",
          "Frustration",
          "Solar Beam",
          "Return",
          "Double Team",
          "Swagger",
          "Sleep Talk",
          "Defense Curl",
          "Rest",
          "Attract"
        ],
        "tmMoves1": [],
        "tmMoves": []
      },
      "abilities": {
        "abilities": [
          "Chlorophyll",
          "LeafGuard"
        ],
        "hiddenAbilities": [
          "Infiltrator"
        ]
      },
      "movement": {
        "rideable": false,
        "canFly": true,
        "canSurf": false,
        "canRideShoulder": false,
        "flyingParameters": {
          "flyHeightMin": 0,
          "flyHeightMax": 15,
          "flySpeedModifier": 0.3,
          "flyRefreshRateY": 80,
          "flyRefreshRateXZ": 400,
          "flyRefreshRateSpeed": 100,
          "flightTimeMin": 0,
          "flightTimeMax": 20,
          "flapRate": 5,
          "landingMaterials": "LEAVES_AND_GRASS"
        }
      },
      "aggression": {
        "timid": 80,
        "passive": 0,
        "aggressive": 20
      },
      "battleStats": {
        "hp": 75,
        "attack": 55,
        "defense": 70,
        "specialAttack": 55,
        "specialDefense": 95,
        "speed": 110
      },
      "tags": [],
      "spawn": {
        "baseExp": 176,
        "baseFriendship": 70,
        "spawnLevel": 27,
        "spawnLevelRange": 28,
        "spawnLocations": [
          "AIR_PERSISTENT"
        ]
      },
      "possibleGenders": [
        "MALE",
        "FEMALE"
      ],
      "genderProperties": [
        {
          "gender": "ALL",
          "palettes": [
            {
              "name": "none",
              "texture": "pixelmon:pokemon/189_jumpluff/all/base/none/texture.png",
              "sprite": "pixelmon:pokemon/189_jumpluff/all/base/none/sprite.png",
              "particle": "",
              "modelLocator": {
                "factoryType": "NORMAL",
                "pqc": [
                  "pixelmon:pokemon/189_jumpluff/all/base/none/model.pqc"
                ],
                "movementThreshold": 0.02
              },
              "sounds": [
                "pixelmon.mob.jumpluff"
              ]
            },
            {
              "name": "shiny",
              "texture": "pixelmon:pokemon/189_jumpluff/all/base/shiny/texture.png",
              "sprite": "pixelmon:pokemon/189_jumpluff/all/base/shiny/sprite.png",
              "particle": "arcanery:shiny"
            },
			{
              "name": "christmas",
              "texture": "pixelmon:pokemon/189_jumpluff/all/base/custom-christmas/texture.png",
              "sprite": "pixelmon:pokemon/189_jumpluff/all/base/custom-christmas/sprite.png",
              "particle": ""
            },
			{
              "name": "easter",
              "texture": "pixelmon:pokemon/189_jumpluff/all/base/custom-easter/texture.png",
              "sprite": "pixelmon:pokemon/189_jumpluff/all/base/custom-easter/sprite.png",
              "particle": ""
            },
			{
              "name": "halloween",
              "texture": "pixelmon:pokemon/189_jumpluff/all/base/custom-halloween/texture.png",
              "sprite": "pixelmon:pokemon/189_jumpluff/all/base/custom-halloween/sprite.png",
              "particle": ""
            }
          ]
        }
      ],
      "eggGroups": [
        "FAIRY",
        "GRASS"
      ],
      "types": [
        "GRASS",
        "FLYING"
      ],
      "preEvolutions": [
        "Skiploom",
        "Hoppip"
      ],
      "defaultBaseForm": "",
      "megaItems": [],
      "megas": [],
      "gigantamax": {
        "canHaveFactor": false,
        "canGigantamax": false
      },
      "eggCycles": 21,
      "weight": 3.0,
      "catchRate": 45,
      "malePercentage": 0,
      "evolutions": [],
      "evYields": {
        "speed": 3
      }
    }
  ],
  "generation": 2
}
