{
  "name": "Aipom",
  "dex": 190,
  "defaultForms": [
    ""
  ],
  "forms": [
    {
      "name": "",
      "experienceGroup": "FAST",
      "dimensions": {
        "height": 0.8,
        "width": 0.8,
        "length": 1,
        "eyeHeight": 0.8,
        "hoverHeight": 0.8
      },
      "moves": {
        "levelUpMoves": [
          {
            "level": 0,
            "attacks": [
              "Scratch",
              "Tail Whip"
            ]
          },
          {
            "level": 4,
            "attacks": [
              "Sand Attack"
            ]
          },
          {
            "level": 8,
            "attacks": [
              "Astonish"
            ]
          },
          {
            "level": 11,
            "attacks": [
              "Baton Pass"
            ]
          },
          {
            "level": 15,
            "attacks": [
              "Tickle"
            ]
          },
          {
            "level": 18,
            "attacks": [
              "Fury Swipes"
            ]
          },
          {
            "level": 22,
            "attacks": [
              "Swift"
            ]
          },
          {
            "level": 25,
            "attacks": [
              "Screech"
            ]
          },
          {
            "level": 29,
            "attacks": [
              "Agility"
            ]
          },
          {
            "level": 32,
            "attacks": [
              "Double Hit"
            ]
          },
          {
            "level": 36,
            "attacks": [
              "Fling"
            ]
          },
          {
            "level": 39,
            "attacks": [
              "Nasty Plot"
            ]
          },
          {
            "level": 43,
            "attacks": [
              "Last Resort"
            ]
          }
        ],
        "tutorMoves": [
          "Bounce",
          "Covet",
          "Fire Punch",
          "Focus Punch",
          "Foul Play",
          "Gunk Shot",
          "Ice Punch",
          "Iron Tail",
          "Knock Off",
          "Last Resort",
          "Low Kick",
          "Role Play",
          "Seed Bomb",
          "Shock Wave",
          "Snatch",
          "Snore",
          "Spite",
          "Thunder Punch",
          "Uproar",
          "Water Pulse"
        ],
        "eggMoves": [
          "Agility",
          "Beat Up",
          "Bounce",
          "Counter",
          "Covet",
          "Double Slap",
          "Fake Out",
          "Pursuit",
          "Quick Guard",
          "Revenge",
          "Screech",
          "Slam",
          "Spite",
          "Switcheroo",
          "Tail Slap"
        ],
        "tmMoves8": [],
        "trMoves": [],
        "hmMoves": [],
        "transferMoves": [
          "Body Slam",
          "Captivate",
          "Curse",
          "Cut",
          "Defense Curl",
          "Detect",
          "Dig",
          "Double-Edge",
          "Dynamic Punch",
          "Endure",
          "Fury Cutter",
          "Headbutt",
          "Hone Claws",
          "Mega Kick",
          "Mega Punch",
          "Metronome",
          "Mimic",
          "Mud-Slap",
          "Natural Gift",
          "Nightmare",
          "Power-Up Punch",
          "Retaliate",
          "Rock Smash",
          "Secret Power",
          "Seismic Toss",
          "Strength",
          "Zap Cannon"
        ],
        "tmMoves7": [
          "Work Up",
          "Toxic",
          "Hidden Power",
          "Sunny Day",
          "Taunt",
          "Protect",
          "Rain Dance",
          "Frustration",
          "Solar Beam",
          "Thunderbolt",
          "Thunder",
          "Return",
          "Shadow Ball",
          "Brick Break",
          "Double Team",
          "Aerial Ace",
          "Facade",
          "Rest",
          "Attract",
          "Thief",
          "Low Sweep",
          "Round",
          "Fling",
          "Acrobatics",
          "Shadow Claw",
          "Payback",
          "Thunder Wave",
          "Dream Eater",
          "Grass Knot",
          "Swagger",
          "Sleep Talk",
          "U-turn",
          "Substitute",
          "Confide"
        ],
        "tmMoves6": [
          "Hone Claws",
          "Toxic",
          "Hidden Power",
          "Sunny Day",
          "Taunt",
          "Protect",
          "Rain Dance",
          "Frustration",
          "Solar Beam",
          "Thunderbolt",
          "Thunder",
          "Return",
          "Dig",
          "Shadow Ball",
          "Brick Break",
          "Double Team",
          "Aerial Ace",
          "Facade",
          "Rest",
          "Attract",
          "Thief",
          "Low Sweep",
          "Round",
          "Fling",
          "Acrobatics",
          "Shadow Claw",
          "Payback",
          "Retaliate",
          "Thunder Wave",
          "Dream Eater",
          "Grass Knot",
          "Swagger",
          "Sleep Talk",
          "U-turn",
          "Substitute",
          "Secret Power",
          "Power-Up Punch",
          "Confide"
        ],
        "tmMoves5": [
          "Hone Claws",
          "Toxic",
          "Hidden Power",
          "Sunny Day",
          "Taunt",
          "Protect",
          "Rain Dance",
          "Frustration",
          "Solar Beam",
          "Thunderbolt",
          "Thunder",
          "Return",
          "Dig",
          "Shadow Ball",
          "Brick Break",
          "Double Team",
          "Aerial Ace",
          "Facade",
          "Rest",
          "Attract",
          "Thief",
          "Low Sweep",
          "Round",
          "Fling",
          "Acrobatics",
          "Shadow Claw",
          "Payback",
          "Retaliate",
          "Thunder Wave",
          "Work Up",
          "Dream Eater",
          "Grass Knot",
          "Swagger",
          "U-turn",
          "Substitute",
          "Rock Smash"
        ],
        "tmMoves4": [
          "Focus Punch",
          "Water Pulse",
          "Toxic",
          "Hidden Power",
          "Sunny Day",
          "Taunt",
          "Protect",
          "Rain Dance",
          "Frustration",
          "Solar Beam",
          "Iron Tail",
          "Thunderbolt",
          "Thunder",
          "Return",
          "Dig",
          "Shadow Ball",
          "Brick Break",
          "Double Team",
          "Shock Wave",
          "Aerial Ace",
          "Facade",
          "Secret Power",
          "Rest",
          "Attract",
          "Thief",
          "Snatch",
          "Fling",
          "Endure",
          "Shadow Claw",
          "Payback",
          "Thunder Wave",
          "Captivate",
          "Sleep Talk",
          "Natural Gift",
          "Dream Eater",
          "Grass Knot",
          "Swagger",
          "U-turn",
          "Substitute"
        ],
        "tmMoves3": [
          "Focus Punch",
          "Water Pulse",
          "Toxic",
          "Hidden Power",
          "Sunny Day",
          "Taunt",
          "Protect",
          "Rain Dance",
          "Frustration",
          "Solar Beam",
          "Iron Tail",
          "Thunderbolt",
          "Thunder",
          "Return",
          "Dig",
          "Shadow Ball",
          "Brick Break",
          "Double Team",
          "Shock Wave",
          "Aerial Ace",
          "Facade",
          "Secret Power",
          "Rest",
          "Attract",
          "Thief",
          "Snatch"
        ],
        "tmMoves2": [
          "Dynamic Punch",
          "Headbutt",
          "Curse",
          "Toxic",
          "Zap Cannon",
          "Rock Smash",
          "Hidden Power",
          "Sunny Day",
          "Snore",
          "Protect",
          "Endure",
          "Frustration",
          "Iron Tail",
          "Thunder",
          "Return",
          "Shadow Ball",
          "Mud-Slap",
          "Double Team",
          "Ice Punch",
          "Swagger",
          "Sleep Talk",
          "Swift",
          "Defense Curl",
          "Thunder Punch",
          "Dream Eater",
          "Detect",
          "Rest",
          "Attract",
          "Thief",
          "Fire Punch",
          "Fury Cutter",
          "Nightmare"
        ],
        "tmMoves1": [],
        "tmMoves": []
      },
      "abilities": {
        "abilities": [
          "RunAway",
          "Pickup"
        ],
        "hiddenAbilities": [
          "SkillLink"
        ]
      },
      "movement": {
        "rideable": false,
        "canFly": false,
        "canSurf": false,
        "canRideShoulder": false
      },
      "aggression": {
        "timid": 80,
        "passive": 0,
        "aggressive": 20
      },
      "battleStats": {
        "hp": 55,
        "attack": 70,
        "defense": 55,
        "specialAttack": 40,
        "specialDefense": 55,
        "speed": 85
      },
      "tags": [],
      "spawn": {
        "baseExp": 94,
        "baseFriendship": 70,
        "spawnLevel": 5,
        "spawnLevelRange": 25,
        "spawnLocations": [
          "LAND"
        ]
      },
      "possibleGenders": [
        "MALE",
        "FEMALE"
      ],
      "genderProperties": [
        {
          "gender": "ALL",
          "palettes": [
            {
              "name": "none",
              "texture": "pixelmon:pokemon/190_aipom/all/base/none/texture.png",
              "sprite": "pixelmon:pokemon/190_aipom/all/base/none/sprite.png",
              "particle": "",
              "modelLocator": {
                "factoryType": "NORMAL",
                "pqc": [
                  "pixelmon:pokemon/190_aipom/all/base/none/model.pqc"
                ]
              },
              "sounds": [
                "pixelmon.mob.aipom",
                "pixelmon.mob.aipom"
              ]
            },
            {
              "name": "shiny",
              "texture": "pixelmon:pokemon/190_aipom/all/base/shiny/texture.png",
              "sprite": "pixelmon:pokemon/190_aipom/all/base/shiny/sprite.png",
              "particle": "arcanery:shiny"
            },
			{
              "name": "cny 1",
              "texture": "pixelmon:pokemon/190_aipom/all/base/custom-cny1/texture.png",
              "sprite": "pixelmon:pokemon/190_aipom/all/base/custom-cny1/sprite.png",
              "particle": ""
            },
			{
              "name": "cny 2",
              "texture": "pixelmon:pokemon/190_aipom/all/base/custom-cny2/texture.png",
              "sprite": "pixelmon:pokemon/190_aipom/all/base/custom-cny2/sprite.png",
              "particle": ""
            },
			{
              "name": "ditto 1",
              "texture": "pixelmon:pokemon/190_aipom/all/base/custom-ditto1/texture.png",
              "sprite": "pixelmon:pokemon/190_aipom/all/base/custom-ditto1/sprite.png",
              "particle": ""
            },
			{
              "name": "ditto 2",
              "texture": "pixelmon:pokemon/190_aipom/all/base/custom-ditto2/texture.png",
              "sprite": "pixelmon:pokemon/190_aipom/all/base/custom-ditto2/sprite.png",
              "particle": ""
            },
			{
              "name": "halloween",
              "texture": "pixelmon:pokemon/190_aipom/all/base/custom-halloween/texture.png",
              "sprite": "pixelmon:pokemon/190_aipom/all/base/custom-halloween/sprite.png",
              "particle": ""
            },
			{
              "name": "magma",
              "texture": "pixelmon:pokemon/190_aipom/all/base/custom-magma/texture.png",
              "sprite": "pixelmon:pokemon/190_aipom/all/base/custom-magma/sprite.png",
              "particle": ""
            },
			{
              "name": "nintendo",
              "texture": "pixelmon:pokemon/190_aipom/all/base/custom-nintendo/texture.png",
              "sprite": "pixelmon:pokemon/190_aipom/all/base/custom-nintendo/sprite.png",
              "particle": ""
            },
			{
              "name": "purified 1",
              "texture": "pixelmon:pokemon/190_aipom/all/base/custom-purified1/texture.png",
              "sprite": "pixelmon:pokemon/190_aipom/all/base/custom-purified1/sprite.png",
              "particle": ""
            },
			{
              "name": "purified 2",
              "texture": "pixelmon:pokemon/190_aipom/all/base/custom-purified2/texture.png",
              "sprite": "pixelmon:pokemon/190_aipom/all/base/custom-purified2/sprite.png",
              "particle": ""
            }
          ]
        }
      ],
      "eggGroups": [
        "FIELD"
      ],
      "types": [
        "NORMAL"
      ],
      "preEvolutions": [],
      "defaultBaseForm": "",
      "megaItems": [],
      "megas": [],
      "gigantamax": {
        "canHaveFactor": false,
        "canGigantamax": false
      },
      "eggCycles": 21,
      "weight": 11.5,
      "catchRate": 45,
      "malePercentage": 0,
      "evolutions": [
        {
          "to": "Ambipom",
          "conditions": [
            {
              "attackName": "Double Hit",
              "evoConditionType": "move"
            }
          ],
          "evoType": "leveling"
        }
      ],
      "evYields": {
        "speed": 1
      }
    },
	{
      "name": "centonian",
      "experienceGroup": "FAST",
      "dimensions": {
        "height": 0.8,
        "width": 0.8,
        "length": 1,
        "eyeHeight": 0.8,
        "hoverHeight": 0.8
      },
      "genderProperties": [
        {
          "gender": "ALL",
          "palettes": [
            {
              "name": "none",
              "texture": "pixelmon:pokemon/190_aipom/all/centonian/none/texture.png",
              "sprite": "pixelmon:pokemon/190_aipom/all/centonian/none/sprite.png",
              "particle": "",
              "modelLocator": {
                "factoryType": "NORMAL",
                "pqc": [
                  "pixelmon:pokemon/190_aipom/all/centonian/none/model.pqc"
                ]
              },
              "sounds": [
                "pixelmon.mob.aipom",
                "pixelmon.mob.aipom"
              ]
            },
            {
              "name": "shiny",
              "texture": "pixelmon:pokemon/190_aipom/all/centonian/shiny/texture.png",
              "sprite": "pixelmon:pokemon/190_aipom/all/centonian/shiny/sprite.png",
              "particle": "arcanery:shiny"
            }
          ]
		}
	  ]	
	}
  ],
  "generation": 2
}
