{
  "name": "Sunflora",
  "dex": 192,
  "defaultForms": [
    ""
  ],
  "forms": [
    {
      "name": "",
      "experienceGroup": "MEDIUM_SLOW",
      "dimensions": {
        "height": 0.8,
        "width": 0.6,
        "length": 1,
        "eyeHeight": 0.8,
        "hoverHeight": 0.8
      },
      "moves": {
        "levelUpMoves": [
          {
            "level": 0,
            "attacks": [
              "Absorb",
              "Flower Shield",
              "Growth",
              "Pound"
            ]
          },
          {
            "level": 4,
            "attacks": [
              "Ingrain"
            ]
          },
          {
            "level": 7,
            "attacks": [
              "Grass Whistle"
            ]
          },
          {
            "level": 10,
            "attacks": [
              "Mega Drain"
            ]
          },
          {
            "level": 13,
            "attacks": [
              "Leech Seed"
            ]
          },
          {
            "level": 16,
            "attacks": [
              "Razor Leaf"
            ]
          },
          {
            "level": 19,
            "attacks": [
              "Worry Seed"
            ]
          },
          {
            "level": 22,
            "attacks": [
              "Giga Drain"
            ]
          },
          {
            "level": 25,
            "attacks": [
              "Bullet Seed"
            ]
          },
          {
            "level": 28,
            "attacks": [
              "Petal Dance"
            ]
          },
          {
            "level": 31,
            "attacks": [
              "Natural Gift"
            ]
          },
          {
            "level": 34,
            "attacks": [
              "Solar Beam"
            ]
          },
          {
            "level": 37,
            "attacks": [
              "Double-Edge"
            ]
          },
          {
            "level": 40,
            "attacks": [
              "Sunny Day"
            ]
          },
          {
            "level": 43,
            "attacks": [
              "Leaf Storm"
            ]
          },
          {
            "level": 50,
            "attacks": [
              "Petal Blizzard"
            ]
          }
        ],
        "tutorMoves": [
          "After You",
          "Earth Power",
          "Endeavor",
          "Giga Drain",
          "Helping Hand",
          "Seed Bomb",
          "Snore",
          "Synthesis",
          "Uproar",
          "Worry Seed"
        ],
        "eggMoves": [
          "Bide",
          "Curse",
          "Encore",
          "Endure",
          "Grass Whistle",
          "Grassy Terrain",
          "Helping Hand",
          "Ingrain",
          "Leech Seed",
          "Morning Sun",
          "Natural Gift",
          "Nature Power",
          "Sweet Scent"
        ],
        "tmMoves8": [],
        "trMoves": [],
        "hmMoves": [],
        "transferMoves": [
          "Captivate",
          "Cut",
          "Flash",
          "Mimic",
          "Secret Power"
        ],
        "tmMoves7": [
          "Toxic",
          "Hidden Power",
          "Sunny Day",
          "Hyper Beam",
          "Light Screen",
          "Protect",
          "Safeguard",
          "Frustration",
          "Solar Beam",
          "Return",
          "Double Team",
          "Sludge Bomb",
          "Facade",
          "Rest",
          "Attract",
          "Round",
          "Energy Ball",
          "Giga Impact",
          "Swords Dance",
          "Grass Knot",
          "Swagger",
          "Sleep Talk",
          "Substitute",
          "Nature Power",
          "Confide"
        ],
        "tmMoves6": [
          "Toxic",
          "Hidden Power",
          "Sunny Day",
          "Hyper Beam",
          "Light Screen",
          "Protect",
          "Safeguard",
          "Frustration",
          "Solar Beam",
          "Return",
          "Double Team",
          "Sludge Bomb",
          "Facade",
          "Rest",
          "Attract",
          "Round",
          "Energy Ball",
          "Giga Impact",
          "Flash",
          "Swords Dance",
          "Grass Knot",
          "Swagger",
          "Sleep Talk",
          "Substitute",
          "Secret Power",
          "Nature Power",
          "Confide"
        ],
        "tmMoves5": [
          "Toxic",
          "Hidden Power",
          "Sunny Day",
          "Hyper Beam",
          "Light Screen",
          "Protect",
          "Safeguard",
          "Frustration",
          "Solar Beam",
          "Return",
          "Double Team",
          "Sludge Bomb",
          "Facade",
          "Rest",
          "Attract",
          "Round",
          "Energy Ball",
          "Giga Impact",
          "Flash",
          "Swords Dance",
          "Grass Knot",
          "Swagger",
          "Substitute"
        ],
        "tmMoves4": [
          "Toxic",
          "Bullet Seed",
          "Hidden Power",
          "Sunny Day",
          "Hyper Beam",
          "Light Screen",
          "Protect",
          "Giga Drain",
          "Safeguard",
          "Frustration",
          "Solar Beam",
          "Return",
          "Double Team",
          "Sludge Bomb",
          "Facade",
          "Secret Power",
          "Rest",
          "Attract",
          "Energy Ball",
          "Endure",
          "Giga Impact",
          "Flash",
          "Swords Dance",
          "Captivate",
          "Sleep Talk",
          "Natural Gift",
          "Grass Knot",
          "Swagger",
          "Substitute"
        ],
        "tmMoves3": [
          "Toxic",
          "Bullet Seed",
          "Hidden Power",
          "Sunny Day",
          "Hyper Beam",
          "Light Screen",
          "Protect",
          "Giga Drain",
          "Safeguard",
          "Frustration",
          "Solar Beam",
          "Return",
          "Double Team",
          "Sludge Bomb",
          "Facade",
          "Secret Power",
          "Rest",
          "Attract"
        ],
        "tmMoves2": [
          "Curse",
          "Toxic",
          "Hidden Power",
          "Sunny Day",
          "Sweet Scent",
          "Snore",
          "Hyper Beam",
          "Protect",
          "Giga Drain",
          "Endure",
          "Frustration",
          "Solar Beam",
          "Return",
          "Double Team",
          "Swagger",
          "Sleep Talk",
          "Sludge Bomb",
          "Rest",
          "Attract"
        ],
        "tmMoves1": [],
        "tmMoves": []
      },
      "abilities": {
        "abilities": [
          "Chlorophyll",
          "SolarPower"
        ],
        "hiddenAbilities": [
          "EarlyBird"
        ]
      },
      "movement": {
        "rideable": false,
        "canFly": false,
        "canSurf": false,
        "canRideShoulder": false
      },
      "aggression": {
        "timid": 80,
        "passive": 0,
        "aggressive": 20
      },
      "battleStats": {
        "hp": 75,
        "attack": 75,
        "defense": 55,
        "specialAttack": 105,
        "specialDefense": 85,
        "speed": 30
      },
      "tags": [],
      "spawn": {
        "baseExp": 146,
        "baseFriendship": 70,
        "spawnLevel": 10,
        "spawnLevelRange": 40,
        "spawnLocations": [
          "LAND"
        ]
      },
      "possibleGenders": [
        "MALE",
        "FEMALE"
      ],
      "genderProperties": [
        {
          "gender": "ALL",
          "palettes": [
            {
              "name": "none",
              "texture": "pixelmon:pokemon/192_sunflora/all/base/none/texture.png",
              "sprite": "pixelmon:pokemon/192_sunflora/all/base/none/sprite.png",
              "particle": "",
              "modelLocator": {
                "factoryType": "NORMAL",
                "pqc": [
                  "pixelmon:pokemon/192_sunflora/all/base/none/model.pqc"
                ]
              },
              "sounds": [
                "pixelmon.mob.sunflora",
                "pixelmon.mob.sunflora"
              ]
            },
            {
              "name": "shiny",
              "texture": "pixelmon:pokemon/192_sunflora/all/base/shiny/texture.png",
              "sprite": "pixelmon:pokemon/192_sunflora/all/base/shiny/sprite.png",
              "particle": "arcanery:shiny"
            },
			{
              "name": "glass",
              "texture": "pixelmon:pokemon/192_sunflora/all/base/custom-glass/texture.png",
              "sprite": "pixelmon:pokemon/192_sunflora/all/base/custom-glass/sprite.png",
              "particle": ""
            },
			{
              "name": "summer",
              "texture": "pixelmon:pokemon/192_sunflora/all/base/custom-summer/texture.png",
              "sprite": "pixelmon:pokemon/192_sunflora/all/base/custom-summer/sprite.png",
              "particle": ""
            }
          ]
        }
      ],
      "eggGroups": [
        "GRASS"
      ],
      "types": [
        "GRASS"
      ],
      "preEvolutions": [
        "Sunkern"
      ],
      "defaultBaseForm": "",
      "megaItems": [],
      "megas": [],
      "gigantamax": {
        "canHaveFactor": false,
        "canGigantamax": false
      },
      "eggCycles": 21,
      "weight": 8.5,
      "catchRate": 120,
      "malePercentage": 0,
      "evolutions": [],
      "evYields": {
        "specialAttack": 2
      }
    },
    {
      "name": "burst",
      "experienceGroup": "MEDIUM_SLOW",
      "dimensions": {
        "height": 0.8,
        "width": 0.6,
        "length": 1,
        "eyeHeight": 0.8,
        "hoverHeight": 0.8
      },	
      "genderProperties": [
        {
          "gender": "ALL",
          "palettes": [
            {
              "name": "none",
              "texture": "pixelmon:pokemon/192_sunflora/all/burst/none/texture.png",
              "sprite": "pixelmon:pokemon/192_sunflora/all/burst/none/sprite.png",
              "particle": "",
              "modelLocator": {
                "factoryType": "NORMAL",
                "pqc": [
                  "pixelmon:pokemon/192_sunflora/all/burst/none/model.pqc"
                ]
              },
              "sounds": [
                "pixelmon.mob.sunflora",
                "pixelmon.mob.sunflora"
              ]
            },
            {
              "name": "shiny",
              "texture": "pixelmon:pokemon/192_sunflora/all/burst/shiny/texture.png",
              "sprite": "pixelmon:pokemon/192_sunflora/all/burst/shiny/sprite.png",
              "particle": "arcanery:shiny"
            }	
          ]
		}
	  ]	
	}
  ],
  "generation": 2
}
