{
  "name": "Espeon",
  "dex": 196,
  "defaultForms": [
    ""
  ],
  "forms": [
    {
      "name": "",
      "experienceGroup": "MEDIUM_FAST",
      "dimensions": {
        "height": 1.2,
        "width": 1.2,
        "length": 1,
        "eyeHeight": 1.2,
        "hoverHeight": 1.2
      },
      "moves": {
        "levelUpMoves": [
          {
            "level": 0,
            "attacks": [
              "Baton Pass",
              "Bite",
              "Charm",
              "Confusion",
              "Copycat",
              "Covet",
              "Double-Edge",
              "Growl",
              "Helping Hand",
              "Tackle",
              "Tail Whip",
              "Take Down"
            ]
          },
          {
            "level": 5,
            "attacks": [
              "Sand Attack"
            ]
          },
          {
            "level": 10,
            "attacks": [
              "Quick Attack"
            ]
          },
          {
            "level": 15,
            "attacks": [
              "Baby-Doll Eyes"
            ]
          },
          {
            "level": 20,
            "attacks": [
              "Swift"
            ]
          },
          {
            "level": 25,
            "attacks": [
              "Psybeam"
            ]
          },
          {
            "level": 30,
            "attacks": [
              "Morning Sun"
            ]
          },
          {
            "level": 35,
            "attacks": [
              "Power Swap"
            ]
          },
          {
            "level": 40,
            "attacks": [
              "Psychic"
            ]
          },
          {
            "level": 45,
            "attacks": [
              "Psych Up"
            ]
          },
          {
            "level": 50,
            "attacks": [
              "Future Sight"
            ]
          },
          {
            "level": 55,
            "attacks": [
              "Last Resort"
            ]
          }
        ],
        "tutorMoves": [
          "Celebrate",
          "Expanding Force"
        ],
        "eggMoves": [
          "Curse",
          "Detect",
          "Double Kick",
          "Flail",
          "Mud-Slap",
          "Tickle",
          "Wish",
          "Yawn"
        ],
        "tmMoves8": [
          "Pay Day",
          "Hyper Beam",
          "Giga Impact",
          "Dig",
          "Light Screen",
          "Reflect",
          "Rest",
          "Snore",
          "Protect",
          "Charm",
          "Attract",
          "Rain Dance",
          "Sunny Day",
          "Facade",
          "Swift",
          "Helping Hand",
          "Weather Ball",
          "Fake Tears",
          "Power Swap",
          "Trick Room",
          "Magic Room",
          "Round",
          "Retaliate"
        ],
        "trMoves": [
          "Body Slam",
          "Psychic",
          "Focus Energy",
          "Substitute",
          "Psyshock",
          "Endure",
          "Sleep Talk",
          "Baton Pass",
          "Iron Tail",
          "Shadow Ball",
          "Future Sight",
          "Trick",
          "Skill Swap",
          "Hyper Voice",
          "Calm Mind",
          "Zen Headbutt",
          "Grass Knot",
          "Stored Power",
          "Ally Switch",
          "Work Up",
          "Dazzling Gleam",
          "Psychic Fangs"
        ],
        "hmMoves": [],
        "transferMoves": [
          "Bide",
          "Captivate",
          "Confide",
          "Cut",
          "Double Team",
          "Dream Eater",
          "Echoed Voice",
          "Flash",
          "Frustration",
          "Headbutt",
          "Heal Bell",
          "Hidden Power",
          "Laser Focus",
          "Magic Coat",
          "Mimic",
          "Natural Gift",
          "Nightmare",
          "Rage",
          "Refresh",
          "Return",
          "Secret Power",
          "Signal Beam",
          "Sing",
          "Skull Bash",
          "Swagger",
          "Synchronoise",
          "Telekinesis",
          "Toxic",
          "Trump Card",
          "Zap Cannon"
        ],
        "tmMoves7": [
          "Work Up",
          "Psyshock",
          "Calm Mind",
          "Toxic",
          "Hidden Power",
          "Sunny Day",
          "Hyper Beam",
          "Light Screen",
          "Protect",
          "Rain Dance",
          "Frustration",
          "Return",
          "Psychic",
          "Shadow Ball",
          "Double Team",
          "Reflect",
          "Facade",
          "Rest",
          "Attract",
          "Round",
          "Echoed Voice",
          "Giga Impact",
          "Psych Up",
          "Dream Eater",
          "Grass Knot",
          "Swagger",
          "Sleep Talk",
          "Substitute",
          "Trick Room",
          "Dazzling Gleam",
          "Confide"
        ],
        "tmMoves6": [
          "Psyshock",
          "Calm Mind",
          "Toxic",
          "Hidden Power",
          "Sunny Day",
          "Hyper Beam",
          "Light Screen",
          "Protect",
          "Rain Dance",
          "Frustration",
          "Return",
          "Dig",
          "Psychic",
          "Shadow Ball",
          "Double Team",
          "Reflect",
          "Facade",
          "Rest",
          "Attract",
          "Round",
          "Echoed Voice",
          "Retaliate",
          "Giga Impact",
          "Flash",
          "Psych Up",
          "Dream Eater",
          "Grass Knot",
          "Swagger",
          "Sleep Talk",
          "Substitute",
          "Trick Room",
          "Secret Power",
          "Dazzling Gleam",
          "Confide"
        ],
        "tmMoves5": [
          "Psyshock",
          "Calm Mind",
          "Toxic",
          "Hidden Power",
          "Sunny Day",
          "Hyper Beam",
          "Light Screen",
          "Protect",
          "Rain Dance",
          "Telekinesis",
          "Frustration",
          "Return",
          "Dig",
          "Psychic",
          "Shadow Ball",
          "Double Team",
          "Reflect",
          "Facade",
          "Rest",
          "Attract",
          "Round",
          "Echoed Voice",
          "Retaliate",
          "Giga Impact",
          "Flash",
          "Psych Up",
          "Work Up",
          "Dream Eater",
          "Grass Knot",
          "Swagger",
          "Substitute",
          "Trick Room"
        ],
        "tmMoves4": [
          "Calm Mind",
          "Toxic",
          "Hidden Power",
          "Sunny Day",
          "Hyper Beam",
          "Light Screen",
          "Protect",
          "Rain Dance",
          "Frustration",
          "Iron Tail",
          "Return",
          "Dig",
          "Psychic",
          "Shadow Ball",
          "Double Team",
          "Reflect",
          "Facade",
          "Secret Power",
          "Rest",
          "Attract",
          "Skill Swap",
          "Endure",
          "Giga Impact",
          "Flash",
          "Psych Up",
          "Captivate",
          "Sleep Talk",
          "Natural Gift",
          "Dream Eater",
          "Grass Knot",
          "Swagger",
          "Substitute",
          "Trick Room"
        ],
        "tmMoves3": [
          "Calm Mind",
          "Toxic",
          "Hidden Power",
          "Sunny Day",
          "Hyper Beam",
          "Light Screen",
          "Protect",
          "Rain Dance",
          "Frustration",
          "Iron Tail",
          "Return",
          "Dig",
          "Psychic",
          "Shadow Ball",
          "Double Team",
          "Reflect",
          "Facade",
          "Secret Power",
          "Rest",
          "Attract",
          "Skill Swap"
        ],
        "tmMoves2": [
          "Headbutt",
          "Curse",
          "Toxic",
          "Zap Cannon",
          "Psych Up",
          "Hidden Power",
          "Sunny Day",
          "Snore",
          "Hyper Beam",
          "Protect",
          "Rain Dance",
          "Endure",
          "Frustration",
          "Iron Tail",
          "Return",
          "Psychic",
          "Shadow Ball",
          "Mud-Slap",
          "Double Team",
          "Swagger",
          "Sleep Talk",
          "Swift",
          "Dream Eater",
          "Detect",
          "Rest",
          "Attract",
          "Nightmare"
        ],
        "tmMoves1": [],
        "tmMoves": []
      },
      "abilities": {
        "abilities": [
          "Synchronize"
        ],
        "hiddenAbilities": [
          "MagicBounce"
        ]
      },
      "movement": {
        "rideable": true,
        "canFly": false,
        "canSurf": false,
        "canRideShoulder": false,
        "ridingOffsets": {
          "standing": {
            "x": 0.0,
            "y": -0.65,
            "z": -0.35
          },
          "moving": {
            "x": 0.0,
            "y": -0.65,
            "z": -0.35
          }
        }
      },
      "aggression": {
        "timid": 80,
        "passive": 0,
        "aggressive": 20
      },
      "battleStats": {
        "hp": 65,
        "attack": 65,
        "defense": 60,
        "specialAttack": 130,
        "specialDefense": 95,
        "speed": 110
      },
      "tags": [],
      "spawn": {
        "baseExp": 184,
        "baseFriendship": 70,
        "spawnLevel": 35,
        "spawnLevelRange": 15,
        "spawnLocations": [
          "LAND"
        ]
      },
      "possibleGenders": [
        "MALE",
        "FEMALE"
      ],
      "genderProperties": [
        {
          "gender": "ALL",
          "palettes": [
            {
              "name": "none",
              "texture": "pixelmon:pokemon/196_espeon/all/base/none/texture.png",
              "sprite": "pixelmon:pokemon/196_espeon/all/base/none/sprite.png",
              "particle": "",
              "modelLocator": {
                "factoryType": "NORMAL",
                "pqc": [
                  "pixelmon:pokemon/196_espeon/all/base/none/model.pqc"
                ]
              },
              "sounds": [
                "pixelmon.mob.espeon",
                "pixelmon.mob.espeon"
              ]
            },
            {
              "name": "shiny",
              "texture": "pixelmon:pokemon/196_espeon/all/base/shiny/texture.png",
              "sprite": "pixelmon:pokemon/196_espeon/all/base/shiny/sprite.png",
              "particle": "arcanery:shiny"
            },
            {
              "name": "strike",
              "texture": "pixelmon:pokemon/196_espeon/all/base/strike/texture.png",
              "sprite": "pixelmon:pokemon/196_espeon/all/base/strike/sprite.png",
              "particle": ""
            },
            {
              "name": "spirit",
              "texture": "pixelmon:pokemon/196_espeon/all/base/spirit/texture.png",
              "sprite": "pixelmon:pokemon/196_espeon/all/base/spirit/sprite.png",
              "particle": ""
            },
			{
              "name": "alternative",
              "texture": "pixelmon:pokemon/196_espeon/all/base/custom-alternative/texture.png",
              "sprite": "pixelmon:pokemon/196_espeon/all/base/custom-alternative/sprite.png",
              "particle": ""
            },
			{
              "name": "anniversary",
              "texture": "pixelmon:pokemon/196_espeon/all/base/custom-anniversary/texture.png",
              "sprite": "pixelmon:pokemon/196_espeon/all/base/custom-anniversary/sprite.png",
              "particle": ""
            },
			{
              "name": "arctic",
              "texture": "pixelmon:pokemon/196_espeon/all/base/custom-arctic/texture.png",
              "sprite": "pixelmon:pokemon/196_espeon/all/base/custom-arctic/sprite.png",
              "particle": ""
            },
			{
              "name": "black and white",
              "texture": "pixelmon:pokemon/196_espeon/all/base/custom-black-white/texture.png",
              "sprite": "pixelmon:pokemon/196_espeon/all/base/custom-black-white/sprite.png",
              "particle": ""
            },
			{
              "name": "chocolate",
              "texture": "pixelmon:pokemon/196_espeon/all/base/custom-chocolate/texture.png",
              "sprite": "pixelmon:pokemon/196_espeon/all/base/custom-chocolate/sprite.png",
              "particle": ""
            },
			{
              "name": "cosmic",
              "texture": "pixelmon:pokemon/196_espeon/all/base/custom-cosmic/texture.png",
              "sprite": "pixelmon:pokemon/196_espeon/all/base/custom-cosmic/sprite.png",
              "particle": ""
            },
			{
              "name": "ditto",
              "texture": "pixelmon:pokemon/196_espeon/all/base/custom-ditto/texture.png",
              "sprite": "pixelmon:pokemon/196_espeon/all/base/custom-ditto/sprite.png",
              "particle": ""
            },
			{
              "name": "fusion",
              "texture": "pixelmon:pokemon/196_espeon/all/base/custom-fusion/texture.png",
              "sprite": "pixelmon:pokemon/196_espeon/all/base/custom-fusion/sprite.png",
              "particle": ""
            },
			{
              "name": "galaxy",
              "texture": "pixelmon:pokemon/196_espeon/all/base/custom-galaxy/texture.png",
              "sprite": "pixelmon:pokemon/196_espeon/all/base/custom-galaxy/sprite.png",
              "particle": ""
            },
			{
              "name": "halloween",
              "texture": "pixelmon:pokemon/196_espeon/all/base/custom-halloween/texture.png",
              "sprite": "pixelmon:pokemon/196_espeon/all/base/custom-halloween/sprite.png",
              "particle": ""
            },
			{
              "name": "ice",
              "texture": "pixelmon:pokemon/196_espeon/all/base/custom-ice/texture.png",
              "sprite": "pixelmon:pokemon/196_espeon/all/base/custom-ice/sprite.png",
              "particle": ""
            },
			{
              "name": "neon",
              "texture": "pixelmon:pokemon/196_espeon/all/base/custom-neon/texture.png",
              "sprite": "pixelmon:pokemon/196_espeon/all/base/custom-neon/sprite.png",
              "particle": ""
            },
			{
              "name": "purple haze",
              "texture": "pixelmon:pokemon/196_espeon/all/base/custom-purplehaze/texture.png",
              "sprite": "pixelmon:pokemon/196_espeon/all/base/custom-purplehaze/sprite.png",
              "particle": ""
            },
			{
              "name": "rangos",
              "texture": "pixelmon:pokemon/196_espeon/all/base/custom-rangos/texture.png",
              "sprite": "pixelmon:pokemon/196_espeon/all/base/custom-rangos/sprite.png",
              "particle": ""
            },
			{
              "name": "rocket",
              "texture": "pixelmon:pokemon/196_espeon/all/base/custom-rocket/texture.png",
              "sprite": "pixelmon:pokemon/196_espeon/all/base/custom-rocket/sprite.png",
              "particle": ""
            },
			{
              "name": "shadow 1",
              "texture": "pixelmon:pokemon/196_espeon/all/base/custom-shadow1/texture.png",
              "sprite": "pixelmon:pokemon/196_espeon/all/base/custom-shadow1/sprite.png",
              "particle": ""
            },
			{
              "name": "shadow 2",
              "texture": "pixelmon:pokemon/196_espeon/all/base/custom-shadow2/texture.png",
              "sprite": "pixelmon:pokemon/196_espeon/all/base/custom-shadow2/sprite.png",
              "particle": ""
            },
			{
              "name": "valentines 1",
              "texture": "pixelmon:pokemon/196_espeon/all/base/custom-val1/texture.png",
              "sprite": "pixelmon:pokemon/196_espeon/all/base/custom-val1/sprite.png",
              "particle": ""
            },
			{
              "name": "valentines 2",
              "texture": "pixelmon:pokemon/196_espeon/all/base/custom-val2/texture.png",
              "sprite": "pixelmon:pokemon/196_espeon/all/base/custom-val2/sprite.png",
              "particle": ""
            }
          ]
        }
      ],
      "eggGroups": [
        "FIELD"
      ],
      "types": [
        "PSYCHIC"
      ],
      "preEvolutions": [
        "Eevee"
      ],
      "defaultBaseForm": "",
      "megaItems": [],
      "megas": [],
      "gigantamax": {
        "canHaveFactor": false,
        "canGigantamax": false
      },
      "eggCycles": 36,
      "weight": 26.5,
      "catchRate": 45,
      "malePercentage": 0,
      "evolutions": [],
      "evYields": {
        "specialAttack": 2
      }
    }
  ],
  "generation": 2
}
