{
  "name": "Umbreon",
  "dex": 197,
  "defaultForms": [
    ""
  ],
  "forms": [
    {
      "name": "",
      "experienceGroup": "MEDIUM_FAST",
      "dimensions": {
        "height": 1.1,
        "width": 1.1,
        "length": 1,
        "eyeHeight": 1.1,
        "hoverHeight": 1.1
      },
      "moves": {
        "levelUpMoves": [
          {
            "level": 0,
            "attacks": [
              "Baton Pass",
              "Bite",
              "Charm",
              "Copycat",
              "Covet",
              "Double-Edge",
              "Growl",
              "Helping Hand",
              "Snarl",
              "Swift",
              "Tackle",
              "Tail Whip",
              "Take Down"
            ]
          },
          {
            "level": 5,
            "attacks": [
              "Sand Attack"
            ]
          },
          {
            "level": 10,
            "attacks": [
              "Quick Attack"
            ]
          },
          {
            "level": 15,
            "attacks": [
              "Baby-Doll Eyes"
            ]
          },
          {
            "level": 20,
            "attacks": [
              "Confuse Ray"
            ]
          },
          {
            "level": 25,
            "attacks": [
              "Assurance"
            ]
          },
          {
            "level": 30,
            "attacks": [
              "Moonlight"
            ]
          },
          {
            "level": 35,
            "attacks": [
              "Guard Swap"
            ]
          },
          {
            "level": 40,
            "attacks": [
              "Dark Pulse"
            ]
          },
          {
            "level": 45,
            "attacks": [
              "Screech"
            ]
          },
          {
            "level": 50,
            "attacks": [
              "Mean Look"
            ]
          },
          {
            "level": 55,
            "attacks": [
              "Last Resort"
            ]
          }
        ],
        "tutorMoves": [
          "Celebrate",
          "Lash Out"
        ],
        "eggMoves": [
          "Curse",
          "Detect",
          "Double Kick",
          "Flail",
          "Mud-Slap",
          "Tickle",
          "Wish",
          "Yawn"
        ],
        "tmMoves8": [
          "Pay Day",
          "Hyper Beam",
          "Giga Impact",
          "Dig",
          "Screech",
          "Rest",
          "Thief",
          "Snore",
          "Protect",
          "Charm",
          "Attract",
          "Rain Dance",
          "Sunny Day",
          "Facade",
          "Swift",
          "Helping Hand",
          "Weather Ball",
          "Fake Tears",
          "Payback",
          "Assurance",
          "Guard Swap",
          "Wonder Room",
          "Round",
          "Retaliate",
          "Snarl"
        ],
        "trMoves": [
          "Body Slam",
          "Psychic",
          "Focus Energy",
          "Substitute",
          "Endure",
          "Sleep Talk",
          "Baton Pass",
          "Iron Tail",
          "Crunch",
          "Shadow Ball",
          "Taunt",
          "Hyper Voice",
          "Dark Pulse",
          "Foul Play",
          "Stored Power",
          "Work Up",
          "Throat Chop"
        ],
        "hmMoves": [],
        "transferMoves": [
          "Bide",
          "Captivate",
          "Confide",
          "Cut",
          "Double Team",
          "Dream Eater",
          "Echoed Voice",
          "Feint Attack",
          "Flash",
          "Frustration",
          "Headbutt",
          "Heal Bell",
          "Hidden Power",
          "Laser Focus",
          "Mimic",
          "Natural Gift",
          "Nightmare",
          "Psych Up",
          "Pursuit",
          "Rage",
          "Refresh",
          "Return",
          "Secret Power",
          "Sing",
          "Skull Bash",
          "Snatch",
          "Spite",
          "Sucker Punch",
          "Swagger",
          "Synchronoise",
          "Torment",
          "Toxic",
          "Trump Card",
          "Zap Cannon"
        ],
        "tmMoves7": [
          "Work Up",
          "Toxic",
          "Hidden Power",
          "Sunny Day",
          "Taunt",
          "Hyper Beam",
          "Protect",
          "Rain Dance",
          "Frustration",
          "Return",
          "Psychic",
          "Shadow Ball",
          "Double Team",
          "Torment",
          "Facade",
          "Rest",
          "Attract",
          "Round",
          "Echoed Voice",
          "Payback",
          "Giga Impact",
          "Psych Up",
          "Dream Eater",
          "Swagger",
          "Sleep Talk",
          "Substitute",
          "Snarl",
          "Dark Pulse",
          "Confide"
        ],
        "tmMoves6": [
          "Toxic",
          "Hidden Power",
          "Sunny Day",
          "Taunt",
          "Hyper Beam",
          "Protect",
          "Rain Dance",
          "Frustration",
          "Return",
          "Dig",
          "Psychic",
          "Shadow Ball",
          "Double Team",
          "Torment",
          "Facade",
          "Rest",
          "Attract",
          "Round",
          "Echoed Voice",
          "Payback",
          "Retaliate",
          "Giga Impact",
          "Flash",
          "Psych Up",
          "Dream Eater",
          "Swagger",
          "Sleep Talk",
          "Substitute",
          "Secret Power",
          "Snarl",
          "Dark Pulse",
          "Confide"
        ],
        "tmMoves5": [
          "Toxic",
          "Hidden Power",
          "Sunny Day",
          "Taunt",
          "Hyper Beam",
          "Protect",
          "Rain Dance",
          "Frustration",
          "Return",
          "Dig",
          "Psychic",
          "Shadow Ball",
          "Double Team",
          "Torment",
          "Facade",
          "Rest",
          "Attract",
          "Round",
          "Echoed Voice",
          "Payback",
          "Retaliate",
          "Giga Impact",
          "Flash",
          "Psych Up",
          "Work Up",
          "Dream Eater",
          "Swagger",
          "Substitute",
          "Snarl"
        ],
        "tmMoves4": [
          "Toxic",
          "Hidden Power",
          "Sunny Day",
          "Taunt",
          "Hyper Beam",
          "Protect",
          "Rain Dance",
          "Frustration",
          "Iron Tail",
          "Return",
          "Dig",
          "Psychic",
          "Shadow Ball",
          "Double Team",
          "Torment",
          "Facade",
          "Secret Power",
          "Rest",
          "Attract",
          "Snatch",
          "Endure",
          "Payback",
          "Giga Impact",
          "Flash",
          "Psych Up",
          "Captivate",
          "Dark Pulse",
          "Sleep Talk",
          "Natural Gift",
          "Dream Eater",
          "Swagger",
          "Substitute"
        ],
        "tmMoves3": [
          "Toxic",
          "Hidden Power",
          "Sunny Day",
          "Taunt",
          "Hyper Beam",
          "Protect",
          "Rain Dance",
          "Frustration",
          "Iron Tail",
          "Return",
          "Dig",
          "Psychic",
          "Shadow Ball",
          "Double Team",
          "Torment",
          "Facade",
          "Secret Power",
          "Rest",
          "Attract",
          "Snatch"
        ],
        "tmMoves2": [
          "Headbutt",
          "Curse",
          "Toxic",
          "Zap Cannon",
          "Psych Up",
          "Hidden Power",
          "Sunny Day",
          "Snore",
          "Hyper Beam",
          "Protect",
          "Rain Dance",
          "Endure",
          "Frustration",
          "Iron Tail",
          "Return",
          "Psychic",
          "Shadow Ball",
          "Mud-Slap",
          "Double Team",
          "Swagger",
          "Sleep Talk",
          "Swift",
          "Dream Eater",
          "Detect",
          "Rest",
          "Attract",
          "Nightmare"
        ],
        "tmMoves1": [],
        "tmMoves": []
      },
      "abilities": {
        "abilities": [
          "Synchronize"
        ],
        "hiddenAbilities": [
          "InnerFocus"
        ]
      },
      "movement": {
        "rideable": true,
        "canFly": false,
        "canSurf": false,
        "canRideShoulder": false,
        "ridingOffsets": {
          "standing": {
            "x": 0.0,
            "y": -0.85,
            "z": -0.15
          },
          "moving": {
            "x": 0.0,
            "y": -0.85,
            "z": -0.15
          }
        }
      },
      "aggression": {
        "timid": 80,
        "passive": 0,
        "aggressive": 20
      },
      "battleStats": {
        "hp": 95,
        "attack": 65,
        "defense": 110,
        "specialAttack": 60,
        "specialDefense": 130,
        "speed": 65
      },
      "tags": [],
      "spawn": {
        "baseExp": 184,
        "baseFriendship": 35,
        "spawnLevel": 45,
        "spawnLevelRange": 5,
        "spawnLocations": [
          "LAND"
        ]
      },
      "possibleGenders": [
        "MALE",
        "FEMALE"
      ],
      "genderProperties": [
        {
          "gender": "ALL",
          "palettes": [
            {
              "name": "none",
              "texture": "pixelmon:pokemon/197_umbreon/all/base/none/texture.png",
              "sprite": "pixelmon:pokemon/197_umbreon/all/base/none/sprite.png",
              "particle": "",
              "modelLocator": {
                "factoryType": "NORMAL",
                "pqc": [
                  "pixelmon:pokemon/197_umbreon/all/base/none/model.pqc"
                ]
              },
              "sounds": []
            },
            {
              "name": "shiny",
              "texture": "pixelmon:pokemon/197_umbreon/all/base/shiny/texture.png",
              "sprite": "pixelmon:pokemon/197_umbreon/all/base/shiny/sprite.png",
              "particle": "arcanery:shiny"
            },
            {
              "name": "strike",
              "texture": "pixelmon:pokemon/197_umbreon/all/base/strike/texture.png",
              "sprite": "pixelmon:pokemon/197_umbreon/all/base/strike/sprite.png",
              "particle": ""
            },
            {
              "name": "ashen",
              "texture": "pixelmon:pokemon/197_umbreon/all/base/ashen/texture.png",
              "sprite": "pixelmon:pokemon/197_umbreon/all/base/ashen/sprite.png",
              "particle": ""
            },
            {
              "name": "spirit",
              "texture": "pixelmon:pokemon/197_umbreon/all/base/spirit/texture.png",
              "sprite": "pixelmon:pokemon/197_umbreon/all/base/spirit/sprite.png",
              "particle": ""
            },
			{
              "name": "alternative",
              "texture": "pixelmon:pokemon/197_umbreon/all/base/custom-alternative/texture.png",
              "sprite": "pixelmon:pokemon/197_umbreon/all/base/custom-alternative/sprite.png",
              "particle": ""
            },
			{
              "name": "anniversary",
              "texture": "pixelmon:pokemon/197_umbreon/all/base/custom-anniversary/texture.png",
              "sprite": "pixelmon:pokemon/197_umbreon/all/base/custom-anniversary/sprite.png",
              "particle": ""
            },
			{
              "name": "arctic",
              "texture": "pixelmon:pokemon/197_umbreon/all/base/custom-arctic/texture.png",
              "sprite": "pixelmon:pokemon/197_umbreon/all/base/custom-arctic/sprite.png",
              "particle": ""
            },
			{
              "name": "black and white",
              "texture": "pixelmon:pokemon/197_umbreon/all/base/custom-black-white/texture.png",
              "sprite": "pixelmon:pokemon/197_umbreon/all/base/custom-black-white/sprite.png",
              "particle": ""
            },
			{
              "name": "chocolate",
              "texture": "pixelmon:pokemon/197_umbreon/all/base/custom-chocolate/texture.png",
              "sprite": "pixelmon:pokemon/197_umbreon/all/base/custom-chocolate/sprite.png",
              "particle": ""
            },
			{
              "name": "cosmic",
              "texture": "pixelmon:pokemon/197_umbreon/all/base/custom-cosmic/texture.png",
              "sprite": "pixelmon:pokemon/197_umbreon/all/base/custom-cosmic/sprite.png",
              "particle": ""
            },
			{
              "name": "ditto",
              "texture": "pixelmon:pokemon/197_umbreon/all/base/custom-ditto/texture.png",
              "sprite": "pixelmon:pokemon/197_umbreon/all/base/custom-ditto/sprite.png",
              "particle": ""
            },
			{
              "name": "egyptian",
              "texture": "pixelmon:pokemon/197_umbreon/all/base/custom-egyptian/texture.png",
              "sprite": "pixelmon:pokemon/197_umbreon/all/base/custom-egyptian/sprite.png",
              "particle": ""
            },
			{
              "name": "forest",
              "texture": "pixelmon:pokemon/197_umbreon/all/base/custom-forest/texture.png",
              "sprite": "pixelmon:pokemon/197_umbreon/all/base/custom-forest/sprite.png",
              "particle": ""
            },
			{
              "name": "fusion",
              "texture": "pixelmon:pokemon/197_umbreon/all/base/custom-fusion/texture.png",
              "sprite": "pixelmon:pokemon/197_umbreon/all/base/custom-fusion/sprite.png",
              "particle": ""
            },
			{
              "name": "galaxy",
              "texture": "pixelmon:pokemon/197_umbreon/all/base/custom-galaxy/texture.png",
              "sprite": "pixelmon:pokemon/197_umbreon/all/base/custom-galaxy/sprite.png",
              "particle": ""
            },
			{
              "name": "halloween",
              "texture": "pixelmon:pokemon/197_umbreon/all/base/custom-halloween/texture.png",
              "sprite": "pixelmon:pokemon/197_umbreon/all/base/custom-halloween/sprite.png",
              "particle": ""
            },
			{
              "name": "lunar",
              "texture": "pixelmon:pokemon/197_umbreon/all/base/custom-lunar/texture.png",
              "sprite": "pixelmon:pokemon/197_umbreon/all/base/custom-lunar/sprite.png",
              "particle": ""
            },
			{
              "name": "neon",
              "texture": "pixelmon:pokemon/197_umbreon/all/base/custom-neon/texture.png",
              "sprite": "pixelmon:pokemon/197_umbreon/all/base/custom-neon/sprite.png",
              "particle": ""
            },
			{
              "name": "purple haze",
              "texture": "pixelmon:pokemon/197_umbreon/all/base/custom-purplehaze/texture.png",
              "sprite": "pixelmon:pokemon/197_umbreon/all/base/custom-purplehaze/sprite.png",
              "particle": ""
            },
			{
              "name": "rangos",
              "texture": "pixelmon:pokemon/197_umbreon/all/base/custom-rangos/texture.png",
              "sprite": "pixelmon:pokemon/197_umbreon/all/base/custom-rangos/sprite.png",
              "particle": ""
            },
			{
              "name": "shadow 1",
              "texture": "pixelmon:pokemon/197_umbreon/all/base/custom-shadow1/texture.png",
              "sprite": "pixelmon:pokemon/197_umbreon/all/base/custom-shadow1/sprite.png",
              "particle": ""
            },
			{
              "name": "shadow 2",
              "texture": "pixelmon:pokemon/197_umbreon/all/base/custom-shadow2/texture.png",
              "sprite": "pixelmon:pokemon/197_umbreon/all/base/custom-shadow2/sprite.png",
              "particle": ""
            },
			{
              "name": "special",
              "texture": "pixelmon:pokemon/197_umbreon/all/base/custom-special/texture.png",
              "sprite": "pixelmon:pokemon/197_umbreon/all/base/custom-special/sprite.png",
              "particle": ""
            },
			{
              "name": "valentines 1",
              "texture": "pixelmon:pokemon/197_umbreon/all/base/custom-val1/texture.png",
              "sprite": "pixelmon:pokemon/197_umbreon/all/base/custom-val1/sprite.png",
              "particle": ""
            },
			{
              "name": "valentines 2",
              "texture": "pixelmon:pokemon/197_umbreon/all/base/custom-val2/texture.png",
              "sprite": "pixelmon:pokemon/197_umbreon/all/base/custom-val2/sprite.png",
              "particle": ""
            }
          ]
        }
      ],
      "eggGroups": [
        "FIELD"
      ],
      "types": [
        "DARK"
      ],
      "preEvolutions": [
        "Eevee"
      ],
      "defaultBaseForm": "",
      "megaItems": [],
      "megas": [],
      "gigantamax": {
        "canHaveFactor": false,
        "canGigantamax": false
      },
      "eggCycles": 36,
      "weight": 27.0,
      "catchRate": 45,
      "malePercentage": 0,
      "evolutions": [],
      "evYields": {
        "specialDefense": 2
      }
    }
  ],
  "generation": 2
}
