{
  "name": "Girafarig",
  "dex": 203,
  "defaultForms": [
    ""
  ],
  "forms": [
    {
      "name": "",
      "experienceGroup": "MEDIUM_FAST",
      "dimensions": {
        "height": 1.2,
        "width": 0.8,
        "length": 1,
        "eyeHeight": 1.2,
        "hoverHeight": 1.2
      },
      "moves": {
        "levelUpMoves": [
          {
            "level": 0,
            "attacks": [
              "Astonish",
              "Confusion",
              "Growl",
              "Guard Swap",
              "Power Swap",
              "Tackle"
            ]
          },
          {
            "level": 5,
            "attacks": [
              "Odor Sleuth"
            ]
          },
          {
            "level": 10,
            "attacks": [
              "Assurance"
            ]
          },
          {
            "level": 14,
            "attacks": [
              "Stomp"
            ]
          },
          {
            "level": 19,
            "attacks": [
              "Psybeam"
            ]
          },
          {
            "level": 23,
            "attacks": [
              "Agility"
            ]
          },
          {
            "level": 28,
            "attacks": [
              "Double Hit"
            ]
          },
          {
            "level": 32,
            "attacks": [
              "Zen Headbutt"
            ]
          },
          {
            "level": 37,
            "attacks": [
              "Crunch"
            ]
          },
          {
            "level": 41,
            "attacks": [
              "Baton Pass"
            ]
          },
          {
            "level": 46,
            "attacks": [
              "Nasty Plot"
            ]
          },
          {
            "level": 50,
            "attacks": [
              "Psychic"
            ]
          }
        ],
        "tutorMoves": [
          "Ally Switch",
          "Foul Play",
          "Gravity",
          "Hyper Voice",
          "Iron Tail",
          "Magic Coat",
          "Recycle",
          "Shock Wave",
          "Signal Beam",
          "Skill Swap",
          "Snore",
          "Stomping Tantrum",
          "Telekinesis",
          "Trick",
          "Uproar",
          "Zen Headbutt"
        ],
        "eggMoves": [
          "Amnesia",
          "Beat Up",
          "Double Kick",
          "Foresight",
          "Future Sight",
          "Magic Coat",
          "Mean Look",
          "Mirror Coat",
          "Psychic Fangs",
          "Psychic Terrain",
          "Razor Wind",
          "Secret Power",
          "Skill Swap",
          "Take Down",
          "Wish"
        ],
        "tmMoves8": [],
        "trMoves": [],
        "hmMoves": [],
        "transferMoves": [
          "Body Slam",
          "Captivate",
          "Curse",
          "Double-Edge",
          "Endure",
          "Flash",
          "Headbutt",
          "Mimic",
          "Mud-Slap",
          "Natural Gift",
          "Nightmare",
          "Retaliate",
          "Rock Smash",
          "Strength",
          "Sucker Punch",
          "Swift",
          "Zap Cannon"
        ],
        "tmMoves7": [
          "Work Up",
          "Psyshock",
          "Calm Mind",
          "Toxic",
          "Hidden Power",
          "Sunny Day",
          "Light Screen",
          "Protect",
          "Rain Dance",
          "Frustration",
          "Thunderbolt",
          "Thunder",
          "Earthquake",
          "Return",
          "Psychic",
          "Shadow Ball",
          "Double Team",
          "Reflect",
          "Facade",
          "Rest",
          "Attract",
          "Thief",
          "Round",
          "Echoed Voice",
          "Energy Ball",
          "Charge Beam",
          "Thunder Wave",
          "Psych Up",
          "Bulldoze",
          "Dream Eater",
          "Grass Knot",
          "Swagger",
          "Sleep Talk",
          "Substitute",
          "Trick Room",
          "Dazzling Gleam",
          "Confide"
        ],
        "tmMoves6": [
          "Psyshock",
          "Calm Mind",
          "Toxic",
          "Hidden Power",
          "Sunny Day",
          "Light Screen",
          "Protect",
          "Rain Dance",
          "Frustration",
          "Thunderbolt",
          "Thunder",
          "Earthquake",
          "Return",
          "Psychic",
          "Shadow Ball",
          "Double Team",
          "Reflect",
          "Facade",
          "Rest",
          "Attract",
          "Thief",
          "Round",
          "Echoed Voice",
          "Energy Ball",
          "Charge Beam",
          "Retaliate",
          "Flash",
          "Thunder Wave",
          "Psych Up",
          "Bulldoze",
          "Dream Eater",
          "Grass Knot",
          "Swagger",
          "Sleep Talk",
          "Substitute",
          "Trick Room",
          "Secret Power",
          "Dazzling Gleam",
          "Confide"
        ],
        "tmMoves5": [
          "Psyshock",
          "Calm Mind",
          "Toxic",
          "Hidden Power",
          "Sunny Day",
          "Light Screen",
          "Protect",
          "Rain Dance",
          "Telekinesis",
          "Frustration",
          "Thunderbolt",
          "Thunder",
          "Earthquake",
          "Return",
          "Psychic",
          "Shadow Ball",
          "Double Team",
          "Reflect",
          "Facade",
          "Rest",
          "Attract",
          "Thief",
          "Round",
          "Echoed Voice",
          "Energy Ball",
          "Charge Beam",
          "Retaliate",
          "Flash",
          "Thunder Wave",
          "Psych Up",
          "Bulldoze",
          "Work Up",
          "Dream Eater",
          "Grass Knot",
          "Swagger",
          "Substitute",
          "Trick Room",
          "Rock Smash"
        ],
        "tmMoves4": [
          "Calm Mind",
          "Toxic",
          "Hidden Power",
          "Sunny Day",
          "Light Screen",
          "Protect",
          "Rain Dance",
          "Frustration",
          "Iron Tail",
          "Thunderbolt",
          "Thunder",
          "Earthquake",
          "Return",
          "Psychic",
          "Shadow Ball",
          "Double Team",
          "Reflect",
          "Shock Wave",
          "Facade",
          "Secret Power",
          "Rest",
          "Attract",
          "Thief",
          "Skill Swap",
          "Energy Ball",
          "Charge Beam",
          "Endure",
          "Recycle",
          "Flash",
          "Thunder Wave",
          "Psych Up",
          "Captivate",
          "Sleep Talk",
          "Natural Gift",
          "Dream Eater",
          "Grass Knot",
          "Swagger",
          "Substitute",
          "Trick Room"
        ],
        "tmMoves3": [
          "Calm Mind",
          "Toxic",
          "Hidden Power",
          "Sunny Day",
          "Light Screen",
          "Protect",
          "Rain Dance",
          "Frustration",
          "Iron Tail",
          "Thunderbolt",
          "Thunder",
          "Earthquake",
          "Return",
          "Psychic",
          "Shadow Ball",
          "Double Team",
          "Reflect",
          "Shock Wave",
          "Facade",
          "Secret Power",
          "Rest",
          "Attract",
          "Thief",
          "Skill Swap"
        ],
        "tmMoves2": [
          "Headbutt",
          "Curse",
          "Toxic",
          "Zap Cannon",
          "Rock Smash",
          "Psych Up",
          "Hidden Power",
          "Sunny Day",
          "Snore",
          "Protect",
          "Endure",
          "Frustration",
          "Iron Tail",
          "Thunder",
          "Earthquake",
          "Return",
          "Psychic",
          "Shadow Ball",
          "Mud-Slap",
          "Double Team",
          "Swagger",
          "Sleep Talk",
          "Swift",
          "Dream Eater",
          "Rest",
          "Attract",
          "Thief",
          "Nightmare"
        ],
        "tmMoves1": [],
        "tmMoves": []
      },
      "abilities": {
        "abilities": [
          "InnerFocus",
          "EarlyBird"
        ],
        "hiddenAbilities": [
          "SapSipper"
        ]
      },
      "movement": {
        "rideable": true,
        "canFly": false,
        "canSurf": false,
        "canRideShoulder": false,
        "ridingOffsets": {
          "standing": {
            "x": 0.0,
            "y": -1.1,
            "z": -0.1
          },
          "moving": {
            "x": 0,
            "y": 0,
            "z": 0
          }
        }
      },
      "aggression": {
        "timid": 80,
        "passive": 0,
        "aggressive": 20
      },
      "battleStats": {
        "hp": 70,
        "attack": 80,
        "defense": 65,
        "specialAttack": 90,
        "specialDefense": 65,
        "speed": 85
      },
      "tags": [],
      "spawn": {
        "baseExp": 149,
        "baseFriendship": 70,
        "spawnLevel": 25,
        "spawnLevelRange": 25,
        "spawnLocations": [
          "LAND"
        ]
      },
      "possibleGenders": [
        "MALE",
        "FEMALE"
      ],
      "genderProperties": [
        {
          "gender": "MALE",
          "palettes": [
            {
              "name": "none",
              "texture": "pixelmon:pokemon/203_girafarig/male/base/none/texture.png",
              "sprite": "pixelmon:pokemon/203_girafarig/male/base/none/sprite.png",
              "particle": "",
              "modelLocator": {
                "factoryType": "NORMAL",
                "pqc": [
                  "pixelmon:pokemon/203_girafarig/male/base/none/model.pqc"
                ]
              },
              "sounds": [
                "pixelmon.mob.girafarig"
              ]
            },
            {
              "name": "shiny",
              "texture": "pixelmon:pokemon/203_girafarig/male/base/shiny/texture.png",
              "sprite": "pixelmon:pokemon/203_girafarig/male/base/shiny/sprite.png",
              "particle": "arcanery:shiny"
            }
          ]
        },
        {
          "gender": "FEMALE",
          "palettes": [
            {
              "name": "none",
              "texture": "pixelmon:pokemon/203_girafarig/female/base/none/texture.png",
              "sprite": "pixelmon:pokemon/203_girafarig/female/base/none/sprite.png",
              "particle": "",
              "modelLocator": {
                "factoryType": "NORMAL",
                "pqc": [
                  "pixelmon:pokemon/203_girafarig/female/base/none/model.pqc"
                ]
              }
            },
            {
              "name": "shiny",
              "texture": "pixelmon:pokemon/203_girafarig/female/base/shiny/texture.png",
              "sprite": "pixelmon:pokemon/203_girafarig/female/base/shiny/sprite.png",
              "particle": "arcanery:shiny"
            }
          ]
        }
      ],
      "eggGroups": [
        "FIELD"
      ],
      "types": [
        "NORMAL",
        "PSYCHIC"
      ],
      "preEvolutions": [],
      "defaultBaseForm": "",
      "megaItems": [],
      "megas": [],
      "gigantamax": {
        "canHaveFactor": false,
        "canGigantamax": false
      },
      "eggCycles": 21,
      "weight": 41.5,
      "catchRate": 60,
      "malePercentage": 0,
      "evolutions": [],
      "evYields": {
        "specialAttack": 2
      }
    }
  ],
  "generation": 2
}
