{
  "name": "Forretress",
  "dex": 205,
  "defaultForms": [
    ""
  ],
  "forms": [
    {
      "name": "",
      "experienceGroup": "MEDIUM_FAST",
      "dimensions": {
        "height": 1.25,
        "width": 1.3,
        "length": 1,
        "eyeHeight": 1.25,
        "hoverHeight": 1.25
      },
      "moves": {
        "levelUpMoves": [
          {
            "level": 0,
            "attacks": [
              "Autotomize",
              "Bug Bite",
              "Heavy Slam",
              "Magnet Rise",
              "Mirror Shot",
              "Protect",
              "Self-Destruct",
              "Tackle",
              "Toxic Spikes",
              "Zap Cannon"
            ]
          },
          {
            "level": 6,
            "attacks": [
              "Self-Destruct"
            ]
          },
          {
            "level": 9,
            "attacks": [
              "Bug Bite"
            ]
          },
          {
            "level": 12,
            "attacks": [
              "Take Down"
            ]
          },
          {
            "level": 17,
            "attacks": [
              "Rapid Spin"
            ]
          },
          {
            "level": 20,
            "attacks": [
              "Bide"
            ]
          },
          {
            "level": 23,
            "attacks": [
              "Natural Gift"
            ]
          },
          {
            "level": 28,
            "attacks": [
              "Spikes"
            ]
          },
          {
            "level": 32,
            "attacks": [
              "Payback"
            ]
          },
          {
            "level": 36,
            "attacks": [
              "Explosion"
            ]
          },
          {
            "level": 42,
            "attacks": [
              "Iron Defense"
            ]
          },
          {
            "level": 46,
            "attacks": [
              "Gyro Ball"
            ]
          },
          {
            "level": 50,
            "attacks": [
              "Double-Edge"
            ]
          },
          {
            "level": 56,
            "attacks": [
              "Magnet Rise"
            ]
          },
          {
            "level": 60,
            "attacks": [
              "Zap Cannon"
            ]
          },
          {
            "level": 64,
            "attacks": [
              "Heavy Slam"
            ]
          }
        ],
        "tutorMoves": [
          "Ally Switch",
          "Block",
          "Bug Bite",
          "Drill Run",
          "Giga Drain",
          "Gravity",
          "Iron Defense",
          "Laser Focus",
          "Magnet Rise",
          "Pain Split",
          "Signal Beam",
          "Snore",
          "Stealth Rock",
          "Telekinesis"
        ],
        "eggMoves": [
          "Counter",
          "Double-Edge",
          "Endure",
          "Flail",
          "Pin Missile",
          "Power Trick",
          "Revenge",
          "Sand Tomb",
          "Stealth Rock",
          "Swift",
          "Toxic Spikes"
        ],
        "tmMoves8": [],
        "trMoves": [],
        "hmMoves": [],
        "transferMoves": [
          "Body Slam",
          "Captivate",
          "Curse",
          "Defense Curl",
          "Dig",
          "Headbutt",
          "Mimic",
          "Refresh",
          "Rock Smash",
          "Rollout",
          "Secret Power",
          "Strength",
          "String Shot",
          "Struggle Bug",
          "Sweet Scent"
        ],
        "tmMoves7": [
          "Toxic",
          "Venoshock",
          "Hidden Power",
          "Sunny Day",
          "Hyper Beam",
          "Light Screen",
          "Protect",
          "Frustration",
          "Solar Beam",
          "Earthquake",
          "Return",
          "Double Team",
          "Reflect",
          "Sandstorm",
          "Rock Tomb",
          "Facade",
          "Rest",
          "Attract",
          "Round",
          "Explosion",
          "Payback",
          "Giga Impact",
          "Rock Polish",
          "Volt Switch",
          "Gyro Ball",
          "Bulldoze",
          "Rock Slide",
          "Swagger",
          "Sleep Talk",
          "Substitute",
          "Flash Cannon",
          "Confide"
        ],
        "tmMoves6": [
          "Toxic",
          "Venoshock",
          "Hidden Power",
          "Sunny Day",
          "Hyper Beam",
          "Light Screen",
          "Protect",
          "Frustration",
          "Solar Beam",
          "Earthquake",
          "Return",
          "Dig",
          "Double Team",
          "Reflect",
          "Sandstorm",
          "Rock Tomb",
          "Facade",
          "Rest",
          "Attract",
          "Round",
          "Explosion",
          "Payback",
          "Giga Impact",
          "Rock Polish",
          "Volt Switch",
          "Gyro Ball",
          "Struggle Bug",
          "Bulldoze",
          "Rock Slide",
          "Swagger",
          "Sleep Talk",
          "Substitute",
          "Flash Cannon",
          "Secret Power",
          "Confide"
        ],
        "tmMoves5": [
          "Toxic",
          "Venoshock",
          "Hidden Power",
          "Sunny Day",
          "Hyper Beam",
          "Light Screen",
          "Protect",
          "Frustration",
          "Solar Beam",
          "Earthquake",
          "Return",
          "Dig",
          "Double Team",
          "Reflect",
          "Sandstorm",
          "Rock Tomb",
          "Facade",
          "Rest",
          "Attract",
          "Round",
          "Explosion",
          "Payback",
          "Giga Impact",
          "Rock Polish",
          "Volt Switch",
          "Gyro Ball",
          "Struggle Bug",
          "Bulldoze",
          "Rock Slide",
          "Swagger",
          "Substitute",
          "Flash Cannon",
          "Rock Smash"
        ],
        "tmMoves4": [
          "Toxic",
          "Hidden Power",
          "Sunny Day",
          "Hyper Beam",
          "Light Screen",
          "Protect",
          "Giga Drain",
          "Frustration",
          "Solar Beam",
          "Earthquake",
          "Return",
          "Dig",
          "Double Team",
          "Reflect",
          "Sandstorm",
          "Rock Tomb",
          "Facade",
          "Secret Power",
          "Rest",
          "Attract",
          "Endure",
          "Explosion",
          "Payback",
          "Giga Impact",
          "Rock Polish",
          "Gyro Ball",
          "Stealth Rock",
          "Captivate",
          "Rock Slide",
          "Sleep Talk",
          "Natural Gift",
          "Swagger",
          "Substitute",
          "Flash Cannon"
        ],
        "tmMoves3": [
          "Toxic",
          "Hidden Power",
          "Sunny Day",
          "Hyper Beam",
          "Light Screen",
          "Protect",
          "Giga Drain",
          "Frustration",
          "Solar Beam",
          "Earthquake",
          "Return",
          "Dig",
          "Double Team",
          "Reflect",
          "Sandstorm",
          "Facade",
          "Secret Power",
          "Rest",
          "Attract"
        ],
        "tmMoves2": [
          "Headbutt",
          "Curse",
          "Rollout",
          "Toxic",
          "Rock Smash",
          "Hidden Power",
          "Sunny Day",
          "Sweet Scent",
          "Snore",
          "Hyper Beam",
          "Protect",
          "Giga Drain",
          "Endure",
          "Frustration",
          "Solar Beam",
          "Return",
          "Double Team",
          "Swagger",
          "Sleep Talk",
          "Sandstorm",
          "Defense Curl",
          "Rest",
          "Attract"
        ],
        "tmMoves1": [],
        "tmMoves": []
      },
      "abilities": {
        "abilities": [
          "Sturdy"
        ],
        "hiddenAbilities": [
          "Overcoat"
        ]
      },
      "movement": {
        "rideable": true,
        "canFly": false,
        "canSurf": false,
        "canRideShoulder": false,
        "ridingOffsets": {
          "standing": {
            "x": 0.0,
            "y": -0.9,
            "z": -0.2
          },
          "moving": {
            "x": 0.0,
            "y": -0.9,
            "z": -0.2
          }
        }
      },
      "aggression": {
        "timid": 80,
        "passive": 0,
        "aggressive": 20
      },
      "battleStats": {
        "hp": 75,
        "attack": 90,
        "defense": 140,
        "specialAttack": 60,
        "specialDefense": 60,
        "speed": 40
      },
      "tags": [],
      "spawn": {
        "baseExp": 118,
        "baseFriendship": 70,
        "spawnLevel": 31,
        "spawnLevelRange": 24,
        "spawnLocations": [
          "LAND"
        ]
      },
      "possibleGenders": [
        "MALE",
        "FEMALE"
      ],
      "genderProperties": [
        {
          "gender": "ALL",
          "palettes": [
            {
              "name": "none",
              "texture": "pixelmon:pokemon/205_forretress/all/base/none/texture.png",
              "sprite": "pixelmon:pokemon/205_forretress/all/base/none/sprite.png",
              "particle": "",
              "modelLocator": {
                "factoryType": "NORMAL",
                "pqc": [
                  "pixelmon:pokemon/205_forretress/all/base/none/model.pqc"
                ]
              },
              "sounds": [
                "pixelmon.mob.forretress"
              ]
            },
            {
              "name": "shiny",
              "texture": "pixelmon:pokemon/205_forretress/all/base/shiny/texture.png",
              "sprite": "pixelmon:pokemon/205_forretress/all/base/shiny/sprite.png",
              "particle": "arcanery:shiny"
            },
			{
              "name": "magma",
              "texture": "pixelmon:pokemon/205_forretress/all/base/custom-magma/texture.png",
              "sprite": "pixelmon:pokemon/205_forretress/all/base/custom-magma/sprite.png",
              "particle": ""
            },
			{
              "name": "shadow",
              "texture": "pixelmon:pokemon/205_forretress/all/base/custom-shadow/texture.png",
              "sprite": "pixelmon:pokemon/205_forretress/all/base/custom-shadow/sprite.png",
              "particle": ""
            },
			{
              "name": "snowfall",
              "texture": "pixelmon:pokemon/205_forretress/all/base/custom-snowfall/texture.png",
              "sprite": "pixelmon:pokemon/205_forretress/all/base/custom-snowfall/sprite.png",
              "particle": ""
            }
          ]
        }
      ],
      "eggGroups": [
        "BUG"
      ],
      "types": [
        "BUG",
        "STEEL"
      ],
      "preEvolutions": [
        "Pineco"
      ],
      "defaultBaseForm": "",
      "megaItems": [],
      "megas": [],
      "gigantamax": {
        "canHaveFactor": false,
        "canGigantamax": false
      },
      "eggCycles": 21,
      "weight": 125.8,
      "catchRate": 75,
      "malePercentage": 0,
      "evolutions": [],
      "evYields": {
        "defense": 2
      }
    }
  ],
  "generation": 2
}
