{
  "name": "Dunsparce",
  "dex": 206,
  "defaultForms": [
    ""
  ],
  "forms": [
    {
      "name": "",
      "experienceGroup": "MEDIUM_FAST",
      "dimensions": {
        "height": 0.8,
        "width": 1.2,
        "length": 1,
        "eyeHeight": 0.8,
        "hoverHeight": 0.8
      },
      "moves": {
        "levelUpMoves": [
          {
            "level": 0,
            "attacks": [
              "Defense Curl",
              "Flail"
            ]
          },
          {
            "level": 4,
            "attacks": [
              "Mud-Slap"
            ]
          },
          {
            "level": 8,
            "attacks": [
              "Rollout"
            ]
          },
          {
            "level": 12,
            "attacks": [
              "Glare"
            ]
          },
          {
            "level": 16,
            "attacks": [
              "Screech"
            ]
          },
          {
            "level": 20,
            "attacks": [
              "Ancient Power"
            ]
          },
          {
            "level": 24,
            "attacks": [
              "Drill Run"
            ]
          },
          {
            "level": 28,
            "attacks": [
              "Yawn"
            ]
          },
          {
            "level": 32,
            "attacks": [
              "Hyper Drill"
            ]
          },
          {
            "level": 36,
            "attacks": [
              "Roost"
            ]
          },
          {
            "level": 40,
            "attacks": [
              "Dragon Rush"
            ]
          },
          {
            "level": 44,
            "attacks": [
              "Coil"
            ]
          },
          {
            "level": 48,
            "attacks": [
              "Double-Edge"
            ]
          },
          {
            "level": 52,
            "attacks": [
              "Endeavor"
            ]
          }
        ],
        "tutorMoves": [
          "Dual Wingbeat",
          "Scale Shot",
          "Skitter Smack",
          "Terrain Pulse"
        ],
        "eggMoves": [
          "Aqua Tail",
          "Astonish",
          "Bite",
          "Curse",
          "Headbutt",
          "Last Resort"
        ],
        "tmMoves8": [
          "Solar Beam",
          "Thunder Wave",
          "Dig",
          "Screech",
          "Rest",
          "Rock Slide",
          "Thief",
          "Snore",
          "Protect",
          "Attract",
          "Rain Dance",
          "Sunny Day",
          "Facade",
          "Helping Hand",
          "Rock Tomb",
          "Round",
          "Hex",
          "Retaliate",
          "Bulldoze",
          "Air Slash",
          "Stomping Tantrum"
        ],
        "trMoves": [
          "Body Slam",
          "Flamethrower",
          "Ice Beam",
          "Blizzard",
          "Thunderbolt",
          "Thunder",
          "Earthquake",
          "Agility",
          "Fire Blast",
          "Amnesia",
          "Substitute",
          "Endure",
          "Sleep Talk",
          "Baton Pass",
          "Iron Tail",
          "Shadow Ball",
          "Calm Mind",
          "Gyro Ball",
          "Poison Jab",
          "Zen Headbutt",
          "Stealth Rock",
          "Stored Power",
          "Wild Charge",
          "Drill Run"
        ],
        "hmMoves": [],
        "transferMoves": [
          "Bide",
          "Bind",
          "Captivate",
          "Charge Beam",
          "Confide",
          "Counter",
          "Double Team",
          "Dream Eater",
          "Frustration",
          "Hidden Power",
          "Incinerate",
          "Mimic",
          "Natural Gift",
          "Nightmare",
          "Pain Split",
          "Psych Up",
          "Pursuit",
          "Rage",
          "Return",
          "Rock Smash",
          "Secret Power",
          "Shock Wave",
          "Spite",
          "Strength",
          "Swagger",
          "Toxic",
          "Trump Card",
          "Water Pulse",
          "Zap Cannon"
        ],
        "tmMoves7": [
          "Calm Mind",
          "Toxic",
          "Hidden Power",
          "Sunny Day",
          "Ice Beam",
          "Blizzard",
          "Protect",
          "Rain Dance",
          "Roost",
          "Frustration",
          "Solar Beam",
          "Thunderbolt",
          "Thunder",
          "Earthquake",
          "Return",
          "Shadow Ball",
          "Double Team",
          "Flamethrower",
          "Fire Blast",
          "Rock Tomb",
          "Facade",
          "Rest",
          "Attract",
          "Thief",
          "Round",
          "Charge Beam",
          "Thunder Wave",
          "Gyro Ball",
          "Psych Up",
          "Bulldoze",
          "Rock Slide",
          "Poison Jab",
          "Dream Eater",
          "Swagger",
          "Sleep Talk",
          "Substitute",
          "Wild Charge",
          "Confide"
        ],
        "tmMoves6": [
          "Calm Mind",
          "Toxic",
          "Hidden Power",
          "Sunny Day",
          "Ice Beam",
          "Blizzard",
          "Protect",
          "Rain Dance",
          "Roost",
          "Frustration",
          "Solar Beam",
          "Thunderbolt",
          "Thunder",
          "Earthquake",
          "Return",
          "Dig",
          "Shadow Ball",
          "Double Team",
          "Flamethrower",
          "Fire Blast",
          "Rock Tomb",
          "Facade",
          "Rest",
          "Attract",
          "Thief",
          "Round",
          "Charge Beam",
          "Incinerate",
          "Retaliate",
          "Thunder Wave",
          "Gyro Ball",
          "Psych Up",
          "Bulldoze",
          "Rock Slide",
          "Poison Jab",
          "Dream Eater",
          "Swagger",
          "Sleep Talk",
          "Substitute",
          "Wild Charge",
          "Secret Power",
          "Confide"
        ],
        "tmMoves5": [
          "Calm Mind",
          "Toxic",
          "Hidden Power",
          "Sunny Day",
          "Ice Beam",
          "Blizzard",
          "Protect",
          "Rain Dance",
          "Frustration",
          "Solar Beam",
          "Thunderbolt",
          "Thunder",
          "Earthquake",
          "Return",
          "Dig",
          "Shadow Ball",
          "Double Team",
          "Flamethrower",
          "Fire Blast",
          "Rock Tomb",
          "Facade",
          "Rest",
          "Attract",
          "Thief",
          "Round",
          "Charge Beam",
          "Incinerate",
          "Retaliate",
          "Thunder Wave",
          "Gyro Ball",
          "Psych Up",
          "Bulldoze",
          "Rock Slide",
          "Poison Jab",
          "Dream Eater",
          "Swagger",
          "Substitute",
          "Wild Charge",
          "Rock Smash"
        ],
        "tmMoves4": [
          "Water Pulse",
          "Calm Mind",
          "Toxic",
          "Hidden Power",
          "Sunny Day",
          "Ice Beam",
          "Blizzard",
          "Protect",
          "Rain Dance",
          "Frustration",
          "Solar Beam",
          "Iron Tail",
          "Thunderbolt",
          "Thunder",
          "Earthquake",
          "Return",
          "Dig",
          "Shadow Ball",
          "Double Team",
          "Shock Wave",
          "Flamethrower",
          "Fire Blast",
          "Rock Tomb",
          "Facade",
          "Secret Power",
          "Rest",
          "Attract",
          "Thief",
          "Roost",
          "Charge Beam",
          "Endure",
          "Thunder Wave",
          "Gyro Ball",
          "Stealth Rock",
          "Psych Up",
          "Captivate",
          "Rock Slide",
          "Sleep Talk",
          "Natural Gift",
          "Poison Jab",
          "Dream Eater",
          "Swagger",
          "Substitute"
        ],
        "tmMoves3": [
          "Water Pulse",
          "Calm Mind",
          "Toxic",
          "Hidden Power",
          "Sunny Day",
          "Ice Beam",
          "Blizzard",
          "Protect",
          "Rain Dance",
          "Frustration",
          "Solar Beam",
          "Iron Tail",
          "Thunderbolt",
          "Thunder",
          "Earthquake",
          "Return",
          "Dig",
          "Shadow Ball",
          "Double Team",
          "Shock Wave",
          "Flamethrower",
          "Fire Blast",
          "Rock Tomb",
          "Facade",
          "Secret Power",
          "Rest",
          "Attract",
          "Thief"
        ],
        "tmMoves2": [
          "Headbutt",
          "Curse",
          "Rollout",
          "Toxic",
          "Zap Cannon",
          "Rock Smash",
          "Psych Up",
          "Hidden Power",
          "Sunny Day",
          "Snore",
          "Protect",
          "Rain Dance",
          "Endure",
          "Frustration",
          "Solar Beam",
          "Iron Tail",
          "Thunder",
          "Return",
          "Dig",
          "Mud-Slap",
          "Double Team",
          "Swagger",
          "Sleep Talk",
          "Defense Curl",
          "Dream Eater",
          "Rest",
          "Attract",
          "Thief",
          "Nightmare"
        ],
        "tmMoves1": [],
        "tmMoves": []
      },
      "abilities": {
        "abilities": [
          "SereneGrace",
          "RunAway"
        ],
        "hiddenAbilities": [
          "Rattled"
        ]
      },
      "movement": {
        "rideable": false,
        "canFly": false,
        "canSurf": false,
        "canRideShoulder": false
      },
      "aggression": {
        "timid": 80,
        "passive": 0,
        "aggressive": 20
      },
      "battleStats": {
        "hp": 100,
        "attack": 70,
        "defense": 70,
        "specialAttack": 65,
        "specialDefense": 65,
        "speed": 45
      },
      "tags": [],
      "spawn": {
        "baseExp": 125,
        "baseFriendship": 70,
        "spawnLevel": 5,
        "spawnLevelRange": 25,
        "spawnLocations": [
          "LAND"
        ]
      },
      "possibleGenders": [
        "MALE",
        "FEMALE"
      ],
      "genderProperties": [
        {
          "gender": "ALL",
          "palettes": [
            {
              "name": "none",
              "texture": "pixelmon:pokemon/206_dunsparce/all/base/none/texture.png",
              "sprite": "pixelmon:pokemon/206_dunsparce/all/base/none/sprite.png",
              "particle": "",
              "modelLocator": {
                "factoryType": "NORMAL",
                "pqc": [
                  "pixelmon:pokemon/206_dunsparce/all/base/none/model.pqc"
                ]
              },
              "sounds": [
                "pixelmon.mob.dunsparce"
              ]
            },
            {
              "name": "shiny",
              "texture": "pixelmon:pokemon/206_dunsparce/all/base/shiny/texture.png",
              "sprite": "pixelmon:pokemon/206_dunsparce/all/base/shiny/sprite.png",
              "particle": "arcanery:shiny"
            },
			{
              "name": "ditto 1",
              "texture": "pixelmon:pokemon/206_dunsparce/all/base/custom-ditto1/texture.png",
              "sprite": "pixelmon:pokemon/206_dunsparce/all/base/custom-ditto1/sprite.png",
              "particle": ""
            },
			{
              "name": "ditto 2",
              "texture": "pixelmon:pokemon/206_dunsparce/all/base/custom-ditto2/texture.png",
              "sprite": "pixelmon:pokemon/206_dunsparce/all/base/custom-ditto2/sprite.png",
              "particle": ""
            },
			{
              "name": "easter",
              "texture": "pixelmon:pokemon/206_dunsparce/all/base/custom-easter/texture.png",
              "sprite": "pixelmon:pokemon/206_dunsparce/all/base/custom-easter/sprite.png",
              "particle": ""
            },
			{
              "name": "metal",
              "texture": "pixelmon:pokemon/206_dunsparce/all/base/custom-metal/texture.png",
              "sprite": "pixelmon:pokemon/206_dunsparce/all/base/custom-metal/sprite.png",
              "particle": ""
            },
			{
              "name": "molten",
              "texture": "pixelmon:pokemon/206_dunsparce/all/base/custom-molten/texture.png",
              "sprite": "pixelmon:pokemon/206_dunsparce/all/base/custom-molten/sprite.png",
              "particle": ""
            },
			{
              "name": "spotted",
              "texture": "pixelmon:pokemon/206_dunsparce/all/base/custom-spotted/texture.png",
              "sprite": "pixelmon:pokemon/206_dunsparce/all/base/custom-spotted/sprite.png",
              "particle": ""
            },
			{
              "name": "valentines",
              "texture": "pixelmon:pokemon/206_dunsparce/all/base/custom-val/texture.png",
              "sprite": "pixelmon:pokemon/206_dunsparce/all/base/custom-val/sprite.png",
              "particle": ""
            }
          ]
        }
      ],
      "eggGroups": [
        "FIELD"
      ],
      "types": [
        "NORMAL"
      ],
      "preEvolutions": [],
      "defaultBaseForm": "",
      "megaItems": [],
      "megas": [],
      "gigantamax": {
        "canHaveFactor": false,
        "canGigantamax": false
      },
      "eggCycles": 21,
      "weight": 14.0,
      "catchRate": 190,
      "malePercentage": 0,
      "evolutions": [],
      "evYields": {
        "hp": 1
      }
    },
    {
      "name": "burst",
      "experienceGroup": "MEDIUM_FAST",
      "dimensions": {
        "height": 0.8,
        "width": 1.2,
        "length": 1,
        "eyeHeight": 0.8,
        "hoverHeight": 0.8
      },	
      "genderProperties": [
        {
          "gender": "ALL",
          "palettes": [
            {
              "name": "none",
              "texture": "pixelmon:pokemon/206_dunsparce/all/burst/none/texture.png",
              "sprite": "pixelmon:pokemon/206_dunsparce/all/burst/none/sprite.png",
              "particle": "",
              "modelLocator": {
                "factoryType": "NORMAL",
                "pqc": [
                  "pixelmon:pokemon/206_dunsparce/all/burst/none/model.pqc"
                ]
              },
              "sounds": [
                "pixelmon.mob.dunsparce"
              ]
            },
            {
              "name": "shiny",
              "texture": "pixelmon:pokemon/206_dunsparce/all/burst/shiny/texture.png",
              "sprite": "pixelmon:pokemon/206_dunsparce/all/burst/shiny/sprite.png",
              "particle": "arcanery:shiny"
            }	
          ]
		}
	  ]	
	}
  ],
  "generation": 2
}
