{
  "name": "Teddiursa",
  "dex": 216,
  "defaultForms": [
    ""
  ],
  "forms": [
    {
      "name": "",
      "experienceGroup": "MEDIUM_FAST",
      "dimensions": {
        "height": 0.6,
        "width": 0.7,
        "length": 1,
        "eyeHeight": 0.6,
        "hoverHeight": 0.6
      },
      "moves": {
        "levelUpMoves": [
          {
            "level": 0,
            "attacks": [
              "Baby-Doll Eyes",
              "Covet",
              "Fake Tears",
              "Fling",
              "Lick",
              "Scratch"
            ]
          },
          {
            "level": 8,
            "attacks": [
              "Fury Swipes"
            ]
          },
          {
            "level": 15,
            "attacks": [
              "Feint Attack"
            ]
          },
          {
            "level": 22,
            "attacks": [
              "Sweet Scent"
            ]
          },
          {
            "level": 25,
            "attacks": [
              "Play Nice"
            ]
          },
          {
            "level": 29,
            "attacks": [
              "Slash"
            ]
          },
          {
            "level": 36,
            "attacks": [
              "Charm"
            ]
          },
          {
            "level": 43,
            "attacks": [
              "Rest",
              "Snore"
            ]
          },
          {
            "level": 50,
            "attacks": [
              "Thrash"
            ]
          },
          {
            "level": 57,
            "attacks": [
              "Fling"
            ]
          }
        ],
        "tutorMoves": [
          "Covet",
          "Fire Punch",
          "Focus Punch",
          "Gunk Shot",
          "Hyper Voice",
          "Ice Punch",
          "Last Resort",
          "Seed Bomb",
          "Snore",
          "Superpower",
          "Thunder Punch"
        ],
        "eggMoves": [
          "Belly Drum",
          "Chip Away",
          "Close Combat",
          "Counter",
          "Cross Chop",
          "Crunch",
          "Double-Edge",
          "Fake Tears",
          "Metal Claw",
          "Night Slash",
          "Play Rough",
          "Seismic Toss",
          "Sleep Talk",
          "Take Down",
          "Yawn"
        ],
        "tmMoves8": [],
        "trMoves": [],
        "hmMoves": [],
        "transferMoves": [
          "Body Slam",
          "Captivate",
          "Curse",
          "Cut",
          "Defense Curl",
          "Dig",
          "Dynamic Punch",
          "Endure",
          "Focus Energy",
          "Fury Cutter",
          "Headbutt",
          "Hone Claws",
          "Leer",
          "Mega Kick",
          "Mega Punch",
          "Metronome",
          "Mimic",
          "Mud-Slap",
          "Natural Gift",
          "Power-Up Punch",
          "Refresh",
          "Retaliate",
          "Rock Smash",
          "Rollout",
          "Secret Power",
          "Strength",
          "Swift",
          "Zap Cannon"
        ],
        "tmMoves7": [
          "Work Up",
          "Roar",
          "Toxic",
          "Bulk Up",
          "Hidden Power",
          "Sunny Day",
          "Taunt",
          "Protect",
          "Rain Dance",
          "Frustration",
          "Earthquake",
          "Return",
          "Brick Break",
          "Double Team",
          "Rock Tomb",
          "Aerial Ace",
          "Torment",
          "Facade",
          "Rest",
          "Attract",
          "Thief",
          "Round",
          "Fling",
          "Shadow Claw",
          "Payback",
          "Swords Dance",
          "Bulldoze",
          "Rock Slide",
          "Swagger",
          "Sleep Talk",
          "Substitute",
          "Confide"
        ],
        "tmMoves6": [
          "Hone Claws",
          "Roar",
          "Toxic",
          "Bulk Up",
          "Hidden Power",
          "Sunny Day",
          "Taunt",
          "Protect",
          "Rain Dance",
          "Frustration",
          "Earthquake",
          "Return",
          "Dig",
          "Brick Break",
          "Double Team",
          "Rock Tomb",
          "Aerial Ace",
          "Torment",
          "Facade",
          "Rest",
          "Attract",
          "Thief",
          "Round",
          "Fling",
          "Shadow Claw",
          "Payback",
          "Retaliate",
          "Swords Dance",
          "Bulldoze",
          "Rock Slide",
          "Swagger",
          "Sleep Talk",
          "Substitute",
          "Secret Power",
          "Power-Up Punch",
          "Confide"
        ],
        "tmMoves5": [
          "Hone Claws",
          "Roar",
          "Toxic",
          "Bulk Up",
          "Hidden Power",
          "Sunny Day",
          "Taunt",
          "Protect",
          "Rain Dance",
          "Frustration",
          "Earthquake",
          "Return",
          "Dig",
          "Brick Break",
          "Double Team",
          "Rock Tomb",
          "Aerial Ace",
          "Torment",
          "Facade",
          "Rest",
          "Attract",
          "Thief",
          "Round",
          "Fling",
          "Shadow Claw",
          "Payback",
          "Retaliate",
          "Swords Dance",
          "Bulldoze",
          "Rock Slide",
          "Work Up",
          "Swagger",
          "Substitute",
          "Rock Smash"
        ],
        "tmMoves4": [
          "Focus Punch",
          "Roar",
          "Toxic",
          "Bulk Up",
          "Hidden Power",
          "Sunny Day",
          "Taunt",
          "Protect",
          "Rain Dance",
          "Frustration",
          "Earthquake",
          "Return",
          "Dig",
          "Brick Break",
          "Double Team",
          "Rock Tomb",
          "Aerial Ace",
          "Torment",
          "Facade",
          "Secret Power",
          "Rest",
          "Attract",
          "Thief",
          "Fling",
          "Endure",
          "Shadow Claw",
          "Payback",
          "Swords Dance",
          "Captivate",
          "Rock Slide",
          "Sleep Talk",
          "Natural Gift",
          "Swagger",
          "Substitute"
        ],
        "tmMoves3": [
          "Focus Punch",
          "Roar",
          "Toxic",
          "Bulk Up",
          "Hidden Power",
          "Sunny Day",
          "Taunt",
          "Protect",
          "Rain Dance",
          "Frustration",
          "Earthquake",
          "Return",
          "Dig",
          "Brick Break",
          "Double Team",
          "Aerial Ace",
          "Torment",
          "Facade",
          "Secret Power",
          "Rest",
          "Attract",
          "Thief"
        ],
        "tmMoves2": [
          "Dynamic Punch",
          "Headbutt",
          "Curse",
          "Rollout",
          "Roar",
          "Toxic",
          "Zap Cannon",
          "Rock Smash",
          "Hidden Power",
          "Sunny Day",
          "Snore",
          "Protect",
          "Endure",
          "Frustration",
          "Earthquake",
          "Return",
          "Dig",
          "Mud-Slap",
          "Double Team",
          "Ice Punch",
          "Swagger",
          "Sleep Talk",
          "Swift",
          "Defense Curl",
          "Thunder Punch",
          "Rest",
          "Attract",
          "Thief",
          "Fire Punch",
          "Fury Cutter"
        ],
        "tmMoves1": [],
        "tmMoves": []
      },
      "abilities": {
        "abilities": [
          "Pickup",
          "QuickFeet"
        ],
        "hiddenAbilities": [
          "HoneyGather"
        ]
      },
      "movement": {
        "rideable": false,
        "canFly": false,
        "canSurf": false,
        "canRideShoulder": false
      },
      "aggression": {
        "timid": 80,
        "passive": 0,
        "aggressive": 20
      },
      "battleStats": {
        "hp": 60,
        "attack": 80,
        "defense": 50,
        "specialAttack": 50,
        "specialDefense": 50,
        "speed": 40
      },
      "tags": [],
      "spawn": {
        "baseExp": 124,
        "baseFriendship": 70,
        "spawnLevel": 5,
        "spawnLevelRange": 24,
        "spawnLocations": [
          "LAND"
        ]
      },
      "possibleGenders": [
        "MALE",
        "FEMALE"
      ],
      "genderProperties": [
        {
          "gender": "ALL",
          "palettes": [
            {
              "name": "none",
              "texture": "pixelmon:pokemon/216_teddiursa/all/base/none/texture.png",
              "sprite": "pixelmon:pokemon/216_teddiursa/all/base/none/sprite.png",
              "particle": "",
              "modelLocator": {
                "factoryType": "NORMAL",
                "pqc": [
                  "pixelmon:pokemon/216_teddiursa/all/base/none/model.pqc"
                ]
              },
              "sounds": [
                "pixelmon.mob.teddiursa",
                "pixelmon.mob.teddiursa"
              ]
            },
            {
              "name": "shiny",
              "texture": "pixelmon:pokemon/216_teddiursa/all/base/shiny/texture.png",
              "sprite": "pixelmon:pokemon/216_teddiursa/all/base/shiny/sprite.png",
              "particle": "arcanery:shiny"
            },
			{
              "name": "alluring",
              "texture": "pixelmon:pokemon/216_teddiursa/all/base/custom-alluring/texture.png",
              "sprite": "pixelmon:pokemon/216_teddiursa/all/base/custom-alluring/sprite.png",
              "particle": ""
            },
			{
              "name": "arctic",
              "texture": "pixelmon:pokemon/216_teddiursa/all/base/custom-arctic/texture.png",
              "sprite": "pixelmon:pokemon/216_teddiursa/all/base/custom-arctic/sprite.png",
              "particle": ""
            },
			{
              "name": "event",
              "texture": "pixelmon:pokemon/216_teddiursa/all/base/custom-event/texture.png",
              "sprite": "pixelmon:pokemon/216_teddiursa/all/base/custom-event/sprite.png",
              "particle": ""
            },
			{
              "name": "gamma",
              "texture": "pixelmon:pokemon/216_teddiursa/all/base/custom-gamma/texture.png",
              "sprite": "pixelmon:pokemon/216_teddiursa/all/base/custom-gamma/sprite.png",
              "particle": ""
            },
			{
              "name": "halloween",
              "texture": "pixelmon:pokemon/216_teddiursa/all/base/custom-halloween/texture.png",
              "sprite": "pixelmon:pokemon/216_teddiursa/all/base/custom-halloween/sprite.png",
              "particle": ""
            },
			{
              "name": "lunar",
              "texture": "pixelmon:pokemon/216_teddiursa/all/base/custom-lunar/texture.png",
              "sprite": "pixelmon:pokemon/216_teddiursa/all/base/custom-lunar/sprite.png",
              "particle": ""
            },
			{
              "name": "red",
              "texture": "pixelmon:pokemon/216_teddiursa/all/base/custom-red/texture.png",
              "sprite": "pixelmon:pokemon/216_teddiursa/all/base/custom-red/sprite.png",
              "particle": ""
            },
			{
              "name": "shadow",
              "texture": "pixelmon:pokemon/216_teddiursa/all/base/custom-shadow/texture.png",
              "sprite": "pixelmon:pokemon/216_teddiursa/all/base/custom-shadow/sprite.png",
              "particle": ""
            },
			{
              "name": "toy 1",
              "texture": "pixelmon:pokemon/216_teddiursa/all/base/custom-toy1/texture.png",
              "sprite": "pixelmon:pokemon/216_teddiursa/all/base/custom-toy1/sprite.png",
              "particle": ""
            },
			{
              "name": "toy 2",
              "texture": "pixelmon:pokemon/216_teddiursa/all/base/custom-toy2/texture.png",
              "sprite": "pixelmon:pokemon/216_teddiursa/all/base/custom-toy2/sprite.png",
              "particle": ""
            },
			{
              "name": "toy 3",
              "texture": "pixelmon:pokemon/216_teddiursa/all/base/custom-toy3/texture.png",
              "sprite": "pixelmon:pokemon/216_teddiursa/all/base/custom-toy3/sprite.png",
              "particle": ""
            }
          ]
        }
      ],
      "eggGroups": [
        "FIELD"
      ],
      "types": [
        "NORMAL"
      ],
      "preEvolutions": [],
      "defaultBaseForm": "",
      "megaItems": [],
      "megas": [],
      "gigantamax": {
        "canHaveFactor": false,
        "canGigantamax": false
      },
      "eggCycles": 21,
      "weight": 8.8,
      "catchRate": 120,
      "malePercentage": 0,
      "evolutions": [
        {
          "level": 30,
          "to": "Ursaring",
          "conditions": [],
          "evoType": "leveling"
        }
      ],
      "evYields": {
        "attack": 1
      }
    }
  ],
  "generation": 2
}
