{
	"name": "DarkRafflesimon",
	"dex": 2182,
	"defaultForms": [
		""
	],
	"forms": [
		{
			"name": "",
			"experienceGroup": "MEDIUM_SLOW",
			"dimensions": {
				"height": 5.0,
				"width": 3.0,
				"length": 2.0,
				"eyeHeight": 5.0,
				"hoverHeight": 5.0
			},
			"moves": {
				"levelUpMoves": [
					{
						"level": 0,
						"attacks": [
							"Growl",
							"Scratch",
							"Hypnosis",
							"Serpent Cure/Ruin",
							"Seven's Fantasia",
                                                        "Lila Shower",
						"Sappy Seed",
							"Fascination",
							"Wisselen"
						]
					},
					{
						"level": 4,
						"attacks": [
							"Vine Whip"
						]
					},
					{
						"level": 9,
						"attacks": [
							"Leech Seed"
						]
					},
					{
						"level": 12,
						"attacks": [
							"Razor Leaf"
						]
					},
					{
						"level": 15,
						"attacks": [
							"Absorb"
						]
					},
					{
						"level": 20,
						"attacks": [
							"Poison Sting"
						]
					},
					{
						"level": 25,
						"attacks": [
							"Poison Tail"
						]
					},
					{
						"level": 30,
						"attacks": [
							"Needle Arm"
						]
					},
					{
						"level": 37,
						"attacks": [
							"Leaf Blade"
						]
					},
					{
						"level": 44,
						"attacks": [
							"Mega Drain"
						]
					},
					{
						"level": 51,
						"attacks": [
							"Bitter Malice"
						]
					},
					{
						"level": 58,
						"attacks": [
							"Foul Play"
						]
					},
					{
						"level": 62,
						"attacks": [
							"Nature's Madness"
						]
					}
				],
				"tutorMoves": [
					"Grass Pledge"
				],
				"eggMoves": [],
				"tmMoves8": [
					"Hyper Beam",
					"Giga Impact",
					"Magical Leaf",
					"Solar Beam",
					"Light Screen",
          "Trailblaze",
          "Chilling Water",
          "Facade",
          "Aerial Ace",
          "Swift",
          "Magical Leaf",
          "Low Sweep",
          "Fling",
          "Endure",
          "Bullet Seed",
          "Brick Break",
          "U-turn",
          "Shadow Claw",
					"Fling",
					"Drain Punch",
					"Venoshock",
					"Round",
					"Grassy Terrain",
					"Attract",
					"Sunny Day",
					"Beat Up",
					"Will-O-Wisp",
					"Facade",
					"Swift",
					"Brick Break",
					"Weather Ball",
          "Play Rough",
          "Helping Hand",
          "Pollen Puff",
          "Grassy Terrain",
          "Nasty Plot",
          "Grass Pledge",
          "Giga Impact",
					"Acrobatics",
					"False Swipe"
				],
				"trMoves": [
					"Swords Dance",
					"Body Slam",
					"Earthquake",
          "Sleep Talk",
          "Encore",
          "Iron Tail",
          "Crunch",
          "Taunt",
          "Superpower",
          "Hyper Voice",
          "Bulk Up",
          "Close Combat",
          "Dark Pulse",
          "Seed Bomb",
          "Energy Ball",
					"Power Whip",
					"Dazzling Gleam",
					"Grass Knot",
					"Work Up"
				],
				"hmMoves": [],
				"transferMoves": [
					"Bide",
					"Body Slam",
					"Bug Bite",
					"Captivate",
					"Curse",
					"Cut",
					"Double-Edge",
					"Endure",
					"Flash",
					"Mimic",
					"Morning Sun",
					"Rage",
					"Secret Power",
					"Take Down",
					"Teeter Dance",
					"Mud-Slap",
					"Natural Gift",
					"Power-Up Punch",
					"Quick Attack",
					"Rage",
					"Reflect",
					"Return",
					"Rock Smash",
					"Secret Power",
					"Seismic Toss",
					"Skull Bash",
					"Strength",
					"Submission",
					"Swagger",
					"Take Down",
					"Toxic"
				],
				"tmMoves7": [],
				"tmMoves6": [],
				"tmMoves5": [],
				"tmMoves4": [],
				"tmMoves3": [],
				"tmMoves2": [],
				"tmMoves1": [],
				"tmMoves": []
			},
			"abilities": {
				"abilities": [
					"ToxicChain"
				],
				"hiddenAbilities": [
					"PoisonPuppeteer"
				]
			},
			"movement": {
				"rideable": false,
				"canFly": true,
				"canSurf": false,
				"canRideShoulder": false
			},
			"aggression": {
				"timid": 80,
				"passive": 0,
				"aggressive": 20
			},
			"battleStats": {
				"hp": 120,
				"attack": 105,
				"defense": 150,
				"specialAttack": 105,
				"specialDefense": 150,
				"speed": 110
			},
			"tags": [
				"legendary"
			],
			"spawn": {
				"baseExp": 220,
				"baseFriendship": 70,
				"spawnLevel": 48,
				"spawnLevelRange": 5,
				"spawnLocations": [
					"LAND"
				]
			},
			"possibleGenders": [
				"MALE",
				"FEMALE"
			],
			"genderProperties": [
				{
					"gender": "ALL",
					"palettes": [
						{
							"name": "none",
							"texture": "pixelmon:pokemon/2182_darkrafflesimon/all/base/none/texture.png",
							"emissive": "pixelmon:pokemon/2182_darkrafflesimon/all/base/none/emissive.png",
							"sprite": "pixelmon:pokemon/2182_darkrafflesimon/all/base/none/sprite.png",
							"particle": "",
							"modelLocator": {
								"factoryType": "NORMAL",
								"pqc": [
									"pixelmon:pokemon/2182_darkrafflesimon/all/base/none/model.pqc"
								]
							}
						},
						{
							"name": "shiny",
							"texture": "pixelmon:pokemon/2182_darkrafflesimon/all/base/shiny/texture.png",
							"emissive": "pixelmon:pokemon/2182_darkrafflesimon/all/base/shiny/emissive.png",
							"sprite": "pixelmon:pokemon/2182_darkrafflesimon/all/base/shiny/sprite.png",
							"particle": "arcanery:shiny"
						}
					]
				}
			],
			"eggGroups": [
				"UNDISCOVERED"
			],
			"types": [
				"GRASS",
				"DARK"
			],
			"preEvolutions": [
				"Rosemon",
				"Lotusmon"
			],
			"defaultBaseForm": "",
			"megaItems": [],
			"megas": [],
			"gigantamax": {
				"canHaveFactor": false,
				"canGigantamax": false
			},
			"eggCycles": 21,
			"weight": 28.7,
			"catchRate": 50,
			"malePercentage": -1,
			"evolutions": [],
			"evYields": {
				"attack": 3,
				"speed": 3,
				"hp": 3,
				"specialattack": 3,
				"defense": 4,
				"specialdefense": 4
			}
		}
	],
	"generation": 20
}