{
  "name": "Remoraid",
  "dex": 223,
  "defaultForms": [
    ""
  ],
  "forms": [
    {
      "name": "",
      "experienceGroup": "MEDIUM_FAST",
      "dimensions": {
        "height": 0.6,
        "width": 0.6,
        "length": 1,
        "eyeHeight": 0.6,
        "hoverHeight": 0.6
      },
      "moves": {
        "levelUpMoves": [
          {
            "level": 0,
            "attacks": [
              "Helping Hand",
              "Water Gun"
            ]
          },
          {
            "level": 4,
            "attacks": [
              "Water Pulse"
            ]
          },
          {
            "level": 8,
            "attacks": [
              "Focus Energy"
            ]
          },
          {
            "level": 12,
            "attacks": [
              "Psybeam"
            ]
          },
          {
            "level": 16,
            "attacks": [
              "Aurora Beam"
            ]
          },
          {
            "level": 20,
            "attacks": [
              "Bubble Beam"
            ]
          },
          {
            "level": 24,
            "attacks": [
              "Lock-On"
            ]
          },
          {
            "level": 28,
            "attacks": [
              "Bullet Seed"
            ]
          },
          {
            "level": 32,
            "attacks": [
              "Ice Beam"
            ]
          },
          {
            "level": 36,
            "attacks": [
              "Hydro Pump"
            ]
          },
          {
            "level": 40,
            "attacks": [
              "Soak"
            ]
          },
          {
            "level": 44,
            "attacks": [
              "Hyper Beam"
            ]
          }
        ],
        "tutorMoves": [],
        "eggMoves": [
          "Acid Spray",
          "Flail",
          "Haze",
          "Octazooka",
          "Supersonic",
          "Water Spout"
        ],
        "tmMoves8": [
          "Hyper Beam",
          "Thunder Wave",
          "Screech",
          "Rest",
          "Thief",
          "Snore",
          "Protect",
          "Icy Wind",
          "Attract",
          "Rain Dance",
          "Sunny Day",
          "Whirlpool",
          "Facade",
          "Swift",
          "Helping Hand",
          "Dive",
          "Bullet Seed",
          "Bounce",
          "Mud Shot",
          "Rock Blast",
          "Brine",
          "Assurance",
          "Round"
        ],
        "trMoves": [
          "Flamethrower",
          "Hydro Pump",
          "Surf",
          "Ice Beam",
          "Blizzard",
          "Psychic",
          "Focus Energy",
          "Fire Blast",
          "Waterfall",
          "Substitute",
          "Endure",
          "Sleep Talk",
          "Seed Bomb",
          "Gunk Shot",
          "Scald"
        ],
        "hmMoves": [],
        "transferMoves": [
          "Captivate",
          "Charge Beam",
          "Confide",
          "Curse",
          "Defense Curl",
          "Double Team",
          "Double-Edge",
          "Entrainment",
          "Frustration",
          "Hidden Power",
          "Incinerate",
          "Mimic",
          "Mud-Slap",
          "Natural Gift",
          "Return",
          "Secret Power",
          "Signal Beam",
          "Smack Down",
          "String Shot",
          "Swagger",
          "Toxic"
        ],
        "tmMoves7": [
          "Toxic",
          "Hidden Power",
          "Sunny Day",
          "Ice Beam",
          "Blizzard",
          "Hyper Beam",
          "Protect",
          "Rain Dance",
          "Frustration",
          "Smack Down",
          "Return",
          "Psychic",
          "Double Team",
          "Flamethrower",
          "Fire Blast",
          "Facade",
          "Rest",
          "Attract",
          "Thief",
          "Round",
          "Scald",
          "Charge Beam",
          "Thunder Wave",
          "Swagger",
          "Sleep Talk",
          "Substitute",
          "Surf",
          "Waterfall",
          "Confide"
        ],
        "tmMoves6": [
          "Toxic",
          "Hidden Power",
          "Sunny Day",
          "Ice Beam",
          "Blizzard",
          "Hyper Beam",
          "Protect",
          "Rain Dance",
          "Frustration",
          "Smack Down",
          "Return",
          "Psychic",
          "Double Team",
          "Flamethrower",
          "Fire Blast",
          "Facade",
          "Rest",
          "Attract",
          "Thief",
          "Round",
          "Scald",
          "Charge Beam",
          "Incinerate",
          "Thunder Wave",
          "Swagger",
          "Sleep Talk",
          "Substitute",
          "Secret Power",
          "Confide"
        ],
        "tmMoves5": [
          "Toxic",
          "Hidden Power",
          "Sunny Day",
          "Ice Beam",
          "Blizzard",
          "Hyper Beam",
          "Protect",
          "Rain Dance",
          "Frustration",
          "Smack Down",
          "Return",
          "Psychic",
          "Double Team",
          "Flamethrower",
          "Fire Blast",
          "Facade",
          "Rest",
          "Attract",
          "Thief",
          "Round",
          "Scald",
          "Charge Beam",
          "Incinerate",
          "Thunder Wave",
          "Swagger",
          "Substitute"
        ],
        "tmMoves4": [
          "Water Pulse",
          "Toxic",
          "Bullet Seed",
          "Hidden Power",
          "Sunny Day",
          "Ice Beam",
          "Blizzard",
          "Hyper Beam",
          "Protect",
          "Rain Dance",
          "Frustration",
          "Return",
          "Psychic",
          "Double Team",
          "Flamethrower",
          "Fire Blast",
          "Facade",
          "Secret Power",
          "Rest",
          "Attract",
          "Thief",
          "Brine",
          "Charge Beam",
          "Endure",
          "Thunder Wave",
          "Captivate",
          "Sleep Talk",
          "Natural Gift",
          "Swagger",
          "Substitute"
        ],
        "tmMoves3": [
          "Water Pulse",
          "Toxic",
          "Hidden Power",
          "Sunny Day",
          "Ice Beam",
          "Blizzard",
          "Hyper Beam",
          "Protect",
          "Rain Dance",
          "Frustration",
          "Return",
          "Psychic",
          "Double Team",
          "Flamethrower",
          "Fire Blast",
          "Facade",
          "Secret Power",
          "Rest",
          "Attract",
          "Thief"
        ],
        "tmMoves2": [
          "Curse",
          "Toxic",
          "Hidden Power",
          "Snore",
          "Hyper Beam",
          "Protect",
          "Rain Dance",
          "Endure",
          "Frustration",
          "Return",
          "Mud-Slap",
          "Double Team",
          "Swagger",
          "Sleep Talk",
          "Swift",
          "Defense Curl",
          "Rest",
          "Attract",
          "Thief"
        ],
        "tmMoves1": [],
        "tmMoves": []
      },
      "abilities": {
        "abilities": [
          "Hustle",
          "Sniper"
        ],
        "hiddenAbilities": [
          "Moody"
        ]
      },
      "movement": {
        "rideable": false,
        "canFly": false,
        "canSurf": true,
        "canRideShoulder": false,
        "swimmingParameters": {
          "depthRangeStart": 1,
          "depthRangeEnd": 5,
          "swimSpeed": 5,
          "decayRate": 0.99,
          "refreshRate": 200
        }
      },
      "aggression": {
        "timid": 80,
        "passive": 0,
        "aggressive": 20
      },
      "battleStats": {
        "hp": 35,
        "attack": 65,
        "defense": 35,
        "specialAttack": 65,
        "specialDefense": 35,
        "speed": 65
      },
      "tags": [],
      "spawn": {
        "baseExp": 78,
        "baseFriendship": 70,
        "spawnLevel": 5,
        "spawnLevelRange": 19,
        "spawnLocations": [
          "WATER"
        ]
      },
      "possibleGenders": [
        "MALE",
        "FEMALE"
      ],
      "genderProperties": [
        {
          "gender": "ALL",
          "palettes": [
            {
              "name": "none",
              "texture": "pixelmon:pokemon/223_remoraid/all/base/none/texture.png",
              "sprite": "pixelmon:pokemon/223_remoraid/all/base/none/sprite.png",
              "particle": "",
              "modelLocator": {
                "factoryType": "NORMAL",
                "pqc": [
                  "pixelmon:pokemon/223_remoraid/all/base/none/model.pqc"
                ]
              },
              "sounds": []
            },
            {
              "name": "shiny",
              "texture": "pixelmon:pokemon/223_remoraid/all/base/shiny/texture.png",
              "sprite": "pixelmon:pokemon/223_remoraid/all/base/shiny/sprite.png",
              "particle": "arcanery:shiny"
            },
            {
              "name": "drowned",
              "texture": "pixelmon:pokemon/223_remoraid/all/base/drowned/texture.png",
              "sprite": "pixelmon:pokemon/223_remoraid/all/base/drowned/sprite.png",
              "particle": ""
            },
			{
              "name": "halloween",
              "texture": "pixelmon:pokemon/223_remoraid/all/base/custom-halloween/texture.png",
              "sprite": "pixelmon:pokemon/223_remoraid/all/base/custom-halloween/sprite.png",
              "particle": ""
            }
          ]
        }
      ],
      "eggGroups": [
        "WATER_ONE",
        "WATER_TWO"
      ],
      "types": [
        "WATER"
      ],
      "preEvolutions": [],
      "defaultBaseForm": "",
      "megaItems": [],
      "megas": [],
      "gigantamax": {
        "canHaveFactor": false,
        "canGigantamax": false
      },
      "eggCycles": 21,
      "weight": 12.0,
      "catchRate": 190,
      "malePercentage": 0,
      "evolutions": [
        {
          "level": 25,
          "to": "Octillery",
          "conditions": [],
          "evoType": "leveling",
          "moves": [
            "Octazooka"
          ]
        }
      ],
      "evYields": {
        "specialAttack": 1
      }
    }
  ],
  "generation": 2
}
