{
  "name": "Mantine",
  "dex": 226,
  "defaultForms": [
    ""
  ],
  "forms": [
    {
      "name": "",
      "experienceGroup": "SLOW",
      "dimensions": {
        "height": 1.2,
        "width": 1.4,
        "length": 1,
        "eyeHeight": 1.2,
        "hoverHeight": 1.2
      },
      "moves": {
        "levelUpMoves": [
          {
            "level": 0,
            "attacks": [
              "Bullet Seed",
              "Psybeam",
              "Roost",
              "Supersonic",
              "Tackle",
              "Water Gun",
              "Wing Attack"
            ]
          },
          {
            "level": 12,
            "attacks": [
              "Water Pulse"
            ]
          },
          {
            "level": 16,
            "attacks": [
              "Wide Guard"
            ]
          },
          {
            "level": 20,
            "attacks": [
              "Agility"
            ]
          },
          {
            "level": 24,
            "attacks": [
              "Bubble Beam"
            ]
          },
          {
            "level": 28,
            "attacks": [
              "Headbutt"
            ]
          },
          {
            "level": 32,
            "attacks": [
              "Air Slash"
            ]
          },
          {
            "level": 36,
            "attacks": [
              "Aqua Ring"
            ]
          },
          {
            "level": 40,
            "attacks": [
              "Bounce"
            ]
          },
          {
            "level": 44,
            "attacks": [
              "Take Down"
            ]
          },
          {
            "level": 48,
            "attacks": [
              "Hydro Pump"
            ]
          }
        ],
        "tutorMoves": [
          "Dual Wingbeat"
        ],
        "eggMoves": [
          "Confuse Ray",
          "Haze",
          "Mirror Coat",
          "Slam",
          "Splash",
          "Tailwind",
          "Twister"
        ],
        "tmMoves8": [
          "Hyper Beam",
          "Giga Impact",
          "Rest",
          "Rock Slide",
          "Snore",
          "Protect",
          "Icy Wind",
          "Attract",
          "Rain Dance",
          "Hail",
          "Whirlpool",
          "Facade",
          "Swift",
          "Helping Hand",
          "Dive",
          "Rock Tomb",
          "Bullet Seed",
          "Bounce",
          "Rock Blast",
          "Brine",
          "Assurance",
          "Round",
          "Acrobatics",
          "Bulldoze",
          "Air Slash"
        ],
        "trMoves": [
          "Body Slam",
          "Hydro Pump",
          "Surf",
          "Ice Beam",
          "Blizzard",
          "Earthquake",
          "Agility",
          "Waterfall",
          "Amnesia",
          "Substitute",
          "Endure",
          "Sleep Talk",
          "Seed Bomb",
          "Gunk Shot",
          "Iron Head",
          "Scald",
          "Hurricane",
          "Liquidation",
          "Body Press"
        ],
        "hmMoves": [],
        "transferMoves": [
          "Aerial Ace",
          "Air Cutter",
          "Aqua Tail",
          "Bubble",
          "Captivate",
          "Confide",
          "Curse",
          "Defog",
          "Double Team",
          "Double-Edge",
          "Frustration",
          "Hidden Power",
          "Mimic",
          "Mud Sport",
          "Mud-Slap",
          "Natural Gift",
          "Return",
          "Secret Power",
          "Signal Beam",
          "String Shot",
          "Swagger",
          "Toxic",
          "Water Sport"
        ],
        "tmMoves7": [
          "Toxic",
          "Hail",
          "Hidden Power",
          "Ice Beam",
          "Blizzard",
          "Hyper Beam",
          "Protect",
          "Rain Dance",
          "Roost",
          "Frustration",
          "Earthquake",
          "Return",
          "Double Team",
          "Rock Tomb",
          "Aerial Ace",
          "Facade",
          "Rest",
          "Attract",
          "Round",
          "Scald",
          "Acrobatics",
          "Giga Impact",
          "Bulldoze",
          "Rock Slide",
          "Swagger",
          "Sleep Talk",
          "Substitute",
          "Surf",
          "Waterfall",
          "Confide"
        ],
        "tmMoves6": [
          "Toxic",
          "Hail",
          "Hidden Power",
          "Ice Beam",
          "Blizzard",
          "Hyper Beam",
          "Protect",
          "Rain Dance",
          "Frustration",
          "Earthquake",
          "Return",
          "Double Team",
          "Rock Tomb",
          "Aerial Ace",
          "Facade",
          "Rest",
          "Attract",
          "Round",
          "Scald",
          "Acrobatics",
          "Giga Impact",
          "Bulldoze",
          "Rock Slide",
          "Swagger",
          "Sleep Talk",
          "Substitute",
          "Secret Power",
          "Confide"
        ],
        "tmMoves5": [
          "Toxic",
          "Hail",
          "Hidden Power",
          "Ice Beam",
          "Blizzard",
          "Hyper Beam",
          "Protect",
          "Rain Dance",
          "Frustration",
          "Earthquake",
          "Return",
          "Double Team",
          "Rock Tomb",
          "Aerial Ace",
          "Facade",
          "Rest",
          "Attract",
          "Round",
          "Scald",
          "Acrobatics",
          "Giga Impact",
          "Bulldoze",
          "Rock Slide",
          "Swagger",
          "Substitute"
        ],
        "tmMoves4": [
          "Water Pulse",
          "Toxic",
          "Hail",
          "Bullet Seed",
          "Hidden Power",
          "Ice Beam",
          "Blizzard",
          "Hyper Beam",
          "Protect",
          "Rain Dance",
          "Frustration",
          "Earthquake",
          "Return",
          "Double Team",
          "Rock Tomb",
          "Aerial Ace",
          "Facade",
          "Secret Power",
          "Rest",
          "Attract",
          "Brine",
          "Endure",
          "Giga Impact",
          "Captivate",
          "Rock Slide",
          "Sleep Talk",
          "Natural Gift",
          "Swagger",
          "Substitute"
        ],
        "tmMoves3": [
          "Water Pulse",
          "Toxic",
          "Hail",
          "Hidden Power",
          "Ice Beam",
          "Blizzard",
          "Protect",
          "Rain Dance",
          "Frustration",
          "Earthquake",
          "Return",
          "Double Team",
          "Aerial Ace",
          "Facade",
          "Secret Power",
          "Rest",
          "Attract"
        ],
        "tmMoves2": [
          "Headbutt",
          "Curse",
          "Toxic",
          "Hidden Power",
          "Snore",
          "Blizzard",
          "Icy Wind",
          "Protect",
          "Rain Dance",
          "Endure",
          "Frustration",
          "Return",
          "Mud-Slap",
          "Double Team",
          "Swagger",
          "Sleep Talk",
          "Swift",
          "Rest",
          "Attract"
        ],
        "tmMoves1": [],
        "tmMoves": []
      },
      "abilities": {
        "abilities": [
          "SwiftSwim",
          "WaterAbsorb"
        ],
        "hiddenAbilities": [
          "WaterVeil"
        ]
      },
      "movement": {
        "rideable": true,
        "canFly": false,
        "canSurf": true,
        "canRideShoulder": false,
        "ridingOffsets": {
          "standing": {
            "x": 0.0,
            "y": -1.43,
            "z": -0.47
          },
          "moving": {
            "x": 0,
            "y": 0,
            "z": 0
          }
        },
        "swimmingParameters": {
          "depthRangeStart": 1,
          "depthRangeEnd": 36,
          "swimSpeed": 10,
          "decayRate": 0.99,
          "refreshRate": 200,
          "chanceToStopOnBlock": 0.9,
          "blocksToStopOn": [
            "minecraft:SEAGRASS",
            "minecraft:TALL_SEAGRASS"
          ],
          "minStopTime": 1,
          "maxStopTime": 4,
          "minStopCooldownTime": 6,
          "maxStopCooldownTime": 10
        }
      },
      "aggression": {
        "timid": 80,
        "passive": 0,
        "aggressive": 20
      },
      "battleStats": {
        "hp": 85,
        "attack": 40,
        "defense": 70,
        "specialAttack": 80,
        "specialDefense": 140,
        "speed": 70
      },
      "tags": [],
      "spawn": {
        "baseExp": 168,
        "baseFriendship": 70,
        "spawnLevel": 5,
        "spawnLevelRange": 40,
        "spawnLocations": [
          "WATER"
        ]
      },
      "possibleGenders": [
        "MALE",
        "FEMALE"
      ],
      "genderProperties": [
        {
          "gender": "ALL",
          "palettes": [
            {
              "name": "none",
              "texture": "pixelmon:pokemon/226_mantine/all/base/none/texture.png",
              "sprite": "pixelmon:pokemon/226_mantine/all/base/none/sprite.png",
              "particle": "",
              "modelLocator": {
                "factoryType": "NORMAL",
                "pqc": [
                  "pixelmon:pokemon/226_mantine/all/base/none/model.pqc"
                ]
              },
              "sounds": []
            },
            {
              "name": "shiny",
              "texture": "pixelmon:pokemon/226_mantine/all/base/shiny/texture.png",
              "sprite": "pixelmon:pokemon/226_mantine/all/base/shiny/sprite.png",
              "particle": "arcanery:shiny"
            },
			{
              "name": "atlante",
              "texture": "pixelmon:pokemon/226_mantine/all/base/custom-atlante/texture.png",
              "sprite": "pixelmon:pokemon/226_mantine/all/base/custom-atlante/sprite.png",
              "particle": ""
            },
			{
              "name": "coralp",
              "texture": "pixelmon:pokemon/226_mantine/all/base/custom-coralp/texture.png",
              "sprite": "pixelmon:pokemon/226_mantine/all/base/custom-coralp/sprite.png",
              "particle": ""
            },
			{
              "name": "coralw",
              "texture": "pixelmon:pokemon/226_mantine/all/base/custom-coralw/texture.png",
              "sprite": "pixelmon:pokemon/226_mantine/all/base/custom-coralw/sprite.png",
              "particle": ""
            },
			{
              "name": "ditto 1",
              "texture": "pixelmon:pokemon/226_mantine/all/base/custom-ditto1/texture.png",
              "sprite": "pixelmon:pokemon/226_mantine/all/base/custom-ditto1/sprite.png",
              "particle": ""
            },
			{
              "name": "ditto 2",
              "texture": "pixelmon:pokemon/226_mantine/all/base/custom-ditto2/texture.png",
              "sprite": "pixelmon:pokemon/226_mantine/all/base/custom-ditto2/sprite.png",
              "particle": ""
            },
			{
              "name": "food",
              "texture": "pixelmon:pokemon/226_mantine/all/base/custom-food/texture.png",
              "sprite": "pixelmon:pokemon/226_mantine/all/base/custom-food/sprite.png",
              "particle": ""
            },
			{
              "name": "halloween 1",
              "texture": "pixelmon:pokemon/226_mantine/all/base/custom-halloween1/texture.png",
              "sprite": "pixelmon:pokemon/226_mantine/all/base/custom-halloween1/sprite.png",
              "particle": ""
            },
			{
              "name": "halloween 2",
              "texture": "pixelmon:pokemon/226_mantine/all/base/custom-halloween2/texture.png",
              "sprite": "pixelmon:pokemon/226_mantine/all/base/custom-halloween2/sprite.png",
              "particle": ""
            },
			{
              "name": "halloween 3",
              "texture": "pixelmon:pokemon/226_mantine/all/base/custom-halloween3/texture.png",
              "sprite": "pixelmon:pokemon/226_mantine/all/base/custom-halloween3/sprite.png",
              "particle": ""
            },
			{
              "name": "hero",
              "texture": "pixelmon:pokemon/226_mantine/all/base/custom-hero/texture.png",
              "sprite": "pixelmon:pokemon/226_mantine/all/base/custom-hero/sprite.png",
              "particle": ""
            },
			{
              "name": "vapor",
              "texture": "pixelmon:pokemon/226_mantine/all/base/custom-vapor/texture.png",
              "sprite": "pixelmon:pokemon/226_mantine/all/base/custom-vapor/sprite.png",
              "particle": ""
            }
          ]
        }
      ],
      "eggGroups": [
        "WATER_ONE"
      ],
      "types": [
        "WATER",
        "FLYING"
      ],
      "preEvolutions": [
        "Mantyke"
      ],
      "defaultBaseForm": "",
      "megaItems": [],
      "megas": [],
      "gigantamax": {
        "canHaveFactor": false,
        "canGigantamax": false
      },
      "eggCycles": 26,
      "weight": 220.0,
      "catchRate": 25,
      "malePercentage": 0,
      "evolutions": [],
      "evYields": {
        "specialDefense": 2
      }
    }
  ],
  "generation": 2
}
