{
  "name": "Houndour",
  "dex": 228,
  "defaultForms": [
    ""
  ],
  "forms": [
    {
      "name": "",
      "experienceGroup": "SLOW",
      "dimensions": {
        "height": 0.6,
        "width": 0.7,
        "length": 1,
        "eyeHeight": 0.6,
        "hoverHeight": 0.6
      },
      "moves": {
        "levelUpMoves": [
          {
            "level": 0,
            "attacks": [
              "Ember",
              "Leer"
            ]
          },
          {
            "level": 4,
            "attacks": [
              "Howl"
            ]
          },
          {
            "level": 8,
            "attacks": [
              "Smog"
            ]
          },
          {
            "level": 13,
            "attacks": [
              "Roar"
            ]
          },
          {
            "level": 16,
            "attacks": [
              "Bite"
            ]
          },
          {
            "level": 20,
            "attacks": [
              "Odor Sleuth"
            ]
          },
          {
            "level": 25,
            "attacks": [
              "Beat Up"
            ]
          },
          {
            "level": 28,
            "attacks": [
              "Fire Fang"
            ]
          },
          {
            "level": 32,
            "attacks": [
              "Feint Attack"
            ]
          },
          {
            "level": 37,
            "attacks": [
              "Embargo"
            ]
          },
          {
            "level": 40,
            "attacks": [
              "Foul Play"
            ]
          },
          {
            "level": 44,
            "attacks": [
              "Flamethrower"
            ]
          },
          {
            "level": 49,
            "attacks": [
              "Crunch"
            ]
          },
          {
            "level": 52,
            "attacks": [
              "Nasty Plot"
            ]
          },
          {
            "level": 56,
            "attacks": [
              "Inferno"
            ]
          }
        ],
        "tutorMoves": [
          "Foul Play",
          "Heat Wave",
          "Hyper Voice",
          "Iron Tail",
          "Role Play",
          "Snatch",
          "Snore",
          "Spite",
          "Super Fang",
          "Uproar"
        ],
        "eggMoves": [
          "Beat Up",
          "Counter",
          "Destiny Bond",
          "Feint",
          "Fire Fang",
          "Fire Spin",
          "Nasty Plot",
          "Punishment",
          "Pursuit",
          "Rage",
          "Reversal",
          "Spite",
          "Sucker Punch",
          "Thunder Fang"
        ],
        "tmMoves8": [],
        "trMoves": [],
        "hmMoves": [],
        "transferMoves": [
          "Body Slam",
          "Captivate",
          "Charm",
          "Curse",
          "Detect",
          "Double-Edge",
          "Endure",
          "Headbutt",
          "Incinerate",
          "Mimic",
          "Mud-Slap",
          "Natural Gift",
          "Nightmare",
          "Retaliate",
          "Rock Smash",
          "Secret Power",
          "Swift"
        ],
        "tmMoves7": [
          "Roar",
          "Toxic",
          "Hidden Power",
          "Sunny Day",
          "Taunt",
          "Protect",
          "Frustration",
          "Solar Beam",
          "Return",
          "Shadow Ball",
          "Double Team",
          "Flamethrower",
          "Sludge Bomb",
          "Fire Blast",
          "Torment",
          "Facade",
          "Flame Charge",
          "Rest",
          "Attract",
          "Thief",
          "Round",
          "Overheat",
          "Will-O-Wisp",
          "Embargo",
          "Payback",
          "Dream Eater",
          "Swagger",
          "Sleep Talk",
          "Substitute",
          "Snarl",
          "Dark Pulse",
          "Confide"
        ],
        "tmMoves6": [
          "Roar",
          "Toxic",
          "Hidden Power",
          "Sunny Day",
          "Taunt",
          "Protect",
          "Frustration",
          "Solar Beam",
          "Return",
          "Shadow Ball",
          "Double Team",
          "Flamethrower",
          "Sludge Bomb",
          "Fire Blast",
          "Torment",
          "Facade",
          "Flame Charge",
          "Rest",
          "Attract",
          "Thief",
          "Round",
          "Overheat",
          "Incinerate",
          "Will-O-Wisp",
          "Embargo",
          "Payback",
          "Retaliate",
          "Dream Eater",
          "Swagger",
          "Sleep Talk",
          "Substitute",
          "Secret Power",
          "Snarl",
          "Dark Pulse",
          "Confide"
        ],
        "tmMoves5": [
          "Roar",
          "Toxic",
          "Hidden Power",
          "Sunny Day",
          "Taunt",
          "Protect",
          "Frustration",
          "Solar Beam",
          "Return",
          "Shadow Ball",
          "Double Team",
          "Flamethrower",
          "Sludge Bomb",
          "Fire Blast",
          "Torment",
          "Facade",
          "Flame Charge",
          "Rest",
          "Attract",
          "Thief",
          "Round",
          "Overheat",
          "Incinerate",
          "Will-O-Wisp",
          "Embargo",
          "Payback",
          "Retaliate",
          "Dream Eater",
          "Swagger",
          "Substitute",
          "Rock Smash",
          "Snarl"
        ],
        "tmMoves4": [
          "Roar",
          "Toxic",
          "Hidden Power",
          "Sunny Day",
          "Taunt",
          "Protect",
          "Frustration",
          "Solar Beam",
          "Iron Tail",
          "Return",
          "Shadow Ball",
          "Double Team",
          "Flamethrower",
          "Sludge Bomb",
          "Fire Blast",
          "Torment",
          "Facade",
          "Secret Power",
          "Rest",
          "Attract",
          "Thief",
          "Snatch",
          "Overheat",
          "Endure",
          "Will-O-Wisp",
          "Embargo",
          "Payback",
          "Captivate",
          "Dark Pulse",
          "Sleep Talk",
          "Natural Gift",
          "Dream Eater",
          "Swagger",
          "Substitute"
        ],
        "tmMoves3": [
          "Roar",
          "Toxic",
          "Hidden Power",
          "Sunny Day",
          "Taunt",
          "Protect",
          "Frustration",
          "Solar Beam",
          "Iron Tail",
          "Return",
          "Shadow Ball",
          "Double Team",
          "Flamethrower",
          "Sludge Bomb",
          "Fire Blast",
          "Torment",
          "Facade",
          "Secret Power",
          "Rest",
          "Attract",
          "Thief",
          "Snatch",
          "Overheat"
        ],
        "tmMoves2": [
          "Headbutt",
          "Curse",
          "Roar",
          "Toxic",
          "Rock Smash",
          "Hidden Power",
          "Sunny Day",
          "Snore",
          "Protect",
          "Endure",
          "Frustration",
          "Solar Beam",
          "Iron Tail",
          "Return",
          "Shadow Ball",
          "Mud-Slap",
          "Double Team",
          "Swagger",
          "Sleep Talk",
          "Sludge Bomb",
          "Fire Blast",
          "Swift",
          "Dream Eater",
          "Detect",
          "Rest",
          "Attract",
          "Thief",
          "Nightmare"
        ],
        "tmMoves1": [],
        "tmMoves": []
      },
      "abilities": {
        "abilities": [
          "EarlyBird",
          "FlashFire"
        ],
        "hiddenAbilities": [
          "Unnerve"
        ]
      },
      "movement": {
        "rideable": false,
        "canFly": false,
        "canSurf": false,
        "canRideShoulder": false
      },
      "aggression": {
        "timid": 80,
        "passive": 0,
        "aggressive": 20
      },
      "battleStats": {
        "hp": 45,
        "attack": 60,
        "defense": 30,
        "specialAttack": 80,
        "specialDefense": 50,
        "speed": 65
      },
      "tags": [],
      "spawn": {
        "baseExp": 114,
        "baseFriendship": 35,
        "spawnLevel": 5,
        "spawnLevelRange": 18,
        "spawnLocations": [
          "LAND"
        ]
      },
      "possibleGenders": [
        "MALE",
        "FEMALE"
      ],
      "genderProperties": [
        {
          "gender": "ALL",
          "palettes": [
            {
              "name": "none",
              "texture": "pixelmon:pokemon/228_houndour/all/base/none/texture.png",
              "sprite": "pixelmon:pokemon/228_houndour/all/base/none/sprite.png",
              "particle": "",
              "modelLocator": {
                "factoryType": "NORMAL",
                "pqc": [
                  "pixelmon:pokemon/228_houndour/all/base/none/model.pqc"
                ]
              },
              "sounds": []
            },
            {
              "name": "shiny",
              "texture": "pixelmon:pokemon/228_houndour/all/base/shiny/texture.png",
              "sprite": "pixelmon:pokemon/228_houndour/all/base/shiny/sprite.png",
              "particle": "arcanery:shiny"
            },
			{
              "name": "anubis",
              "texture": "pixelmon:pokemon/228_houndour/all/base/custom-anubis/texture.png",
              "sprite": "pixelmon:pokemon/228_houndour/all/base/custom-anubis/sprite.png",
              "particle": ""
            },
			{
              "name": "magma",
              "texture": "pixelmon:pokemon/228_houndour/all/base/custom-magma/texture.png",
              "sprite": "pixelmon:pokemon/228_houndour/all/base/custom-magma/sprite.png",
              "particle": ""
            },
			{
              "name": "mythology 1",
              "texture": "pixelmon:pokemon/228_houndour/all/base/custom-mythology1/texture.png",
              "sprite": "pixelmon:pokemon/228_houndour/all/base/custom-mythology1/sprite.png",
              "particle": ""
            },
			{
              "name": "mythology 2",
              "texture": "pixelmon:pokemon/228_houndour/all/base/custom-mythology2/texture.png",
              "sprite": "pixelmon:pokemon/228_houndour/all/base/custom-mythology2/sprite.png",
              "particle": ""
            },
			{
              "name": "obscuros",
              "texture": "pixelmon:pokemon/228_houndour/all/base/custom-obscuros/texture.png",
              "sprite": "pixelmon:pokemon/228_houndour/all/base/custom-obscuros/sprite.png",
              "particle": ""
            },
			{
              "name": "poison",
              "texture": "pixelmon:pokemon/228_houndour/all/base/custom-poison/texture.png",
              "sprite": "pixelmon:pokemon/228_houndour/all/base/custom-poison/sprite.png",
              "particle": ""
            },
			{
              "name": "shadow",
              "texture": "pixelmon:pokemon/228_houndour/all/base/custom-shadow/texture.png",
              "sprite": "pixelmon:pokemon/228_houndour/all/base/custom-shadow/sprite.png",
              "particle": ""
            },
			{
              "name": "toxic",
              "texture": "pixelmon:pokemon/228_houndour/all/base/custom-toxic/texture.png",
              "sprite": "pixelmon:pokemon/228_houndour/all/base/custom-toxic/sprite.png",
              "particle": ""
            }
          ]
        }
      ],
      "eggGroups": [
        "FIELD"
      ],
      "types": [
        "DARK",
        "FIRE"
      ],
      "preEvolutions": [],
      "defaultBaseForm": "",
      "megaItems": [],
      "megas": [],
      "gigantamax": {
        "canHaveFactor": false,
        "canGigantamax": false
      },
      "eggCycles": 21,
      "weight": 10.8,
      "catchRate": 120,
      "malePercentage": 0,
      "evolutions": [
        {
          "level": 24,
          "to": "Houndoom",
          "conditions": [],
          "evoType": "leveling"
        }
      ],
      "evYields": {
        "specialAttack": 1
      }
    }
  ],
  "generation": 2
}
