{
  "name": "Donphan",
  "dex": 232,
  "defaultForms": [
    ""
  ],
  "forms": [
    {
      "name": "",
      "experienceGroup": "MEDIUM_FAST",
      "dimensions": {
        "height": 1.1,
        "width": 1.2,
        "length": 1,
        "eyeHeight": 1.1,
        "hoverHeight": 1.1
      },
      "moves": {
        "levelUpMoves": [
          {
            "level": 0,
            "attacks": [
              "Bulldoze",
              "Defense Curl",
              "Fire Fang",
              "Fury Attack",
              "Growl",
              "Horn Attack",
              "Thunder Fang"
            ]
          },
          {
            "level": 6,
            "attacks": [
              "Rapid Spin"
            ]
          },
          {
            "level": 10,
            "attacks": [
              "Rollout"
            ]
          },
          {
            "level": 15,
            "attacks": [
              "Assurance"
            ]
          },
          {
            "level": 19,
            "attacks": [
              "Knock Off"
            ]
          },
          {
            "level": 24,
            "attacks": [
              "Slam"
            ]
          },
          {
            "level": 30,
            "attacks": [
              "Magnitude"
            ]
          },
          {
            "level": 37,
            "attacks": [
              "Scary Face"
            ]
          },
          {
            "level": 43,
            "attacks": [
              "Earthquake"
            ]
          },
          {
            "level": 50,
            "attacks": [
              "Giga Impact"
            ]
          }
        ],
        "tutorMoves": [
          "Block",
          "Bounce",
          "Earth Power",
          "Endeavor",
          "Gunk Shot",
          "Hyper Voice",
          "Iron Defense",
          "Iron Tail",
          "Knock Off",
          "Last Resort",
          "Seed Bomb",
          "Snore",
          "Stealth Rock",
          "Stomping Tantrum",
          "Superpower"
        ],
        "eggMoves": [
          "Ancient Power",
          "Body Slam",
          "Counter",
          "Endeavor",
          "Fissure",
          "Focus Energy",
          "Head Smash",
          "Heavy Slam",
          "High Horsepower",
          "Ice Shard",
          "Mud-Slap",
          "Play Rough",
          "Snore"
        ],
        "tmMoves8": [],
        "trMoves": [],
        "hmMoves": [],
        "transferMoves": [
          "Captivate",
          "Curse",
          "Headbutt",
          "Mimic",
          "Rock Smash",
          "Secret Power",
          "Strength",
          "Water Gun"
        ],
        "tmMoves7": [
          "Roar",
          "Toxic",
          "Hidden Power",
          "Sunny Day",
          "Hyper Beam",
          "Protect",
          "Frustration",
          "Earthquake",
          "Return",
          "Double Team",
          "Sandstorm",
          "Rock Tomb",
          "Facade",
          "Rest",
          "Attract",
          "Round",
          "Echoed Voice",
          "Brutal Swing",
          "Giga Impact",
          "Rock Polish",
          "Stone Edge",
          "Gyro Ball",
          "Bulldoze",
          "Rock Slide",
          "Poison Jab",
          "Swagger",
          "Sleep Talk",
          "Substitute",
          "Confide"
        ],
        "tmMoves6": [
          "Roar",
          "Toxic",
          "Hidden Power",
          "Sunny Day",
          "Hyper Beam",
          "Protect",
          "Frustration",
          "Earthquake",
          "Return",
          "Double Team",
          "Sandstorm",
          "Rock Tomb",
          "Facade",
          "Rest",
          "Attract",
          "Round",
          "Echoed Voice",
          "Giga Impact",
          "Rock Polish",
          "Stone Edge",
          "Gyro Ball",
          "Bulldoze",
          "Rock Slide",
          "Poison Jab",
          "Swagger",
          "Sleep Talk",
          "Substitute",
          "Secret Power",
          "Confide"
        ],
        "tmMoves5": [
          "Roar",
          "Toxic",
          "Hidden Power",
          "Sunny Day",
          "Hyper Beam",
          "Protect",
          "Frustration",
          "Earthquake",
          "Return",
          "Double Team",
          "Sandstorm",
          "Rock Tomb",
          "Facade",
          "Rest",
          "Attract",
          "Round",
          "Echoed Voice",
          "Giga Impact",
          "Rock Polish",
          "Stone Edge",
          "Gyro Ball",
          "Bulldoze",
          "Rock Slide",
          "Poison Jab",
          "Swagger",
          "Substitute",
          "Rock Smash"
        ],
        "tmMoves4": [
          "Roar",
          "Toxic",
          "Hidden Power",
          "Sunny Day",
          "Hyper Beam",
          "Protect",
          "Frustration",
          "Iron Tail",
          "Earthquake",
          "Return",
          "Double Team",
          "Sandstorm",
          "Rock Tomb",
          "Facade",
          "Secret Power",
          "Rest",
          "Attract",
          "Endure",
          "Giga Impact",
          "Rock Polish",
          "Stone Edge",
          "Gyro Ball",
          "Stealth Rock",
          "Captivate",
          "Rock Slide",
          "Sleep Talk",
          "Natural Gift",
          "Poison Jab",
          "Swagger",
          "Substitute"
        ],
        "tmMoves3": [
          "Roar",
          "Toxic",
          "Hidden Power",
          "Sunny Day",
          "Hyper Beam",
          "Protect",
          "Frustration",
          "Iron Tail",
          "Earthquake",
          "Return",
          "Double Team",
          "Sandstorm",
          "Rock Tomb",
          "Facade",
          "Secret Power",
          "Rest",
          "Attract"
        ],
        "tmMoves2": [
          "Headbutt",
          "Curse",
          "Rollout",
          "Roar",
          "Toxic",
          "Rock Smash",
          "Hidden Power",
          "Sunny Day",
          "Snore",
          "Hyper Beam",
          "Protect",
          "Endure",
          "Frustration",
          "Earthquake",
          "Return",
          "Mud-Slap",
          "Double Team",
          "Swagger",
          "Sleep Talk",
          "Sandstorm",
          "Defense Curl",
          "Rest",
          "Attract"
        ],
        "tmMoves1": [],
        "tmMoves": []
      },
      "abilities": {
        "abilities": [
          "Sturdy"
        ],
        "hiddenAbilities": [
          "SandVeil"
        ]
      },
      "movement": {
        "rideable": true,
        "canFly": false,
        "canSurf": false,
        "canRideShoulder": false,
        "ridingOffsets": {
          "standing": {
            "x": 0.0,
            "y": -0.32,
            "z": -0.3
          },
          "moving": {
            "x": 0.0,
            "y": -0.32,
            "z": -0.3
          }
        }
      },
      "aggression": {
        "timid": 80,
        "passive": 0,
        "aggressive": 20
      },
      "battleStats": {
        "hp": 90,
        "attack": 120,
        "defense": 120,
        "specialAttack": 60,
        "specialDefense": 60,
        "speed": 50
      },
      "tags": [],
      "spawn": {
        "baseExp": 189,
        "baseFriendship": 70,
        "spawnLevel": 25,
        "spawnLevelRange": 25,
        "spawnLocations": [
          "LAND"
        ]
      },
      "possibleGenders": [
        "MALE",
        "FEMALE"
      ],
      "genderProperties": [
        {
          "gender": "ALL",
          "palettes": [
            {
              "name": "none",
              "texture": "pixelmon:pokemon/232_donphan/all/base/none/texture.png",
              "sprite": "pixelmon:pokemon/232_donphan/all/base/none/sprite.png",
              "particle": "",
              "modelLocator": {
                "factoryType": "NORMAL",
                "pqc": [
                  "pixelmon:pokemon/232_donphan/all/base/none/model.pqc"
                ],
                "movementThreshold": 0.02
              },
              "sounds": [
                "pixelmon.mob.donphan"
              ]
            },
            {
              "name": "shiny",
              "texture": "pixelmon:pokemon/232_donphan/all/base/shiny/texture.png",
              "sprite": "pixelmon:pokemon/232_donphan/all/base/shiny/sprite.png",
              "particle": "arcanery:shiny"
            },
			{
              "name": "dessert 1",
              "texture": "pixelmon:pokemon/232_donphan/all/base/custom-dessert1/texture.png",
              "sprite": "pixelmon:pokemon/232_donphan/all/base/custom-dessert1/sprite.png",
              "particle": ""
            },
			{
              "name": "dessert 2",
              "texture": "pixelmon:pokemon/232_donphan/all/base/custom-dessert2/texture.png",
              "sprite": "pixelmon:pokemon/232_donphan/all/base/custom-dessert2/sprite.png",
              "particle": ""
            },
			{
              "name": "egyptian",
              "texture": "pixelmon:pokemon/232_donphan/all/base/custom-egyptian/texture.png",
              "sprite": "pixelmon:pokemon/232_donphan/all/base/custom-egyptian/sprite.png",
              "particle": ""
            },
			{
              "name": "halloween",
              "texture": "pixelmon:pokemon/232_donphan/all/base/custom-halloween/texture.png",
              "sprite": "pixelmon:pokemon/232_donphan/all/base/custom-halloween/sprite.png",
              "particle": ""
            },
			{
              "name": "irradiated",
              "texture": "pixelmon:pokemon/232_donphan/all/base/custom-irradiated/texture.png",
              "sprite": "pixelmon:pokemon/232_donphan/all/base/custom-irradiated/sprite.png",
              "particle": ""
            },
			{
              "name": "magical",
              "texture": "pixelmon:pokemon/232_donphan/all/base/custom-magical/texture.png",
              "sprite": "pixelmon:pokemon/232_donphan/all/base/custom-magical/sprite.png",
              "particle": ""
            },
			{
              "name": "shadow",
              "texture": "pixelmon:pokemon/232_donphan/all/base/custom-shadow/texture.png",
              "sprite": "pixelmon:pokemon/232_donphan/all/base/custom-shadow/sprite.png",
              "particle": ""
            }
          ]
        }
      ],
      "eggGroups": [
        "FIELD"
      ],
      "types": [
        "GROUND"
      ],
      "preEvolutions": [
        "Phanpy"
      ],
      "defaultBaseForm": "",
      "megaItems": [],
      "megas": [],
      "gigantamax": {
        "canHaveFactor": false,
        "canGigantamax": false
      },
      "eggCycles": 21,
      "weight": 120.0,
      "catchRate": 60,
      "malePercentage": 0,
      "evolutions": [],
      "evYields": {
        "attack": 1,
        "defense": 1
      }
    }
  ],
  "generation": 2
}
