{
  "name": "Porygon2",
  "dex": 233,
  "defaultForms": [
    ""
  ],
  "forms": [
    {
      "name": "",
      "experienceGroup": "MEDIUM_FAST",
      "dimensions": {
        "height": 0.6,
        "width": 0.6,
        "length": 1,
        "eyeHeight": 0.6,
        "hoverHeight": 0.6
      },
      "moves": {
        "levelUpMoves": [
          {
            "level": 0,
            "attacks": [
              "Conversion",
              "Defense Curl",
              "Magnet Rise",
              "Recycle",
              "Tackle"
            ]
          },
          {
            "level": 15,
            "attacks": [
              "Thunder Shock"
            ]
          },
          {
            "level": 20,
            "attacks": [
              "Psybeam"
            ]
          },
          {
            "level": 25,
            "attacks": [
              "Conversion 2"
            ]
          },
          {
            "level": 30,
            "attacks": [
              "Agility"
            ]
          },
          {
            "level": 35,
            "attacks": [
              "Recover"
            ]
          },
          {
            "level": 40,
            "attacks": [
              "Discharge"
            ]
          },
          {
            "level": 45,
            "attacks": [
              "Tri Attack"
            ]
          },
          {
            "level": 50,
            "attacks": [
              "Magic Coat"
            ]
          },
          {
            "level": 55,
            "attacks": [
              "Lock-On"
            ]
          },
          {
            "level": 60,
            "attacks": [
              "Zap Cannon"
            ]
          },
          {
            "level": 65,
            "attacks": [
              "Hyper Beam"
            ]
          }
        ],
        "tutorMoves": [],
        "eggMoves": [],
        "tmMoves8": [
          "Hyper Beam",
          "Giga Impact",
          "Solar Beam",
          "Thunder Wave",
          "Rest",
          "Thief",
          "Snore",
          "Protect",
          "Icy Wind",
          "Rain Dance",
          "Sunny Day",
          "Facade",
          "Swift",
          "Power Swap",
          "Guard Swap",
          "Speed Swap",
          "Trick Room",
          "Wonder Room",
          "Round",
          "Electroweb",
          "Eerie Impulse"
        ],
        "trMoves": [
          "Ice Beam",
          "Blizzard",
          "Thunderbolt",
          "Thunder",
          "Psychic",
          "Agility",
          "Tri Attack",
          "Substitute",
          "Psyshock",
          "Endure",
          "Sleep Talk",
          "Iron Tail",
          "Shadow Ball",
          "Trick",
          "Zen Headbutt",
          "Foul Play",
          "Ally Switch"
        ],
        "hmMoves": [],
        "transferMoves": [
          "Aerial Ace",
          "Bide",
          "Charge Beam",
          "Confide",
          "Curse",
          "Double Team",
          "Double-Edge",
          "Dream Eater",
          "Flash",
          "Frustration",
          "Gravity",
          "Headbutt",
          "Hidden Power",
          "Last Resort",
          "Mimic",
          "Natural Gift",
          "Nightmare",
          "Pain Split",
          "Psych Up",
          "Psywave",
          "Rage",
          "Reflect",
          "Return",
          "Secret Power",
          "Sharpen",
          "Shock Wave",
          "Signal Beam",
          "Skull Bash",
          "Swagger",
          "Take Down",
          "Telekinesis",
          "Teleport",
          "Toxic"
        ],
        "tmMoves7": [
          "Psyshock",
          "Toxic",
          "Hidden Power",
          "Sunny Day",
          "Ice Beam",
          "Blizzard",
          "Hyper Beam",
          "Protect",
          "Rain Dance",
          "Frustration",
          "Solar Beam",
          "Thunderbolt",
          "Thunder",
          "Return",
          "Psychic",
          "Shadow Ball",
          "Double Team",
          "Aerial Ace",
          "Facade",
          "Rest",
          "Thief",
          "Round",
          "Charge Beam",
          "Giga Impact",
          "Thunder Wave",
          "Psych Up",
          "Dream Eater",
          "Swagger",
          "Sleep Talk",
          "Substitute",
          "Trick Room",
          "Confide"
        ],
        "tmMoves6": [
          "Psyshock",
          "Toxic",
          "Hidden Power",
          "Sunny Day",
          "Ice Beam",
          "Blizzard",
          "Hyper Beam",
          "Protect",
          "Rain Dance",
          "Frustration",
          "Solar Beam",
          "Thunderbolt",
          "Thunder",
          "Return",
          "Psychic",
          "Shadow Ball",
          "Double Team",
          "Aerial Ace",
          "Facade",
          "Rest",
          "Thief",
          "Round",
          "Charge Beam",
          "Giga Impact",
          "Flash",
          "Thunder Wave",
          "Psych Up",
          "Dream Eater",
          "Swagger",
          "Sleep Talk",
          "Substitute",
          "Trick Room",
          "Secret Power",
          "Confide"
        ],
        "tmMoves5": [
          "Psyshock",
          "Toxic",
          "Hidden Power",
          "Sunny Day",
          "Ice Beam",
          "Blizzard",
          "Hyper Beam",
          "Protect",
          "Rain Dance",
          "Frustration",
          "Solar Beam",
          "Thunderbolt",
          "Thunder",
          "Return",
          "Psychic",
          "Shadow Ball",
          "Double Team",
          "Aerial Ace",
          "Facade",
          "Rest",
          "Thief",
          "Round",
          "Charge Beam",
          "Giga Impact",
          "Flash",
          "Thunder Wave",
          "Psych Up",
          "Dream Eater",
          "Swagger",
          "Substitute",
          "Trick Room"
        ],
        "tmMoves4": [
          "Toxic",
          "Hidden Power",
          "Sunny Day",
          "Ice Beam",
          "Blizzard",
          "Hyper Beam",
          "Protect",
          "Rain Dance",
          "Frustration",
          "Solar Beam",
          "Iron Tail",
          "Thunderbolt",
          "Thunder",
          "Return",
          "Psychic",
          "Shadow Ball",
          "Double Team",
          "Shock Wave",
          "Aerial Ace",
          "Facade",
          "Secret Power",
          "Rest",
          "Thief",
          "Charge Beam",
          "Endure",
          "Recycle",
          "Giga Impact",
          "Flash",
          "Thunder Wave",
          "Psych Up",
          "Sleep Talk",
          "Natural Gift",
          "Dream Eater",
          "Swagger",
          "Substitute",
          "Trick Room"
        ],
        "tmMoves3": [
          "Toxic",
          "Hidden Power",
          "Sunny Day",
          "Ice Beam",
          "Blizzard",
          "Hyper Beam",
          "Protect",
          "Rain Dance",
          "Frustration",
          "Solar Beam",
          "Iron Tail",
          "Thunderbolt",
          "Thunder",
          "Return",
          "Psychic",
          "Shadow Ball",
          "Double Team",
          "Shock Wave",
          "Aerial Ace",
          "Facade",
          "Secret Power",
          "Rest",
          "Thief"
        ],
        "tmMoves2": [
          "Curse",
          "Toxic",
          "Zap Cannon",
          "Psych Up",
          "Hidden Power",
          "Sunny Day",
          "Snore",
          "Blizzard",
          "Hyper Beam",
          "Icy Wind",
          "Protect",
          "Rain Dance",
          "Endure",
          "Frustration",
          "Iron Tail",
          "Thunder",
          "Return",
          "Psychic",
          "Double Team",
          "Swagger",
          "Sleep Talk",
          "Swift",
          "Defense Curl",
          "Dream Eater",
          "Rest",
          "Thief",
          "Nightmare"
        ],
        "tmMoves1": [],
        "tmMoves": []
      },
      "abilities": {
        "abilities": [
          "Trace",
          "Download"
        ],
        "hiddenAbilities": [
          "Analytic"
        ]
      },
      "movement": {
        "rideable": false,
        "canFly": false,
        "canSurf": false,
        "canRideShoulder": false
      },
      "aggression": {
        "timid": 80,
        "passive": 0,
        "aggressive": 20
      },
      "battleStats": {
        "hp": 85,
        "attack": 80,
        "defense": 90,
        "specialAttack": 105,
        "specialDefense": 95,
        "speed": 60
      },
      "tags": [],
      "spawn": {
        "baseExp": 180,
        "baseFriendship": 70,
        "spawnLevel": 20,
        "spawnLevelRange": 10,
        "spawnLocations": [
          "LAND"
        ]
      },
      "possibleGenders": [
        "MALE",
        "FEMALE"
      ],
      "genderProperties": [
        {
          "gender": "ALL",
          "palettes": [
            {
              "name": "none",
              "texture": "pixelmon:pokemon/233_porygon2/all/base/none/texture.png",
              "sprite": "pixelmon:pokemon/233_porygon2/all/base/none/sprite.png",
              "particle": "",
              "modelLocator": {
                "factoryType": "NORMAL",
                "pqc": [
                  "pixelmon:pokemon/233_porygon2/all/base/none/model.pqc"
                ]
              },
              "sounds": []
            },
            {
              "name": "shiny",
              "texture": "pixelmon:pokemon/233_porygon2/all/base/shiny/texture.png",
              "sprite": "pixelmon:pokemon/233_porygon2/all/base/shiny/sprite.png",
              "particle": "arcanery:shiny"
            },
            {
              "name": "alter",
              "texture": "pixelmon:pokemon/233_porygon2/all/base/alter/texture.png",
              "sprite": "pixelmon:pokemon/233_porygon2/all/base/alter/sprite.png",
              "particle": ""
            },
            {
              "name": "spirit",
              "texture": "pixelmon:pokemon/233_porygon2/all/base/spirit/texture.png",
              "sprite": "pixelmon:pokemon/233_porygon2/all/base/spirit/sprite.png",
              "particle": ""
            },
			{
              "name": "easter",
              "texture": "pixelmon:pokemon/233_porygon2/all/base/custom-easter/texture.png",
              "sprite": "pixelmon:pokemon/233_porygon2/all/base/custom-easter/sprite.png",
              "particle": ""
            },
			{
              "name": "paper",
              "texture": "pixelmon:pokemon/233_porygon2/all/base/custom-paper/texture.png",
              "sprite": "pixelmon:pokemon/233_porygon2/all/base/custom-paper/sprite.png",
              "particle": ""
            },
			{
              "name": "retro",
              "texture": "pixelmon:pokemon/233_porygon2/all/base/custom-retro/texture.png",
              "sprite": "pixelmon:pokemon/233_porygon2/all/base/custom-retro/sprite.png",
              "particle": ""
            }
          ]
        }
      ],
      "eggGroups": [
        "MINERAL"
      ],
      "types": [
        "NORMAL"
      ],
      "preEvolutions": [
        "Porygon"
      ],
      "defaultBaseForm": "",
      "megaItems": [],
      "megas": [],
      "gigantamax": {
        "canHaveFactor": false,
        "canGigantamax": false
      },
      "eggCycles": 21,
      "weight": 32.5,
      "catchRate": 45,
      "malePercentage": 0,
      "evolutions": [
        {
          "to": "Porygon-Z",
          "conditions": [
            {
              "item": {
                "itemID": "pixelmon:dubious_disc"
              },
              "evoConditionType": "heldItem"
            }
          ],
          "evoType": "trade"
        },
        {
          "item": {
            "itemID": "pixelmon:linking_cord"
          },
          "to": "Porygon-Z",
          "conditions": [
            {
              "item": {
                "itemID": "pixelmon:dubious_disc"
              },
              "evoConditionType": "heldItem"
            }
          ],
          "evoType": "interact"
        }
      ],
      "evYields": {
        "specialAttack": 2
      }
    }
  ],
  "generation": 2
}
