{
  "name": "Hitmontop",
  "dex": 237,
  "defaultForms": [
    ""
  ],
  "forms": [
    {
      "name": "",
      "experienceGroup": "MEDIUM_FAST",
      "dimensions": {
        "height": 1.4,
        "width": 1.0,
        "length": 1,
        "eyeHeight": 1.4,
        "hoverHeight": 1.4
      },
      "moves": {
        "levelUpMoves": [
          {
            "level": 0,
            "attacks": [
              "Fake Out",
              "Feint",
              "Focus Energy",
              "Helping Hand",
              "Rapid Spin",
              "Tackle",
              "Triple Kick"
            ]
          },
          {
            "level": 4,
            "attacks": [
              "Quick Attack"
            ]
          },
          {
            "level": 8,
            "attacks": [
              "Gyro Ball"
            ]
          },
          {
            "level": 12,
            "attacks": [
              "Detect"
            ]
          },
          {
            "level": 16,
            "attacks": [
              "Revenge"
            ]
          },
          {
            "level": 21,
            "attacks": [
              "Quick Guard",
              "Wide Guard"
            ]
          },
          {
            "level": 24,
            "attacks": [
              "Sucker Punch"
            ]
          },
          {
            "level": 28,
            "attacks": [
              "Agility"
            ]
          },
          {
            "level": 32,
            "attacks": [
              "Dig"
            ]
          },
          {
            "level": 36,
            "attacks": [
              "Close Combat"
            ]
          },
          {
            "level": 40,
            "attacks": [
              "Counter"
            ]
          },
          {
            "level": 44,
            "attacks": [
              "Endeavor"
            ]
          }
        ],
        "tutorMoves": [
          "Coaching",
          "Triple Axel"
        ],
        "eggMoves": [
          "Bullet Punch",
          "Counter",
          "Feint",
          "High Jump Kick",
          "Mach Punch",
          "Mind Reader",
          "Rapid Spin",
          "Vacuum Wave"
        ],
        "tmMoves8": [
          "Mega Punch",
          "Mega Kick",
          "Dig",
          "Rest",
          "Rock Slide",
          "Thief",
          "Snore",
          "Protect",
          "Attract",
          "Sandstorm",
          "Rain Dance",
          "Sunny Day",
          "Facade",
          "Swift",
          "Helping Hand",
          "Revenge",
          "Brick Break",
          "Low Sweep",
          "Round",
          "Retaliate",
          "Bulldoze",
          "Brutal Swing"
        ],
        "trMoves": [
          "Body Slam",
          "Low Kick",
          "Earthquake",
          "Agility",
          "Focus Energy",
          "Substitute",
          "Endure",
          "Sleep Talk",
          "Uproar",
          "Bulk Up",
          "Gyro Ball",
          "Close Combat",
          "Focus Blast",
          "Stone Edge",
          "Work Up",
          "Drill Run"
        ],
        "hmMoves": [],
        "transferMoves": [
          "Aerial Ace",
          "Captivate",
          "Confide",
          "Covet",
          "Curse",
          "Double Team",
          "Double-Edge",
          "Foresight",
          "Frustration",
          "Headbutt",
          "Hidden Power",
          "Laser Focus",
          "Mimic",
          "Mud-Slap",
          "Natural Gift",
          "Pursuit",
          "Return",
          "Rock Smash",
          "Role Play",
          "Rolling Kick",
          "Rollout",
          "Secret Power",
          "Seismic Toss",
          "Strength",
          "Swagger",
          "Toxic",
          "Twister"
        ],
        "tmMoves7": [
          "Work Up",
          "Toxic",
          "Bulk Up",
          "Hidden Power",
          "Sunny Day",
          "Protect",
          "Rain Dance",
          "Frustration",
          "Earthquake",
          "Return",
          "Brick Break",
          "Double Team",
          "Sandstorm",
          "Aerial Ace",
          "Facade",
          "Rest",
          "Attract",
          "Thief",
          "Low Sweep",
          "Round",
          "Stone Edge",
          "Gyro Ball",
          "Bulldoze",
          "Rock Slide",
          "Swagger",
          "Sleep Talk",
          "Substitute",
          "Confide"
        ],
        "tmMoves6": [
          "Toxic",
          "Bulk Up",
          "Hidden Power",
          "Sunny Day",
          "Protect",
          "Rain Dance",
          "Frustration",
          "Earthquake",
          "Return",
          "Dig",
          "Brick Break",
          "Double Team",
          "Sandstorm",
          "Aerial Ace",
          "Facade",
          "Rest",
          "Attract",
          "Thief",
          "Low Sweep",
          "Round",
          "Retaliate",
          "Stone Edge",
          "Gyro Ball",
          "Bulldoze",
          "Rock Slide",
          "Swagger",
          "Sleep Talk",
          "Substitute",
          "Secret Power",
          "Confide"
        ],
        "tmMoves5": [
          "Toxic",
          "Bulk Up",
          "Hidden Power",
          "Sunny Day",
          "Protect",
          "Rain Dance",
          "Frustration",
          "Earthquake",
          "Return",
          "Dig",
          "Brick Break",
          "Double Team",
          "Sandstorm",
          "Aerial Ace",
          "Facade",
          "Rest",
          "Attract",
          "Thief",
          "Low Sweep",
          "Round",
          "Retaliate",
          "Stone Edge",
          "Gyro Ball",
          "Bulldoze",
          "Rock Slide",
          "Work Up",
          "Swagger",
          "Substitute",
          "Rock Smash"
        ],
        "tmMoves4": [
          "Toxic",
          "Bulk Up",
          "Hidden Power",
          "Sunny Day",
          "Protect",
          "Rain Dance",
          "Frustration",
          "Earthquake",
          "Return",
          "Dig",
          "Brick Break",
          "Double Team",
          "Sandstorm",
          "Aerial Ace",
          "Facade",
          "Secret Power",
          "Rest",
          "Attract",
          "Thief",
          "Endure",
          "Stone Edge",
          "Gyro Ball",
          "Captivate",
          "Rock Slide",
          "Sleep Talk",
          "Natural Gift",
          "Swagger",
          "Substitute"
        ],
        "tmMoves3": [
          "Toxic",
          "Bulk Up",
          "Hidden Power",
          "Sunny Day",
          "Protect",
          "Rain Dance",
          "Frustration",
          "Earthquake",
          "Return",
          "Dig",
          "Brick Break",
          "Double Team",
          "Sandstorm",
          "Facade",
          "Secret Power",
          "Rest",
          "Attract",
          "Thief"
        ],
        "tmMoves2": [
          "Headbutt",
          "Curse",
          "Toxic",
          "Rock Smash",
          "Hidden Power",
          "Sunny Day",
          "Snore",
          "Protect",
          "Endure",
          "Frustration",
          "Return",
          "Dig",
          "Mud-Slap",
          "Double Team",
          "Swagger",
          "Sleep Talk",
          "Swift",
          "Detect",
          "Rest",
          "Attract",
          "Thief"
        ],
        "tmMoves1": [],
        "tmMoves": []
      },
      "abilities": {
        "abilities": [
          "Intimidate",
          "Technician"
        ],
        "hiddenAbilities": [
          "Steadfast"
        ]
      },
      "movement": {
        "rideable": false,
        "canFly": false,
        "canSurf": false,
        "canRideShoulder": false
      },
      "aggression": {
        "timid": 80,
        "passive": 0,
        "aggressive": 20
      },
      "battleStats": {
        "hp": 50,
        "attack": 95,
        "defense": 95,
        "specialAttack": 35,
        "specialDefense": 110,
        "speed": 70
      },
      "tags": [],
      "spawn": {
        "baseExp": 138,
        "baseFriendship": 70,
        "spawnLevel": 20,
        "spawnLevelRange": 20,
        "spawnLocations": [
          "LAND"
        ]
      },
      "possibleGenders": [
        "MALE",
        "FEMALE"
      ],
      "genderProperties": [
        {
          "gender": "ALL",
          "palettes": [
            {
              "name": "none",
              "texture": "pixelmon:pokemon/237_hitmontop/all/base/none/texture.png",
              "sprite": "pixelmon:pokemon/237_hitmontop/all/base/none/sprite.png",
              "particle": "",
              "modelLocator": {
                "factoryType": "NORMAL",
                "pqc": [
                  "pixelmon:pokemon/237_hitmontop/all/base/none/model.pqc"
                ],
                "rotateAngleY": 3.14159
              },
              "sounds": []
            },
            {
              "name": "shiny",
              "texture": "pixelmon:pokemon/237_hitmontop/all/base/shiny/texture.png",
              "sprite": "pixelmon:pokemon/237_hitmontop/all/base/shiny/sprite.png",
              "particle": "arcanery:shiny"
            },
			{
              "name": "shadow",
              "texture": "pixelmon:pokemon/237_hitmontop/all/base/custom-shadow/texture.png",
              "sprite": "pixelmon:pokemon/237_hitmontop/all/base/custom-shadow/sprite.png",
              "particle": ""
            }
          ]
        }
      ],
      "eggGroups": [
        "HUMAN_LIKE"
      ],
      "types": [
        "FIGHTING"
      ],
      "preEvolutions": [
        "Tyrogue"
      ],
      "defaultBaseForm": "",
      "megaItems": [],
      "megas": [],
      "gigantamax": {
        "canHaveFactor": false,
        "canGigantamax": false
      },
      "eggCycles": 26,
      "weight": 48.0,
      "catchRate": 45,
      "malePercentage": 0,
      "evolutions": [],
      "evYields": {
        "specialDefense": 2
      }
    }
  ],
  "generation": 2
}
