{
  "name": "Miltank",
  "dex": 241,
  "defaultForms": [
    ""
  ],
  "forms": [
    {
      "name": "",
      "experienceGroup": "SLOW",
      "dimensions": {
        "height": 1.7,
        "width": 1.1,
        "length": 1,
        "eyeHeight": 1.7,
        "hoverHeight": 1.7
      },
      "moves": {
        "levelUpMoves": [
          {
            "level": 0,
            "attacks": [
              "Growl",
              "Tackle"
            ]
          },
          {
            "level": 5,
            "attacks": [
              "Rollout"
            ]
          },
          {
            "level": 10,
            "attacks": [
              "Defense Curl"
            ]
          },
          {
            "level": 15,
            "attacks": [
              "Stomp"
            ]
          },
          {
            "level": 20,
            "attacks": [
              "Heal Bell"
            ]
          },
          {
            "level": 25,
            "attacks": [
              "Headbutt"
            ]
          },
          {
            "level": 30,
            "attacks": [
              "Zen Headbutt"
            ]
          },
          {
            "level": 35,
            "attacks": [
              "Milk Drink"
            ]
          },
          {
            "level": 40,
            "attacks": [
              "Body Slam"
            ]
          },
          {
            "level": 45,
            "attacks": [
              "Play Rough"
            ]
          },
          {
            "level": 50,
            "attacks": [
              "Charm"
            ]
          },
          {
            "level": 55,
            "attacks": [
              "High Horsepower"
            ]
          }
        ],
        "tutorMoves": [
          "Steel Roller"
        ],
        "eggMoves": [
          "Belch",
          "Curse",
          "Double-Edge",
          "Focus Punch",
          "Hammer Arm",
          "Present",
          "Seismic Toss"
        ],
        "tmMoves8": [
          "Mega Punch",
          "Mega Kick",
          "Fire Punch",
          "Ice Punch",
          "Thunder Punch",
          "Hyper Beam",
          "Giga Impact",
          "Solar Beam",
          "Thunder Wave",
          "Rest",
          "Rock Slide",
          "Snore",
          "Protect",
          "Icy Wind",
          "Charm",
          "Attract",
          "Sandstorm",
          "Rain Dance",
          "Sunny Day",
          "Whirlpool",
          "Facade",
          "Helping Hand",
          "Brick Break",
          "Rock Tomb",
          "Fling",
          "Round",
          "Retaliate",
          "Bulldoze",
          "Stomping Tantrum"
        ],
        "trMoves": [
          "Body Slam",
          "Surf",
          "Ice Beam",
          "Blizzard",
          "Thunderbolt",
          "Thunder",
          "Earthquake",
          "Metronome",
          "Substitute",
          "Reversal",
          "Endure",
          "Sleep Talk",
          "Iron Tail",
          "Shadow Ball",
          "Gyro Ball",
          "Focus Blast",
          "Zen Headbutt",
          "Iron Head",
          "Stealth Rock",
          "Heavy Slam",
          "Work Up",
          "Play Rough",
          "High Horsepower",
          "Body Press"
        ],
        "hmMoves": [],
        "transferMoves": [
          "After You",
          "Bide",
          "Block",
          "Captivate",
          "Confide",
          "Counter",
          "Dizzy Punch",
          "Double Team",
          "Dynamic Punch",
          "Echoed Voice",
          "Frustration",
          "Heart Stamp",
          "Hidden Power",
          "Mimic",
          "Mud-Slap",
          "Natural Gift",
          "Power-Up Punch",
          "Psych Up",
          "Punishment",
          "Return",
          "Rock Smash",
          "Secret Power",
          "Shock Wave",
          "Strength",
          "Swagger",
          "Sweet Scent",
          "Toxic",
          "Wake-Up Slap",
          "Water Pulse",
          "Zap Cannon"
        ],
        "tmMoves7": [
          "Work Up",
          "Toxic",
          "Hidden Power",
          "Sunny Day",
          "Ice Beam",
          "Blizzard",
          "Hyper Beam",
          "Protect",
          "Rain Dance",
          "Frustration",
          "Solar Beam",
          "Thunderbolt",
          "Thunder",
          "Earthquake",
          "Return",
          "Shadow Ball",
          "Brick Break",
          "Double Team",
          "Sandstorm",
          "Rock Tomb",
          "Facade",
          "Rest",
          "Attract",
          "Round",
          "Echoed Voice",
          "Focus Blast",
          "Fling",
          "Giga Impact",
          "Thunder Wave",
          "Gyro Ball",
          "Psych Up",
          "Bulldoze",
          "Rock Slide",
          "Swagger",
          "Sleep Talk",
          "Substitute",
          "Surf",
          "Confide"
        ],
        "tmMoves6": [
          "Toxic",
          "Hidden Power",
          "Sunny Day",
          "Ice Beam",
          "Blizzard",
          "Hyper Beam",
          "Protect",
          "Rain Dance",
          "Frustration",
          "Solar Beam",
          "Thunderbolt",
          "Thunder",
          "Earthquake",
          "Return",
          "Shadow Ball",
          "Brick Break",
          "Double Team",
          "Sandstorm",
          "Rock Tomb",
          "Facade",
          "Rest",
          "Attract",
          "Round",
          "Echoed Voice",
          "Focus Blast",
          "Fling",
          "Retaliate",
          "Giga Impact",
          "Thunder Wave",
          "Gyro Ball",
          "Psych Up",
          "Bulldoze",
          "Rock Slide",
          "Swagger",
          "Sleep Talk",
          "Substitute",
          "Secret Power",
          "Power-Up Punch",
          "Confide"
        ],
        "tmMoves5": [
          "Toxic",
          "Hidden Power",
          "Sunny Day",
          "Ice Beam",
          "Blizzard",
          "Hyper Beam",
          "Protect",
          "Rain Dance",
          "Frustration",
          "Solar Beam",
          "Thunderbolt",
          "Thunder",
          "Earthquake",
          "Return",
          "Shadow Ball",
          "Brick Break",
          "Double Team",
          "Sandstorm",
          "Rock Tomb",
          "Facade",
          "Rest",
          "Attract",
          "Round",
          "Echoed Voice",
          "Focus Blast",
          "Fling",
          "Retaliate",
          "Giga Impact",
          "Thunder Wave",
          "Gyro Ball",
          "Psych Up",
          "Bulldoze",
          "Rock Slide",
          "Work Up",
          "Swagger",
          "Substitute",
          "Rock Smash"
        ],
        "tmMoves4": [
          "Focus Punch",
          "Water Pulse",
          "Toxic",
          "Hidden Power",
          "Sunny Day",
          "Ice Beam",
          "Blizzard",
          "Hyper Beam",
          "Protect",
          "Rain Dance",
          "Frustration",
          "Solar Beam",
          "Iron Tail",
          "Thunderbolt",
          "Thunder",
          "Earthquake",
          "Return",
          "Shadow Ball",
          "Brick Break",
          "Double Team",
          "Shock Wave",
          "Sandstorm",
          "Rock Tomb",
          "Facade",
          "Secret Power",
          "Rest",
          "Attract",
          "Focus Blast",
          "Fling",
          "Endure",
          "Giga Impact",
          "Thunder Wave",
          "Gyro Ball",
          "Stealth Rock",
          "Psych Up",
          "Captivate",
          "Rock Slide",
          "Sleep Talk",
          "Natural Gift",
          "Swagger",
          "Substitute"
        ],
        "tmMoves3": [
          "Focus Punch",
          "Water Pulse",
          "Toxic",
          "Hidden Power",
          "Sunny Day",
          "Ice Beam",
          "Blizzard",
          "Hyper Beam",
          "Protect",
          "Rain Dance",
          "Frustration",
          "Solar Beam",
          "Iron Tail",
          "Thunderbolt",
          "Thunder",
          "Earthquake",
          "Return",
          "Shadow Ball",
          "Brick Break",
          "Double Team",
          "Shock Wave",
          "Sandstorm",
          "Rock Tomb",
          "Facade",
          "Secret Power",
          "Rest",
          "Attract"
        ],
        "tmMoves2": [
          "Dynamic Punch",
          "Headbutt",
          "Curse",
          "Rollout",
          "Toxic",
          "Zap Cannon",
          "Rock Smash",
          "Psych Up",
          "Hidden Power",
          "Sunny Day",
          "Sweet Scent",
          "Snore",
          "Blizzard",
          "Hyper Beam",
          "Icy Wind",
          "Protect",
          "Rain Dance",
          "Endure",
          "Frustration",
          "Iron Tail",
          "Thunder",
          "Earthquake",
          "Return",
          "Shadow Ball",
          "Mud-Slap",
          "Double Team",
          "Ice Punch",
          "Swagger",
          "Sleep Talk",
          "Sandstorm",
          "Defense Curl",
          "Thunder Punch",
          "Rest",
          "Attract",
          "Fire Punch"
        ],
        "tmMoves1": [],
        "tmMoves": []
      },
      "abilities": {
        "abilities": [
          "ThickFat",
          "Scrappy"
        ],
        "hiddenAbilities": [
          "SapSipper"
        ]
      },
      "movement": {
        "rideable": false,
        "canFly": false,
        "canSurf": false,
        "canRideShoulder": false
      },
      "aggression": {
        "timid": 80,
        "passive": 0,
        "aggressive": 20
      },
      "battleStats": {
        "hp": 95,
        "attack": 80,
        "defense": 105,
        "specialAttack": 40,
        "specialDefense": 70,
        "speed": 100
      },
      "tags": [],
      "spawn": {
        "baseExp": 200,
        "baseFriendship": 70,
        "spawnLevel": 5,
        "spawnLevelRange": 10,
        "spawnLocations": [
          "LAND"
        ]
      },
      "possibleGenders": [
        "MALE",
        "FEMALE"
      ],
      "genderProperties": [
        {
          "gender": "ALL",
          "palettes": [
            {
              "name": "none",
              "texture": "pixelmon:pokemon/241_miltank/all/base/none/texture.png",
              "sprite": "pixelmon:pokemon/241_miltank/all/base/none/sprite.png",
              "particle": "",
              "modelLocator": {
                "factoryType": "NORMAL",
                "pqc": [
                  "pixelmon:pokemon/241_miltank/all/base/none/model.pqc"
                ]
              },
              "sounds": [
                "pixelmon.mob.miltank"
              ]
            },
            {
              "name": "shiny",
              "texture": "pixelmon:pokemon/241_miltank/all/base/shiny/texture.png",
              "sprite": "pixelmon:pokemon/241_miltank/all/base/shiny/sprite.png",
              "particle": "arcanery:shiny"
            },
			{
              "name": "animalistic",
              "texture": "pixelmon:pokemon/241_miltank/all/base/custom-animalistic/texture.png",
              "sprite": "pixelmon:pokemon/241_miltank/all/base/custom-animalistic/sprite.png",
              "particle": ""
            },
			{
              "name": "primal",
              "texture": "pixelmon:pokemon/241_miltank/all/base/custom-primal/texture.png",
              "sprite": "pixelmon:pokemon/241_miltank/all/base/custom-primal/sprite.png",
              "particle": ""
            },
			{
              "name": "summer 1",
              "texture": "pixelmon:pokemon/241_miltank/all/base/custom-summer1/texture.png",
              "sprite": "pixelmon:pokemon/241_miltank/all/base/custom-summer1/sprite.png",
              "particle": ""
            },
			{
              "name": "summer 2",
              "texture": "pixelmon:pokemon/241_miltank/all/base/custom-summer2/texture.png",
              "sprite": "pixelmon:pokemon/241_miltank/all/base/custom-summer2/sprite.png",
              "particle": ""
            },
			{
              "name": "sweetshop",
              "texture": "pixelmon:pokemon/241_miltank/all/base/custom-sweetshop/texture.png",
              "sprite": "pixelmon:pokemon/241_miltank/all/base/custom-sweetshop/sprite.png",
              "particle": ""
            }
          ]
        }
      ],
      "eggGroups": [
        "FIELD"
      ],
      "types": [
        "NORMAL"
      ],
      "preEvolutions": [],
      "defaultBaseForm": "",
      "megaItems": [],
      "megas": [],
      "gigantamax": {
        "canHaveFactor": false,
        "canGigantamax": false
      },
      "eggCycles": 21,
      "weight": 75.5,
      "catchRate": 45,
      "malePercentage": 0,
      "evolutions": [],
      "evYields": {
        "defense": 2
      }
    }
  ],
  "generation": 2
}
