{
  "name": "Raikou",
  "dex": 243,
  "defaultForms": [
    ""
  ],
  "forms": [
    {
      "name": "",
      "experienceGroup": "SLOW",
      "dimensions": {
        "height": 1.5,
        "width": 1.4,
        "length": 1,
        "eyeHeight": 1.5,
        "hoverHeight": 1.5
      },
      "moves": {
        "levelUpMoves": [
          {
            "level": 0,
            "attacks": [
              "Charge",
              "Extreme Speed",
              "Leer",
              "Quick Attack",
              "Thunder Shock"
            ]
          },
          {
            "level": 6,
            "attacks": [
              "Spark"
            ]
          },
          {
            "level": 12,
            "attacks": [
              "Bite"
            ]
          },
          {
            "level": 18,
            "attacks": [
              "Calm Mind"
            ]
          },
          {
            "level": 24,
            "attacks": [
              "Roar"
            ]
          },
          {
            "level": 30,
            "attacks": [
              "Thunder Fang"
            ]
          },
          {
            "level": 36,
            "attacks": [
              "Howl"
            ]
          },
          {
            "level": 42,
            "attacks": [
              "Crunch"
            ]
          },
          {
            "level": 48,
            "attacks": [
              "Extrasensory"
            ]
          },
          {
            "level": 54,
            "attacks": [
              "Discharge"
            ]
          },
          {
            "level": 60,
            "attacks": [
              "Reflect"
            ]
          },
          {
            "level": 66,
            "attacks": [
              "Rain Dance"
            ]
          },
          {
            "level": 72,
            "attacks": [
              "Thunder"
            ]
          },
          {
            "level": 78,
            "attacks": [
              "Zap Cannon"
            ]
          }
        ],
        "tutorMoves": [
          "Rising Voltage"
        ],
        "eggMoves": [],
        "tmMoves8": [
          "Hyper Beam",
          "Giga Impact",
          "Thunder Wave",
          "Dig",
          "Light Screen",
          "Reflect",
          "Rest",
          "Snore",
          "Protect",
          "Sandstorm",
          "Rain Dance",
          "Sunny Day",
          "Facade",
          "Swift",
          "Helping Hand",
          "Weather Ball",
          "Thunder Fang",
          "Round",
          "Volt Switch",
          "Bulldoze",
          "Snarl",
          "Electric Terrain",
          "Eerie Impulse"
        ],
        "trMoves": [
          "Body Slam",
          "Thunderbolt",
          "Thunder",
          "Agility",
          "Substitute",
          "Endure",
          "Sleep Talk",
          "Iron Tail",
          "Crunch",
          "Shadow Ball",
          "Calm Mind",
          "Aura Sphere",
          "Iron Head",
          "Scald",
          "Wild Charge",
          "Throat Chop"
        ],
        "hmMoves": [],
        "transferMoves": [
          "Charge Beam",
          "Confide",
          "Curse",
          "Cut",
          "Detect",
          "Double Team",
          "Double-Edge",
          "Flash",
          "Frustration",
          "Headbutt",
          "Hidden Power",
          "Laser Focus",
          "Magnet Rise",
          "Mimic",
          "Mud-Slap",
          "Natural Gift",
          "Psych Up",
          "Quash",
          "Return",
          "Rock Smash",
          "Secret Power",
          "Shock Wave",
          "Signal Beam",
          "Strength",
          "Swagger",
          "Toxic"
        ],
        "tmMoves7": [
          "Calm Mind",
          "Roar",
          "Toxic",
          "Hidden Power",
          "Sunny Day",
          "Hyper Beam",
          "Light Screen",
          "Protect",
          "Rain Dance",
          "Frustration",
          "Thunderbolt",
          "Thunder",
          "Return",
          "Shadow Ball",
          "Double Team",
          "Reflect",
          "Sandstorm",
          "Facade",
          "Rest",
          "Round",
          "Charge Beam",
          "Quash",
          "Giga Impact",
          "Volt Switch",
          "Thunder Wave",
          "Psych Up",
          "Bulldoze",
          "Swagger",
          "Sleep Talk",
          "Substitute",
          "Wild Charge",
          "Snarl",
          "Confide"
        ],
        "tmMoves6": [
          "Calm Mind",
          "Roar",
          "Toxic",
          "Hidden Power",
          "Sunny Day",
          "Hyper Beam",
          "Light Screen",
          "Protect",
          "Rain Dance",
          "Frustration",
          "Thunderbolt",
          "Thunder",
          "Return",
          "Dig",
          "Shadow Ball",
          "Double Team",
          "Reflect",
          "Sandstorm",
          "Facade",
          "Rest",
          "Round",
          "Charge Beam",
          "Quash",
          "Giga Impact",
          "Flash",
          "Volt Switch",
          "Thunder Wave",
          "Psych Up",
          "Bulldoze",
          "Swagger",
          "Sleep Talk",
          "Substitute",
          "Wild Charge",
          "Secret Power",
          "Snarl",
          "Confide"
        ],
        "tmMoves5": [
          "Calm Mind",
          "Roar",
          "Toxic",
          "Hidden Power",
          "Sunny Day",
          "Hyper Beam",
          "Light Screen",
          "Protect",
          "Rain Dance",
          "Frustration",
          "Thunderbolt",
          "Thunder",
          "Return",
          "Dig",
          "Shadow Ball",
          "Double Team",
          "Reflect",
          "Sandstorm",
          "Facade",
          "Rest",
          "Round",
          "Charge Beam",
          "Quash",
          "Giga Impact",
          "Flash",
          "Volt Switch",
          "Thunder Wave",
          "Psych Up",
          "Bulldoze",
          "Swagger",
          "Substitute",
          "Wild Charge",
          "Rock Smash",
          "Snarl"
        ],
        "tmMoves4": [
          "Calm Mind",
          "Roar",
          "Toxic",
          "Hidden Power",
          "Sunny Day",
          "Hyper Beam",
          "Light Screen",
          "Protect",
          "Rain Dance",
          "Frustration",
          "Iron Tail",
          "Thunderbolt",
          "Thunder",
          "Return",
          "Dig",
          "Shadow Ball",
          "Double Team",
          "Reflect",
          "Shock Wave",
          "Sandstorm",
          "Facade",
          "Secret Power",
          "Rest",
          "Charge Beam",
          "Endure",
          "Giga Impact",
          "Flash",
          "Thunder Wave",
          "Psych Up",
          "Sleep Talk",
          "Natural Gift",
          "Swagger",
          "Substitute"
        ],
        "tmMoves3": [
          "Calm Mind",
          "Roar",
          "Toxic",
          "Hidden Power",
          "Sunny Day",
          "Hyper Beam",
          "Protect",
          "Rain Dance",
          "Frustration",
          "Iron Tail",
          "Thunderbolt",
          "Thunder",
          "Return",
          "Dig",
          "Double Team",
          "Reflect",
          "Shock Wave",
          "Sandstorm",
          "Facade",
          "Secret Power",
          "Rest"
        ],
        "tmMoves2": [
          "Headbutt",
          "Curse",
          "Roar",
          "Toxic",
          "Zap Cannon",
          "Rock Smash",
          "Psych Up",
          "Hidden Power",
          "Sunny Day",
          "Snore",
          "Hyper Beam",
          "Protect",
          "Rain Dance",
          "Endure",
          "Frustration",
          "Iron Tail",
          "Thunder",
          "Return",
          "Dig",
          "Mud-Slap",
          "Double Team",
          "Swagger",
          "Sleep Talk",
          "Sandstorm",
          "Swift",
          "Detect",
          "Rest"
        ],
        "tmMoves1": [],
        "tmMoves": []
      },
      "abilities": {
        "abilities": [
          "Pressure"
        ],
        "hiddenAbilities": [
          "InnerFocus"
        ]
      },
      "movement": {
        "rideable": true,
        "canFly": false,
        "canSurf": false,
        "canRideShoulder": false,
        "ridingOffsets": {
          "standing": {
            "x": 0.0,
            "y": -1.45,
            "z": -0.65
          },
          "moving": {
            "x": 0.0,
            "y": -1.0,
            "z": -0.25
          }
        }
      },
      "aggression": {
        "timid": 100,
        "passive": 0,
        "aggressive": 0
      },
      "battleStats": {
        "hp": 90,
        "attack": 85,
        "defense": 75,
        "specialAttack": 115,
        "specialDefense": 100,
        "speed": 115
      },
      "tags": [
        "legendary"
      ],
      "spawn": {
        "baseExp": 216,
        "baseFriendship": 35,
        "spawnLevel": 70,
        "spawnLevelRange": 0,
        "spawnLocations": [
          "LAND"
        ]
      },
      "possibleGenders": [
        "MALE",
        "FEMALE"
      ],
      "genderProperties": [
        {
          "gender": "ALL",
          "palettes": [
            {
              "name": "none",
              "texture": "pixelmon:pokemon/243_raikou/all/base/none/texture.png",
              "sprite": "pixelmon:pokemon/243_raikou/all/base/none/sprite.png",
              "particle": "",
              "modelLocator": {
                "factoryType": "NORMAL",
                "pqc": [
                  "pixelmon:pokemon/243_raikou/all/base/none/model.pqc"
                ]
              },
              "sounds": [
                "pixelmon.mob.raikou"
              ]
            },
            {
              "name": "shiny",
              "texture": "pixelmon:pokemon/243_raikou/all/base/shiny/texture.png",
              "sprite": "pixelmon:pokemon/243_raikou/all/base/shiny/sprite.png",
              "particle": "arcanery:shiny"
            },
			{
              "name": "aquatic",
              "texture": "pixelmon:pokemon/243_raikou/all/base/custom-aquatic/texture.png",
              "sprite": "pixelmon:pokemon/243_raikou/all/base/custom-aquatic/sprite.png",
              "particle": ""
            },
			{
              "name": "charged",
              "texture": "pixelmon:pokemon/243_raikou/all/base/custom-charged/texture.png",
              "sprite": "pixelmon:pokemon/243_raikou/all/base/custom-charged/sprite.png",
              "particle": ""
            },
			{
              "name": "cny tiger 1",
              "texture": "pixelmon:pokemon/243_raikou/all/base/custom-cnytiger1/texture.png",
              "sprite": "pixelmon:pokemon/243_raikou/all/base/custom-cnytiger1/sprite.png",
              "particle": ""
            },
			{
              "name": "cny tiger 2",
              "texture": "pixelmon:pokemon/243_raikou/all/base/custom-cnytiger2/texture.png",
              "sprite": "pixelmon:pokemon/243_raikou/all/base/custom-cnytiger2/sprite.png",
              "particle": ""
            },
			{
              "name": "crimson",
              "texture": "pixelmon:pokemon/243_raikou/all/base/custom-crimson/texture.png",
              "sprite": "pixelmon:pokemon/243_raikou/all/base/custom-crimson/sprite.png",
              "particle": ""
            },
			{
              "name": "egyptian",
              "texture": "pixelmon:pokemon/243_raikou/all/base/custom-egyptian/texture.png",
              "sprite": "pixelmon:pokemon/243_raikou/all/base/custom-egyptian/sprite.png",
              "particle": ""
            },
			{
              "name": "sun",
              "texture": "pixelmon:pokemon/243_raikou/all/base/custom-sun/texture.png",
              "sprite": "pixelmon:pokemon/243_raikou/all/base/custom-sun/sprite.png",
              "particle": ""
            },
			{
              "name": "sunset",
              "texture": "pixelmon:pokemon/243_raikou/all/base/custom-sunset/texture.png",
              "sprite": "pixelmon:pokemon/243_raikou/all/base/custom-sunset/sprite.png",
              "particle": ""
            },
			{
              "name": "vapor",
              "texture": "pixelmon:pokemon/243_raikou/all/base/custom-vapor/texture.png",
              "sprite": "pixelmon:pokemon/243_raikou/all/base/custom-vapor/sprite.png",
              "particle": ""
            }
          ]
        }
      ],
      "eggGroups": [
        "FIELD"
      ],
      "types": [
        "ELECTRIC"
      ],
      "preEvolutions": [],
      "defaultBaseForm": "",
      "megaItems": [],
      "megas": [],
      "gigantamax": {
        "canHaveFactor": false,
        "canGigantamax": false
      },
      "eggCycles": 81,
      "weight": 178.0,
      "catchRate": 3,
      "malePercentage": 0,
      "evolutions": [],
      "evYields": {
        "specialAttack": 1,
        "speed": 2
      }
    }
  ],
  "generation": 2
}
