{
  "name": "Suicune",
  "dex": 245,
  "defaultForms": [
    ""
  ],
  "forms": [
    {
      "name": "",
      "experienceGroup": "SLOW",
      "dimensions": {
        "height": 1.5,
        "width": 1.0,
        "length": 1,
        "eyeHeight": 1.5,
        "hoverHeight": 1.5
      },
      "moves": {
        "levelUpMoves": [
          {
            "level": 0,
            "attacks": [
              "Extreme Speed",
              "Gust",
              "Leer",
              "Mist",
              "Sheer Cold",
              "Water Gun"
            ]
          },
          {
            "level": 6,
            "attacks": [
              "Water Pulse"
            ]
          },
          {
            "level": 12,
            "attacks": [
              "Bite"
            ]
          },
          {
            "level": 18,
            "attacks": [
              "Calm Mind"
            ]
          },
          {
            "level": 24,
            "attacks": [
              "Roar"
            ]
          },
          {
            "level": 30,
            "attacks": [
              "Ice Fang"
            ]
          },
          {
            "level": 36,
            "attacks": [
              "Tailwind"
            ]
          },
          {
            "level": 42,
            "attacks": [
              "Crunch"
            ]
          },
          {
            "level": 48,
            "attacks": [
              "Extrasensory"
            ]
          },
          {
            "level": 54,
            "attacks": [
              "Surf"
            ]
          },
          {
            "level": 60,
            "attacks": [
              "Mirror Coat"
            ]
          },
          {
            "level": 66,
            "attacks": [
              "Rain Dance"
            ]
          },
          {
            "level": 72,
            "attacks": [
              "Hydro Pump"
            ]
          },
          {
            "level": 78,
            "attacks": [
              "Blizzard"
            ]
          }
        ],
        "tutorMoves": [],
        "eggMoves": [],
        "tmMoves8": [
          "Hyper Beam",
          "Giga Impact",
          "Dig",
          "Reflect",
          "Rest",
          "Snore",
          "Protect",
          "Icy Wind",
          "Sandstorm",
          "Rain Dance",
          "Sunny Day",
          "Hail",
          "Whirlpool",
          "Facade",
          "Swift",
          "Helping Hand",
          "Dive",
          "Weather Ball",
          "Brine",
          "Avalanche",
          "Ice Fang",
          "Round",
          "Bulldoze",
          "Snarl",
          "Air Slash"
        ],
        "trMoves": [
          "Body Slam",
          "Hydro Pump",
          "Surf",
          "Ice Beam",
          "Blizzard",
          "Agility",
          "Waterfall",
          "Substitute",
          "Endure",
          "Sleep Talk",
          "Iron Tail",
          "Crunch",
          "Shadow Ball",
          "Calm Mind",
          "Iron Head",
          "Scald",
          "Liquidation"
        ],
        "hmMoves": [],
        "transferMoves": [
          "Aqua Ring",
          "Aurora Beam",
          "Bubble Beam",
          "Confide",
          "Curse",
          "Cut",
          "Detect",
          "Double Team",
          "Double-Edge",
          "Frustration",
          "Headbutt",
          "Hidden Power",
          "Laser Focus",
          "Mimic",
          "Mud-Slap",
          "Natural Gift",
          "Ominous Wind",
          "Psych Up",
          "Quash",
          "Return",
          "Rock Smash",
          "Secret Power",
          "Signal Beam",
          "Swagger",
          "Toxic"
        ],
        "tmMoves7": [
          "Calm Mind",
          "Roar",
          "Toxic",
          "Hail",
          "Hidden Power",
          "Sunny Day",
          "Ice Beam",
          "Blizzard",
          "Hyper Beam",
          "Protect",
          "Rain Dance",
          "Frustration",
          "Return",
          "Shadow Ball",
          "Double Team",
          "Reflect",
          "Sandstorm",
          "Facade",
          "Rest",
          "Round",
          "Scald",
          "Quash",
          "Giga Impact",
          "Psych Up",
          "Bulldoze",
          "Swagger",
          "Sleep Talk",
          "Substitute",
          "Surf",
          "Snarl",
          "Waterfall",
          "Confide"
        ],
        "tmMoves6": [
          "Calm Mind",
          "Roar",
          "Toxic",
          "Hail",
          "Hidden Power",
          "Sunny Day",
          "Ice Beam",
          "Blizzard",
          "Hyper Beam",
          "Protect",
          "Rain Dance",
          "Frustration",
          "Return",
          "Dig",
          "Shadow Ball",
          "Double Team",
          "Reflect",
          "Sandstorm",
          "Facade",
          "Rest",
          "Round",
          "Scald",
          "Quash",
          "Giga Impact",
          "Psych Up",
          "Bulldoze",
          "Swagger",
          "Sleep Talk",
          "Substitute",
          "Secret Power",
          "Snarl",
          "Confide"
        ],
        "tmMoves5": [
          "Calm Mind",
          "Roar",
          "Toxic",
          "Hail",
          "Hidden Power",
          "Sunny Day",
          "Ice Beam",
          "Blizzard",
          "Hyper Beam",
          "Protect",
          "Rain Dance",
          "Frustration",
          "Return",
          "Dig",
          "Shadow Ball",
          "Double Team",
          "Reflect",
          "Sandstorm",
          "Facade",
          "Rest",
          "Round",
          "Scald",
          "Quash",
          "Giga Impact",
          "Psych Up",
          "Bulldoze",
          "Swagger",
          "Substitute",
          "Rock Smash",
          "Snarl"
        ],
        "tmMoves4": [
          "Water Pulse",
          "Calm Mind",
          "Roar",
          "Toxic",
          "Hail",
          "Hidden Power",
          "Sunny Day",
          "Ice Beam",
          "Blizzard",
          "Hyper Beam",
          "Protect",
          "Rain Dance",
          "Frustration",
          "Iron Tail",
          "Return",
          "Dig",
          "Shadow Ball",
          "Double Team",
          "Reflect",
          "Sandstorm",
          "Facade",
          "Secret Power",
          "Rest",
          "Brine",
          "Endure",
          "Giga Impact",
          "Avalanche",
          "Psych Up",
          "Sleep Talk",
          "Natural Gift",
          "Swagger",
          "Substitute"
        ],
        "tmMoves3": [
          "Water Pulse",
          "Calm Mind",
          "Roar",
          "Toxic",
          "Hail",
          "Hidden Power",
          "Sunny Day",
          "Ice Beam",
          "Blizzard",
          "Hyper Beam",
          "Protect",
          "Rain Dance",
          "Frustration",
          "Iron Tail",
          "Return",
          "Dig",
          "Double Team",
          "Reflect",
          "Sandstorm",
          "Facade",
          "Secret Power",
          "Rest"
        ],
        "tmMoves2": [
          "Headbutt",
          "Curse",
          "Roar",
          "Toxic",
          "Rock Smash",
          "Psych Up",
          "Hidden Power",
          "Sunny Day",
          "Snore",
          "Blizzard",
          "Hyper Beam",
          "Icy Wind",
          "Protect",
          "Rain Dance",
          "Endure",
          "Frustration",
          "Iron Tail",
          "Return",
          "Dig",
          "Mud-Slap",
          "Double Team",
          "Swagger",
          "Sleep Talk",
          "Sandstorm",
          "Swift",
          "Detect",
          "Rest"
        ],
        "tmMoves1": [],
        "tmMoves": []
      },
      "abilities": {
        "abilities": [
          "Pressure"
        ],
        "hiddenAbilities": [
          "InnerFocus"
        ]
      },
      "movement": {
        "rideable": true,
        "canFly": false,
        "canSurf": false,
        "canRideShoulder": false,
        "ridingOffsets": {
          "standing": {
            "x": 0.0,
            "y": -1.4,
            "z": -0.43
          },
          "moving": {
            "x": 0,
            "y": 0,
            "z": 0
          }
        }
      },
      "aggression": {
        "timid": 100,
        "passive": 0,
        "aggressive": 0
      },
      "battleStats": {
        "hp": 100,
        "attack": 75,
        "defense": 115,
        "specialAttack": 90,
        "specialDefense": 115,
        "speed": 85
      },
      "tags": [
        "legendary",
        "walksonwater"
      ],
      "spawn": {
        "baseExp": 215,
        "baseFriendship": 35,
        "spawnLevel": 70,
        "spawnLevelRange": 0,
        "spawnLocations": [
          "LAND"
        ]
      },
      "possibleGenders": [
        "MALE",
        "FEMALE"
      ],
      "genderProperties": [
        {
          "gender": "ALL",
          "palettes": [
            {
              "name": "none",
              "texture": "pixelmon:pokemon/245_suicune/all/base/none/texture.png",
              "sprite": "pixelmon:pokemon/245_suicune/all/base/none/sprite.png",
              "particle": "",
              "modelLocator": {
                "factoryType": "NORMAL",
                "pqc": [
                  "pixelmon:pokemon/245_suicune/all/base/none/model.pqc"
                ]
              },
              "sounds": [
                "pixelmon.mob.suicune"
              ]
            },
            {
              "name": "shiny",
              "texture": "pixelmon:pokemon/245_suicune/all/base/shiny/texture.png",
              "sprite": "pixelmon:pokemon/245_suicune/all/base/shiny/sprite.png",
              "particle": "arcanery:shiny"
            },
            {
              "name": "spirit",
              "texture": "pixelmon:pokemon/245_suicune/all/base/spirit/texture.png",
              "sprite": "pixelmon:pokemon/245_suicune/all/base/spirit/sprite.png",
              "particle": ""
            },
			{
              "name": "abyss",
              "texture": "pixelmon:pokemon/245_suicune/all/base/custom-abyss/texture.png",
              "sprite": "pixelmon:pokemon/245_suicune/all/base/custom-abyss/sprite.png",
              "particle": ""
            },
			{
              "name": "akuma",
              "texture": "pixelmon:pokemon/245_suicune/all/base/custom-akuma/texture.png",
              "sprite": "pixelmon:pokemon/245_suicune/all/base/custom-akuma/sprite.png",
              "particle": ""
            },
			{
              "name": "arctic",
              "texture": "pixelmon:pokemon/245_suicune/all/base/custom-arctic/texture.png",
              "sprite": "pixelmon:pokemon/245_suicune/all/base/custom-arctic/sprite.png",
              "particle": ""
            },
			{
              "name": "christmas",
              "texture": "pixelmon:pokemon/245_suicune/all/base/custom-christmas/texture.png",
              "sprite": "pixelmon:pokemon/245_suicune/all/base/custom-christmas/sprite.png",
              "particle": ""
            },
			{
              "name": "crimson",
              "texture": "pixelmon:pokemon/245_suicune/all/base/custom-crimson/texture.png",
              "sprite": "pixelmon:pokemon/245_suicune/all/base/custom-crimson/sprite.png",
              "particle": ""
            },
			{
              "name": "egyptian",
              "texture": "pixelmon:pokemon/245_suicune/all/base/custom-egyptian/texture.png",
              "sprite": "pixelmon:pokemon/245_suicune/all/base/custom-egyptian/sprite.png",
              "particle": ""
            },
			{
              "name": "gamma",
              "texture": "pixelmon:pokemon/245_suicune/all/base/custom-gamma/texture.png",
              "sprite": "pixelmon:pokemon/245_suicune/all/base/custom-gamma/sprite.png",
              "particle": ""
            },
			{
              "name": "gmeme 1",
              "texture": "pixelmon:pokemon/245_suicune/all/base/custom-gmeme1/texture.png",
              "sprite": "pixelmon:pokemon/245_suicune/all/base/custom-gmeme1/sprite.png",
              "particle": ""
            },
			{
              "name": "gmeme 2",
              "texture": "pixelmon:pokemon/245_suicune/all/base/custom-gmeme2/texture.png",
              "sprite": "pixelmon:pokemon/245_suicune/all/base/custom-gmeme2/sprite.png",
              "particle": ""
            },
			{
              "name": "halloween",
              "texture": "pixelmon:pokemon/245_suicune/all/base/custom-halloween/texture.png",
              "sprite": "pixelmon:pokemon/245_suicune/all/base/custom-halloween/sprite.png",
              "particle": ""
            },
			{
              "name": "lunar",
              "texture": "pixelmon:pokemon/245_suicune/all/base/custom-lunar/texture.png",
              "sprite": "pixelmon:pokemon/245_suicune/all/base/custom-lunar/sprite.png",
              "particle": ""
            },
			{
              "name": "meadownian 1",
              "texture": "pixelmon:pokemon/245_suicune/all/base/custom-meadownian1/texture.png",
              "sprite": "pixelmon:pokemon/245_suicune/all/base/custom-meadownian1/sprite.png",
              "particle": ""
            },
			{
              "name": "meadownian 2",
              "texture": "pixelmon:pokemon/245_suicune/all/base/custom-meadownian2/texture.png",
              "sprite": "pixelmon:pokemon/245_suicune/all/base/custom-meadownian2/sprite.png",
              "particle": ""
            },
			{
              "name": "meme 1",
              "texture": "pixelmon:pokemon/245_suicune/all/base/custom-meme1/texture.png",
              "sprite": "pixelmon:pokemon/245_suicune/all/base/custom-meme1/sprite.png",
              "particle": ""
            },
			{
              "name": "meme 2",
              "texture": "pixelmon:pokemon/245_suicune/all/base/custom-meme2/texture.png",
              "sprite": "pixelmon:pokemon/245_suicune/all/base/custom-meme2/sprite.png",
              "particle": ""
            },
			{
              "name": "norse",
              "texture": "pixelmon:pokemon/245_suicune/all/base/custom-norse/texture.png",
              "sprite": "pixelmon:pokemon/245_suicune/all/base/custom-norse/sprite.png",
              "particle": ""
            },
			{
              "name": "spring",
              "texture": "pixelmon:pokemon/245_suicune/all/base/custom-spring/texture.png",
              "sprite": "pixelmon:pokemon/245_suicune/all/base/custom-spring/sprite.png",
              "particle": ""
            },
			{
              "name": "sun",
              "texture": "pixelmon:pokemon/245_suicune/all/base/custom-sun/texture.png",
              "sprite": "pixelmon:pokemon/245_suicune/all/base/custom-sun/sprite.png",
              "particle": ""
            },
			{
              "name": "sunset",
              "texture": "pixelmon:pokemon/245_suicune/all/base/custom-sunset/texture.png",
              "sprite": "pixelmon:pokemon/245_suicune/all/base/custom-sunset/sprite.png",
              "particle": ""
            },
			{
              "name": "vapor",
              "texture": "pixelmon:pokemon/245_suicune/all/base/custom-vapor/texture.png",
              "sprite": "pixelmon:pokemon/245_suicune/all/base/custom-vapor/sprite.png",
              "particle": ""
            }
          ]
        }
      ],
      "eggGroups": [
        "FIELD"
      ],
      "types": [
        "WATER"
      ],
      "preEvolutions": [],
      "defaultBaseForm": "",
      "megaItems": [],
      "megas": [],
      "gigantamax": {
        "canHaveFactor": false,
        "canGigantamax": false
      },
      "eggCycles": 81,
      "weight": 187.0,
      "catchRate": 3,
      "malePercentage": 0,
      "evolutions": [],
      "evYields": {
        "defense": 1,
        "specialDefense": 2
      }
    },
    {
      "name": "advance",
      "experienceGroup": "SLOW",
      "dimensions": {
        "height": 1.5,
        "width": 1.0,
        "length": 1,
        "eyeHeight": 1.5,
        "hoverHeight": 1.5
      },	
      "genderProperties": [
        {
          "gender": "ALL",
          "palettes": [
            {
              "name": "none",
              "texture": "pixelmon:pokemon/245_suicune/all/advance/none/texture.png",
              "sprite": "pixelmon:pokemon/245_suicune/all/advance/none/sprite.png",
              "particle": "",
              "modelLocator": {
                "factoryType": "NORMAL",
                "pqc": [
                  "pixelmon:pokemon/245_suicune/all/advance/none/model.pqc"
                ]
              },
              "sounds": [
                "pixelmon.mob.suicune"
              ]
            },
            {
              "name": "shiny",
              "texture": "pixelmon:pokemon/245_suicune/all/advance/shiny/texture.png",
              "sprite": "pixelmon:pokemon/245_suicune/all/advance/shiny/sprite.png",
              "particle": "arcanery:shiny"
            }	
          ]
		}
	  ]	
	}
  ],
  "generation": 2
}
