{
  "name": "Pupitar",
  "dex": 247,
  "defaultForms": [
    ""
  ],
  "forms": [
    {
      "name": "",
      "experienceGroup": "SLOW",
      "dimensions": {
        "height": 1.2,
        "width": 1.0,
        "length": 1,
        "eyeHeight": 1.2,
        "hoverHeight": 1.2
      },
      "moves": {
        "levelUpMoves": [
          {
            "level": 0,
            "attacks": [
              "Iron Defense",
              "Leer",
              "Payback",
              "Rock Throw",
              "Tackle"
            ]
          },
          {
            "level": 9,
            "attacks": [
              "Bite"
            ]
          },
          {
            "level": 12,
            "attacks": [
              "Scary Face"
            ]
          },
          {
            "level": 15,
            "attacks": [
              "Rock Slide"
            ]
          },
          {
            "level": 18,
            "attacks": [
              "Stomping Tantrum"
            ]
          },
          {
            "level": 21,
            "attacks": [
              "Screech"
            ]
          },
          {
            "level": 24,
            "attacks": [
              "Dark Pulse"
            ]
          },
          {
            "level": 27,
            "attacks": [
              "Crunch"
            ]
          },
          {
            "level": 33,
            "attacks": [
              "Earthquake"
            ]
          },
          {
            "level": 37,
            "attacks": [
              "Stone Edge"
            ]
          },
          {
            "level": 42,
            "attacks": [
              "Thrash"
            ]
          },
          {
            "level": 47,
            "attacks": [
              "Sandstorm"
            ]
          },
          {
            "level": 52,
            "attacks": [
              "Hyper Beam"
            ]
          }
        ],
        "tutorMoves": [],
        "eggMoves": [
          "Ancient Power",
          "Curse",
          "Stomp"
        ],
        "tmMoves8": [
          "Hyper Beam",
          "Dig",
          "Screech",
          "Rest",
          "Rock Slide",
          "Snore",
          "Protect",
          "Scary Face",
          "Attract",
          "Sandstorm",
          "Rain Dance",
          "Sunny Day",
          "Facade",
          "Brick Break",
          "Rock Tomb",
          "Sand Tomb",
          "Payback",
          "Assurance",
          "Round",
          "Retaliate",
          "Bulldoze",
          "Snarl",
          "Stomping Tantrum"
        ],
        "trMoves": [
          "Body Slam",
          "Earthquake",
          "Focus Energy",
          "Substitute",
          "Outrage",
          "Endure",
          "Sleep Talk",
          "Iron Tail",
          "Crunch",
          "Uproar",
          "Taunt",
          "Superpower",
          "Muddy Water",
          "Iron Defense",
          "Dragon Dance",
          "Dark Pulse",
          "Earth Power",
          "Iron Head",
          "Stone Edge",
          "Stealth Rock"
        ],
        "hmMoves": [],
        "transferMoves": [
          "Captivate",
          "Chip Away",
          "Confide",
          "Detect",
          "Double Team",
          "Double-Edge",
          "Frustration",
          "Headbutt",
          "Hidden Power",
          "Mimic",
          "Mud-Slap",
          "Natural Gift",
          "Power-Up Punch",
          "Pursuit",
          "Return",
          "Rock Polish",
          "Rock Smash",
          "Secret Power",
          "Smack Down",
          "Spite",
          "Swagger",
          "Torment",
          "Toxic"
        ],
        "tmMoves7": [
          "Toxic",
          "Hidden Power",
          "Sunny Day",
          "Taunt",
          "Hyper Beam",
          "Protect",
          "Rain Dance",
          "Frustration",
          "Smack Down",
          "Earthquake",
          "Return",
          "Brick Break",
          "Double Team",
          "Sandstorm",
          "Rock Tomb",
          "Torment",
          "Facade",
          "Rest",
          "Attract",
          "Round",
          "Payback",
          "Rock Polish",
          "Stone Edge",
          "Bulldoze",
          "Rock Slide",
          "Swagger",
          "Sleep Talk",
          "Substitute",
          "Snarl",
          "Dark Pulse",
          "Confide"
        ],
        "tmMoves6": [
          "Toxic",
          "Hidden Power",
          "Sunny Day",
          "Taunt",
          "Hyper Beam",
          "Protect",
          "Rain Dance",
          "Frustration",
          "Smack Down",
          "Earthquake",
          "Return",
          "Dig",
          "Brick Break",
          "Double Team",
          "Sandstorm",
          "Rock Tomb",
          "Torment",
          "Facade",
          "Rest",
          "Attract",
          "Round",
          "Payback",
          "Retaliate",
          "Rock Polish",
          "Stone Edge",
          "Bulldoze",
          "Rock Slide",
          "Swagger",
          "Sleep Talk",
          "Substitute",
          "Secret Power",
          "Snarl",
          "Dark Pulse",
          "Power-Up Punch",
          "Confide"
        ],
        "tmMoves5": [
          "Toxic",
          "Hidden Power",
          "Sunny Day",
          "Taunt",
          "Hyper Beam",
          "Protect",
          "Rain Dance",
          "Frustration",
          "Smack Down",
          "Earthquake",
          "Return",
          "Dig",
          "Brick Break",
          "Double Team",
          "Sandstorm",
          "Rock Tomb",
          "Torment",
          "Facade",
          "Rest",
          "Attract",
          "Round",
          "Payback",
          "Retaliate",
          "Rock Polish",
          "Stone Edge",
          "Bulldoze",
          "Rock Slide",
          "Swagger",
          "Substitute",
          "Rock Smash",
          "Snarl"
        ],
        "tmMoves4": [
          "Toxic",
          "Hidden Power",
          "Sunny Day",
          "Taunt",
          "Hyper Beam",
          "Protect",
          "Rain Dance",
          "Frustration",
          "Earthquake",
          "Return",
          "Dig",
          "Brick Break",
          "Double Team",
          "Sandstorm",
          "Rock Tomb",
          "Torment",
          "Facade",
          "Secret Power",
          "Rest",
          "Attract",
          "Endure",
          "Payback",
          "Rock Polish",
          "Stone Edge",
          "Stealth Rock",
          "Captivate",
          "Dark Pulse",
          "Rock Slide",
          "Sleep Talk",
          "Natural Gift",
          "Swagger",
          "Substitute"
        ],
        "tmMoves3": [
          "Toxic",
          "Hidden Power",
          "Sunny Day",
          "Taunt",
          "Hyper Beam",
          "Protect",
          "Rain Dance",
          "Frustration",
          "Earthquake",
          "Return",
          "Dig",
          "Brick Break",
          "Double Team",
          "Sandstorm",
          "Torment",
          "Facade",
          "Secret Power",
          "Rest",
          "Attract"
        ],
        "tmMoves2": [
          "Headbutt",
          "Curse",
          "Toxic",
          "Hidden Power",
          "Sunny Day",
          "Snore",
          "Hyper Beam",
          "Protect",
          "Rain Dance",
          "Endure",
          "Frustration",
          "Earthquake",
          "Return",
          "Dig",
          "Mud-Slap",
          "Double Team",
          "Swagger",
          "Sleep Talk",
          "Sandstorm",
          "Detect",
          "Rest",
          "Attract"
        ],
        "tmMoves1": [],
        "tmMoves": []
      },
      "abilities": {
        "abilities": [
          "ShedSkin"
        ],
        "hiddenAbilities": []
      },
      "movement": {
        "rideable": false,
        "canFly": false,
        "canSurf": false,
        "canRideShoulder": false
      },
      "aggression": {
        "timid": 80,
        "passive": 0,
        "aggressive": 20
      },
      "battleStats": {
        "hp": 70,
        "attack": 84,
        "defense": 70,
        "specialAttack": 65,
        "specialDefense": 70,
        "speed": 51
      },
      "tags": [],
      "spawn": {
        "baseExp": 144,
        "baseFriendship": 35,
        "spawnLevel": 30,
        "spawnLevelRange": 24,
        "spawnLocations": [
          "LAND",
          "UNDERGROUND"
        ]
      },
      "possibleGenders": [
        "MALE",
        "FEMALE"
      ],
      "genderProperties": [
        {
          "gender": "ALL",
          "palettes": [
            {
              "name": "none",
              "texture": "pixelmon:pokemon/247_pupitar/all/base/none/texture.png",
              "sprite": "pixelmon:pokemon/247_pupitar/all/base/none/sprite.png",
              "particle": "",
              "modelLocator": {
                "factoryType": "NORMAL",
                "pqc": [
                  "pixelmon:pokemon/247_pupitar/all/base/none/model.pqc"
                ],
                "yRotation": 24.3
              },
              "sounds": []
            },
            {
              "name": "shiny",
              "texture": "pixelmon:pokemon/247_pupitar/all/base/shiny/texture.png",
              "sprite": "pixelmon:pokemon/247_pupitar/all/base/shiny/sprite.png",
              "particle": "arcanery:shiny"
            },
			{
              "name": "angelic",
              "texture": "pixelmon:pokemon/247_pupitar/all/base/custom-angelic/texture.png",
              "sprite": "pixelmon:pokemon/247_pupitar/all/base/custom-angelic/sprite.png",
              "particle": ""
            },
			{
              "name": "battlecast",
              "texture": "pixelmon:pokemon/247_pupitar/all/base/custom-battlecast/texture.png",
			  "emissive": "pixelmon:pokemon/247_pupitar/all/base/custom-battlecast/emissive.png",
              "sprite": "pixelmon:pokemon/247_pupitar/all/base/custom-battlecast/sprite.png",
              "particle": ""
            },
			{
              "name": "blood",
              "texture": "pixelmon:pokemon/247_pupitar/all/base/custom-blood/texture.png",
              "sprite": "pixelmon:pokemon/247_pupitar/all/base/custom-blood/sprite.png",
              "particle": ""
            },
			{
              "name": "glass",
              "texture": "pixelmon:pokemon/247_pupitar/all/base/custom-glass/texture.png",
              "sprite": "pixelmon:pokemon/247_pupitar/all/base/custom-glass/sprite.png",
              "particle": ""
            },
			{
              "name": "halloween 1",
              "texture": "pixelmon:pokemon/247_pupitar/all/base/custom-halloween1/texture.png",
              "sprite": "pixelmon:pokemon/247_pupitar/all/base/custom-halloween1/sprite.png",
              "particle": ""
            },
			{
              "name": "halloween 2",
              "texture": "pixelmon:pokemon/247_pupitar/all/base/custom-halloween2/texture.png",
              "sprite": "pixelmon:pokemon/247_pupitar/all/base/custom-halloween2/sprite.png",
              "particle": ""
            },
			{
              "name": "heroic",
              "texture": "pixelmon:pokemon/247_pupitar/all/base/custom-heroic/texture.png",
              "sprite": "pixelmon:pokemon/247_pupitar/all/base/custom-heroic/sprite.png",
              "particle": ""
            },
			{
              "name": "infernal",
              "texture": "pixelmon:pokemon/247_pupitar/all/base/custom-infernal/texture.png",
              "sprite": "pixelmon:pokemon/247_pupitar/all/base/custom-infernal/sprite.png",
              "particle": ""
            },
			{
              "name": "lunar",
              "texture": "pixelmon:pokemon/247_pupitar/all/base/custom-lunar/texture.png",
              "sprite": "pixelmon:pokemon/247_pupitar/all/base/custom-lunar/sprite.png",
              "particle": ""
            },
			{
              "name": "molten",
              "texture": "pixelmon:pokemon/247_pupitar/all/base/custom-molten/texture.png",
              "sprite": "pixelmon:pokemon/247_pupitar/all/base/custom-molten/sprite.png",
              "particle": ""
            },
			{
              "name": "outer worlds",
              "texture": "pixelmon:pokemon/247_pupitar/all/base/custom-outerworlds/texture.png",
              "sprite": "pixelmon:pokemon/247_pupitar/all/base/custom-outerworlds/sprite.png",
              "particle": ""
            },
			{
              "name": "primal",
              "texture": "pixelmon:pokemon/247_pupitar/all/base/custom-primal/texture.png",
              "sprite": "pixelmon:pokemon/247_pupitar/all/base/custom-primal/sprite.png",
              "particle": ""
            },
			{
              "name": "purple haze",
              "texture": "pixelmon:pokemon/247_pupitar/all/base/custom-purplehaze/texture.png",
              "sprite": "pixelmon:pokemon/247_pupitar/all/base/custom-purplehaze/sprite.png",
              "particle": ""
            },
			{
              "name": "royal",
              "texture": "pixelmon:pokemon/247_pupitar/all/base/custom-royal/texture.png",
              "sprite": "pixelmon:pokemon/247_pupitar/all/base/custom-royal/sprite.png",
              "particle": ""
            },
			{
              "name": "scales",
              "texture": "pixelmon:pokemon/247_pupitar/all/base/custom-scales/texture.png",
              "sprite": "pixelmon:pokemon/247_pupitar/all/base/custom-scales/sprite.png",
              "particle": ""
            }
          ]
        }
      ],
      "eggGroups": [
        "MONSTER"
      ],
      "types": [
        "ROCK",
        "GROUND"
      ],
      "preEvolutions": [
        "Larvitar"
      ],
      "defaultBaseForm": "",
      "megaItems": [],
      "megas": [],
      "gigantamax": {
        "canHaveFactor": false,
        "canGigantamax": false
      },
      "eggCycles": 41,
      "weight": 152.0,
      "catchRate": 45,
      "malePercentage": 0,
      "evolutions": [
        {
          "level": 55,
          "to": "Tyranitar",
          "conditions": [],
          "evoType": "leveling"
        }
      ],
      "evYields": {
        "attack": 2
      }
    }
  ],
  "generation": 2
}
