{
  "name": "Lugia",
  "dex": 249,
  "defaultForms": [
    ""
  ],
  "forms": [
    {
      "name": "",
      "experienceGroup": "SLOW",
      "dimensions": {
        "height": 2.5,
        "width": 1.5,
        "length": 1,
        "eyeHeight": 2.5,
        "hoverHeight": 2.5
      },
      "moves": {
        "levelUpMoves": [
          {
            "level": 0,
            "attacks": [
              "Ancient Power",
              "Dragon Rush",
              "Gust",
              "Weather Ball",
              "Whirlwind"
            ]
          },
          {
            "level": 9,
            "attacks": [
              "Mist"
            ]
          },
          {
            "level": 18,
            "attacks": [
              "Safeguard"
            ]
          },
          {
            "level": 27,
            "attacks": [
              "Calm Mind"
            ]
          },
          {
            "level": 36,
            "attacks": [
              "Extrasensory"
            ]
          },
          {
            "level": 45,
            "attacks": [
              "Recover"
            ]
          },
          {
            "level": 54,
            "attacks": [
              "Aeroblast"
            ]
          },
          {
            "level": 63,
            "attacks": [
              "Rain Dance"
            ]
          },
          {
            "level": 72,
            "attacks": [
              "Hydro Pump"
            ]
          },
          {
            "level": 81,
            "attacks": [
              "Future Sight"
            ]
          },
          {
            "level": 90,
            "attacks": [
              "Sky Attack"
            ]
          }
        ],
        "tutorMoves": [
          "Dual Wingbeat",
          "Scale Shot"
        ],
        "eggMoves": [

        ],
        "tmMoves8": [
          "Fly",
          "Hyper Beam",
          "Giga Impact",
          "Thunder Wave",
          "Light Screen",
          "Reflect",
          "Safeguard",
          "Rest",
          "Snore",
          "Protect",
          "Icy Wind",
          "Giga Drain",
          "Steel Wing",
          "Sandstorm",
          "Rain Dance",
          "Sunny Day",
          "Hail",
          "Whirlpool",
          "Facade",
          "Swift",
          "Helping Hand",
          "Imprison",
          "Dive",
          "Weather Ball",
          "Brine",
          "Avalanche",
          "Wonder Room",
          "Round",
          "Bulldoze",
          "Air Slash"
        ],
        "trMoves": [
          "Body Slam",
          "Hydro Pump",
          "Surf",
          "Ice Beam",
          "Blizzard",
          "Thunderbolt",
          "Thunder",
          "Earthquake",
          "Psychic",
          "Waterfall",
          "Substitute",
          "Psyshock",
          "Endure",
          "Sleep Talk",
          "Iron Tail",
          "Shadow Ball",
          "Future Sight",
          "Trick",
          "Skill Swap",
          "Hyper Voice",
          "Calm Mind",
          "Dragon Pulse",
          "Earth Power",
          "Zen Headbutt",
          "Iron Head",
          "Hurricane"
        ],
        "hmMoves": [

        ],
        "transferMoves": [
          "Aerial Ace",
          "Air Cutter",
          "Aqua Tail",
          "Charge Beam",
          "Confide",
          "Curse",
          "Defog",
          "Detect",
          "Double Team",
          "Double-Edge",
          "Dragon Breath",
          "Dragon Tail",
          "Dream Eater",
          "Echoed Voice",
          "Feather Dance",
          "Flash",
          "Frustration",
          "Headbutt",
          "Hidden Power",
          "Laser Focus",
          "Mimic",
          "Mud-Slap",
          "Natural Gift",
          "Nightmare",
          "Ominous Wind",
          "Psych Up",
          "Psycho Boost",
          "Punishment",
          "Return",
          "Roar",
          "Rock Smash",
          "Roost",
          "Secret Power",
          "Shock Wave",
          "Signal Beam",
          "Sky Drop",
          "Strength",
          "Swagger",
          "Tailwind",
          "Telekinesis",
          "Toxic",
          "Twister",
          "Water Pulse",
          "Zap Cannon"
        ],
        "tmMoves7": [
          "Psyshock",
          "Calm Mind",
          "Roar",
          "Toxic",
          "Hail",
          "Hidden Power",
          "Sunny Day",
          "Ice Beam",
          "Blizzard",
          "Hyper Beam",
          "Light Screen",
          "Protect",
          "Rain Dance",
          "Roost",
          "Safeguard",
          "Frustration",
          "Thunderbolt",
          "Thunder",
          "Earthquake",
          "Return",
          "Psychic",
          "Shadow Ball",
          "Double Team",
          "Reflect",
          "Sandstorm",
          "Aerial Ace",
          "Facade",
          "Rest",
          "Round",
          "Echoed Voice",
          "Steel Wing",
          "Charge Beam",
          "Sky Drop",
          "Giga Impact",
          "Thunder Wave",
          "Fly",
          "Psych Up",
          "Bulldoze",
          "Dragon Tail",
          "Dream Eater",
          "Swagger",
          "Sleep Talk",
          "Substitute",
          "Surf",
          "Waterfall",
          "Confide"
        ],
        "tmMoves6": [
          "Psyshock",
          "Calm Mind",
          "Roar",
          "Toxic",
          "Hail",
          "Hidden Power",
          "Sunny Day",
          "Ice Beam",
          "Blizzard",
          "Hyper Beam",
          "Light Screen",
          "Protect",
          "Rain Dance",
          "Roost",
          "Safeguard",
          "Frustration",
          "Thunderbolt",
          "Thunder",
          "Earthquake",
          "Return",
          "Psychic",
          "Shadow Ball",
          "Double Team",
          "Reflect",
          "Sandstorm",
          "Aerial Ace",
          "Facade",
          "Rest",
          "Round",
          "Echoed Voice",
          "Steel Wing",
          "Charge Beam",
          "Sky Drop",
          "Giga Impact",
          "Flash",
          "Thunder Wave",
          "Psych Up",
          "Bulldoze",
          "Dragon Tail",
          "Dream Eater",
          "Swagger",
          "Sleep Talk",
          "Substitute",
          "Secret Power",
          "Confide"
        ],
        "tmMoves5": [
          "Psyshock",
          "Calm Mind",
          "Roar",
          "Toxic",
          "Hail",
          "Hidden Power",
          "Sunny Day",
          "Ice Beam",
          "Blizzard",
          "Hyper Beam",
          "Light Screen",
          "Protect",
          "Rain Dance",
          "Telekinesis",
          "Safeguard",
          "Frustration",
          "Thunderbolt",
          "Thunder",
          "Earthquake",
          "Return",
          "Psychic",
          "Shadow Ball",
          "Double Team",
          "Reflect",
          "Sandstorm",
          "Aerial Ace",
          "Facade",
          "Rest",
          "Round",
          "Echoed Voice",
          "Charge Beam",
          "Sky Drop",
          "Giga Impact",
          "Flash",
          "Thunder Wave",
          "Psych Up",
          "Bulldoze",
          "Dragon Tail",
          "Dream Eater",
          "Swagger",
          "Substitute",
          "Rock Smash"
        ],
        "tmMoves4": [
          "Water Pulse",
          "Calm Mind",
          "Roar",
          "Toxic",
          "Hail",
          "Hidden Power",
          "Sunny Day",
          "Ice Beam",
          "Blizzard",
          "Hyper Beam",
          "Light Screen",
          "Protect",
          "Rain Dance",
          "Giga Drain",
          "Safeguard",
          "Frustration",
          "Iron Tail",
          "Thunderbolt",
          "Thunder",
          "Earthquake",
          "Return",
          "Psychic",
          "Shadow Ball",
          "Double Team",
          "Reflect",
          "Shock Wave",
          "Sandstorm",
          "Aerial Ace",
          "Facade",
          "Secret Power",
          "Rest",
          "Steel Wing",
          "Skill Swap",
          "Roost",
          "Brine",
          "Charge Beam",
          "Endure",
          "Dragon Pulse",
          "Giga Impact",
          "Flash",
          "Avalanche",
          "Thunder Wave",
          "Psych Up",
          "Sleep Talk",
          "Natural Gift",
          "Dream Eater",
          "Swagger",
          "Substitute"
        ],
        "tmMoves3": [
          "Water Pulse",
          "Calm Mind",
          "Roar",
          "Toxic",
          "Hail",
          "Hidden Power",
          "Sunny Day",
          "Ice Beam",
          "Blizzard",
          "Hyper Beam",
          "Light Screen",
          "Protect",
          "Rain Dance",
          "Giga Drain",
          "Safeguard",
          "Frustration",
          "Iron Tail",
          "Thunderbolt",
          "Thunder",
          "Earthquake",
          "Return",
          "Psychic",
          "Shadow Ball",
          "Double Team",
          "Reflect",
          "Shock Wave",
          "Sandstorm",
          "Aerial Ace",
          "Facade",
          "Secret Power",
          "Rest",
          "Steel Wing",
          "Skill Swap"
        ],
        "tmMoves2": [
          "Headbutt",
          "Curse",
          "Roar",
          "Toxic",
          "Zap Cannon",
          "Rock Smash",
          "Psych Up",
          "Hidden Power",
          "Sunny Day",
          "Snore",
          "Blizzard",
          "Hyper Beam",
          "Icy Wind",
          "Protect",
          "Rain Dance",
          "Giga Drain",
          "Endure",
          "Frustration",
          "Iron Tail",
          "Dragon Breath",
          "Thunder",
          "Earthquake",
          "Return",
          "Psychic",
          "Shadow Ball",
          "Mud-Slap",
          "Double Team",
          "Swagger",
          "Sleep Talk",
          "Sandstorm",
          "Swift",
          "Dream Eater",
          "Detect",
          "Rest",
          "Steel Wing",
          "Nightmare"
        ],
        "tmMoves1": [

        ],
        "tmMoves": [

        ]
      },
      "abilities": {
        "abilities": [
          "Pressure"
        ],
        "hiddenAbilities": [
          "Multiscale"
        ]
      },
      "movement": {
        "rideable": true,
        "canFly": true,
        "canSurf": true,
        "canRideShoulder": false,
        "ridingOffsets": {
          "standing": {
            "x": 0.0,
            "y": -1.5,
            "z": 0.2
          },
          "moving": {
            "x": 0.0,
            "y": -1.8,
            "z": -0.2
          }
        },
        "swimmingParameters": {
          "depthRangeStart": 1,
          "depthRangeEnd": 40,
          "swimSpeed": 30,
          "decayRate": 0.99,
          "refreshRate": 200
        },
        "flyingParameters": {
          "flyHeightMin": 15,
          "flyHeightMax": 25,
          "flySpeedModifier": 1.0,
          "flyRefreshRateY": 100,
          "flyRefreshRateXZ": 400,
          "flyRefreshRateSpeed": 400,
          "flightTimeMin": 0,
          "flightTimeMax": 20,
          "flapRate": 5,
          "landingMaterials": "LEAVES_AND_GRASS"
        },
        "mountedFlyingParameters": {
          "type": "pixelmon:default",
          "upper_angle_limit": 20,
          "lower_angle_limit": -20,
          "max_fly_speed": 1,
          "deceleration_rate": 0.07,
          "hover_deceleration_rate": 0.09,
          "acceleration_rate": 0.07,
          "strafe_acceleration_rate": 0.08,
          "strafe_roll_conversion": 30,
          "turn_rate": 0.5,
          "pitch_rate": 0.8,
          "stays_horizontal_flying": true,
          "gravity_drop_per_tick": 0.005,
          "continuous_forward_motion": true,
          "continuous_forward_motion_ticks": 10,
          "flying_stamina_charges": 7,
          "hover_ticks": 100
        }
      },
      "aggression": {
        "timid": 80,
        "passive": 0,
        "aggressive": 20
      },
      "battleStats": {
        "hp": 106,
        "attack": 90,
        "defense": 130,
        "specialAttack": 90,
        "specialDefense": 154,
        "speed": 110
      },
      "tags": [
        "legendary"
      ],
      "spawn": {
        "baseExp": 220,
        "baseFriendship": 0,
        "spawnLevel": 70,
        "spawnLevelRange": 0,
        "spawnLocations": [
          "AIR_PERSISTENT"
        ]
      },
      "possibleGenders": [
        "MALE",
        "FEMALE"
      ],
      "genderProperties": [
        {
          "gender": "ALL",
          "palettes": [
            {
              "name": "none",
              "texture": "pixelmon:pokemon/249_lugia/all/base/none/texture.png",
              "sprite": "pixelmon:pokemon/249_lugia/all/base/none/sprite.png",
              "particle": "",
              "modelLocator": {
                "factoryType": "NORMAL",
                "pqc": [
                  "pixelmon:pokemon/249_lugia/all/base/none/model.pqc"
                ],
                "movementThreshold": 0.02
              },
              "flyingModelLocator": {
                "factoryType": "NORMAL",
                "pqc": [
                  "pixelmon:pokemon/249_lugia/all/base/none/flying/model.pqc"
                ]
              },
              "sounds": [
                "pixelmon.mob.lugia"
              ]
            },
            {
              "name": "shiny",
              "texture": "pixelmon:pokemon/249_lugia/all/base/shiny/texture.png",
              "sprite": "pixelmon:pokemon/249_lugia/all/base/shiny/sprite.png",
              "particle": "arcanery:shiny"
            },
            {
              "name": "drowned",
              "texture": "pixelmon:pokemon/249_lugia/all/base/drowned/texture.png",
              "sprite": "pixelmon:pokemon/249_lugia/all/base/drowned/sprite.png",
              "particle": ""
            },
            {
              "name": "online",
              "texture": "pixelmon:pokemon/249_lugia/all/base/online/texture.png",
              "emissive": "pixelmon:pokemon/249_lugia/all/base/online/emissive.png",
              "sprite": "pixelmon:pokemon/249_lugia/all/base/online/sprite.png",
              "particle": ""
            },
			{
              "name": "alluring",
              "texture": "pixelmon:pokemon/249_lugia/all/base/custom-alluring/texture.png",
              "sprite": "pixelmon:pokemon/249_lugia/all/base/custom-alluring/sprite.png",
              "particle": ""
            },
			{
              "name": "boreal 1",
              "texture": "pixelmon:pokemon/249_lugia/all/base/custom-boreal1/texture.png",
              "sprite": "pixelmon:pokemon/249_lugia/all/base/custom-boreal1/sprite.png",
              "particle": ""
            },
			{
              "name": "boreal 2",
              "texture": "pixelmon:pokemon/249_lugia/all/base/custom-boreal2/texture.png",
              "sprite": "pixelmon:pokemon/249_lugia/all/base/custom-boreal2/sprite.png",
              "particle": ""
            },
			{
              "name": "coralp",
              "texture": "pixelmon:pokemon/249_lugia/all/base/custom-coralp/texture.png",
              "sprite": "pixelmon:pokemon/249_lugia/all/base/custom-coralp/sprite.png",
              "particle": ""
            },
			{
              "name": "coralw",
              "texture": "pixelmon:pokemon/249_lugia/all/base/custom-coralw/texture.png",
              "sprite": "pixelmon:pokemon/249_lugia/all/base/custom-coralw/sprite.png",
              "particle": ""
            },
			{
              "name": "cosplay",
              "texture": "pixelmon:pokemon/249_lugia/all/base/custom-cosplay/texture.png",
              "sprite": "pixelmon:pokemon/249_lugia/all/base/custom-cosplay/sprite.png",
              "particle": ""
            },
			{
              "name": "crimson",
              "texture": "pixelmon:pokemon/249_lugia/all/base/custom-crimson/texture.png",
              "sprite": "pixelmon:pokemon/249_lugia/all/base/custom-crimson/sprite.png",
              "particle": ""
            },
			{
              "name": "fusion 1",
              "texture": "pixelmon:pokemon/249_lugia/all/base/custom-fusion1/texture.png",
              "sprite": "pixelmon:pokemon/249_lugia/all/base/custom-fusion1/sprite.png",
              "particle": ""
            },
			{
              "name": "fusion 2",
              "texture": "pixelmon:pokemon/249_lugia/all/base/custom-fusion2/texture.png",
              "sprite": "pixelmon:pokemon/249_lugia/all/base/custom-fusion2/sprite.png",
              "particle": ""
            },
			{
              "name": "gembound",
              "texture": "pixelmon:pokemon/249_lugia/all/base/custom-gembound/texture.png",
              "sprite": "pixelmon:pokemon/249_lugia/all/base/custom-gembound/sprite.png",
              "particle": ""
            },
			{
              "name": "gemstone 1",
              "texture": "pixelmon:pokemon/249_lugia/all/base/custom-gemstone1/texture.png",
              "sprite": "pixelmon:pokemon/249_lugia/all/base/custom-gemstone1/sprite.png",
              "particle": ""
            },
			{
              "name": "gemstone 2",
              "texture": "pixelmon:pokemon/249_lugia/all/base/custom-gemstone2/texture.png",
              "sprite": "pixelmon:pokemon/249_lugia/all/base/custom-gemstone2/sprite.png",
              "particle": ""
            },
			{
              "name": "irradiated",
              "texture": "pixelmon:pokemon/249_lugia/all/base/custom-irradiated/texture.png",
              "sprite": "pixelmon:pokemon/249_lugia/all/base/custom-irradiated/sprite.png",
              "particle": ""
            },
			{
              "name": "meadownian 1",
              "texture": "pixelmon:pokemon/249_lugia/all/base/custom-meadownian1/texture.png",
              "sprite": "pixelmon:pokemon/249_lugia/all/base/custom-meadownian1/sprite.png",
              "particle": ""
            },
			{
              "name": "meadownian 2",
              "texture": "pixelmon:pokemon/249_lugia/all/base/custom-meadownian2/texture.png",
              "sprite": "pixelmon:pokemon/249_lugia/all/base/custom-meadownian2/sprite.png",
              "particle": ""
            },
			{
              "name": "moon",
              "texture": "pixelmon:pokemon/249_lugia/all/base/custom-moon/texture.png",
              "sprite": "pixelmon:pokemon/249_lugia/all/base/custom-moon/sprite.png",
              "particle": ""
            },
			{
              "name": "online 2",
              "texture": "pixelmon:pokemon/249_lugia/all/base/custom-online2/texture.png",
              "sprite": "pixelmon:pokemon/249_lugia/all/base/custom-online2/sprite.png",
              "particle": ""
            },
			{
              "name": "phantom",
              "texture": "pixelmon:pokemon/249_lugia/all/base/custom-phantom/texture.png",
              "sprite": "pixelmon:pokemon/249_lugia/all/base/custom-phantom/sprite.png",
              "particle": ""
            },
			{
              "name": "shadow 1",
              "texture": "pixelmon:pokemon/249_lugia/all/base/custom-shadow1/texture.png",
              "sprite": "pixelmon:pokemon/249_lugia/all/base/custom-shadow1/sprite.png",
              "particle": ""
            },
			{
              "name": "shadow 2",
              "texture": "pixelmon:pokemon/249_lugia/all/base/custom-shadow2/texture.png",
              "sprite": "pixelmon:pokemon/249_lugia/all/base/custom-shadow2/sprite.png",
              "particle": ""
            },
			{
              "name": "shadow 3",
              "texture": "pixelmon:pokemon/249_lugia/all/base/custom-shadow3/texture.png",
			  "emissive": "pixelmon:pokemon/249_lugia/all/base/custom-shadow3/emissive.png",
              "sprite": "pixelmon:pokemon/249_lugia/all/base/custom-shadow3/sprite.png",
              "particle": ""
            },
			{
              "name": "squad",
              "texture": "pixelmon:pokemon/249_lugia/all/base/custom-squad/texture.png",
              "sprite": "pixelmon:pokemon/249_lugia/all/base/custom-squad/sprite.png",
              "particle": ""
            },
			{
              "name": "sunset",
              "texture": "pixelmon:pokemon/249_lugia/all/base/custom-sunset/texture.png",
              "sprite": "pixelmon:pokemon/249_lugia/all/base/custom-sunset/sprite.png",
              "particle": ""
            },
			{
              "name": "tier 1",
              "texture": "pixelmon:pokemon/249_lugia/all/base/custom-tier1/texture.png",
              "sprite": "pixelmon:pokemon/249_lugia/all/base/custom-tier1/sprite.png",
              "particle": ""
            },
			{
              "name": "tier 2",
              "texture": "pixelmon:pokemon/249_lugia/all/base/custom-tier2/texture.png",
              "sprite": "pixelmon:pokemon/249_lugia/all/base/custom-tier2/sprite.png",
              "particle": ""
            },
			{
              "name": "vapor",
              "texture": "pixelmon:pokemon/249_lugia/all/base/custom-vapor/texture.png",
              "sprite": "pixelmon:pokemon/249_lugia/all/base/custom-vapor/sprite.png",
              "particle": ""
            }
          ]
        }
      ],
      "eggGroups": [
        "FLYING",
        "DRAGON"
      ],
      "types": [
        "PSYCHIC",
        "FLYING"
      ],
      "preEvolutions": [

      ],
      "defaultBaseForm": "",
      "megaItems": [

      ],
      "megas": [

      ],
      "gigantamax": {
        "canHaveFactor": false,
        "canGigantamax": false
      },
      "eggCycles": 121,
      "weight": 216.0,
      "catchRate": 3,
      "malePercentage": 0,
      "evolutions": [

      ],
      "evYields": {
        "specialDefense": 3
      }
    }
  ],
  "generation": 2
}