{
  "name": "Grovyle",
  "dex": 253,
  "defaultForms": [
    ""
  ],
  "forms": [
    {
      "name": "",
      "experienceGroup": "MEDIUM_SLOW",
      "dimensions": {
        "height": 1.0,
        "width": 1.0,
        "length": 1,
        "eyeHeight": 1.0,
        "hoverHeight": 1.0
      },
      "moves": {
        "levelUpMoves": [
          {
            "level": 0,
            "attacks": [
              "Energy Ball",
              "False Swipe",
              "Fury Cutter",
              "Leafage",
              "Leer",
              "Pound",
              "Quick Attack",
              "X-Scissor"
            ]
          },
          {
            "level": 9,
            "attacks": [
              "Mega Drain"
            ]
          },
          {
            "level": 12,
            "attacks": [
              "Detect"
            ]
          },
          {
            "level": 15,
            "attacks": [
              "Quick Guard"
            ]
          },
          {
            "level": 20,
            "attacks": [
              "Assurance"
            ]
          },
          {
            "level": 25,
            "attacks": [
              "Giga Drain"
            ]
          },
          {
            "level": 30,
            "attacks": [
              "Slam"
            ]
          },
          {
            "level": 35,
            "attacks": [
              "Double Team"
            ]
          },
          {
            "level": 40,
            "attacks": [
              "Leaf Blade"
            ]
          },
          {
            "level": 45,
            "attacks": [
              "Screech"
            ]
          },
          {
            "level": 50,
            "attacks": [
              "Endeavor"
            ]
          },
          {
            "level": 55,
            "attacks": [
              "Leaf Storm"
            ]
          }
        ],
        "tutorMoves": [
          "Grass Pledge",
          "Grassy Glide"
        ],
        "eggMoves": [
          "Bullet Seed",
          "Crunch",
          "Crush Claw",
          "Double Kick",
          "Dragon Breath",
          "Endeavor",
          "Grass Whistle",
          "Grassy Terrain",
          "Leaf Storm",
          "Leech Seed",
          "Magical Leaf",
          "Mud Sport",
          "Natural Gift",
          "Razor Wind",
          "Synthesis",
          "Worry Seed"
        ],
        "tmMoves8": [
          "Mega Punch",
          "Mega Kick",
          "Thunder Punch",
          "Magical Leaf",
          "Solar Beam",
          "Solar Blade",
          "Dig",
          "Screech",
          "Safeguard",
          "Rest",
          "Rock Slide",
          "Snore",
          "Protect",
          "Giga Drain",
          "Attract",
          "Sunny Day",
          "Facade",
          "Swift",
          "Brick Break",
          "Rock Tomb",
          "Bullet Seed",
          "Assurance",
          "Fling",
          "Drain Punch",
          "Low Sweep",
          "Round",
          "Acrobatics",
          "Grassy Terrain",
          "False Swipe"
        ],
        "trMoves": [
          "Swords Dance",
          "Body Slam",
          "Low Kick",
          "Agility",
          "Substitute",
          "Endure",
          "Sleep Talk",
          "Iron Tail",
          "Crunch",
          "Leaf Blade",
          "Seed Bomb",
          "X-Scissor",
          "Energy Ball",
          "Leaf Storm",
          "Grass Knot",
          "Work Up"
        ],
        "hmMoves": [],
        "transferMoves": [
          "Aerial Ace",
          "Captivate",
          "Confide",
          "Counter",
          "Crush Claw",
          "Cut",
          "Double-Edge",
          "Dynamic Punch",
          "Flash",
          "Focus Punch",
          "Frustration",
          "Grass Whistle",
          "Headbutt",
          "Hidden Power",
          "Mimic",
          "Mud Sport",
          "Mud-Slap",
          "Natural Gift",
          "Nature Power",
          "Power-Up Punch",
          "Pursuit",
          "Razor Wind",
          "Return",
          "Rock Smash",
          "Secret Power",
          "Seismic Toss",
          "Strength",
          "Swagger",
          "Toxic"
        ],
        "tmMoves7": [
          "Work Up",
          "Toxic",
          "Hidden Power",
          "Sunny Day",
          "Protect",
          "Safeguard",
          "Frustration",
          "Solar Beam",
          "Return",
          "Brick Break",
          "Double Team",
          "Rock Tomb",
          "Aerial Ace",
          "Facade",
          "Rest",
          "Attract",
          "Low Sweep",
          "Round",
          "Energy Ball",
          "False Swipe",
          "Fling",
          "Acrobatics",
          "Swords Dance",
          "Rock Slide",
          "X-Scissor",
          "Grass Knot",
          "Swagger",
          "Sleep Talk",
          "Substitute",
          "Nature Power",
          "Confide"
        ],
        "tmMoves6": [
          "Toxic",
          "Hidden Power",
          "Sunny Day",
          "Protect",
          "Safeguard",
          "Frustration",
          "Solar Beam",
          "Return",
          "Dig",
          "Brick Break",
          "Double Team",
          "Rock Tomb",
          "Aerial Ace",
          "Facade",
          "Rest",
          "Attract",
          "Low Sweep",
          "Round",
          "Energy Ball",
          "False Swipe",
          "Fling",
          "Acrobatics",
          "Flash",
          "Swords Dance",
          "Rock Slide",
          "X-Scissor",
          "Grass Knot",
          "Swagger",
          "Sleep Talk",
          "Substitute",
          "Secret Power",
          "Nature Power",
          "Power-Up Punch",
          "Confide"
        ],
        "tmMoves5": [
          "Toxic",
          "Hidden Power",
          "Sunny Day",
          "Protect",
          "Safeguard",
          "Frustration",
          "Solar Beam",
          "Return",
          "Dig",
          "Brick Break",
          "Double Team",
          "Rock Tomb",
          "Aerial Ace",
          "Facade",
          "Rest",
          "Attract",
          "Low Sweep",
          "Round",
          "Energy Ball",
          "False Swipe",
          "Fling",
          "Acrobatics",
          "Flash",
          "Swords Dance",
          "Rock Slide",
          "X-Scissor",
          "Grass Knot",
          "Swagger",
          "Substitute",
          "Rock Smash"
        ],
        "tmMoves4": [
          "Focus Punch",
          "Toxic",
          "Bullet Seed",
          "Hidden Power",
          "Sunny Day",
          "Protect",
          "Giga Drain",
          "Safeguard",
          "Frustration",
          "Solar Beam",
          "Iron Tail",
          "Return",
          "Dig",
          "Brick Break",
          "Double Team",
          "Rock Tomb",
          "Aerial Ace",
          "Facade",
          "Secret Power",
          "Rest",
          "Attract",
          "Energy Ball",
          "False Swipe",
          "Fling",
          "Endure",
          "Drain Punch",
          "Flash",
          "Swords Dance",
          "Captivate",
          "Rock Slide",
          "X-Scissor",
          "Sleep Talk",
          "Natural Gift",
          "Grass Knot",
          "Swagger",
          "Substitute"
        ],
        "tmMoves3": [
          "Focus Punch",
          "Toxic",
          "Bullet Seed",
          "Hidden Power",
          "Sunny Day",
          "Protect",
          "Giga Drain",
          "Safeguard",
          "Frustration",
          "Solar Beam",
          "Iron Tail",
          "Return",
          "Dig",
          "Brick Break",
          "Double Team",
          "Rock Tomb",
          "Aerial Ace",
          "Facade",
          "Secret Power",
          "Rest",
          "Attract"
        ],
        "tmMoves2": [],
        "tmMoves1": [],
        "tmMoves": []
      },
      "abilities": {
        "abilities": [
          "Overgrow"
        ],
        "hiddenAbilities": [
          "Unburden"
        ]
      },
      "movement": {
        "rideable": false,
        "canFly": false,
        "canSurf": false,
        "canRideShoulder": false
      },
      "aggression": {
        "timid": 80,
        "passive": 0,
        "aggressive": 20
      },
      "battleStats": {
        "hp": 50,
        "attack": 65,
        "defense": 45,
        "specialAttack": 85,
        "specialDefense": 65,
        "speed": 95
      },
      "tags": [],
      "spawn": {
        "baseExp": 141,
        "baseFriendship": 70,
        "spawnLevel": 17,
        "spawnLevelRange": 6,
        "spawnLocations": [
          "LAND"
        ]
      },
      "possibleGenders": [
        "MALE",
        "FEMALE"
      ],
      "genderProperties": [
        {
          "gender": "ALL",
          "palettes": [
            {
              "name": "none",
              "texture": "pixelmon:pokemon/253_grovyle/all/base/none/texture.png",
              "sprite": "pixelmon:pokemon/253_grovyle/all/base/none/sprite.png",
              "particle": "",
              "modelLocator": {
                "factoryType": "NORMAL",
                "pqc": [
                  "pixelmon:pokemon/253_grovyle/all/base/none/model.pqc"
                ],
                "yRotation": 21.8
              },
              "sounds": [
                "pixelmon.mob.grovyle",
                "pixelmon.mob.grovyle",
                "pixelmon.mob.grovyle"
              ]
            },
            {
              "name": "shiny",
              "texture": "pixelmon:pokemon/253_grovyle/all/base/shiny/texture.png",
              "sprite": "pixelmon:pokemon/253_grovyle/all/base/shiny/sprite.png",
              "particle": "arcanery:shiny"
            },
			{
              "name": "diamond",
              "texture": "pixelmon:pokemon/253_grovyle/all/base/custom-diamond/texture.png",
              "sprite": "pixelmon:pokemon/253_grovyle/all/base/custom-diamond/sprite.png",
              "particle": ""
            },
			{
              "name": "lunar",
              "texture": "pixelmon:pokemon/253_grovyle/all/base/custom-lunar/texture.png",
              "sprite": "pixelmon:pokemon/253_grovyle/all/base/custom-lunar/sprite.png",
              "particle": ""
            },
			{
              "name": "pearl",
              "texture": "pixelmon:pokemon/253_grovyle/all/base/custom-pearl/texture.png",
              "sprite": "pixelmon:pokemon/253_grovyle/all/base/custom-pearl/sprite.png",
              "particle": ""
            },
			{
              "name": "rainbow",
              "texture": "pixelmon:pokemon/253_grovyle/all/base/custom-rainbow/texture.png",
              "sprite": "pixelmon:pokemon/253_grovyle/all/base/custom-rainbow/sprite.png",
              "particle": ""
            },
			{
              "name": "rgb",
              "texture": "pixelmon:pokemon/253_grovyle/all/base/custom-rgb/texture.png",
              "sprite": "pixelmon:pokemon/253_grovyle/all/base/custom-rgb/sprite.png",
              "particle": ""
            },
			{
              "name": "shadow",
              "texture": "pixelmon:pokemon/253_grovyle/all/base/custom-shadow/texture.png",
              "sprite": "pixelmon:pokemon/253_grovyle/all/base/custom-shadow/sprite.png",
              "particle": ""
            },
			{
              "name": "sun",
              "texture": "pixelmon:pokemon/253_grovyle/all/base/custom-sun/texture.png",
              "sprite": "pixelmon:pokemon/253_grovyle/all/base/custom-sun/sprite.png",
              "particle": ""
            }
          ]
        }
      ],
      "eggGroups": [
        "MONSTER",
        "DRAGON"
      ],
      "types": [
        "GRASS"
      ],
      "preEvolutions": [
        "Treecko"
      ],
      "defaultBaseForm": "",
      "megaItems": [],
      "megas": [],
      "gigantamax": {
        "canHaveFactor": false,
        "canGigantamax": false
      },
      "eggCycles": 21,
      "weight": 21.6,
      "catchRate": 45,
      "malePercentage": 0,
      "evolutions": [
        {
          "level": 36,
          "to": "Sceptile",
          "conditions": [],
          "evoType": "leveling",
          "moves": [
            "Dual Chop"
          ]
        }
      ],
      "evYields": {
        "speed": 2
      }
    }
  ],
  "generation": 3
}
