{
  "name": "Blaziken",
  "dex": 257,
  "defaultForms": [
    ""
  ],
  "forms": [
    {
      "name": "",
      "experienceGroup": "MEDIUM_SLOW",
      "dimensions": {
        "height": 1.9,
        "width": 1.0,
        "length": 1,
        "eyeHeight": 1.9,
        "hoverHeight": 1.9
      },
      "moves": {
        "levelUpMoves": [
          {
            "level": 0,
            "attacks": [
              "Brave Bird",
              "Double Kick",
              "Ember",
              "Feather Dance",
              "Fire Punch",
              "Flamethrower",
              "Growl",
              "Quick Attack",
              "Scratch"
            ]
          },
          {
            "level": 9,
            "attacks": [
              "Flame Charge"
            ]
          },
          {
            "level": 12,
            "attacks": [
              "Detect"
            ]
          },
          {
            "level": 15,
            "attacks": [
              "Sand Attack"
            ]
          },
          {
            "level": 20,
            "attacks": [
              "Aerial Ace"
            ]
          },
          {
            "level": 25,
            "attacks": [
              "Slash"
            ]
          },
          {
            "level": 30,
            "attacks": [
              "Bounce"
            ]
          },
          {
            "level": 35,
            "attacks": [
              "Focus Energy"
            ]
          },
          {
            "level": 42,
            "attacks": [
              "Blaze Kick"
            ]
          },
          {
            "level": 49,
            "attacks": [
              "Bulk Up"
            ]
          },
          {
            "level": 56,
            "attacks": [
              "Reversal"
            ]
          },
          {
            "level": 63,
            "attacks": [
              "Flare Blitz"
            ]
          }
        ],
        "tutorMoves": [
          "Blast Burn",
          "Coaching",
          "Fire Pledge",
          "Scorching Sands"
        ],
        "eggMoves": [
          "Agility",
          "Baton Pass",
          "Counter",
          "Crush Claw",
          "Curse",
          "Endure",
          "Feather Dance",
          "Feint",
          "Flame Burst",
          "Last Resort",
          "Low Kick",
          "Night Slash",
          "Reversal",
          "Smelling Salts"
        ],
        "tmMoves8": [
          "Mega Punch",
          "Mega Kick",
          "Fire Punch",
          "Thunder Punch",
          "Hyper Beam",
          "Giga Impact",
          "Solar Beam",
          "Fire Spin",
          "Dig",
          "Rest",
          "Rock Slide",
          "Snore",
          "Protect",
          "Attract",
          "Sunny Day",
          "Will-O-Wisp",
          "Facade",
          "Swift",
          "Helping Hand",
          "Revenge",
          "Brick Break",
          "Rock Tomb",
          "Bounce",
          "U-turn",
          "Assurance",
          "Fling",
          "Shadow Claw",
          "Low Sweep",
          "Round",
          "Acrobatics",
          "Bulldoze"
        ],
        "trMoves": [
          "Swords Dance",
          "Body Slam",
          "Flamethrower",
          "Low Kick",
          "Earthquake",
          "Agility",
          "Focus Energy",
          "Fire Blast",
          "Substitute",
          "Reversal",
          "Endure",
          "Sleep Talk",
          "Baton Pass",
          "Heat Wave",
          "Superpower",
          "Blaze Kick",
          "Overheat",
          "Bulk Up",
          "Close Combat",
          "Flare Blitz",
          "Aura Sphere",
          "Poison Jab",
          "Focus Blast",
          "Brave Bird",
          "Stone Edge",
          "Work Up",
          "Heat Crash"
        ],
        "hmMoves": [],
        "transferMoves": [
          "Captivate",
          "Confide",
          "Cut",
          "Defog",
          "Double Team",
          "Double-Edge",
          "Dual Chop",
          "Dynamic Punch",
          "Echoed Voice",
          "Flame Burst",
          "Focus Punch",
          "Frustration",
          "Fury Cutter",
          "Headbutt",
          "Hidden Power",
          "High Jump Kick",
          "Hone Claws",
          "Incinerate",
          "Knock Off",
          "Laser Focus",
          "Mimic",
          "Mirror Move",
          "Mud-Slap",
          "Natural Gift",
          "Power-Up Punch",
          "Return",
          "Roar",
          "Rock Smash",
          "Role Play",
          "Secret Power",
          "Seismic Toss",
          "Sky Uppercut",
          "Smelling Salts",
          "Strength",
          "Swagger",
          "Toxic",
          "Vacuum Wave"
        ],
        "tmMoves7": [
          "Work Up",
          "Roar",
          "Toxic",
          "Bulk Up",
          "Hidden Power",
          "Sunny Day",
          "Hyper Beam",
          "Protect",
          "Frustration",
          "Solar Beam",
          "Earthquake",
          "Return",
          "Brick Break",
          "Double Team",
          "Flamethrower",
          "Fire Blast",
          "Rock Tomb",
          "Aerial Ace",
          "Facade",
          "Flame Charge",
          "Rest",
          "Attract",
          "Low Sweep",
          "Round",
          "Echoed Voice",
          "Overheat",
          "Focus Blast",
          "Fling",
          "Will-O-Wisp",
          "Acrobatics",
          "Shadow Claw",
          "Giga Impact",
          "Stone Edge",
          "Swords Dance",
          "Bulldoze",
          "Rock Slide",
          "Poison Jab",
          "Swagger",
          "Sleep Talk",
          "Substitute",
          "Confide"
        ],
        "tmMoves6": [
          "Hone Claws",
          "Roar",
          "Toxic",
          "Bulk Up",
          "Hidden Power",
          "Sunny Day",
          "Hyper Beam",
          "Protect",
          "Frustration",
          "Solar Beam",
          "Earthquake",
          "Return",
          "Dig",
          "Brick Break",
          "Double Team",
          "Flamethrower",
          "Fire Blast",
          "Rock Tomb",
          "Aerial Ace",
          "Facade",
          "Flame Charge",
          "Rest",
          "Attract",
          "Low Sweep",
          "Round",
          "Echoed Voice",
          "Overheat",
          "Focus Blast",
          "Fling",
          "Incinerate",
          "Will-O-Wisp",
          "Acrobatics",
          "Shadow Claw",
          "Giga Impact",
          "Stone Edge",
          "Swords Dance",
          "Bulldoze",
          "Rock Slide",
          "Poison Jab",
          "Swagger",
          "Sleep Talk",
          "Substitute",
          "Secret Power",
          "Power-Up Punch",
          "Confide"
        ],
        "tmMoves5": [
          "Hone Claws",
          "Roar",
          "Toxic",
          "Bulk Up",
          "Hidden Power",
          "Sunny Day",
          "Hyper Beam",
          "Protect",
          "Frustration",
          "Solar Beam",
          "Earthquake",
          "Return",
          "Dig",
          "Brick Break",
          "Double Team",
          "Flamethrower",
          "Fire Blast",
          "Rock Tomb",
          "Aerial Ace",
          "Facade",
          "Flame Charge",
          "Rest",
          "Attract",
          "Low Sweep",
          "Round",
          "Echoed Voice",
          "Overheat",
          "Focus Blast",
          "Fling",
          "Incinerate",
          "Will-O-Wisp",
          "Acrobatics",
          "Shadow Claw",
          "Giga Impact",
          "Stone Edge",
          "Swords Dance",
          "Bulldoze",
          "Rock Slide",
          "Work Up",
          "Poison Jab",
          "Swagger",
          "Substitute",
          "Rock Smash"
        ],
        "tmMoves4": [
          "Focus Punch",
          "Roar",
          "Toxic",
          "Bulk Up",
          "Hidden Power",
          "Sunny Day",
          "Hyper Beam",
          "Protect",
          "Frustration",
          "Solar Beam",
          "Earthquake",
          "Return",
          "Dig",
          "Brick Break",
          "Double Team",
          "Flamethrower",
          "Fire Blast",
          "Rock Tomb",
          "Aerial Ace",
          "Facade",
          "Secret Power",
          "Rest",
          "Attract",
          "Overheat",
          "Focus Blast",
          "Fling",
          "Endure",
          "Will-O-Wisp",
          "Shadow Claw",
          "Giga Impact",
          "Stone Edge",
          "Swords Dance",
          "Captivate",
          "Rock Slide",
          "Sleep Talk",
          "Natural Gift",
          "Poison Jab",
          "Swagger",
          "Substitute"
        ],
        "tmMoves3": [
          "Focus Punch",
          "Roar",
          "Toxic",
          "Bulk Up",
          "Hidden Power",
          "Sunny Day",
          "Hyper Beam",
          "Protect",
          "Frustration",
          "Earthquake",
          "Return",
          "Dig",
          "Brick Break",
          "Double Team",
          "Flamethrower",
          "Fire Blast",
          "Rock Tomb",
          "Aerial Ace",
          "Facade",
          "Secret Power",
          "Rest",
          "Attract",
          "Overheat"
        ],
        "tmMoves2": [],
        "tmMoves1": [],
        "tmMoves": []
      },
      "abilities": {
        "abilities": [
          "Blaze"
        ],
        "hiddenAbilities": [
          "SpeedBoost"
        ]
      },
      "movement": {
        "rideable": true,
        "canFly": false,
        "canSurf": false,
        "canRideShoulder": false,
        "ridingOffsets": {
          "standing": {
            "x": 0.0,
            "y": -0.55,
            "z": -0.27
          },
          "moving": {
            "x": 0.0,
            "y": -0.55,
            "z": 0.0
          }
        }
      },
      "aggression": {
        "timid": 80,
        "passive": 0,
        "aggressive": 20
      },
      "battleStats": {
        "hp": 80,
        "attack": 120,
        "defense": 70,
        "specialAttack": 110,
        "specialDefense": 70,
        "speed": 80
      },
      "tags": [],
      "spawn": {
        "baseExp": 209,
        "baseFriendship": 70,
        "spawnLevel": 36,
        "spawnLevelRange": 14,
        "spawnLocations": [
          "LAND"
        ]
      },
      "possibleGenders": [
        "MALE",
        "FEMALE"
      ],
      "genderProperties": [
        {
          "gender": "ALL",
          "palettes": [
            {
              "name": "none",
              "texture": "pixelmon:pokemon/257_blaziken/all/base/none/texture.png",
              "sprite": "pixelmon:pokemon/257_blaziken/all/base/none/sprite.png",
              "particle": "",
              "modelLocator": {
                "factoryType": "NORMAL",
                "pqc": [
                  "pixelmon:pokemon/257_blaziken/all/base/none/model.pqc"
                ],
                "movementThreshold": 0.02
              },
              "sounds": [
                "pixelmon.mob.blaziken"
              ]
            },
            {
              "name": "shiny",
              "texture": "pixelmon:pokemon/257_blaziken/all/base/shiny/texture.png",
              "sprite": "pixelmon:pokemon/257_blaziken/all/base/shiny/sprite.png",
              "particle": "arcanery:shiny"
            },
            {
              "name": "zombie",
              "texture": "pixelmon:pokemon/257_blaziken/all/base/zombie/texture.png",
              "sprite": "pixelmon:pokemon/257_blaziken/all/base/zombie/sprite.png",
              "particle": ""
            },
			{
              "name": "akuma",
              "texture": "pixelmon:pokemon/257_blaziken/all/base/custom-akuma/texture.png",
              "sprite": "pixelmon:pokemon/257_blaziken/all/base/custom-akuma/sprite.png",
              "particle": ""
            },
			{
              "name": "cny 1",
              "texture": "pixelmon:pokemon/257_blaziken/all/base/custom-cny1/texture.png",
              "sprite": "pixelmon:pokemon/257_blaziken/all/base/custom-cny1/sprite.png",
              "particle": ""
            },
			{
              "name": "cny 2",
              "texture": "pixelmon:pokemon/257_blaziken/all/base/custom-cny2/texture.png",
              "sprite": "pixelmon:pokemon/257_blaziken/all/base/custom-cny2/sprite.png",
              "particle": ""
            },
			{
              "name": "diamond",
              "texture": "pixelmon:pokemon/257_blaziken/all/base/custom-diamond/texture.png",
              "sprite": "pixelmon:pokemon/257_blaziken/all/base/custom-diamond/sprite.png",
              "particle": ""
            },
			{
              "name": "egyptian",
              "texture": "pixelmon:pokemon/257_blaziken/all/base/custom-egyptian/texture.png",
              "sprite": "pixelmon:pokemon/257_blaziken/all/base/custom-egyptian/sprite.png",
              "particle": ""
            },
			{
              "name": "gold",
              "texture": "pixelmon:pokemon/257_blaziken/all/base/custom-gold/texture.png",
              "sprite": "pixelmon:pokemon/257_blaziken/all/base/custom-gold/sprite.png",
              "particle": ""
            },
			{
              "name": "heroic",
              "texture": "pixelmon:pokemon/257_blaziken/all/base/custom-heroic/texture.png",
              "sprite": "pixelmon:pokemon/257_blaziken/all/base/custom-heroic/sprite.png",
              "particle": ""
            },
			{
              "name": "pearl",
              "texture": "pixelmon:pokemon/257_blaziken/all/base/custom-pearl/texture.png",
              "sprite": "pixelmon:pokemon/257_blaziken/all/base/custom-pearl/sprite.png",
              "particle": ""
            },
			{
              "name": "sun",
              "texture": "pixelmon:pokemon/257_blaziken/all/base/custom-sun/texture.png",
              "sprite": "pixelmon:pokemon/257_blaziken/all/base/custom-sun/sprite.png",
              "particle": ""
            },
			{
              "name": "venomous",
              "texture": "pixelmon:pokemon/257_blaziken/all/base/custom-venomous/texture.png",
              "sprite": "pixelmon:pokemon/257_blaziken/all/base/custom-venomous/sprite.png",
              "particle": ""
            }
          ]
        }
      ],
      "eggGroups": [
        "FIELD"
      ],
      "types": [
        "FIRE",
        "FIGHTING"
      ],
      "preEvolutions": [
        "Combusken",
        "Torchic"
      ],
      "defaultBaseForm": "",
      "megaItems": [
        "pixelmon:blazikenite"
      ],
      "megas": [
        "mega"
      ],
      "gigantamax": {
        "canHaveFactor": false,
        "canGigantamax": false
      },
      "eggCycles": 21,
      "weight": 52.0,
      "catchRate": 45,
      "malePercentage": 0,
      "evolutions": [],
      "evYields": {
        "attack": 3
      }
    },
    {
      "name": "mega",
      "tags": [
        "temp"
      ],
      "dimensions": {
        "height": 1.9,
        "width": 1.2,
        "length": 1.2
      },
      "abilities": {
        "abilities": [
          "SpeedBoost"
        ]
      },
      "battleStats": {
        "hp": 80,
        "attack": 160,
        "defense": 80,
        "specialAttack": 130,
        "specialDefense": 80,
        "speed": 100
      },
      "genderProperties": [
        {
          "gender": "ALL",
          "palettes": [
            {
              "name": "none",
              "texture": "pixelmon:pokemon/257_blaziken/all/mega/none/texture.png",
              "sprite": "pixelmon:pokemon/257_blaziken/all/mega/none/sprite.png",
              "particle": "",
              "modelLocator": {
                "factoryType": "NORMAL",
                "pqc": [
                  "pixelmon:pokemon/257_blaziken/all/mega/none/model.pqc"
                ]
              }
            },
            {
              "name": "shiny",
              "texture": "pixelmon:pokemon/257_blaziken/all/mega/shiny/texture.png",
              "sprite": "pixelmon:pokemon/257_blaziken/all/mega/shiny/sprite.png",
              "particle": "arcanery:shiny"
            },
			{
              "name": "diamond",
              "texture": "pixelmon:pokemon/257_blaziken/all/mega/custom-diamond/texture.png",
              "sprite": "pixelmon:pokemon/257_blaziken/all/mega/custom-diamond/sprite.png",
              "particle": ""
            },
			{
              "name": "egyptian",
              "texture": "pixelmon:pokemon/257_blaziken/all/mega/custom-egyptian/texture.png",
              "sprite": "pixelmon:pokemon/257_blaziken/all/mega/custom-egyptian/sprite.png",
              "particle": ""
            },
			{
              "name": "gold",
              "texture": "pixelmon:pokemon/257_blaziken/all/mega/custom-gold/texture.png",
              "sprite": "pixelmon:pokemon/257_blaziken/all/mega/custom-gold/sprite.png",
              "particle": ""
            },
			{
              "name": "heroic",
              "texture": "pixelmon:pokemon/257_blaziken/all/mega/custom-heroic/texture.png",
              "sprite": "pixelmon:pokemon/257_blaziken/all/mega/custom-heroic/sprite.png",
              "particle": ""
            },
			{
              "name": "pearl",
              "texture": "pixelmon:pokemon/257_blaziken/all/mega/custom-pearl/texture.png",
              "sprite": "pixelmon:pokemon/257_blaziken/all/mega/custom-pearl/sprite.png",
              "particle": ""
            },
			{
              "name": "sun",
              "texture": "pixelmon:pokemon/257_blaziken/all/mega/custom-sun/texture.png",
              "sprite": "pixelmon:pokemon/257_blaziken/all/mega/custom-sun/sprite.png",
              "particle": ""
            },
			{
              "name": "venomous",
              "texture": "pixelmon:pokemon/257_blaziken/all/mega/custom-venomous/texture.png",
              "sprite": "pixelmon:pokemon/257_blaziken/all/mega/custom-venomous/sprite.png",
              "particle": ""
            }
          ]
        }
      ]
    }
  ],
  "generation": 3
}
