{
  "name": "Marshtomp",
  "dex": 259,
  "defaultForms": [
    ""
  ],
  "forms": [
    {
      "name": "",
      "experienceGroup": "MEDIUM_SLOW",
      "dimensions": {
        "height": 0.8,
        "width": 0.7,
        "length": 1,
        "eyeHeight": 0.8,
        "hoverHeight": 0.8
      },
      "moves": {
        "levelUpMoves": [
          {
            "level": 0,
            "attacks": [
              "Earthquake",
              "Growl",
              "Mud Shot",
              "Rock Smash",
              "Surf",
              "Tackle",
              "Water Gun"
            ]
          },
          {
            "level": 9,
            "attacks": [
              "Rock Throw"
            ]
          },
          {
            "level": 12,
            "attacks": [
              "Protect"
            ]
          },
          {
            "level": 15,
            "attacks": [
              "Supersonic"
            ]
          },
          {
            "level": 20,
            "attacks": [
              "Water Pulse"
            ]
          },
          {
            "level": 25,
            "attacks": [
              "Rock Slide"
            ]
          },
          {
            "level": 30,
            "attacks": [
              "Take Down"
            ]
          },
          {
            "level": 35,
            "attacks": [
              "Amnesia"
            ]
          },
          {
            "level": 40,
            "attacks": [
              "Muddy Water"
            ]
          },
          {
            "level": 45,
            "attacks": [
              "Screech"
            ]
          },
          {
            "level": 50,
            "attacks": [
              "Endeavor"
            ]
          },
          {
            "level": 55,
            "attacks": [
              "Hydro Pump"
            ]
          }
        ],
        "tutorMoves": [
          "Water Pledge"
        ],
        "eggMoves": [
          "Ancient Power",
          "Avalanche",
          "Barrier",
          "Bite",
          "Counter",
          "Curse",
          "Double-Edge",
          "Ice Ball",
          "Mirror Coat",
          "Mud Bomb",
          "Refresh",
          "Sludge",
          "Stomp",
          "Uproar",
          "Whirlpool",
          "Wide Guard",
          "Yawn"
        ],
        "tmMoves8": [
          "Mega Punch",
          "Mega Kick",
          "Ice Punch",
          "Dig",
          "Screech",
          "Rest",
          "Rock Slide",
          "Snore",
          "Protect",
          "Icy Wind",
          "Attract",
          "Rain Dance",
          "Hail",
          "Whirlpool",
          "Facade",
          "Brick Break",
          "Dive",
          "Rock Tomb",
          "Sand Tomb",
          "Mud Shot",
          "Fling",
          "Avalanche",
          "Round",
          "Bulldoze"
        ],
        "trMoves": [
          "Body Slam",
          "Hydro Pump",
          "Surf",
          "Ice Beam",
          "Blizzard",
          "Low Kick",
          "Earthquake",
          "Waterfall",
          "Amnesia",
          "Substitute",
          "Endure",
          "Sleep Talk",
          "Iron Tail",
          "Uproar",
          "Superpower",
          "Muddy Water",
          "Earth Power",
          "Stealth Rock",
          "Sludge Wave",
          "Scald",
          "Work Up"
        ],
        "hmMoves": [],
        "transferMoves": [
          "Aqua Tail",
          "Barrier",
          "Bide",
          "Captivate",
          "Confide",
          "Defense Curl",
          "Double Team",
          "Dynamic Punch",
          "Echoed Voice",
          "Foresight",
          "Frustration",
          "Headbutt",
          "Hidden Power",
          "Ice Ball",
          "Mimic",
          "Mud Bomb",
          "Mud Sport",
          "Natural Gift",
          "Power-Up Punch",
          "Refresh",
          "Return",
          "Rollout",
          "Secret Power",
          "Seismic Toss",
          "Strength",
          "Swagger",
          "Toxic"
        ],
        "tmMoves7": [
          "Work Up",
          "Toxic",
          "Hail",
          "Hidden Power",
          "Ice Beam",
          "Blizzard",
          "Protect",
          "Rain Dance",
          "Frustration",
          "Earthquake",
          "Return",
          "Brick Break",
          "Double Team",
          "Sludge Wave",
          "Rock Tomb",
          "Facade",
          "Rest",
          "Attract",
          "Round",
          "Echoed Voice",
          "Scald",
          "Fling",
          "Bulldoze",
          "Rock Slide",
          "Swagger",
          "Sleep Talk",
          "Substitute",
          "Surf",
          "Waterfall",
          "Confide"
        ],
        "tmMoves6": [
          "Toxic",
          "Hail",
          "Hidden Power",
          "Ice Beam",
          "Blizzard",
          "Protect",
          "Rain Dance",
          "Frustration",
          "Earthquake",
          "Return",
          "Dig",
          "Brick Break",
          "Double Team",
          "Sludge Wave",
          "Rock Tomb",
          "Facade",
          "Rest",
          "Attract",
          "Round",
          "Echoed Voice",
          "Scald",
          "Fling",
          "Bulldoze",
          "Rock Slide",
          "Swagger",
          "Sleep Talk",
          "Substitute",
          "Secret Power",
          "Power-Up Punch",
          "Confide"
        ],
        "tmMoves5": [
          "Toxic",
          "Hail",
          "Hidden Power",
          "Ice Beam",
          "Blizzard",
          "Protect",
          "Rain Dance",
          "Frustration",
          "Earthquake",
          "Return",
          "Dig",
          "Brick Break",
          "Double Team",
          "Sludge Wave",
          "Rock Tomb",
          "Facade",
          "Rest",
          "Attract",
          "Round",
          "Echoed Voice",
          "Scald",
          "Fling",
          "Bulldoze",
          "Rock Slide",
          "Swagger",
          "Substitute",
          "Rock Smash"
        ],
        "tmMoves4": [
          "Water Pulse",
          "Toxic",
          "Hail",
          "Hidden Power",
          "Ice Beam",
          "Blizzard",
          "Protect",
          "Rain Dance",
          "Frustration",
          "Iron Tail",
          "Earthquake",
          "Return",
          "Dig",
          "Brick Break",
          "Double Team",
          "Rock Tomb",
          "Facade",
          "Secret Power",
          "Rest",
          "Attract",
          "Fling",
          "Endure",
          "Stealth Rock",
          "Captivate",
          "Rock Slide",
          "Sleep Talk",
          "Natural Gift",
          "Swagger",
          "Substitute"
        ],
        "tmMoves3": [
          "Water Pulse",
          "Toxic",
          "Hail",
          "Hidden Power",
          "Ice Beam",
          "Blizzard",
          "Protect",
          "Rain Dance",
          "Frustration",
          "Iron Tail",
          "Earthquake",
          "Return",
          "Dig",
          "Double Team",
          "Rock Tomb",
          "Facade",
          "Secret Power",
          "Rest",
          "Attract"
        ],
        "tmMoves2": [],
        "tmMoves1": [],
        "tmMoves": []
      },
      "abilities": {
        "abilities": [
          "Torrent"
        ],
        "hiddenAbilities": [
          "Damp"
        ]
      },
      "movement": {
        "rideable": false,
        "canFly": false,
        "canSurf": false,
        "canRideShoulder": false
      },
      "aggression": {
        "timid": 80,
        "passive": 0,
        "aggressive": 20
      },
      "battleStats": {
        "hp": 70,
        "attack": 85,
        "defense": 70,
        "specialAttack": 60,
        "specialDefense": 70,
        "speed": 50
      },
      "tags": [],
      "spawn": {
        "baseExp": 143,
        "baseFriendship": 70,
        "spawnLevel": 16,
        "spawnLevelRange": 19,
        "spawnLocations": [
          "LAND"
        ]
      },
      "possibleGenders": [
        "MALE",
        "FEMALE"
      ],
      "genderProperties": [
        {
          "gender": "ALL",
          "palettes": [
            {
              "name": "none",
              "texture": "pixelmon:pokemon/259_marshtomp/all/base/none/texture.png",
              "sprite": "pixelmon:pokemon/259_marshtomp/all/base/none/sprite.png",
              "particle": "",
              "modelLocator": {
                "factoryType": "NORMAL",
                "pqc": [
                  "pixelmon:pokemon/259_marshtomp/all/base/none/model.pqc"
                ]
              },
              "sounds": [
                "pixelmon.mob.marshtomp"
              ]
            },
            {
              "name": "shiny",
              "texture": "pixelmon:pokemon/259_marshtomp/all/base/shiny/texture.png",
              "sprite": "pixelmon:pokemon/259_marshtomp/all/base/shiny/sprite.png",
              "particle": "arcanery:shiny"
            },
			{
              "name": "diamond",
              "texture": "pixelmon:pokemon/259_marshtomp/all/base/custom-diamond/texture.png",
              "sprite": "pixelmon:pokemon/259_marshtomp/all/base/custom-diamond/sprite.png",
              "particle": ""
            },
			{
              "name": "pearl",
              "texture": "pixelmon:pokemon/259_marshtomp/all/base/custom-pearl/texture.png",
              "sprite": "pixelmon:pokemon/259_marshtomp/all/base/custom-pearl/sprite.png",
              "particle": ""
            },
			{
              "name": "rising sun",
              "texture": "pixelmon:pokemon/259_marshtomp/all/base/custom-risingsun/texture.png",
              "sprite": "pixelmon:pokemon/259_marshtomp/all/base/custom-risingsun/sprite.png",
              "particle": ""
            },
			{
              "name": "sun",
              "texture": "pixelmon:pokemon/259_marshtomp/all/base/custom-sun/texture.png",
              "sprite": "pixelmon:pokemon/259_marshtomp/all/base/custom-sun/sprite.png",
              "particle": ""
            }
          ]
        }
      ],
      "eggGroups": [
        "MONSTER",
        "WATER_ONE"
      ],
      "types": [
        "WATER",
        "GROUND"
      ],
      "preEvolutions": [
        "Mudkip"
      ],
      "defaultBaseForm": "",
      "megaItems": [],
      "megas": [],
      "gigantamax": {
        "canHaveFactor": false,
        "canGigantamax": false
      },
      "eggCycles": 21,
      "weight": 28.0,
      "catchRate": 45,
      "malePercentage": 0,
      "evolutions": [
        {
          "level": 36,
          "to": "Swampert",
          "conditions": [],
          "evoType": "leveling"
        }
      ],
      "evYields": {
        "attack": 2
      }
    }
  ],
  "generation": 3
}
