{
  "name": "Poochyena",
  "dex": 261,
  "defaultForms": [
    ""
  ],
  "forms": [
    {
      "name": "",
      "experienceGroup": "MEDIUM_FAST",
      "dimensions": {
        "height": 0.55,
        "width": 0.7,
        "length": 1,
        "eyeHeight": 0.55,
        "hoverHeight": 0.55
      },
      "moves": {
        "levelUpMoves": [
          {
            "level": 0,
            "attacks": [
              "Tackle"
            ]
          },
          {
            "level": 4,
            "attacks": [
              "Howl"
            ]
          },
          {
            "level": 7,
            "attacks": [
              "Sand Attack"
            ]
          },
          {
            "level": 10,
            "attacks": [
              "Bite"
            ]
          },
          {
            "level": 13,
            "attacks": [
              "Odor Sleuth"
            ]
          },
          {
            "level": 16,
            "attacks": [
              "Roar"
            ]
          },
          {
            "level": 19,
            "attacks": [
              "Swagger"
            ]
          },
          {
            "level": 22,
            "attacks": [
              "Assurance"
            ]
          },
          {
            "level": 25,
            "attacks": [
              "Scary Face"
            ]
          },
          {
            "level": 28,
            "attacks": [
              "Embargo"
            ]
          },
          {
            "level": 31,
            "attacks": [
              "Taunt"
            ]
          },
          {
            "level": 34,
            "attacks": [
              "Crunch"
            ]
          },
          {
            "level": 37,
            "attacks": [
              "Yawn"
            ]
          },
          {
            "level": 40,
            "attacks": [
              "Take Down"
            ]
          },
          {
            "level": 43,
            "attacks": [
              "Sucker Punch"
            ]
          },
          {
            "level": 46,
            "attacks": [
              "Play Rough"
            ]
          }
        ],
        "tutorMoves": [
          "Covet",
          "Foul Play",
          "Hyper Voice",
          "Iron Tail",
          "Snatch",
          "Snore",
          "Spite",
          "Super Fang",
          "Uproar"
        ],
        "eggMoves": [
          "Astonish",
          "Covet",
          "Fire Fang",
          "Ice Fang",
          "Leer",
          "Me First",
          "Play Rough",
          "Poison Fang",
          "Sleep Talk",
          "Snatch",
          "Sucker Punch",
          "Thunder Fang",
          "Yawn"
        ],
        "tmMoves8": [],
        "trMoves": [],
        "hmMoves": [],
        "transferMoves": [
          "Body Slam",
          "Captivate",
          "Counter",
          "Dig",
          "Double-Edge",
          "Endure",
          "Headbutt",
          "Heal Bell",
          "Incinerate",
          "Mimic",
          "Mud-Slap",
          "Natural Gift",
          "Psych Up",
          "Retaliate",
          "Rock Smash",
          "Secret Power"
        ],
        "tmMoves7": [
          "Roar",
          "Toxic",
          "Hidden Power",
          "Sunny Day",
          "Taunt",
          "Protect",
          "Rain Dance",
          "Frustration",
          "Return",
          "Shadow Ball",
          "Double Team",
          "Torment",
          "Facade",
          "Rest",
          "Attract",
          "Thief",
          "Round",
          "Embargo",
          "Payback",
          "Swagger",
          "Sleep Talk",
          "Substitute",
          "Snarl",
          "Dark Pulse",
          "Confide"
        ],
        "tmMoves6": [
          "Roar",
          "Toxic",
          "Hidden Power",
          "Sunny Day",
          "Taunt",
          "Protect",
          "Rain Dance",
          "Frustration",
          "Return",
          "Dig",
          "Shadow Ball",
          "Double Team",
          "Torment",
          "Facade",
          "Rest",
          "Attract",
          "Thief",
          "Round",
          "Incinerate",
          "Embargo",
          "Payback",
          "Retaliate",
          "Swagger",
          "Sleep Talk",
          "Substitute",
          "Secret Power",
          "Snarl",
          "Dark Pulse",
          "Confide"
        ],
        "tmMoves5": [
          "Roar",
          "Toxic",
          "Hidden Power",
          "Sunny Day",
          "Taunt",
          "Protect",
          "Rain Dance",
          "Frustration",
          "Return",
          "Dig",
          "Shadow Ball",
          "Double Team",
          "Torment",
          "Facade",
          "Rest",
          "Attract",
          "Thief",
          "Round",
          "Incinerate",
          "Embargo",
          "Payback",
          "Retaliate",
          "Swagger",
          "Substitute",
          "Rock Smash",
          "Snarl"
        ],
        "tmMoves4": [
          "Roar",
          "Toxic",
          "Hidden Power",
          "Sunny Day",
          "Taunt",
          "Protect",
          "Rain Dance",
          "Frustration",
          "Iron Tail",
          "Return",
          "Dig",
          "Shadow Ball",
          "Double Team",
          "Torment",
          "Facade",
          "Secret Power",
          "Rest",
          "Attract",
          "Thief",
          "Snatch",
          "Endure",
          "Embargo",
          "Payback",
          "Captivate",
          "Dark Pulse",
          "Sleep Talk",
          "Natural Gift",
          "Swagger",
          "Substitute"
        ],
        "tmMoves3": [
          "Roar",
          "Toxic",
          "Hidden Power",
          "Sunny Day",
          "Taunt",
          "Protect",
          "Rain Dance",
          "Frustration",
          "Iron Tail",
          "Return",
          "Dig",
          "Shadow Ball",
          "Double Team",
          "Torment",
          "Facade",
          "Secret Power",
          "Rest",
          "Attract",
          "Thief",
          "Snatch"
        ],
        "tmMoves2": [],
        "tmMoves1": [],
        "tmMoves": []
      },
      "abilities": {
        "abilities": [
          "RunAway",
          "QuickFeet"
        ],
        "hiddenAbilities": [
          "Rattled"
        ]
      },
      "movement": {
        "rideable": false,
        "canFly": false,
        "canSurf": false,
        "canRideShoulder": false
      },
      "aggression": {
        "timid": 80,
        "passive": 0,
        "aggressive": 20
      },
      "battleStats": {
        "hp": 35,
        "attack": 55,
        "defense": 35,
        "specialAttack": 30,
        "specialDefense": 30,
        "speed": 35
      },
      "tags": [],
      "spawn": {
        "baseExp": 55,
        "baseFriendship": 70,
        "spawnLevel": 5,
        "spawnLevelRange": 12,
        "spawnLocations": [
          "LAND"
        ]
      },
      "possibleGenders": [
        "MALE",
        "FEMALE"
      ],
      "genderProperties": [
        {
          "gender": "ALL",
          "palettes": [
            {
              "name": "none",
              "texture": "pixelmon:pokemon/261_poochyena/all/base/none/texture.png",
              "sprite": "pixelmon:pokemon/261_poochyena/all/base/none/sprite.png",
              "particle": "",
              "modelLocator": {
                "factoryType": "NORMAL",
                "pqc": [
                  "pixelmon:pokemon/261_poochyena/all/base/none/model.pqc"
                ]
              },
              "sounds": []
            },
            {
              "name": "shiny",
              "texture": "pixelmon:pokemon/261_poochyena/all/base/shiny/texture.png",
              "sprite": "pixelmon:pokemon/261_poochyena/all/base/shiny/sprite.png",
              "particle": "arcanery:shiny"
            },
			{
              "name": "akuma",
              "texture": "pixelmon:pokemon/261_poochyena/all/base/custom-akuma/texture.png",
              "sprite": "pixelmon:pokemon/261_poochyena/all/base/custom-akuma/sprite.png",
              "particle": ""
            },
			{
              "name": "moon",
              "texture": "pixelmon:pokemon/261_poochyena/all/base/custom-moon/texture.png",
              "sprite": "pixelmon:pokemon/261_poochyena/all/base/custom-moon/sprite.png",
              "particle": ""
            },
			{
              "name": "shadow",
              "texture": "pixelmon:pokemon/261_poochyena/all/base/custom-shadow/texture.png",
              "sprite": "pixelmon:pokemon/261_poochyena/all/base/custom-shadow/sprite.png",
              "particle": ""
            }
          ]
        }
      ],
      "eggGroups": [
        "FIELD"
      ],
      "types": [
        "DARK"
      ],
      "preEvolutions": [],
      "defaultBaseForm": "",
      "megaItems": [],
      "megas": [],
      "gigantamax": {
        "canHaveFactor": false,
        "canGigantamax": false
      },
      "eggCycles": 16,
      "weight": 13.6,
      "catchRate": 255,
      "malePercentage": 0,
      "evolutions": [
        {
          "level": 18,
          "to": "Mightyena",
          "conditions": [],
          "evoType": "leveling",
          "moves": [
            "Snarl"
          ]
        }
      ],
      "evYields": {
        "attack": 1
      }
    }
  ],
  "generation": 3
}
