{
  "name": "Mightyena",
  "dex": 262,
  "defaultForms": [
    ""
  ],
  "forms": [
    {
      "name": "",
      "experienceGroup": "MEDIUM_FAST",
      "dimensions": {
        "height": 0.8,
        "width": 1.0,
        "length": 1,
        "eyeHeight": 0.8,
        "hoverHeight": 0.8
      },
      "moves": {
        "levelUpMoves": [
          {
            "level": 0,
            "attacks": [
              "Bite",
              "Crunch",
              "Fire Fang",
              "Howl",
              "Ice Fang",
              "Sand Attack",
              "Snarl",
              "Tackle",
              "Thief",
              "Thunder Fang"
            ]
          },
          {
            "level": 4,
            "attacks": [
              "Howl"
            ]
          },
          {
            "level": 7,
            "attacks": [
              "Sand Attack"
            ]
          },
          {
            "level": 10,
            "attacks": [
              "Bite"
            ]
          },
          {
            "level": 13,
            "attacks": [
              "Odor Sleuth"
            ]
          },
          {
            "level": 16,
            "attacks": [
              "Roar"
            ]
          },
          {
            "level": 20,
            "attacks": [
              "Swagger"
            ]
          },
          {
            "level": 24,
            "attacks": [
              "Assurance"
            ]
          },
          {
            "level": 28,
            "attacks": [
              "Scary Face"
            ]
          },
          {
            "level": 32,
            "attacks": [
              "Embargo"
            ]
          },
          {
            "level": 36,
            "attacks": [
              "Taunt"
            ]
          },
          {
            "level": 40,
            "attacks": [
              "Crunch"
            ]
          },
          {
            "level": 44,
            "attacks": [
              "Yawn"
            ]
          },
          {
            "level": 48,
            "attacks": [
              "Take Down"
            ]
          },
          {
            "level": 52,
            "attacks": [
              "Sucker Punch"
            ]
          },
          {
            "level": 56,
            "attacks": [
              "Play Rough"
            ]
          }
        ],
        "tutorMoves": [
          "Covet",
          "Foul Play",
          "Hyper Voice",
          "Iron Tail",
          "Laser Focus",
          "Snatch",
          "Snore",
          "Spite",
          "Super Fang",
          "Throat Chop",
          "Uproar"
        ],
        "eggMoves": [
          "Astonish",
          "Covet",
          "Fire Fang",
          "Ice Fang",
          "Leer",
          "Me First",
          "Play Rough",
          "Poison Fang",
          "Sleep Talk",
          "Snatch",
          "Sucker Punch",
          "Thunder Fang",
          "Yawn"
        ],
        "tmMoves8": [],
        "trMoves": [],
        "hmMoves": [],
        "transferMoves": [
          "Body Slam",
          "Captivate",
          "Counter",
          "Dig",
          "Double-Edge",
          "Endure",
          "Headbutt",
          "Heal Bell",
          "Incinerate",
          "Mimic",
          "Mud-Slap",
          "Natural Gift",
          "Psych Up",
          "Retaliate",
          "Rock Smash",
          "Secret Power",
          "Strength"
        ],
        "tmMoves7": [
          "Roar",
          "Toxic",
          "Hidden Power",
          "Sunny Day",
          "Taunt",
          "Hyper Beam",
          "Protect",
          "Rain Dance",
          "Frustration",
          "Return",
          "Shadow Ball",
          "Double Team",
          "Torment",
          "Facade",
          "Rest",
          "Attract",
          "Thief",
          "Round",
          "Embargo",
          "Payback",
          "Giga Impact",
          "Swagger",
          "Sleep Talk",
          "Substitute",
          "Snarl",
          "Dark Pulse",
          "Confide"
        ],
        "tmMoves6": [
          "Roar",
          "Toxic",
          "Hidden Power",
          "Sunny Day",
          "Taunt",
          "Hyper Beam",
          "Protect",
          "Rain Dance",
          "Frustration",
          "Return",
          "Dig",
          "Shadow Ball",
          "Double Team",
          "Torment",
          "Facade",
          "Rest",
          "Attract",
          "Thief",
          "Round",
          "Incinerate",
          "Embargo",
          "Payback",
          "Retaliate",
          "Giga Impact",
          "Swagger",
          "Sleep Talk",
          "Substitute",
          "Secret Power",
          "Snarl",
          "Dark Pulse",
          "Confide"
        ],
        "tmMoves5": [
          "Roar",
          "Toxic",
          "Hidden Power",
          "Sunny Day",
          "Taunt",
          "Hyper Beam",
          "Protect",
          "Rain Dance",
          "Frustration",
          "Return",
          "Dig",
          "Shadow Ball",
          "Double Team",
          "Torment",
          "Facade",
          "Rest",
          "Attract",
          "Thief",
          "Round",
          "Incinerate",
          "Embargo",
          "Payback",
          "Retaliate",
          "Giga Impact",
          "Swagger",
          "Substitute",
          "Rock Smash",
          "Snarl"
        ],
        "tmMoves4": [
          "Roar",
          "Toxic",
          "Hidden Power",
          "Sunny Day",
          "Taunt",
          "Hyper Beam",
          "Protect",
          "Rain Dance",
          "Frustration",
          "Iron Tail",
          "Return",
          "Dig",
          "Shadow Ball",
          "Double Team",
          "Torment",
          "Facade",
          "Secret Power",
          "Rest",
          "Attract",
          "Thief",
          "Snatch",
          "Endure",
          "Embargo",
          "Payback",
          "Giga Impact",
          "Captivate",
          "Dark Pulse",
          "Sleep Talk",
          "Natural Gift",
          "Swagger",
          "Substitute"
        ],
        "tmMoves3": [
          "Roar",
          "Toxic",
          "Hidden Power",
          "Sunny Day",
          "Taunt",
          "Hyper Beam",
          "Protect",
          "Rain Dance",
          "Frustration",
          "Iron Tail",
          "Return",
          "Dig",
          "Shadow Ball",
          "Double Team",
          "Torment",
          "Facade",
          "Secret Power",
          "Rest",
          "Attract",
          "Thief",
          "Snatch"
        ],
        "tmMoves2": [],
        "tmMoves1": [],
        "tmMoves": []
      },
      "abilities": {
        "abilities": [
          "Intimidate",
          "QuickFeet"
        ],
        "hiddenAbilities": [
          "Moxie"
        ]
      },
      "movement": {
        "rideable": false,
        "canFly": false,
        "canSurf": false,
        "canRideShoulder": false
      },
      "aggression": {
        "timid": 80,
        "passive": 0,
        "aggressive": 20
      },
      "battleStats": {
        "hp": 70,
        "attack": 90,
        "defense": 70,
        "specialAttack": 60,
        "specialDefense": 60,
        "speed": 70
      },
      "tags": [],
      "spawn": {
        "baseExp": 128,
        "baseFriendship": 70,
        "spawnLevel": 18,
        "spawnLevelRange": 47,
        "spawnLocations": [
          "LAND"
        ]
      },
      "possibleGenders": [
        "MALE",
        "FEMALE"
      ],
      "genderProperties": [
        {
          "gender": "ALL",
          "palettes": [
            {
              "name": "none",
              "texture": "pixelmon:pokemon/262_mightyena/all/base/none/texture.png",
              "sprite": "pixelmon:pokemon/262_mightyena/all/base/none/sprite.png",
              "particle": "",
              "modelLocator": {
                "factoryType": "NORMAL",
                "pqc": [
                  "pixelmon:pokemon/262_mightyena/all/base/none/model.pqc"
                ],
                "yRotation": 18.9
              },
              "sounds": []
            },
            {
              "name": "shiny",
              "texture": "pixelmon:pokemon/262_mightyena/all/base/shiny/texture.png",
              "sprite": "pixelmon:pokemon/262_mightyena/all/base/shiny/sprite.png",
              "particle": "arcanery:shiny"
            },
			{
              "name": "akuma",
              "texture": "pixelmon:pokemon/262_mightyena/all/base/custom-akuma/texture.png",
              "sprite": "pixelmon:pokemon/262_mightyena/all/base/custom-akuma/sprite.png",
              "particle": ""
            },
			{
              "name": "arctic",
              "texture": "pixelmon:pokemon/262_mightyena/all/base/custom-arctic/texture.png",
              "sprite": "pixelmon:pokemon/262_mightyena/all/base/custom-arctic/sprite.png",
              "particle": ""
            },
			{
              "name": "forest",
              "texture": "pixelmon:pokemon/262_mightyena/all/base/custom-forest/texture.png",
              "sprite": "pixelmon:pokemon/262_mightyena/all/base/custom-forest/sprite.png",
              "particle": ""
            },
			{
              "name": "moon",
              "texture": "pixelmon:pokemon/262_mightyena/all/base/custom-moon/texture.png",
              "sprite": "pixelmon:pokemon/262_mightyena/all/base/custom-moon/sprite.png",
              "particle": ""
            },
			{
              "name": "nightmare 1",
              "texture": "pixelmon:pokemon/262_mightyena/all/base/custom-nightmare1/texture.png",
              "sprite": "pixelmon:pokemon/262_mightyena/all/base/custom-nightmare1/sprite.png",
              "particle": ""
            },
			{
              "name": "nightmare 2",
              "texture": "pixelmon:pokemon/262_mightyena/all/base/custom-nightmare2/texture.png",
              "sprite": "pixelmon:pokemon/262_mightyena/all/base/custom-nightmare2/sprite.png",
              "particle": ""
            },
			{
              "name": "shadow",
              "texture": "pixelmon:pokemon/262_mightyena/all/base/custom-shadow/texture.png",
              "sprite": "pixelmon:pokemon/262_mightyena/all/base/custom-shadow/sprite.png",
              "particle": ""
            },
			{
              "name": "terra",
              "texture": "pixelmon:pokemon/262_mightyena/all/base/custom-terra/texture.png",
              "sprite": "pixelmon:pokemon/262_mightyena/all/base/custom-terra/sprite.png",
              "particle": ""
            }
          ]
        }
      ],
      "eggGroups": [
        "FIELD"
      ],
      "types": [
        "DARK"
      ],
      "preEvolutions": [
        "Poochyena"
      ],
      "defaultBaseForm": "",
      "megaItems": [],
      "megas": [],
      "gigantamax": {
        "canHaveFactor": false,
        "canGigantamax": false
      },
      "eggCycles": 16,
      "weight": 37.0,
      "catchRate": 127,
      "malePercentage": 0,
      "evolutions": [],
      "evYields": {
        "attack": 2
      }
    }
  ],
  "generation": 3
}
