{
  "name": "Silcoon",
  "dex": 266,
  "defaultForms": [
    ""
  ],
  "forms": [
    {
      "name": "",
      "experienceGroup": "MEDIUM_FAST",
      "dimensions": {
        "height": 0.6,
        "width": 0.7,
        "length": 1,
        "eyeHeight": 0.6,
        "hoverHeight": 0.6
      },
      "moves": {
        "levelUpMoves": [
          {
            "level": 0,
            "attacks": [
              "Harden"
            ]
          }
        ],
        "tutorMoves": [
          "Bug Bite",
          "Electroweb",
          "Iron Defense"
        ],
        "eggMoves": [],
        "tmMoves8": [],
        "trMoves": [],
        "hmMoves": [],
        "transferMoves": [],
        "tmMoves7": [],
        "tmMoves6": [],
        "tmMoves5": [],
        "tmMoves4": [],
        "tmMoves3": [],
        "tmMoves2": [],
        "tmMoves1": [],
        "tmMoves": []
      },
      "abilities": {
        "abilities": [
          "ShedSkin"
        ],
        "hiddenAbilities": []
      },
      "movement": {
        "rideable": false,
        "canFly": false,
        "canSurf": false,
        "canRideShoulder": false
      },
      "aggression": {
        "timid": 80,
        "passive": 0,
        "aggressive": 20
      },
      "battleStats": {
        "hp": 50,
        "attack": 35,
        "defense": 55,
        "specialAttack": 25,
        "specialDefense": 25,
        "speed": 15
      },
      "tags": [],
      "spawn": {
        "baseExp": 72,
        "baseFriendship": 70,
        "spawnLevel": 6,
        "spawnLevelRange": 5,
        "spawnLocations": [
          "LAND"
        ]
      },
      "possibleGenders": [
        "MALE",
        "FEMALE"
      ],
      "genderProperties": [
        {
          "gender": "ALL",
          "palettes": [
            {
              "name": "none",
              "texture": "pixelmon:pokemon/266_silcoon/all/base/none/texture.png",
              "sprite": "pixelmon:pokemon/266_silcoon/all/base/none/sprite.png",
              "particle": "",
              "modelLocator": {
                "factoryType": "NORMAL",
                "pqc": [
                  "pixelmon:pokemon/266_silcoon/all/base/none/model.pqc"
                ],
                "yRotation": 24.1
              },
              "sounds": [
                "pixelmon.mob.silcoon",
                "pixelmon.mob.silcoon"
              ]
            },
            {
              "name": "shiny",
              "texture": "pixelmon:pokemon/266_silcoon/all/base/shiny/texture.png",
              "sprite": "pixelmon:pokemon/266_silcoon/all/base/shiny/sprite.png",
              "particle": "arcanery:shiny"
            },
			{
              "name": "alluring",
              "texture": "pixelmon:pokemon/266_silcoon/all/base/custom-alluring/texture.png",
              "sprite": "pixelmon:pokemon/266_silcoon/all/base/custom-alluring/sprite.png",
              "particle": ""
            },
			{
              "name": "glass",
              "texture": "pixelmon:pokemon/266_silcoon/all/base/custom-glass/texture.png",
              "sprite": "pixelmon:pokemon/266_silcoon/all/base/custom-glass/sprite.png",
              "particle": ""
            },
			{
              "name": "halloween",
              "texture": "pixelmon:pokemon/266_silcoon/all/base/custom-halloween/texture.png",
              "sprite": "pixelmon:pokemon/266_silcoon/all/base/custom-halloween/sprite.png",
              "particle": ""
            },
			{
              "name": "valentines",
              "texture": "pixelmon:pokemon/266_silcoon/all/base/custom-val/texture.png",
              "sprite": "pixelmon:pokemon/266_silcoon/all/base/custom-val/sprite.png",
              "particle": ""
            }
          ]
        }
      ],
      "eggGroups": [
        "BUG"
      ],
      "types": [
        "BUG"
      ],
      "preEvolutions": [
        "Wurmple"
      ],
      "defaultBaseForm": "",
      "megaItems": [],
      "megas": [],
      "gigantamax": {
        "canHaveFactor": false,
        "canGigantamax": false
      },
      "eggCycles": 16,
      "weight": 10.0,
      "catchRate": 120,
      "malePercentage": 0,
      "evolutions": [
        {
          "level": 10,
          "to": "Beautifly",
          "conditions": [],
          "evoType": "leveling",
          "moves": [
            "Gust"
          ]
        }
      ],
      "evYields": {
        "defense": 2
      }
    }
  ],
  "generation": 3
}
