{
  "name": "Dustox",
  "dex": 269,
  "defaultForms": [
    ""
  ],
  "forms": [
    {
      "name": "",
      "experienceGroup": "MEDIUM_FAST",
      "dimensions": {
        "height": 1.0,
        "width": 1.0,
        "length": 1,
        "eyeHeight": 1.0,
        "hoverHeight": 1.0
      },
      "moves": {
        "levelUpMoves": [
          {
            "level": 0,
            "attacks": [
              "Gust"
            ]
          },
          {
            "level": 12,
            "attacks": [
              "Confusion"
            ]
          },
          {
            "level": 15,
            "attacks": [
              "Poison Powder"
            ]
          },
          {
            "level": 17,
            "attacks": [
              "Moonlight"
            ]
          },
          {
            "level": 20,
            "attacks": [
              "Venoshock"
            ]
          },
          {
            "level": 22,
            "attacks": [
              "Psybeam"
            ]
          },
          {
            "level": 25,
            "attacks": [
              "Silver Wind"
            ]
          },
          {
            "level": 27,
            "attacks": [
              "Light Screen"
            ]
          },
          {
            "level": 30,
            "attacks": [
              "Whirlwind"
            ]
          },
          {
            "level": 32,
            "attacks": [
              "Toxic"
            ]
          },
          {
            "level": 35,
            "attacks": [
              "Bug Buzz"
            ]
          },
          {
            "level": 37,
            "attacks": [
              "Protect"
            ]
          },
          {
            "level": 40,
            "attacks": [
              "Quiver Dance"
            ]
          }
        ],
        "tutorMoves": [
          "Bug Bite",
          "Defog",
          "Electroweb",
          "Giga Drain",
          "Laser Focus",
          "Signal Beam",
          "Snore",
          "Tailwind"
        ],
        "eggMoves": [],
        "tmMoves8": [],
        "trMoves": [],
        "hmMoves": [],
        "transferMoves": [
          "Air Cutter",
          "Captivate",
          "Double-Edge",
          "Endure",
          "Flash",
          "Mimic",
          "Natural Gift",
          "Ominous Wind",
          "Secret Power",
          "Struggle Bug",
          "Swift",
          "Twister"
        ],
        "tmMoves7": [
          "Toxic",
          "Venoshock",
          "Hidden Power",
          "Sunny Day",
          "Hyper Beam",
          "Light Screen",
          "Protect",
          "Roost",
          "Frustration",
          "Solar Beam",
          "Return",
          "Psychic",
          "Shadow Ball",
          "Double Team",
          "Sludge Bomb",
          "Aerial Ace",
          "Facade",
          "Rest",
          "Attract",
          "Thief",
          "Round",
          "Energy Ball",
          "Acrobatics",
          "Giga Impact",
          "Infestation",
          "Swagger",
          "Sleep Talk",
          "U-turn",
          "Substitute",
          "Confide"
        ],
        "tmMoves6": [
          "Toxic",
          "Venoshock",
          "Hidden Power",
          "Sunny Day",
          "Hyper Beam",
          "Light Screen",
          "Protect",
          "Roost",
          "Frustration",
          "Solar Beam",
          "Return",
          "Psychic",
          "Shadow Ball",
          "Double Team",
          "Sludge Bomb",
          "Aerial Ace",
          "Facade",
          "Rest",
          "Attract",
          "Thief",
          "Round",
          "Energy Ball",
          "Acrobatics",
          "Giga Impact",
          "Flash",
          "Struggle Bug",
          "Infestation",
          "Swagger",
          "Sleep Talk",
          "U-turn",
          "Substitute",
          "Secret Power",
          "Confide"
        ],
        "tmMoves5": [
          "Toxic",
          "Venoshock",
          "Hidden Power",
          "Sunny Day",
          "Hyper Beam",
          "Light Screen",
          "Protect",
          "Frustration",
          "Solar Beam",
          "Return",
          "Psychic",
          "Shadow Ball",
          "Double Team",
          "Sludge Bomb",
          "Aerial Ace",
          "Facade",
          "Rest",
          "Attract",
          "Thief",
          "Round",
          "Energy Ball",
          "Acrobatics",
          "Giga Impact",
          "Flash",
          "Struggle Bug",
          "Swagger",
          "U-turn",
          "Substitute"
        ],
        "tmMoves4": [
          "Toxic",
          "Hidden Power",
          "Sunny Day",
          "Hyper Beam",
          "Light Screen",
          "Protect",
          "Giga Drain",
          "Frustration",
          "Solar Beam",
          "Return",
          "Psychic",
          "Shadow Ball",
          "Double Team",
          "Sludge Bomb",
          "Aerial Ace",
          "Facade",
          "Secret Power",
          "Rest",
          "Attract",
          "Thief",
          "Roost",
          "Energy Ball",
          "Endure",
          "Silver Wind",
          "Giga Impact",
          "Flash",
          "Captivate",
          "Sleep Talk",
          "Natural Gift",
          "Swagger",
          "U-turn",
          "Substitute"
        ],
        "tmMoves3": [
          "Toxic",
          "Hidden Power",
          "Sunny Day",
          "Hyper Beam",
          "Light Screen",
          "Protect",
          "Giga Drain",
          "Frustration",
          "Solar Beam",
          "Return",
          "Psychic",
          "Shadow Ball",
          "Double Team",
          "Sludge Bomb",
          "Aerial Ace",
          "Facade",
          "Secret Power",
          "Rest",
          "Attract",
          "Thief"
        ],
        "tmMoves2": [],
        "tmMoves1": [],
        "tmMoves": []
      },
      "abilities": {
        "abilities": [
          "ShieldDust"
        ],
        "hiddenAbilities": [
          "CompoundEyes"
        ]
      },
      "movement": {
        "rideable": false,
        "canFly": true,
        "canSurf": false,
        "canRideShoulder": false,
        "flyingParameters": {
          "flyHeightMin": 5,
          "flyHeightMax": 15,
          "flySpeedModifier": 1.0,
          "flyRefreshRateY": 100,
          "flyRefreshRateXZ": 100,
          "flyRefreshRateSpeed": 100,
          "flightTimeMin": 0,
          "flightTimeMax": 20,
          "flapRate": 5,
          "landingMaterials": "LEAVES_AND_GRASS"
        }
      },
      "aggression": {
        "timid": 80,
        "passive": 0,
        "aggressive": 20
      },
      "battleStats": {
        "hp": 60,
        "attack": 50,
        "defense": 70,
        "specialAttack": 50,
        "specialDefense": 90,
        "speed": 65
      },
      "tags": [],
      "spawn": {
        "baseExp": 161,
        "baseFriendship": 70,
        "spawnLevel": 10,
        "spawnLevelRange": 20,
        "spawnLocations": [
          "AIR_PERSISTENT"
        ]
      },
      "possibleGenders": [
        "MALE",
        "FEMALE"
      ],
      "genderProperties": [
        {
          "gender": "ALL",
          "palettes": [
            {
              "name": "none",
              "texture": "pixelmon:pokemon/269_dustox/all/base/none/texture.png",
              "sprite": "pixelmon:pokemon/269_dustox/all/base/none/sprite.png",
              "particle": "",
              "modelLocator": {
                "factoryType": "NORMAL",
                "pqc": [
                  "pixelmon:pokemon/269_dustox/all/base/none/model.pqc"
                ],
                "yRotation": 27.2
              },
              "sounds": [
                "pixelmon.mob.dustox"
              ]
            },
            {
              "name": "shiny",
              "texture": "pixelmon:pokemon/269_dustox/all/base/shiny/texture.png",
              "sprite": "pixelmon:pokemon/269_dustox/all/base/shiny/sprite.png",
              "particle": "arcanery:shiny"
            },
            {
              "name": "rainbow",
              "texture": "pixelmon:pokemon/269_dustox/all/base/rainbow/texture.png",
              "sprite": "pixelmon:pokemon/269_dustox/all/base/rainbow/sprite.png",
              "particle": ""
            },
            {
              "name": "ashen",
              "texture": "pixelmon:pokemon/269_dustox/all/base/ashen/texture.png",
              "sprite": "pixelmon:pokemon/269_dustox/all/base/ashen/sprite.png",
              "particle": ""
            },
			{
              "name": "alluring",
              "texture": "pixelmon:pokemon/269_dustox/all/base/custom-alluring/texture.png",
              "sprite": "pixelmon:pokemon/269_dustox/all/base/custom-alluring/sprite.png",
              "particle": ""
            },
			{
              "name": "glass",
              "texture": "pixelmon:pokemon/269_dustox/all/base/custom-glass/texture.png",
              "sprite": "pixelmon:pokemon/269_dustox/all/base/custom-glass/sprite.png",
              "particle": ""
            },
			{
              "name": "halloween",
              "texture": "pixelmon:pokemon/269_dustox/all/base/custom-halloween/texture.png",
              "sprite": "pixelmon:pokemon/269_dustox/all/base/custom-halloween/sprite.png",
              "particle": ""
            },
			{
              "name": "valentines 1",
              "texture": "pixelmon:pokemon/269_dustox/all/base/custom-val1/texture.png",
              "sprite": "pixelmon:pokemon/269_dustox/all/base/custom-val1/sprite.png",
              "particle": ""
            },
			{
              "name": "valentines 2",
              "texture": "pixelmon:pokemon/269_dustox/all/base/custom-val2/texture.png",
              "sprite": "pixelmon:pokemon/269_dustox/all/base/custom-val2/sprite.png",
              "particle": ""
            }
          ]
        }
      ],
      "eggGroups": [
        "BUG"
      ],
      "types": [
        "BUG",
        "POISON"
      ],
      "preEvolutions": [
        "Wurmple",
        "Cascoon"
      ],
      "defaultBaseForm": "",
      "megaItems": [],
      "megas": [],
      "gigantamax": {
        "canHaveFactor": false,
        "canGigantamax": false
      },
      "eggCycles": 16,
      "weight": 31.6,
      "catchRate": 45,
      "malePercentage": 0,
      "evolutions": [],
      "evYields": {
        "specialDefense": 3
      }
    }
  ],
  "generation": 3
}
