{
  "name": "Ludicolo",
  "dex": 272,
  "defaultForms": [
    ""
  ],
  "forms": [
    {
      "name": "",
      "experienceGroup": "MEDIUM_SLOW",
      "dimensions": {
        "height": 1.5,
        "width": 1.2,
        "length": 1,
        "eyeHeight": 1.5,
        "hoverHeight": 1.5
      },
      "moves": {
        "levelUpMoves": [
          {
            "level": 0,
            "attacks": [
              "Absorb",
              "Astonish",
              "Bubble Beam",
              "Energy Ball",
              "Fake Out",
              "Flail",
              "Fury Swipes",
              "Giga Drain",
              "Growl",
              "Hydro Pump",
              "Knock Off",
              "Mega Drain",
              "Mist",
              "Nature Power",
              "Rain Dance",
              "Teeter Dance",
              "Water Gun",
              "Zen Headbutt"
            ]
          }
        ],
        "tutorMoves": [
          "Grassy Glide"
        ],
        "eggMoves": [
          "Counter",
          "Leech Seed",
          "Razor Leaf",
          "Sweet Scent",
          "Synthesis",
          "Teeter Dance",
          "Tickle"
        ],
        "tmMoves8": [
          "Mega Punch",
          "Mega Kick",
          "Fire Punch",
          "Ice Punch",
          "Thunder Punch",
          "Hyper Beam",
          "Giga Impact",
          "Solar Beam",
          "Rest",
          "Thief",
          "Snore",
          "Protect",
          "Icy Wind",
          "Giga Drain",
          "Attract",
          "Rain Dance",
          "Sunny Day",
          "Hail",
          "Whirlpool",
          "Facade",
          "Brick Break",
          "Dive",
          "Weather Ball",
          "Bullet Seed",
          "Mud Shot",
          "Fling",
          "Drain Punch",
          "Round"
        ],
        "trMoves": [
          "Swords Dance",
          "Body Slam",
          "Hydro Pump",
          "Surf",
          "Ice Beam",
          "Blizzard",
          "Metronome",
          "Waterfall",
          "Amnesia",
          "Substitute",
          "Endure",
          "Sleep Talk",
          "Encore",
          "Uproar",
          "Hyper Voice",
          "Muddy Water",
          "Seed Bomb",
          "Focus Blast",
          "Energy Ball",
          "Zen Headbutt",
          "Leaf Storm",
          "Grass Knot",
          "Scald"
        ],
        "hmMoves": [],
        "transferMoves": [
          "Bubble",
          "Captivate",
          "Confide",
          "Double Team",
          "Double-Edge",
          "Dynamic Punch",
          "Echoed Voice",
          "Flash",
          "Focus Punch",
          "Frustration",
          "Headbutt",
          "Hidden Power",
          "Hone Claws",
          "Mimic",
          "Mud-Slap",
          "Natural Gift",
          "Power-Up Punch",
          "Return",
          "Rock Smash",
          "Secret Power",
          "Seismic Toss",
          "Strength",
          "Swagger",
          "Toxic",
          "Water Pulse",
          "Water Sport"
        ],
        "tmMoves7": [
          "Toxic",
          "Hail",
          "Hidden Power",
          "Sunny Day",
          "Ice Beam",
          "Blizzard",
          "Hyper Beam",
          "Protect",
          "Rain Dance",
          "Frustration",
          "Solar Beam",
          "Return",
          "Brick Break",
          "Double Team",
          "Facade",
          "Rest",
          "Attract",
          "Thief",
          "Round",
          "Echoed Voice",
          "Focus Blast",
          "Energy Ball",
          "Scald",
          "Fling",
          "Giga Impact",
          "Swords Dance",
          "Grass Knot",
          "Swagger",
          "Sleep Talk",
          "Substitute",
          "Surf",
          "Nature Power",
          "Waterfall",
          "Confide"
        ],
        "tmMoves6": [
          "Hone Claws",
          "Toxic",
          "Hail",
          "Hidden Power",
          "Sunny Day",
          "Ice Beam",
          "Blizzard",
          "Hyper Beam",
          "Protect",
          "Rain Dance",
          "Frustration",
          "Solar Beam",
          "Return",
          "Brick Break",
          "Double Team",
          "Facade",
          "Rest",
          "Attract",
          "Thief",
          "Round",
          "Echoed Voice",
          "Focus Blast",
          "Energy Ball",
          "Scald",
          "Fling",
          "Giga Impact",
          "Flash",
          "Swords Dance",
          "Grass Knot",
          "Swagger",
          "Sleep Talk",
          "Substitute",
          "Secret Power",
          "Nature Power",
          "Power-Up Punch",
          "Confide"
        ],
        "tmMoves5": [
          "Hone Claws",
          "Toxic",
          "Hail",
          "Hidden Power",
          "Sunny Day",
          "Ice Beam",
          "Blizzard",
          "Hyper Beam",
          "Protect",
          "Rain Dance",
          "Frustration",
          "Solar Beam",
          "Return",
          "Brick Break",
          "Double Team",
          "Facade",
          "Rest",
          "Attract",
          "Thief",
          "Round",
          "Echoed Voice",
          "Focus Blast",
          "Energy Ball",
          "Scald",
          "Fling",
          "Giga Impact",
          "Flash",
          "Swords Dance",
          "Grass Knot",
          "Swagger",
          "Substitute",
          "Rock Smash"
        ],
        "tmMoves4": [
          "Focus Punch",
          "Water Pulse",
          "Toxic",
          "Hail",
          "Bullet Seed",
          "Hidden Power",
          "Sunny Day",
          "Ice Beam",
          "Blizzard",
          "Hyper Beam",
          "Protect",
          "Rain Dance",
          "Giga Drain",
          "Frustration",
          "Solar Beam",
          "Return",
          "Brick Break",
          "Double Team",
          "Facade",
          "Secret Power",
          "Rest",
          "Attract",
          "Thief",
          "Focus Blast",
          "Energy Ball",
          "Fling",
          "Endure",
          "Drain Punch",
          "Giga Impact",
          "Flash",
          "Swords Dance",
          "Captivate",
          "Sleep Talk",
          "Natural Gift",
          "Grass Knot",
          "Swagger",
          "Substitute"
        ],
        "tmMoves3": [
          "Focus Punch",
          "Water Pulse",
          "Toxic",
          "Hail",
          "Bullet Seed",
          "Hidden Power",
          "Sunny Day",
          "Ice Beam",
          "Blizzard",
          "Hyper Beam",
          "Protect",
          "Rain Dance",
          "Giga Drain",
          "Frustration",
          "Solar Beam",
          "Return",
          "Brick Break",
          "Double Team",
          "Facade",
          "Secret Power",
          "Rest",
          "Attract",
          "Thief"
        ],
        "tmMoves2": [],
        "tmMoves1": [],
        "tmMoves": []
      },
      "abilities": {
        "abilities": [
          "SwiftSwim",
          "RainDish"
        ],
        "hiddenAbilities": [
          "OwnTempo"
        ]
      },
      "movement": {
        "rideable": true,
        "canFly": false,
        "canSurf": false,
        "canRideShoulder": false,
        "ridingOffsets": {
          "standing": {
            "x": 0.0,
            "y": -0.3,
            "z": -0.6
          },
          "moving": {
            "x": 0.0,
            "y": -0.3,
            "z": -0.6
          }
        }
      },
      "aggression": {
        "timid": 80,
        "passive": 0,
        "aggressive": 20
      },
      "battleStats": {
        "hp": 80,
        "attack": 70,
        "defense": 70,
        "specialAttack": 90,
        "specialDefense": 100,
        "speed": 70
      },
      "tags": [],
      "spawn": {
        "baseExp": 181,
        "baseFriendship": 70,
        "spawnLevel": 40,
        "spawnLevelRange": 15,
        "spawnLocations": [
          "LAND"
        ]
      },
      "possibleGenders": [
        "MALE",
        "FEMALE"
      ],
      "genderProperties": [
        {
          "gender": "ALL",
          "palettes": [
            {
              "name": "none",
              "texture": "pixelmon:pokemon/272_ludicolo/all/base/none/texture.png",
              "sprite": "pixelmon:pokemon/272_ludicolo/all/base/none/sprite.png",
              "particle": "",
              "modelLocator": {
                "factoryType": "NORMAL",
                "pqc": [
                  "pixelmon:pokemon/272_ludicolo/all/base/none/model.pqc"
                ]
              },
              "sounds": [
                "pixelmon.mob.ludicolo"
              ]
            },
            {
              "name": "shiny",
              "texture": "pixelmon:pokemon/272_ludicolo/all/base/shiny/texture.png",
              "sprite": "pixelmon:pokemon/272_ludicolo/all/base/shiny/sprite.png",
              "particle": "arcanery:shiny"
            },
			{
              "name": "christmas",
              "texture": "pixelmon:pokemon/272_ludicolo/all/base/custom-christmas/texture.png",
              "sprite": "pixelmon:pokemon/272_ludicolo/all/base/custom-christmas/sprite.png",
              "particle": ""
            },
			{
              "name": "easter",
              "texture": "pixelmon:pokemon/272_ludicolo/all/base/custom-easter/texture.png",
              "sprite": "pixelmon:pokemon/272_ludicolo/all/base/custom-easter/sprite.png",
              "particle": ""
            },
			{
              "name": "fall",
              "texture": "pixelmon:pokemon/272_ludicolo/all/base/custom-fall/texture.png",
              "sprite": "pixelmon:pokemon/272_ludicolo/all/base/custom-fall/sprite.png",
              "particle": ""
            },
			{
              "name": "fantasy",
              "texture": "pixelmon:pokemon/272_ludicolo/all/base/custom-fantasy/texture.png",
              "sprite": "pixelmon:pokemon/272_ludicolo/all/base/custom-fantasy/sprite.png",
              "particle": ""
            },
			{
              "name": "patriotic",
              "texture": "pixelmon:pokemon/272_ludicolo/all/base/custom-patriotic/texture.png",
              "sprite": "pixelmon:pokemon/272_ludicolo/all/base/custom-patriotic/sprite.png",
              "particle": ""
            },
			{
              "name": "trick or treat",
              "texture": "pixelmon:pokemon/272_ludicolo/all/base/custom-trickortreat/texture.png",
              "sprite": "pixelmon:pokemon/272_ludicolo/all/base/custom-trickortreat/sprite.png",
              "particle": ""
            }
          ]
        }
      ],
      "eggGroups": [
        "WATER_ONE",
        "GRASS"
      ],
      "types": [
        "WATER",
        "GRASS"
      ],
      "preEvolutions": [
        "Lombre",
        "Lotad"
      ],
      "defaultBaseForm": "",
      "megaItems": [],
      "megas": [],
      "gigantamax": {
        "canHaveFactor": false,
        "canGigantamax": false
      },
      "eggCycles": 16,
      "weight": 55.0,
      "catchRate": 45,
      "malePercentage": 0,
      "evolutions": [],
      "evYields": {
        "specialDefense": 3
      }
    }
  ],
  "generation": 3
}
