{
  "name": "Swellow",
  "dex": 277,
  "defaultForms": [
    ""
  ],
  "forms": [
    {
      "name": "",
      "experienceGroup": "MEDIUM_SLOW",
      "dimensions": {
        "height": 0.75,
        "width": 0.75,
        "length": 1,
        "eyeHeight": 0.75,
        "hoverHeight": 0.75
      },
      "moves": {
        "levelUpMoves": [
          {
            "level": 0,
            "attacks": [
              "Air Slash",
              "Brave Bird",
              "Focus Energy",
              "Growl",
              "Peck",
              "Pluck",
              "Quick Attack"
            ]
          },
          {
            "level": 5,
            "attacks": [
              "Focus Energy"
            ]
          },
          {
            "level": 9,
            "attacks": [
              "Quick Attack"
            ]
          },
          {
            "level": 13,
            "attacks": [
              "Wing Attack"
            ]
          },
          {
            "level": 17,
            "attacks": [
              "Double Team"
            ]
          },
          {
            "level": 21,
            "attacks": [
              "Aerial Ace"
            ]
          },
          {
            "level": 27,
            "attacks": [
              "Quick Guard"
            ]
          },
          {
            "level": 33,
            "attacks": [
              "Agility"
            ]
          },
          {
            "level": 39,
            "attacks": [
              "Air Slash"
            ]
          },
          {
            "level": 45,
            "attacks": [
              "Endeavor"
            ]
          },
          {
            "level": 51,
            "attacks": [
              "Brave Bird"
            ]
          },
          {
            "level": 57,
            "attacks": [
              "Reversal"
            ]
          }
        ],
        "tutorMoves": [
          "Defog",
          "Endeavor",
          "Heat Wave",
          "Laser Focus",
          "Sky Attack",
          "Snore",
          "Tailwind"
        ],
        "eggMoves": [
          "Boomburst",
          "Brave Bird",
          "Defog",
          "Hurricane",
          "Mirror Move",
          "Pursuit",
          "Rage",
          "Refresh",
          "Roost",
          "Sky Attack",
          "Steel Wing",
          "Supersonic",
          "Whirlwind"
        ],
        "tmMoves8": [

        ],
        "trMoves": [

        ],
        "hmMoves": [

        ],
        "transferMoves": [
          "Air Cutter",
          "Baton Pass",
          "Captivate",
          "Counter",
          "Double-Edge",
          "Endure",
          "Feather Dance",
          "Mimic",
          "Mud-Slap",
          "Natural Gift",
          "Ominous Wind",
          "Secret Power",
          "Swift",
          "Twister"
        ],
        "tmMoves7": [
          "Work Up",
          "Toxic",
          "Hidden Power",
          "Sunny Day",
          "Hyper Beam",
          "Protect",
          "Rain Dance",
          "Roost",
          "Frustration",
          "Return",
          "Double Team",
          "Aerial Ace",
          "Facade",
          "Rest",
          "Attract",
          "Thief",
          "Round",
          "Echoed Voice",
          "Steel Wing",
          "Giga Impact",
          "Fly",
          "Swagger",
          "Sleep Talk",
          "U-turn",
          "Substitute",
          "Confide"
        ],
        "tmMoves6": [
          "Toxic",
          "Hidden Power",
          "Sunny Day",
          "Hyper Beam",
          "Protect",
          "Rain Dance",
          "Roost",
          "Frustration",
          "Return",
          "Double Team",
          "Aerial Ace",
          "Facade",
          "Rest",
          "Attract",
          "Thief",
          "Round",
          "Echoed Voice",
          "Steel Wing",
          "Giga Impact",
          "Swagger",
          "Sleep Talk",
          "U-turn",
          "Substitute",
          "Secret Power",
          "Confide"
        ],
        "tmMoves5": [
          "Toxic",
          "Hidden Power",
          "Sunny Day",
          "Hyper Beam",
          "Protect",
          "Rain Dance",
          "Frustration",
          "Return",
          "Double Team",
          "Aerial Ace",
          "Facade",
          "Rest",
          "Attract",
          "Thief",
          "Round",
          "Echoed Voice",
          "Giga Impact",
          "Work Up",
          "Swagger",
          "Pluck",
          "U-turn",
          "Substitute"
        ],
        "tmMoves4": [
          "Toxic",
          "Hidden Power",
          "Sunny Day",
          "Hyper Beam",
          "Protect",
          "Rain Dance",
          "Frustration",
          "Return",
          "Double Team",
          "Aerial Ace",
          "Facade",
          "Secret Power",
          "Rest",
          "Attract",
          "Thief",
          "Steel Wing",
          "Roost",
          "Endure",
          "Giga Impact",
          "Captivate",
          "Sleep Talk",
          "Natural Gift",
          "Swagger",
          "Pluck",
          "U-turn",
          "Substitute"
        ],
        "tmMoves3": [
          "Toxic",
          "Hidden Power",
          "Sunny Day",
          "Hyper Beam",
          "Protect",
          "Rain Dance",
          "Frustration",
          "Return",
          "Double Team",
          "Aerial Ace",
          "Facade",
          "Secret Power",
          "Rest",
          "Attract",
          "Thief",
          "Steel Wing"
        ],
        "tmMoves2": [

        ],
        "tmMoves1": [

        ],
        "tmMoves": [

        ]
      },
      "abilities": {
        "abilities": [
          "Guts"
        ],
        "hiddenAbilities": [
          "Scrappy"
        ]
      },
      "movement": {
        "rideable": true,
        "canFly": true,
        "canSurf": false,
        "canRideShoulder": false,
        "ridingOffsets": {
          "standing": {
            "x": 0.0,
            "y": -0.5,
            "z": -0.6
          },
          "moving": {
            "x": 0.0,
            "y": -0.5,
            "z": -0.6
          }
        },
        "flyingParameters": {
          "flyHeightMin": 5,
          "flyHeightMax": 25,
          "flySpeedModifier": 1.4,
          "flyRefreshRateY": 100,
          "flyRefreshRateXZ": 100,
          "flyRefreshRateSpeed": 100,
          "flightTimeMin": 0,
          "flightTimeMax": 20,
          "flapRate": 5,
          "landingMaterials": "LEAVES_AND_GRASS"
        },
        "mountedFlyingParameters": {
          "type": "pixelmon:default",
          "upper_angle_limit": 20,
          "lower_angle_limit": -20,
          "max_fly_speed": 1,
          "deceleration_rate": 0.07,
          "hover_deceleration_rate": 0.09,
          "acceleration_rate": 0.07,
          "strafe_acceleration_rate": 0.08,
          "strafe_roll_conversion": 30,
          "turn_rate": 0.5,
          "pitch_rate": 0.8,
          "stays_horizontal_flying": true,
          "gravity_drop_per_tick": 0.005,
          "continuous_forward_motion": true,
          "continuous_forward_motion_ticks": 5,
          "flying_stamina_charges": 3,
          "hover_ticks": 100
        }
      },
      "aggression": {
        "timid": 80,
        "passive": 0,
        "aggressive": 20
      },
      "battleStats": {
        "hp": 60,
        "attack": 85,
        "defense": 60,
        "specialAttack": 75,
        "specialDefense": 50,
        "speed": 125
      },
      "tags": [

      ],
      "spawn": {
        "baseExp": 162,
        "baseFriendship": 70,
        "spawnLevel": 25,
        "spawnLevelRange": 10,
        "spawnLocations": [
          "AIR_PERSISTENT"
        ]
      },
      "possibleGenders": [
        "MALE",
        "FEMALE"
      ],
      "genderProperties": [
        {
          "gender": "ALL",
          "palettes": [
            {
              "name": "none",
              "texture": "pixelmon:pokemon/277_swellow/all/base/none/texture.png",
              "sprite": "pixelmon:pokemon/277_swellow/all/base/none/sprite.png",
              "particle": "",
              "modelLocator": {
                "factoryType": "NORMAL",
                "pqc": [
                  "pixelmon:pokemon/277_swellow/all/base/none/model.pqc"
                ],
                "movementThreshold": 0.02
              },
              "flyingModelLocator": {
                "factoryType": "NORMAL",
                "pqc": [
                  "pixelmon:pokemon/277_swellow/all/base/none/flying/model.pqc"
                ],
                "movementThreshold": 0.02
              },
              "sounds": [
                "pixelmon.mob.swellow"
              ]
            },
            {
              "name": "shiny",
              "texture": "pixelmon:pokemon/277_swellow/all/base/shiny/texture.png",
              "sprite": "pixelmon:pokemon/277_swellow/all/base/shiny/sprite.png",
              "particle": "arcanery:shiny"
            },
			{
              "name": "akuma",
              "texture": "pixelmon:pokemon/277_swellow/all/base/custom-akuma/texture.png",
              "sprite": "pixelmon:pokemon/277_swellow/all/base/custom-akuma/sprite.png",
              "particle": ""
            },
			{
              "name": "corrupt",
              "texture": "pixelmon:pokemon/277_swellow/all/base/custom-corrupt/texture.png",
              "sprite": "pixelmon:pokemon/277_swellow/all/base/custom-corrupt/sprite.png",
              "particle": ""
            },
			{
              "name": "halloween 1",
              "texture": "pixelmon:pokemon/277_swellow/all/base/custom-halloween1/texture.png",
              "sprite": "pixelmon:pokemon/277_swellow/all/base/custom-halloween1/sprite.png",
              "particle": ""
            },
			{
              "name": "halloween 2",
              "texture": "pixelmon:pokemon/277_swellow/all/base/custom-halloween2/texture.png",
              "sprite": "pixelmon:pokemon/277_swellow/all/base/custom-halloween2/sprite.png",
              "particle": ""
            },
			{
              "name": "shadow",
              "texture": "pixelmon:pokemon/277_swellow/all/base/custom-shadow/texture.png",
              "sprite": "pixelmon:pokemon/277_swellow/all/base/custom-shadow/sprite.png",
              "particle": ""
            }
          ]
        }
      ],
      "eggGroups": [
        "FLYING"
      ],
      "types": [
        "NORMAL",
        "FLYING"
      ],
      "preEvolutions": [
        "Taillow"
      ],
      "defaultBaseForm": "",
      "megaItems": [

      ],
      "megas": [

      ],
      "gigantamax": {
        "canHaveFactor": false,
        "canGigantamax": false
      },
      "eggCycles": 16,
      "weight": 19.8,
      "catchRate": 45,
      "malePercentage": 0,
      "evolutions": [

      ],
      "evYields": {
        "speed": 2
      }
    }
  ],
  "generation": 3
}
