{
  "name": "Wingull",
  "dex": 278,
  "defaultForms": [
    ""
  ],
  "forms": [
    {
      "name": "",
      "experienceGroup": "MEDIUM_FAST",
      "dimensions": {
        "height": 0.4,
        "width": 0.9,
        "length": 1,
        "eyeHeight": 0.4,
        "hoverHeight": 0.4
      },
      "moves": {
        "levelUpMoves": [
          {
            "level": 0,
            "attacks": [
              "Growl",
              "Water Gun"
            ]
          },
          {
            "level": 5,
            "attacks": [
              "Quick Attack"
            ]
          },
          {
            "level": 10,
            "attacks": [
              "Supersonic"
            ]
          },
          {
            "level": 15,
            "attacks": [
              "Wing Attack"
            ]
          },
          {
            "level": 20,
            "attacks": [
              "Water Pulse"
            ]
          },
          {
            "level": 26,
            "attacks": [
              "Agility"
            ]
          },
          {
            "level": 30,
            "attacks": [
              "Air Slash"
            ]
          },
          {
            "level": 35,
            "attacks": [
              "Mist"
            ]
          },
          {
            "level": 40,
            "attacks": [
              "Roost"
            ]
          },
          {
            "level": 45,
            "attacks": [
              "Hurricane"
            ]
          }
        ],
        "tutorMoves": [
          "Dual Wingbeat"
        ],
        "eggMoves": [
          "Aerial Ace",
          "Air Cutter",
          "Aqua Ring",
          "Gust",
          "Knock Off",
          "Soak",
          "Twister",
          "Wide Guard"
        ],
        "tmMoves8": [
          "Fly",
          "Rest",
          "Thief",
          "Snore",
          "Protect",
          "Icy Wind",
          "Steel Wing",
          "Attract",
          "Rain Dance",
          "Hail",
          "Facade",
          "Swift",
          "Brine",
          "U-turn",
          "Round",
          "Air Slash"
        ],
        "trMoves": [
          "Ice Beam",
          "Blizzard",
          "Agility",
          "Substitute",
          "Endure",
          "Sleep Talk",
          "Uproar",
          "Scald",
          "Hurricane",
          "Liquidation"
        ],
        "hmMoves": [],
        "transferMoves": [
          "Captivate",
          "Confide",
          "Defog",
          "Double Team",
          "Double-Edge",
          "Echoed Voice",
          "Frustration",
          "Hidden Power",
          "Mimic",
          "Mud-Slap",
          "Natural Gift",
          "Ominous Wind",
          "Pluck",
          "Pursuit",
          "Return",
          "Secret Power",
          "Shock Wave",
          "Sky Attack",
          "Swagger",
          "Tailwind",
          "Toxic",
          "Water Sport"
        ],
        "tmMoves7": [
          "Toxic",
          "Hail",
          "Hidden Power",
          "Ice Beam",
          "Blizzard",
          "Protect",
          "Rain Dance",
          "Roost",
          "Frustration",
          "Return",
          "Double Team",
          "Aerial Ace",
          "Facade",
          "Rest",
          "Attract",
          "Thief",
          "Round",
          "Echoed Voice",
          "Steel Wing",
          "Scald",
          "Fly",
          "Swagger",
          "Sleep Talk",
          "U-turn",
          "Substitute",
          "Confide"
        ],
        "tmMoves6": [
          "Toxic",
          "Hail",
          "Hidden Power",
          "Ice Beam",
          "Blizzard",
          "Protect",
          "Rain Dance",
          "Roost",
          "Frustration",
          "Return",
          "Double Team",
          "Aerial Ace",
          "Facade",
          "Rest",
          "Attract",
          "Thief",
          "Round",
          "Echoed Voice",
          "Steel Wing",
          "Scald",
          "Swagger",
          "Sleep Talk",
          "U-turn",
          "Substitute",
          "Secret Power",
          "Confide"
        ],
        "tmMoves5": [
          "Toxic",
          "Hail",
          "Hidden Power",
          "Ice Beam",
          "Blizzard",
          "Protect",
          "Rain Dance",
          "Frustration",
          "Return",
          "Double Team",
          "Aerial Ace",
          "Facade",
          "Rest",
          "Attract",
          "Thief",
          "Round",
          "Echoed Voice",
          "Scald",
          "Swagger",
          "Pluck",
          "U-turn",
          "Substitute"
        ],
        "tmMoves4": [
          "Water Pulse",
          "Toxic",
          "Hail",
          "Hidden Power",
          "Ice Beam",
          "Blizzard",
          "Protect",
          "Rain Dance",
          "Frustration",
          "Return",
          "Double Team",
          "Shock Wave",
          "Aerial Ace",
          "Facade",
          "Secret Power",
          "Rest",
          "Attract",
          "Thief",
          "Steel Wing",
          "Roost",
          "Brine",
          "Endure",
          "Captivate",
          "Sleep Talk",
          "Natural Gift",
          "Swagger",
          "Pluck",
          "U-turn",
          "Substitute"
        ],
        "tmMoves3": [
          "Water Pulse",
          "Toxic",
          "Hail",
          "Hidden Power",
          "Ice Beam",
          "Blizzard",
          "Protect",
          "Rain Dance",
          "Frustration",
          "Return",
          "Double Team",
          "Shock Wave",
          "Aerial Ace",
          "Facade",
          "Secret Power",
          "Rest",
          "Attract",
          "Thief",
          "Steel Wing"
        ],
        "tmMoves2": [],
        "tmMoves1": [],
        "tmMoves": []
      },
      "abilities": {
        "abilities": [
          "KeenEye",
          "Hydration"
        ],
        "hiddenAbilities": [
          "RainDish"
        ]
      },
      "movement": {
        "rideable": false,
        "canFly": true,
        "canSurf": false,
        "canRideShoulder": false,
        "flyingParameters": {
          "flyHeightMin": 0,
          "flyHeightMax": 10,
          "flySpeedModifier": 1.0,
          "flyRefreshRateY": 80,
          "flyRefreshRateXZ": 100,
          "flyRefreshRateSpeed": 100,
          "flightTimeMin": 0,
          "flightTimeMax": 20,
          "flapRate": 5,
          "landingMaterials": "LEAVES_AND_GRASS"
        }
      },
      "aggression": {
        "timid": 80,
        "passive": 0,
        "aggressive": 20
      },
      "battleStats": {
        "hp": 40,
        "attack": 30,
        "defense": 30,
        "specialAttack": 55,
        "specialDefense": 30,
        "speed": 85
      },
      "tags": [],
      "spawn": {
        "baseExp": 64,
        "baseFriendship": 70,
        "spawnLevel": 2,
        "spawnLevelRange": 22,
        "spawnLocations": [
          "AIR_PERSISTENT"
        ]
      },
      "possibleGenders": [
        "MALE",
        "FEMALE"
      ],
      "genderProperties": [
        {
          "gender": "ALL",
          "palettes": [
            {
              "name": "none",
              "texture": "pixelmon:pokemon/278_wingull/all/base/none/texture.png",
              "sprite": "pixelmon:pokemon/278_wingull/all/base/none/sprite.png",
              "particle": "",
              "modelLocator": {
                "factoryType": "NORMAL",
                "pqc": [
                  "pixelmon:pokemon/278_wingull/all/base/none/model.pqc"
                ]
              },
              "sounds": [
                "pixelmon.mob.wingull"
              ]
            },
            {
              "name": "shiny",
              "texture": "pixelmon:pokemon/278_wingull/all/base/shiny/texture.png",
              "sprite": "pixelmon:pokemon/278_wingull/all/base/shiny/sprite.png",
              "particle": "arcanery:shiny"
            },
			{
              "name": "purified 1",
              "texture": "pixelmon:pokemon/278_wingull/all/base/custom-purified1/texture.png",
              "sprite": "pixelmon:pokemon/278_wingull/all/base/custom-purified1/sprite.png",
              "particle": ""
            },
			{
              "name": "purified 2",
              "texture": "pixelmon:pokemon/278_wingull/all/base/custom-purified2/texture.png",
              "sprite": "pixelmon:pokemon/278_wingull/all/base/custom-purified2/sprite.png",
              "particle": ""
            }
          ]
        }
      ],
      "eggGroups": [
        "WATER_ONE",
        "FLYING"
      ],
      "types": [
        "WATER",
        "FLYING"
      ],
      "preEvolutions": [],
      "defaultBaseForm": "",
      "megaItems": [],
      "megas": [],
      "gigantamax": {
        "canHaveFactor": false,
        "canGigantamax": false
      },
      "eggCycles": 21,
      "weight": 9.5,
      "catchRate": 190,
      "malePercentage": 0,
      "evolutions": [
        {
          "level": 25,
          "to": "Pelipper",
          "conditions": [],
          "evoType": "leveling"
        }
      ],
      "evYields": {
        "speed": 1
      }
    }
  ],
  "generation": 3
}
