{
  "name": "Pelipper",
  "dex": 279,
  "defaultForms": [
    ""
  ],
  "forms": [
    {
      "name": "",
      "experienceGroup": "MEDIUM_FAST",
      "dimensions": {
        "height": 0.8,
        "width": 1.0,
        "length": 1,
        "eyeHeight": 0.8,
        "hoverHeight": 0.8
      },
      "moves": {
        "levelUpMoves": [
          {
            "level": 0,
            "attacks": [
              "Agility",
              "Air Slash",
              "Growl",
              "Protect",
              "Quick Attack",
              "Soak",
              "Supersonic",
              "Tailwind",
              "Water Gun"
            ]
          },
          {
            "level": 15,
            "attacks": [
              "Wing Attack"
            ]
          },
          {
            "level": 20,
            "attacks": [
              "Water Pulse"
            ]
          },
          {
            "level": 28,
            "attacks": [
              "Spit Up",
              "Stockpile",
              "Swallow"
            ]
          },
          {
            "level": 34,
            "attacks": [
              "Fling"
            ]
          },
          {
            "level": 41,
            "attacks": [
              "Mist"
            ]
          },
          {
            "level": 48,
            "attacks": [
              "Roost"
            ]
          },
          {
            "level": 55,
            "attacks": [
              "Hurricane"
            ]
          },
          {
            "level": 62,
            "attacks": [
              "Hydro Pump"
            ]
          }
        ],
        "tutorMoves": [
          "Dual Wingbeat"
        ],
        "eggMoves": [
          "Aerial Ace",
          "Air Cutter",
          "Aqua Ring",
          "Gust",
          "Knock Off",
          "Soak",
          "Twister",
          "Wide Guard"
        ],
        "tmMoves8": [
          "Fly",
          "Hyper Beam",
          "Giga Impact",
          "Rest",
          "Thief",
          "Snore",
          "Protect",
          "Icy Wind",
          "Steel Wing",
          "Attract",
          "Rain Dance",
          "Hail",
          "Whirlpool",
          "Facade",
          "Swift",
          "Weather Ball",
          "Brine",
          "U-turn",
          "Payback",
          "Fling",
          "Round",
          "Air Slash"
        ],
        "trMoves": [
          "Hydro Pump",
          "Surf",
          "Ice Beam",
          "Blizzard",
          "Agility",
          "Substitute",
          "Endure",
          "Sleep Talk",
          "Uproar",
          "Seed Bomb",
          "Brave Bird",
          "Gunk Shot",
          "Scald",
          "Hurricane",
          "Liquidation"
        ],
        "hmMoves": [

        ],
        "transferMoves": [
          "Captivate",
          "Confide",
          "Defog",
          "Double Team",
          "Double-Edge",
          "Echoed Voice",
          "Frustration",
          "Hidden Power",
          "Mimic",
          "Mud-Slap",
          "Natural Gift",
          "Ominous Wind",
          "Pluck",
          "Pursuit",
          "Return",
          "Secret Power",
          "Shock Wave",
          "Sky Attack",
          "Sky Drop",
          "Swagger",
          "Toxic",
          "Water Sport"
        ],
        "tmMoves7": [
          "Toxic",
          "Hail",
          "Hidden Power",
          "Ice Beam",
          "Blizzard",
          "Hyper Beam",
          "Protect",
          "Rain Dance",
          "Roost",
          "Frustration",
          "Return",
          "Double Team",
          "Aerial Ace",
          "Facade",
          "Rest",
          "Attract",
          "Thief",
          "Round",
          "Echoed Voice",
          "Steel Wing",
          "Scald",
          "Fling",
          "Sky Drop",
          "Payback",
          "Giga Impact",
          "Fly",
          "Swagger",
          "Sleep Talk",
          "U-turn",
          "Substitute",
          "Surf",
          "Confide"
        ],
        "tmMoves6": [
          "Toxic",
          "Hail",
          "Hidden Power",
          "Ice Beam",
          "Blizzard",
          "Hyper Beam",
          "Protect",
          "Rain Dance",
          "Roost",
          "Frustration",
          "Return",
          "Double Team",
          "Aerial Ace",
          "Facade",
          "Rest",
          "Attract",
          "Thief",
          "Round",
          "Echoed Voice",
          "Steel Wing",
          "Scald",
          "Fling",
          "Sky Drop",
          "Payback",
          "Giga Impact",
          "Swagger",
          "Sleep Talk",
          "U-turn",
          "Substitute",
          "Secret Power",
          "Confide"
        ],
        "tmMoves5": [
          "Toxic",
          "Hail",
          "Hidden Power",
          "Ice Beam",
          "Blizzard",
          "Hyper Beam",
          "Protect",
          "Rain Dance",
          "Frustration",
          "Return",
          "Double Team",
          "Aerial Ace",
          "Facade",
          "Rest",
          "Attract",
          "Thief",
          "Round",
          "Echoed Voice",
          "Scald",
          "Fling",
          "Sky Drop",
          "Payback",
          "Giga Impact",
          "Swagger",
          "Pluck",
          "U-turn",
          "Substitute"
        ],
        "tmMoves4": [
          "Water Pulse",
          "Toxic",
          "Hail",
          "Hidden Power",
          "Ice Beam",
          "Blizzard",
          "Hyper Beam",
          "Protect",
          "Rain Dance",
          "Frustration",
          "Return",
          "Double Team",
          "Shock Wave",
          "Aerial Ace",
          "Facade",
          "Secret Power",
          "Rest",
          "Attract",
          "Thief",
          "Steel Wing",
          "Roost",
          "Brine",
          "Fling",
          "Endure",
          "Payback",
          "Giga Impact",
          "Captivate",
          "Sleep Talk",
          "Natural Gift",
          "Swagger",
          "Pluck",
          "U-turn",
          "Substitute"
        ],
        "tmMoves3": [
          "Water Pulse",
          "Toxic",
          "Hail",
          "Hidden Power",
          "Ice Beam",
          "Blizzard",
          "Hyper Beam",
          "Protect",
          "Rain Dance",
          "Frustration",
          "Return",
          "Double Team",
          "Shock Wave",
          "Aerial Ace",
          "Facade",
          "Secret Power",
          "Rest",
          "Attract",
          "Thief",
          "Steel Wing"
        ],
        "tmMoves2": [

        ],
        "tmMoves1": [

        ],
        "tmMoves": [

        ]
      },
      "abilities": {
        "abilities": [
          "KeenEye",
          "Drizzle"
        ],
        "hiddenAbilities": [
          "RainDish"
        ]
      },
      "movement": {
        "rideable": true,
        "canFly": true,
        "canSurf": false,
        "canRideShoulder": false,
        "ridingOffsets": {
          "standing": {
            "x": 0.0,
            "y": -1.1,
            "z": -0.6
          },
          "moving": {
            "x": 0.0,
            "y": -1.0,
            "z": -0.6
          }
        },
        "flyingParameters": {
          "flyHeightMin": 0,
          "flyHeightMax": 10,
          "flySpeedModifier": 1.0,
          "flyRefreshRateY": 80,
          "flyRefreshRateXZ": 100,
          "flyRefreshRateSpeed": 100,
          "flightTimeMin": 0,
          "flightTimeMax": 20,
          "flapRate": 5,
          "landingMaterials": "LEAVES_AND_GRASS"
        },
        "mountedFlyingParameters": {
          "type": "pixelmon:default",
          "upper_angle_limit": 20,
          "lower_angle_limit": -20,
          "max_fly_speed": 1,
          "deceleration_rate": 0.07,
          "hover_deceleration_rate": 0.09,
          "acceleration_rate": 0.07,
          "strafe_acceleration_rate": 0.08,
          "strafe_roll_conversion": 30,
          "turn_rate": 0.5,
          "pitch_rate": 0.8,
          "stays_horizontal_flying": true,
          "gravity_drop_per_tick": 0.005,
          "continuous_forward_motion": true,
          "continuous_forward_motion_ticks": 5,
          "flying_stamina_charges": 3,
          "hover_ticks": 100
        }
      },
      "aggression": {
        "timid": 80,
        "passive": 0,
        "aggressive": 20
      },
      "battleStats": {
        "hp": 60,
        "attack": 50,
        "defense": 100,
        "specialAttack": 95,
        "specialDefense": 70,
        "speed": 65
      },
      "tags": [

      ],
      "spawn": {
        "baseExp": 164,
        "baseFriendship": 70,
        "spawnLevel": 25,
        "spawnLevelRange": 30,
        "spawnLocations": [
          "AIR_PERSISTENT"
        ]
      },
      "possibleGenders": [
        "MALE",
        "FEMALE"
      ],
      "genderProperties": [
        {
          "gender": "ALL",
          "palettes": [
            {
              "name": "none",
              "texture": "pixelmon:pokemon/279_pelipper/all/base/none/texture.png",
              "sprite": "pixelmon:pokemon/279_pelipper/all/base/none/sprite.png",
              "particle": "",
              "modelLocator": {
                "factoryType": "NORMAL",
                "pqc": [
                  "pixelmon:pokemon/279_pelipper/all/base/none/model.pqc"
                ]
              },
              "sounds": [
                "pixelmon.mob.pelipper",
                "pixelmon.mob.pelipper"
              ]
            },
            {
              "name": "shiny",
              "texture": "pixelmon:pokemon/279_pelipper/all/base/shiny/texture.png",
              "sprite": "pixelmon:pokemon/279_pelipper/all/base/shiny/sprite.png",
              "particle": "arcanery:shiny"
            },
			{
              "name": "city",
              "texture": "pixelmon:pokemon/279_pelipper/all/base/custom-city/texture.png",
              "sprite": "pixelmon:pokemon/279_pelipper/all/base/custom-city/sprite.png",
              "particle": ""
            },
			{
              "name": "pirate",
              "texture": "pixelmon:pokemon/279_pelipper/all/base/custom-pirate/texture.png",
              "sprite": "pixelmon:pokemon/279_pelipper/all/base/custom-pirate/sprite.png",
              "particle": ""
            },
			{
              "name": "purified 1",
              "texture": "pixelmon:pokemon/279_pelipper/all/base/custom-purified1/texture.png",
              "sprite": "pixelmon:pokemon/279_pelipper/all/base/custom-purified1/sprite.png",
              "particle": ""
            },
			{
              "name": "purified 2",
              "texture": "pixelmon:pokemon/279_pelipper/all/base/custom-purified2/texture.png",
              "sprite": "pixelmon:pokemon/279_pelipper/all/base/custom-purified2/sprite.png",
              "particle": ""
            },
			{
              "name": "sunset",
              "texture": "pixelmon:pokemon/279_pelipper/all/base/custom-sunset/texture.png",
              "sprite": "pixelmon:pokemon/279_pelipper/all/base/custom-sunset/sprite.png",
              "particle": ""
            }
          ]
        }
      ],
      "eggGroups": [
        "WATER_ONE",
        "FLYING"
      ],
      "types": [
        "WATER",
        "FLYING"
      ],
      "preEvolutions": [
        "Wingull"
      ],
      "defaultBaseForm": "",
      "megaItems": [

      ],
      "megas": [

      ],
      "gigantamax": {
        "canHaveFactor": false,
        "canGigantamax": false
      },
      "eggCycles": 21,
      "weight": 28.0,
      "catchRate": 45,
      "malePercentage": 0,
      "evolutions": [

      ],
      "evYields": {
        "defense": 2
      }
    }
  ],
  "generation": 3
}
