{
  "name": "Kirlia",
  "dex": 281,
  "defaultForms": [
    ""
  ],
  "forms": [
    {
      "name": "",
      "experienceGroup": "SLOW",
      "dimensions": {
        "height": 0.8,
        "width": 0.6,
        "length": 1,
        "eyeHeight": 0.8,
        "hoverHeight": 0.8
      },
      "moves": {
        "levelUpMoves": [
          {
            "level": 0,
            "attacks": [
              "Confusion",
              "Disarming Voice",
              "Double Team",
              "Growl"
            ]
          },
          {
            "level": 9,
            "attacks": [
              "Hypnosis"
            ]
          },
          {
            "level": 12,
            "attacks": [
              "Draining Kiss"
            ]
          },
          {
            "level": 15,
            "attacks": [
              "Teleport"
            ]
          },
          {
            "level": 18,
            "attacks": [
              "Psybeam"
            ]
          },
          {
            "level": 23,
            "attacks": [
              "Life Dew"
            ]
          },
          {
            "level": 28,
            "attacks": [
              "Charm"
            ]
          },
          {
            "level": 33,
            "attacks": [
              "Calm Mind"
            ]
          },
          {
            "level": 38,
            "attacks": [
              "Psychic"
            ]
          },
          {
            "level": 43,
            "attacks": [
              "Heal Pulse"
            ]
          },
          {
            "level": 48,
            "attacks": [
              "Dream Eater"
            ]
          },
          {
            "level": 53,
            "attacks": [
              "Future Sight"
            ]
          }
        ],
        "tutorMoves": [
          "Expanding Force",
          "Triple Axel"
        ],
        "eggMoves": [
          "Confuse Ray",
          "Destiny Bond",
          "Disable",
          "Grudge",
          "Knock Off",
          "Mean Look",
          "Memento",
          "Shadow Sneak"
        ],
        "tmMoves8": [
          "Mega Punch",
          "Mega Kick",
          "Fire Punch",
          "Ice Punch",
          "Thunder Punch",
          "Magical Leaf",
          "Thunder Wave",
          "Light Screen",
          "Reflect",
          "Safeguard",
          "Rest",
          "Thief",
          "Snore",
          "Protect",
          "Icy Wind",
          "Charm",
          "Attract",
          "Rain Dance",
          "Sunny Day",
          "Will-O-Wisp",
          "Facade",
          "Swift",
          "Helping Hand",
          "Imprison",
          "Fling",
          "Trick Room",
          "Wonder Room",
          "Magic Room",
          "Round",
          "Draining Kiss",
          "Misty Terrain"
        ],
        "trMoves": [
          "Body Slam",
          "Thunderbolt",
          "Psychic",
          "Substitute",
          "Psyshock",
          "Endure",
          "Sleep Talk",
          "Encore",
          "Shadow Ball",
          "Future Sight",
          "Taunt",
          "Trick",
          "Skill Swap",
          "Hyper Voice",
          "Calm Mind",
          "Zen Headbutt",
          "Grass Knot",
          "Stored Power",
          "Ally Switch",
          "Dazzling Gleam"
        ],
        "hmMoves": [],
        "transferMoves": [
          "Captivate",
          "Charge Beam",
          "Confide",
          "Defense Curl",
          "Double-Edge",
          "Echoed Voice",
          "Flash",
          "Frustration",
          "Headbutt",
          "Hidden Power",
          "Lucky Chant",
          "Magic Coat",
          "Mimic",
          "Mud-Slap",
          "Natural Gift",
          "Nightmare",
          "Pain Split",
          "Psych Up",
          "Recycle",
          "Return",
          "Secret Power",
          "Shock Wave",
          "Signal Beam",
          "Sing",
          "Snatch",
          "Swagger",
          "Synchronoise",
          "Telekinesis",
          "Torment",
          "Toxic",
          "Wish"
        ],
        "tmMoves7": [
          "Psyshock",
          "Calm Mind",
          "Toxic",
          "Hidden Power",
          "Sunny Day",
          "Taunt",
          "Light Screen",
          "Protect",
          "Rain Dance",
          "Safeguard",
          "Frustration",
          "Thunderbolt",
          "Return",
          "Psychic",
          "Shadow Ball",
          "Double Team",
          "Reflect",
          "Torment",
          "Facade",
          "Rest",
          "Attract",
          "Thief",
          "Round",
          "Echoed Voice",
          "Fling",
          "Charge Beam",
          "Will-O-Wisp",
          "Thunder Wave",
          "Psych Up",
          "Dream Eater",
          "Grass Knot",
          "Swagger",
          "Sleep Talk",
          "Substitute",
          "Trick Room",
          "Dazzling Gleam",
          "Confide"
        ],
        "tmMoves6": [
          "Psyshock",
          "Calm Mind",
          "Toxic",
          "Hidden Power",
          "Sunny Day",
          "Taunt",
          "Light Screen",
          "Protect",
          "Rain Dance",
          "Safeguard",
          "Frustration",
          "Thunderbolt",
          "Return",
          "Psychic",
          "Shadow Ball",
          "Double Team",
          "Reflect",
          "Torment",
          "Facade",
          "Rest",
          "Attract",
          "Thief",
          "Round",
          "Echoed Voice",
          "Fling",
          "Charge Beam",
          "Will-O-Wisp",
          "Flash",
          "Thunder Wave",
          "Psych Up",
          "Dream Eater",
          "Grass Knot",
          "Swagger",
          "Sleep Talk",
          "Substitute",
          "Trick Room",
          "Secret Power",
          "Dazzling Gleam",
          "Confide"
        ],
        "tmMoves5": [
          "Psyshock",
          "Calm Mind",
          "Toxic",
          "Hidden Power",
          "Sunny Day",
          "Taunt",
          "Light Screen",
          "Protect",
          "Rain Dance",
          "Telekinesis",
          "Safeguard",
          "Frustration",
          "Thunderbolt",
          "Return",
          "Psychic",
          "Shadow Ball",
          "Double Team",
          "Reflect",
          "Torment",
          "Facade",
          "Rest",
          "Attract",
          "Thief",
          "Round",
          "Echoed Voice",
          "Ally Switch",
          "Fling",
          "Charge Beam",
          "Will-O-Wisp",
          "Flash",
          "Thunder Wave",
          "Psych Up",
          "Dream Eater",
          "Grass Knot",
          "Swagger",
          "Substitute",
          "Trick Room"
        ],
        "tmMoves4": [
          "Calm Mind",
          "Toxic",
          "Hidden Power",
          "Sunny Day",
          "Taunt",
          "Light Screen",
          "Protect",
          "Rain Dance",
          "Safeguard",
          "Frustration",
          "Thunderbolt",
          "Return",
          "Psychic",
          "Shadow Ball",
          "Double Team",
          "Reflect",
          "Shock Wave",
          "Torment",
          "Facade",
          "Secret Power",
          "Rest",
          "Attract",
          "Thief",
          "Skill Swap",
          "Snatch",
          "Fling",
          "Charge Beam",
          "Endure",
          "Recycle",
          "Flash",
          "Thunder Wave",
          "Psych Up",
          "Captivate",
          "Sleep Talk",
          "Natural Gift",
          "Dream Eater",
          "Grass Knot",
          "Swagger",
          "Substitute",
          "Trick Room"
        ],
        "tmMoves3": [
          "Calm Mind",
          "Toxic",
          "Hidden Power",
          "Sunny Day",
          "Taunt",
          "Light Screen",
          "Protect",
          "Rain Dance",
          "Safeguard",
          "Frustration",
          "Thunderbolt",
          "Return",
          "Psychic",
          "Shadow Ball",
          "Double Team",
          "Reflect",
          "Shock Wave",
          "Torment",
          "Facade",
          "Secret Power",
          "Rest",
          "Attract",
          "Thief",
          "Skill Swap",
          "Snatch"
        ],
        "tmMoves2": [],
        "tmMoves1": [],
        "tmMoves": []
      },
      "abilities": {
        "abilities": [
          "Synchronize",
          "Trace"
        ],
        "hiddenAbilities": [
          "Telepathy"
        ]
      },
      "movement": {
        "rideable": false,
        "canFly": false,
        "canSurf": false,
        "canRideShoulder": false
      },
      "aggression": {
        "timid": 80,
        "passive": 0,
        "aggressive": 20
      },
      "battleStats": {
        "hp": 38,
        "attack": 35,
        "defense": 35,
        "specialAttack": 65,
        "specialDefense": 55,
        "speed": 50
      },
      "tags": [],
      "spawn": {
        "baseExp": 140,
        "baseFriendship": 35,
        "spawnLevel": 20,
        "spawnLevelRange": 9,
        "spawnLocations": [
          "LAND"
        ]
      },
      "possibleGenders": [
        "MALE",
        "FEMALE"
      ],
      "genderProperties": [
        {
          "gender": "ALL",
          "palettes": [
            {
              "name": "none",
              "texture": "pixelmon:pokemon/281_kirlia/all/base/none/texture.png",
              "sprite": "pixelmon:pokemon/281_kirlia/all/base/none/sprite.png",
              "particle": "",
              "modelLocator": {
                "factoryType": "NORMAL",
                "pqc": [
                  "pixelmon:pokemon/281_kirlia/all/base/none/model.pqc"
                ]
              },
              "sounds": [
                "pixelmon.mob.kirlia",
                "pixelmon.mob.kirlia"
              ]
            },
            {
              "name": "shiny",
              "texture": "pixelmon:pokemon/281_kirlia/all/base/shiny/texture.png",
              "sprite": "pixelmon:pokemon/281_kirlia/all/base/shiny/sprite.png",
              "particle": "arcanery:shiny"
            },
            {
              "name": "strike",
              "texture": "pixelmon:pokemon/281_kirlia/all/base/strike/texture.png",
              "sprite": "pixelmon:pokemon/281_kirlia/all/base/strike/sprite.png",
              "particle": ""
            },
			{
              "name": "akuma",
              "texture": "pixelmon:pokemon/281_kirlia/all/base/custom-akuma/texture.png",
              "sprite": "pixelmon:pokemon/281_kirlia/all/base/custom-akuma/sprite.png",
              "particle": ""
            },
			{
              "name": "cheongsam",
              "texture": "pixelmon:pokemon/281_kirlia/all/base/custom-cheongsam/texture.png",
              "sprite": "pixelmon:pokemon/281_kirlia/all/base/custom-cheongsam/sprite.png",
              "particle": ""
            },
			{
              "name": "halloween",
              "texture": "pixelmon:pokemon/281_kirlia/all/base/custom-halloween/texture.png",
              "sprite": "pixelmon:pokemon/281_kirlia/all/base/custom-halloween/sprite.png",
              "particle": ""
            },
			{
              "name": "shadow 1",
              "texture": "pixelmon:pokemon/281_kirlia/all/base/custom-shadow1/texture.png",
              "sprite": "pixelmon:pokemon/281_kirlia/all/base/custom-shadow1/sprite.png",
              "particle": ""
            },
			{
              "name": "shadow 2",
              "texture": "pixelmon:pokemon/281_kirlia/all/base/custom-shadow2/texture.png",
              "sprite": "pixelmon:pokemon/281_kirlia/all/base/custom-shadow2/sprite.png",
              "particle": ""
            },
			{
              "name": "spring",
              "texture": "pixelmon:pokemon/281_kirlia/all/base/custom-spring/texture.png",
              "sprite": "pixelmon:pokemon/281_kirlia/all/base/custom-spring/sprite.png",
              "particle": ""
            }
          ]
        }
      ],
      "eggGroups": [
        "AMORPHOUS",
        "HUMAN_LIKE"
      ],
      "types": [
        "PSYCHIC",
        "FAIRY"
      ],
      "preEvolutions": [
        "Ralts"
      ],
      "defaultBaseForm": "",
      "megaItems": [],
      "megas": [],
      "gigantamax": {
        "canHaveFactor": false,
        "canGigantamax": false
      },
      "eggCycles": 21,
      "weight": 20.2,
      "catchRate": 120,
      "malePercentage": 0,
      "evolutions": [
        {
          "level": 30,
          "to": "Gardevoir",
          "conditions": [],
          "evoType": "leveling",
          "moves": [
            "Dazzling Gleam"
          ]
        },
        {
          "item": {
            "itemID": "pixelmon:dawn_stone"
          },
          "to": "Gallade",
          "conditions": [
            {
              "genders": [
                "MALE"
              ],
              "evoConditionType": "gender"
            }
          ],
          "evoType": "interact",
          "moves": [
            "Slash"
          ]
        }
      ],
      "evYields": {
        "specialAttack": 2
      }
    }
  ],
  "generation": 3
}
