{
  "name": "Vigoroth",
  "dex": 288,
  "defaultForms": [
    ""
  ],
  "forms": [
    {
      "name": "",
      "experienceGroup": "SLOW",
      "dimensions": {
        "height": 1.4,
        "width": 1.0,
        "length": 1,
        "eyeHeight": 1.4,
        "hoverHeight": 1.4
      },
      "moves": {
        "levelUpMoves": [
          {
            "level": 0,
            "attacks": [
              "Encore",
              "Focus Energy",
              "Reversal",
              "Scratch",
              "Uproar"
            ]
          },
          {
            "level": 6,
            "attacks": [
              "Encore"
            ]
          },
          {
            "level": 9,
            "attacks": [
              "Uproar"
            ]
          },
          {
            "level": 14,
            "attacks": [
              "Fury Swipes"
            ]
          },
          {
            "level": 17,
            "attacks": [
              "Endure"
            ]
          },
          {
            "level": 23,
            "attacks": [
              "Slash"
            ]
          },
          {
            "level": 27,
            "attacks": [
              "Chip Away"
            ]
          },
          {
            "level": 33,
            "attacks": [
              "Counter"
            ]
          },
          {
            "level": 37,
            "attacks": [
              "Focus Punch"
            ]
          },
          {
            "level": 43,
            "attacks": [
              "Reversal"
            ]
          }
        ],
        "tutorMoves": [
          "After You",
          "Covet",
          "Fire Punch",
          "Focus Punch",
          "Gunk Shot",
          "Ice Punch",
          "Icy Wind",
          "Low Kick",
          "Shock Wave",
          "Snore",
          "Thunder Punch",
          "Uproar",
          "Water Pulse"
        ],
        "eggMoves": [
          "After You",
          "Body Slam",
          "Crush Claw",
          "Curse",
          "Hammer Arm",
          "Night Slash",
          "Pursuit",
          "Slash",
          "Sleep Talk",
          "Snore",
          "Tickle"
        ],
        "tmMoves8": [],
        "trMoves": [],
        "hmMoves": [],
        "transferMoves": [
          "Captivate",
          "Cut",
          "Double-Edge",
          "Dynamic Punch",
          "Fury Cutter",
          "Headbutt",
          "Hone Claws",
          "Incinerate",
          "Mega Kick",
          "Mega Punch",
          "Mimic",
          "Mud-Slap",
          "Natural Gift",
          "Power-Up Punch",
          "Retaliate",
          "Rock Smash",
          "Secret Power",
          "Seismic Toss",
          "Strength",
          "Sucker Punch"
        ],
        "tmMoves7": [
          "Work Up",
          "Roar",
          "Toxic",
          "Bulk Up",
          "Hidden Power",
          "Sunny Day",
          "Taunt",
          "Ice Beam",
          "Blizzard",
          "Protect",
          "Rain Dance",
          "Frustration",
          "Solar Beam",
          "Thunderbolt",
          "Thunder",
          "Earthquake",
          "Return",
          "Shadow Ball",
          "Brick Break",
          "Double Team",
          "Flamethrower",
          "Fire Blast",
          "Rock Tomb",
          "Aerial Ace",
          "Facade",
          "Rest",
          "Attract",
          "Low Sweep",
          "Round",
          "Focus Blast",
          "Fling",
          "Shadow Claw",
          "Bulldoze",
          "Rock Slide",
          "Swagger",
          "Sleep Talk",
          "Substitute",
          "Confide"
        ],
        "tmMoves6": [
          "Hone Claws",
          "Roar",
          "Toxic",
          "Bulk Up",
          "Hidden Power",
          "Sunny Day",
          "Taunt",
          "Ice Beam",
          "Blizzard",
          "Protect",
          "Rain Dance",
          "Frustration",
          "Solar Beam",
          "Thunderbolt",
          "Thunder",
          "Earthquake",
          "Return",
          "Shadow Ball",
          "Brick Break",
          "Double Team",
          "Flamethrower",
          "Fire Blast",
          "Rock Tomb",
          "Aerial Ace",
          "Facade",
          "Rest",
          "Attract",
          "Low Sweep",
          "Round",
          "Focus Blast",
          "Fling",
          "Incinerate",
          "Shadow Claw",
          "Retaliate",
          "Bulldoze",
          "Rock Slide",
          "Swagger",
          "Sleep Talk",
          "Substitute",
          "Secret Power",
          "Power-Up Punch",
          "Confide"
        ],
        "tmMoves5": [
          "Hone Claws",
          "Roar",
          "Toxic",
          "Bulk Up",
          "Hidden Power",
          "Sunny Day",
          "Taunt",
          "Ice Beam",
          "Blizzard",
          "Protect",
          "Rain Dance",
          "Frustration",
          "Solar Beam",
          "Thunderbolt",
          "Thunder",
          "Earthquake",
          "Return",
          "Shadow Ball",
          "Brick Break",
          "Double Team",
          "Flamethrower",
          "Fire Blast",
          "Rock Tomb",
          "Aerial Ace",
          "Facade",
          "Rest",
          "Attract",
          "Low Sweep",
          "Round",
          "Focus Blast",
          "Fling",
          "Incinerate",
          "Shadow Claw",
          "Retaliate",
          "Bulldoze",
          "Rock Slide",
          "Work Up",
          "Swagger",
          "Substitute",
          "Rock Smash"
        ],
        "tmMoves4": [
          "Focus Punch",
          "Water Pulse",
          "Roar",
          "Toxic",
          "Bulk Up",
          "Hidden Power",
          "Sunny Day",
          "Taunt",
          "Ice Beam",
          "Blizzard",
          "Protect",
          "Rain Dance",
          "Frustration",
          "Solar Beam",
          "Thunderbolt",
          "Thunder",
          "Earthquake",
          "Return",
          "Shadow Ball",
          "Brick Break",
          "Double Team",
          "Shock Wave",
          "Flamethrower",
          "Fire Blast",
          "Rock Tomb",
          "Aerial Ace",
          "Facade",
          "Secret Power",
          "Rest",
          "Attract",
          "Focus Blast",
          "Fling",
          "Endure",
          "Shadow Claw",
          "Captivate",
          "Rock Slide",
          "Sleep Talk",
          "Natural Gift",
          "Swagger",
          "Substitute"
        ],
        "tmMoves3": [
          "Focus Punch",
          "Water Pulse",
          "Roar",
          "Toxic",
          "Bulk Up",
          "Hidden Power",
          "Sunny Day",
          "Taunt",
          "Ice Beam",
          "Blizzard",
          "Protect",
          "Rain Dance",
          "Frustration",
          "Solar Beam",
          "Thunderbolt",
          "Thunder",
          "Earthquake",
          "Return",
          "Shadow Ball",
          "Brick Break",
          "Double Team",
          "Shock Wave",
          "Flamethrower",
          "Fire Blast",
          "Aerial Ace",
          "Facade",
          "Secret Power",
          "Rest",
          "Attract"
        ],
        "tmMoves2": [],
        "tmMoves1": [],
        "tmMoves": []
      },
      "abilities": {
        "abilities": [
          "VitalSpirit"
        ],
        "hiddenAbilities": []
      },
      "movement": {
        "rideable": false,
        "canFly": false,
        "canSurf": false,
        "canRideShoulder": false
      },
      "aggression": {
        "timid": 80,
        "passive": 0,
        "aggressive": 20
      },
      "battleStats": {
        "hp": 80,
        "attack": 80,
        "defense": 80,
        "specialAttack": 55,
        "specialDefense": 55,
        "speed": 90
      },
      "tags": [],
      "spawn": {
        "baseExp": 126,
        "baseFriendship": 70,
        "spawnLevel": 25,
        "spawnLevelRange": 10,
        "spawnLocations": [
          "LAND"
        ]
      },
      "possibleGenders": [
        "MALE",
        "FEMALE"
      ],
      "genderProperties": [
        {
          "gender": "ALL",
          "palettes": [
            {
              "name": "none",
              "texture": "pixelmon:pokemon/288_vigoroth/all/base/none/texture.png",
              "sprite": "pixelmon:pokemon/288_vigoroth/all/base/none/sprite.png",
              "particle": "",
              "modelLocator": {
                "factoryType": "NORMAL",
                "pqc": [
                  "pixelmon:pokemon/288_vigoroth/all/base/none/model.pqc"
                ],
                "movementThreshold": 0.03
              },
              "sounds": []
            },
            {
              "name": "shiny",
              "texture": "pixelmon:pokemon/288_vigoroth/all/base/shiny/texture.png",
              "sprite": "pixelmon:pokemon/288_vigoroth/all/base/shiny/sprite.png",
              "particle": "arcanery:shiny"
            },
			{
              "name": "arctic",
              "texture": "pixelmon:pokemon/288_vigoroth/all/base/custom-arctic/texture.png",
              "sprite": "pixelmon:pokemon/288_vigoroth/all/base/custom-arctic/sprite.png",
              "particle": ""
            },
			{
              "name": "charged",
              "texture": "pixelmon:pokemon/288_vigoroth/all/base/custom-charged/texture.png",
              "sprite": "pixelmon:pokemon/288_vigoroth/all/base/custom-charged/sprite.png",
              "particle": ""
            },
			{
              "name": "molten",
              "texture": "pixelmon:pokemon/288_vigoroth/all/base/custom-molten/texture.png",
              "sprite": "pixelmon:pokemon/288_vigoroth/all/base/custom-molten/sprite.png",
              "particle": ""
            }
          ]
        }
      ],
      "eggGroups": [
        "FIELD"
      ],
      "types": [
        "NORMAL"
      ],
      "preEvolutions": [
        "Slakoth"
      ],
      "defaultBaseForm": "",
      "megaItems": [],
      "megas": [],
      "gigantamax": {
        "canHaveFactor": false,
        "canGigantamax": false
      },
      "eggCycles": 16,
      "weight": 46.5,
      "catchRate": 120,
      "malePercentage": 0,
      "evolutions": [
        {
          "level": 36,
          "to": "Slaking",
          "conditions": [],
          "evoType": "leveling",
          "moves": [
            "Swagger"
          ]
        }
      ],
      "evYields": {
        "speed": 2
      }
    }
  ],
  "generation": 3
}
