{
  "name": "Slaking",
  "dex": 289,
  "defaultForms": [
    ""
  ],
  "forms": [
    {
      "name": "",
      "experienceGroup": "SLOW",
      "dimensions": {
        "height": 2.0,
        "width": 1.4,
        "length": 1,
        "eyeHeight": 2.0,
        "hoverHeight": 2.0
      },
      "moves": {
        "levelUpMoves": [
          {
            "level": 0,
            "attacks": [
              "Encore",
              "Fling",
              "Hammer Arm",
              "Punishment",
              "Scratch",
              "Slack Off",
              "Swagger",
              "Yawn"
            ]
          },
          {
            "level": 6,
            "attacks": [
              "Encore"
            ]
          },
          {
            "level": 9,
            "attacks": [
              "Slack Off"
            ]
          },
          {
            "level": 14,
            "attacks": [
              "Feint Attack"
            ]
          },
          {
            "level": 17,
            "attacks": [
              "Amnesia"
            ]
          },
          {
            "level": 23,
            "attacks": [
              "Covet"
            ]
          },
          {
            "level": 27,
            "attacks": [
              "Chip Away"
            ]
          },
          {
            "level": 33,
            "attacks": [
              "Counter"
            ]
          },
          {
            "level": 39,
            "attacks": [
              "Flail"
            ]
          },
          {
            "level": 47,
            "attacks": [
              "Fling"
            ]
          },
          {
            "level": 53,
            "attacks": [
              "Punishment"
            ]
          },
          {
            "level": 61,
            "attacks": [
              "Hammer Arm"
            ]
          }
        ],
        "tutorMoves": [
          "After You",
          "Block",
          "Covet",
          "Fire Punch",
          "Focus Punch",
          "Gunk Shot",
          "Ice Punch",
          "Icy Wind",
          "Low Kick",
          "Shock Wave",
          "Snore",
          "Stomping Tantrum",
          "Thunder Punch",
          "Water Pulse"
        ],
        "eggMoves": [
          "After You",
          "Body Slam",
          "Crush Claw",
          "Curse",
          "Hammer Arm",
          "Night Slash",
          "Pursuit",
          "Slash",
          "Sleep Talk",
          "Snore",
          "Tickle"
        ],
        "tmMoves8": [],
        "trMoves": [],
        "hmMoves": [],
        "transferMoves": [
          "Captivate",
          "Cut",
          "Double-Edge",
          "Dynamic Punch",
          "Fury Cutter",
          "Headbutt",
          "Hone Claws",
          "Incinerate",
          "Mega Kick",
          "Mega Punch",
          "Mimic",
          "Mud-Slap",
          "Natural Gift",
          "Power-Up Punch",
          "Retaliate",
          "Rock Smash",
          "Secret Power",
          "Seismic Toss",
          "Strength",
          "Sucker Punch"
        ],
        "tmMoves7": [
          "Work Up",
          "Roar",
          "Toxic",
          "Bulk Up",
          "Hidden Power",
          "Sunny Day",
          "Taunt",
          "Ice Beam",
          "Blizzard",
          "Hyper Beam",
          "Protect",
          "Rain Dance",
          "Frustration",
          "Solar Beam",
          "Smack Down",
          "Thunderbolt",
          "Thunder",
          "Earthquake",
          "Return",
          "Shadow Ball",
          "Brick Break",
          "Double Team",
          "Flamethrower",
          "Fire Blast",
          "Rock Tomb",
          "Aerial Ace",
          "Facade",
          "Rest",
          "Attract",
          "Low Sweep",
          "Round",
          "Focus Blast",
          "Fling",
          "Quash",
          "Shadow Claw",
          "Giga Impact",
          "Bulldoze",
          "Rock Slide",
          "Swagger",
          "Sleep Talk",
          "Substitute",
          "Confide"
        ],
        "tmMoves6": [
          "Hone Claws",
          "Roar",
          "Toxic",
          "Bulk Up",
          "Hidden Power",
          "Sunny Day",
          "Taunt",
          "Ice Beam",
          "Blizzard",
          "Hyper Beam",
          "Protect",
          "Rain Dance",
          "Frustration",
          "Solar Beam",
          "Smack Down",
          "Thunderbolt",
          "Thunder",
          "Earthquake",
          "Return",
          "Shadow Ball",
          "Brick Break",
          "Double Team",
          "Flamethrower",
          "Fire Blast",
          "Rock Tomb",
          "Aerial Ace",
          "Facade",
          "Rest",
          "Attract",
          "Low Sweep",
          "Round",
          "Focus Blast",
          "Fling",
          "Incinerate",
          "Quash",
          "Shadow Claw",
          "Retaliate",
          "Giga Impact",
          "Bulldoze",
          "Rock Slide",
          "Swagger",
          "Sleep Talk",
          "Substitute",
          "Secret Power",
          "Power-Up Punch",
          "Confide"
        ],
        "tmMoves5": [
          "Hone Claws",
          "Roar",
          "Toxic",
          "Bulk Up",
          "Hidden Power",
          "Sunny Day",
          "Taunt",
          "Ice Beam",
          "Blizzard",
          "Hyper Beam",
          "Protect",
          "Rain Dance",
          "Frustration",
          "Solar Beam",
          "Smack Down",
          "Thunderbolt",
          "Thunder",
          "Earthquake",
          "Return",
          "Shadow Ball",
          "Brick Break",
          "Double Team",
          "Flamethrower",
          "Fire Blast",
          "Rock Tomb",
          "Aerial Ace",
          "Facade",
          "Rest",
          "Attract",
          "Low Sweep",
          "Round",
          "Focus Blast",
          "Fling",
          "Incinerate",
          "Quash",
          "Shadow Claw",
          "Retaliate",
          "Giga Impact",
          "Bulldoze",
          "Rock Slide",
          "Work Up",
          "Swagger",
          "Substitute",
          "Rock Smash"
        ],
        "tmMoves4": [
          "Focus Punch",
          "Water Pulse",
          "Roar",
          "Toxic",
          "Bulk Up",
          "Hidden Power",
          "Sunny Day",
          "Taunt",
          "Ice Beam",
          "Blizzard",
          "Hyper Beam",
          "Protect",
          "Rain Dance",
          "Frustration",
          "Solar Beam",
          "Thunderbolt",
          "Thunder",
          "Earthquake",
          "Return",
          "Shadow Ball",
          "Brick Break",
          "Double Team",
          "Shock Wave",
          "Flamethrower",
          "Fire Blast",
          "Rock Tomb",
          "Aerial Ace",
          "Facade",
          "Secret Power",
          "Rest",
          "Attract",
          "Focus Blast",
          "Fling",
          "Endure",
          "Shadow Claw",
          "Giga Impact",
          "Captivate",
          "Rock Slide",
          "Sleep Talk",
          "Natural Gift",
          "Swagger",
          "Substitute"
        ],
        "tmMoves3": [
          "Focus Punch",
          "Water Pulse",
          "Roar",
          "Toxic",
          "Bulk Up",
          "Hidden Power",
          "Sunny Day",
          "Taunt",
          "Ice Beam",
          "Blizzard",
          "Hyper Beam",
          "Protect",
          "Rain Dance",
          "Frustration",
          "Solar Beam",
          "Thunderbolt",
          "Thunder",
          "Earthquake",
          "Return",
          "Shadow Ball",
          "Brick Break",
          "Double Team",
          "Shock Wave",
          "Flamethrower",
          "Fire Blast",
          "Aerial Ace",
          "Facade",
          "Secret Power",
          "Rest",
          "Attract"
        ],
        "tmMoves2": [],
        "tmMoves1": [],
        "tmMoves": []
      },
      "abilities": {
        "abilities": [
          "Truant"
        ],
        "hiddenAbilities": []
      },
      "movement": {
        "rideable": true,
        "canFly": false,
        "canSurf": false,
        "canRideShoulder": false,
        "ridingOffsets": {
          "standing": {
            "x": 0.0,
            "y": -0.8,
            "z": -0.6
          },
          "moving": {
            "x": 0.0,
            "y": -0.1,
            "z": -0.5
          }
        }
      },
      "aggression": {
        "timid": 80,
        "passive": 0,
        "aggressive": 20
      },
      "battleStats": {
        "hp": 150,
        "attack": 160,
        "defense": 100,
        "specialAttack": 95,
        "specialDefense": 65,
        "speed": 100
      },
      "tags": [],
      "spawn": {
        "baseExp": 210,
        "baseFriendship": 70,
        "spawnLevel": 40,
        "spawnLevelRange": 10,
        "spawnLocations": [
          "LAND"
        ]
      },
      "possibleGenders": [
        "MALE",
        "FEMALE"
      ],
      "genderProperties": [
        {
          "gender": "ALL",
          "palettes": [
            {
              "name": "none",
              "texture": "pixelmon:pokemon/289_slaking/all/base/none/texture.png",
              "sprite": "pixelmon:pokemon/289_slaking/all/base/none/sprite.png",
              "particle": "",
              "modelLocator": {
                "factoryType": "NORMAL",
                "pqc": [
                  "pixelmon:pokemon/289_slaking/all/base/none/model.pqc"
                ],
                "movementThreshold": 0.03
              },
              "sounds": [
                "pixelmon.mob.slaking",
                "pixelmon.mob.slaking",
                "pixelmon.mob.slaking",
                "pixelmon.mob.slaking",
                "pixelmon.mob.slaking"
              ]
            },
            {
              "name": "shiny",
              "texture": "pixelmon:pokemon/289_slaking/all/base/shiny/texture.png",
              "sprite": "pixelmon:pokemon/289_slaking/all/base/shiny/sprite.png",
              "particle": "arcanery:shiny"
            },
			{
              "name": "arctic",
              "texture": "pixelmon:pokemon/289_slaking/all/base/custom-arctic/texture.png",
              "sprite": "pixelmon:pokemon/289_slaking/all/base/custom-arctic/sprite.png",
              "particle": ""
            },
			{
              "name": "corrupt",
              "texture": "pixelmon:pokemon/289_slaking/all/base/custom-corrupt/texture.png",
              "sprite": "pixelmon:pokemon/289_slaking/all/base/custom-corrupt/sprite.png",
              "particle": ""
            },
			{
              "name": "metal",
              "texture": "pixelmon:pokemon/289_slaking/all/base/custom-metal/texture.png",
              "sprite": "pixelmon:pokemon/289_slaking/all/base/custom-metal/sprite.png",
              "particle": ""
            },
			{
              "name": "molten",
              "texture": "pixelmon:pokemon/289_slaking/all/base/custom-molten/texture.png",
              "sprite": "pixelmon:pokemon/289_slaking/all/base/custom-molten/sprite.png",
              "particle": ""
            },
			{
              "name": "shadow",
              "texture": "pixelmon:pokemon/289_slaking/all/base/custom-shadow/texture.png",
              "sprite": "pixelmon:pokemon/289_slaking/all/base/custom-shadow/sprite.png",
              "particle": ""
            },
			{
              "name": "winter 1",
              "texture": "pixelmon:pokemon/289_slaking/all/base/custom-winter1/texture.png",
              "sprite": "pixelmon:pokemon/289_slaking/all/base/custom-winter1/sprite.png",
              "particle": ""
            },
			{
              "name": "winter 2",
              "texture": "pixelmon:pokemon/289_slaking/all/base/custom-winter2/texture.png",
              "sprite": "pixelmon:pokemon/289_slaking/all/base/custom-winter2/sprite.png",
              "particle": ""
            }
          ]
        }
      ],
      "eggGroups": [
        "FIELD"
      ],
      "types": [
        "NORMAL"
      ],
      "preEvolutions": [
        "Vigoroth",
        "Slakoth"
      ],
      "defaultBaseForm": "",
      "megaItems": [],
      "megas": [],
      "gigantamax": {
        "canHaveFactor": false,
        "canGigantamax": false
      },
      "eggCycles": 16,
      "weight": 130.5,
      "catchRate": 45,
      "malePercentage": 0,
      "evolutions": [],
      "evYields": {
        "hp": 3
      }
    }
  ],
  "generation": 3
}
