{
  "name": "Nincada",
  "dex": 290,
  "defaultForms": [
    ""
  ],
  "forms": [
    {
      "name": "",
      "experienceGroup": "ERRATIC",
      "dimensions": {
        "height": 0.2,
        "width": 0.4,
        "length": 1,
        "eyeHeight": 0.2,
        "hoverHeight": 0.2
      },
      "moves": {
        "levelUpMoves": [
          {
            "level": 0,
            "attacks": [
              "Sand Attack",
              "Scratch"
            ]
          },
          {
            "level": 5,
            "attacks": [
              "Harden"
            ]
          },
          {
            "level": 10,
            "attacks": [
              "False Swipe"
            ]
          },
          {
            "level": 15,
            "attacks": [
              "Mud-Slap"
            ]
          },
          {
            "level": 21,
            "attacks": [
              "Absorb"
            ]
          },
          {
            "level": 25,
            "attacks": [
              "Metal Claw"
            ]
          },
          {
            "level": 30,
            "attacks": [
              "Fury Swipes"
            ]
          },
          {
            "level": 35,
            "attacks": [
              "Mind Reader"
            ]
          },
          {
            "level": 40,
            "attacks": [
              "Dig"
            ]
          }
        ],
        "tutorMoves": [
          "Skitter Smack"
        ],
        "eggMoves": [
          "Bug Bite",
          "Final Gambit",
          "Flail",
          "Gust",
          "Night Slash"
        ],
        "tmMoves8": [
          "Solar Beam",
          "Dig",
          "Rest",
          "Snore",
          "Protect",
          "Giga Drain",
          "Sandstorm",
          "Sunny Day",
          "Facade",
          "Round",
          "False Swipe"
        ],
        "trMoves": [
          "Leech Life",
          "Substitute",
          "Endure",
          "Sleep Talk",
          "Shadow Ball",
          "X-Scissor",
          "Bug Buzz"
        ],
        "hmMoves": [],
        "transferMoves": [
          "Aerial Ace",
          "Bide",
          "Confide",
          "Cut",
          "Double Team",
          "Double-Edge",
          "Feint Attack",
          "Flash",
          "Frustration",
          "Fury Cutter",
          "Hidden Power",
          "Hone Claws",
          "Mimic",
          "Natural Gift",
          "Return",
          "Secret Power",
          "Silver Wind",
          "Spite",
          "String Shot",
          "Struggle Bug",
          "Swagger",
          "Toxic"
        ],
        "tmMoves7": [
          "Toxic",
          "Hidden Power",
          "Sunny Day",
          "Protect",
          "Frustration",
          "Solar Beam",
          "Return",
          "Leech Life",
          "Shadow Ball",
          "Double Team",
          "Sandstorm",
          "Aerial Ace",
          "Facade",
          "Rest",
          "Round",
          "False Swipe",
          "X-Scissor",
          "Swagger",
          "Sleep Talk",
          "Substitute",
          "Confide"
        ],
        "tmMoves6": [
          "Hone Claws",
          "Toxic",
          "Hidden Power",
          "Sunny Day",
          "Protect",
          "Frustration",
          "Solar Beam",
          "Return",
          "Dig",
          "Shadow Ball",
          "Double Team",
          "Sandstorm",
          "Aerial Ace",
          "Facade",
          "Rest",
          "Round",
          "False Swipe",
          "Flash",
          "Struggle Bug",
          "X-Scissor",
          "Swagger",
          "Sleep Talk",
          "Substitute",
          "Secret Power",
          "Confide"
        ],
        "tmMoves5": [
          "Hone Claws",
          "Toxic",
          "Hidden Power",
          "Sunny Day",
          "Protect",
          "Frustration",
          "Solar Beam",
          "Return",
          "Dig",
          "Shadow Ball",
          "Double Team",
          "Sandstorm",
          "Aerial Ace",
          "Facade",
          "Rest",
          "Round",
          "False Swipe",
          "Flash",
          "Struggle Bug",
          "X-Scissor",
          "Swagger",
          "Substitute"
        ],
        "tmMoves4": [
          "Toxic",
          "Hidden Power",
          "Sunny Day",
          "Protect",
          "Giga Drain",
          "Frustration",
          "Solar Beam",
          "Return",
          "Dig",
          "Shadow Ball",
          "Double Team",
          "Sandstorm",
          "Aerial Ace",
          "Facade",
          "Secret Power",
          "Rest",
          "False Swipe",
          "Endure",
          "Flash",
          "X-Scissor",
          "Sleep Talk",
          "Natural Gift",
          "Swagger",
          "Substitute"
        ],
        "tmMoves3": [
          "Toxic",
          "Hidden Power",
          "Sunny Day",
          "Protect",
          "Giga Drain",
          "Frustration",
          "Solar Beam",
          "Return",
          "Dig",
          "Shadow Ball",
          "Double Team",
          "Sandstorm",
          "Aerial Ace",
          "Facade",
          "Secret Power",
          "Rest"
        ],
        "tmMoves2": [],
        "tmMoves1": [],
        "tmMoves": []
      },
      "abilities": {
        "abilities": [
          "CompoundEyes"
        ],
        "hiddenAbilities": [
          "RunAway"
        ]
      },
      "movement": {
        "rideable": false,
        "canFly": false,
        "canSurf": false,
        "canRideShoulder": false
      },
      "aggression": {
        "timid": 80,
        "passive": 0,
        "aggressive": 20
      },
      "battleStats": {
        "hp": 31,
        "attack": 45,
        "defense": 90,
        "specialAttack": 30,
        "specialDefense": 30,
        "speed": 40
      },
      "tags": [],
      "spawn": {
        "baseExp": 65,
        "baseFriendship": 70,
        "spawnLevel": 5,
        "spawnLevelRange": 13,
        "spawnLocations": [
          "LAND"
        ]
      },
      "possibleGenders": [
        "MALE",
        "FEMALE"
      ],
      "genderProperties": [
        {
          "gender": "ALL",
          "palettes": [
            {
              "name": "none",
              "texture": "pixelmon:pokemon/290_nincada/all/base/none/texture.png",
              "sprite": "pixelmon:pokemon/290_nincada/all/base/none/sprite.png",
              "particle": "",
              "modelLocator": {
                "factoryType": "NORMAL",
                "pqc": [
                  "pixelmon:pokemon/290_nincada/all/base/none/model.pqc"
                ],
                "movementThreshold": 0.02,
                "rotateAngleX": 0
              },
              "sounds": []
            },
            {
              "name": "shiny",
              "texture": "pixelmon:pokemon/290_nincada/all/base/shiny/texture.png",
              "sprite": "pixelmon:pokemon/290_nincada/all/base/shiny/sprite.png",
              "particle": "arcanery:shiny"
            }
          ]
        }
      ],
      "eggGroups": [
        "BUG"
      ],
      "types": [
        "BUG",
        "GROUND"
      ],
      "preEvolutions": [],
      "defaultBaseForm": "",
      "megaItems": [],
      "megas": [],
      "gigantamax": {
        "canHaveFactor": false,
        "canGigantamax": false
      },
      "eggCycles": 16,
      "weight": 5.5,
      "catchRate": 255,
      "malePercentage": 0,
      "evolutions": [
        {
          "level": 20,
          "to": "Ninjask",
          "conditions": [],
          "evoType": "leveling",
          "moves": [
            "Double Team",
            "Screech",
            "Fury Cutter"
          ]
        }
      ],
      "evYields": {
        "defense": 1
      }
    }
  ],
  "generation": 3
}
