{
  "name": "Skitty",
  "dex": 300,
  "defaultForms": [
    ""
  ],
  "forms": [
    {
      "name": "",
      "experienceGroup": "FAST",
      "dimensions": {
        "height": 0.6,
        "width": 0.7,
        "length": 1,
        "eyeHeight": 0.6,
        "hoverHeight": 0.6
      },
      "moves": {
        "levelUpMoves": [
          {
            "level": 0,
            "attacks": [
              "Fake Out",
              "Growl",
              "Tackle",
              "Tail Whip"
            ]
          },
          {
            "level": 4,
            "attacks": [
              "Foresight"
            ]
          },
          {
            "level": 7,
            "attacks": [
              "Sing"
            ]
          },
          {
            "level": 10,
            "attacks": [
              "Attract"
            ]
          },
          {
            "level": 13,
            "attacks": [
              "Disarming Voice"
            ]
          },
          {
            "level": 16,
            "attacks": [
              "Double Slap"
            ]
          },
          {
            "level": 19,
            "attacks": [
              "Copycat"
            ]
          },
          {
            "level": 22,
            "attacks": [
              "Feint Attack"
            ]
          },
          {
            "level": 25,
            "attacks": [
              "Charm"
            ]
          },
          {
            "level": 28,
            "attacks": [
              "Wake-Up Slap"
            ]
          },
          {
            "level": 31,
            "attacks": [
              "Assist"
            ]
          },
          {
            "level": 34,
            "attacks": [
              "Covet"
            ]
          },
          {
            "level": 37,
            "attacks": [
              "Heal Bell"
            ]
          },
          {
            "level": 40,
            "attacks": [
              "Double-Edge"
            ]
          },
          {
            "level": 43,
            "attacks": [
              "Captivate"
            ]
          },
          {
            "level": 46,
            "attacks": [
              "Play Rough"
            ]
          }
        ],
        "tutorMoves": [
          "Covet",
          "Heal Bell",
          "Helping Hand",
          "Hyper Voice",
          "Icy Wind",
          "Iron Tail",
          "Last Resort",
          "Shock Wave",
          "Snore",
          "Uproar",
          "Water Pulse",
          "Zen Headbutt"
        ],
        "eggMoves": [
          "Baton Pass",
          "Captivate",
          "Cosmic Power",
          "Fake Out",
          "Fake Tears",
          "Helping Hand",
          "Last Resort",
          "Mud Bomb",
          "Simple Beam",
          "Sucker Punch",
          "Tickle",
          "Uproar",
          "Wish",
          "Zen Headbutt"
        ],
        "tmMoves8": [],
        "trMoves": [],
        "hmMoves": [],
        "transferMoves": [
          "Body Slam",
          "Defense Curl",
          "Dig",
          "Endure",
          "Flash",
          "Headbutt",
          "Mimic",
          "Mud-Slap",
          "Natural Gift",
          "Pay Day",
          "Retaliate",
          "Rollout",
          "Secret Power",
          "Swift"
        ],
        "tmMoves7": [
          "Work Up",
          "Calm Mind",
          "Toxic",
          "Hidden Power",
          "Sunny Day",
          "Ice Beam",
          "Blizzard",
          "Protect",
          "Rain Dance",
          "Safeguard",
          "Frustration",
          "Solar Beam",
          "Thunderbolt",
          "Thunder",
          "Return",
          "Shadow Ball",
          "Double Team",
          "Facade",
          "Rest",
          "Attract",
          "Round",
          "Echoed Voice",
          "Charge Beam",
          "Payback",
          "Thunder Wave",
          "Psych Up",
          "Dream Eater",
          "Grass Knot",
          "Swagger",
          "Sleep Talk",
          "Substitute",
          "Wild Charge",
          "Confide"
        ],
        "tmMoves6": [
          "Calm Mind",
          "Toxic",
          "Hidden Power",
          "Sunny Day",
          "Ice Beam",
          "Blizzard",
          "Protect",
          "Rain Dance",
          "Safeguard",
          "Frustration",
          "Solar Beam",
          "Thunderbolt",
          "Thunder",
          "Return",
          "Dig",
          "Shadow Ball",
          "Double Team",
          "Facade",
          "Rest",
          "Attract",
          "Round",
          "Echoed Voice",
          "Charge Beam",
          "Payback",
          "Retaliate",
          "Flash",
          "Thunder Wave",
          "Psych Up",
          "Dream Eater",
          "Grass Knot",
          "Swagger",
          "Sleep Talk",
          "Substitute",
          "Wild Charge",
          "Secret Power",
          "Confide"
        ],
        "tmMoves5": [
          "Calm Mind",
          "Toxic",
          "Hidden Power",
          "Sunny Day",
          "Ice Beam",
          "Blizzard",
          "Protect",
          "Rain Dance",
          "Safeguard",
          "Frustration",
          "Solar Beam",
          "Thunderbolt",
          "Thunder",
          "Return",
          "Dig",
          "Shadow Ball",
          "Double Team",
          "Facade",
          "Rest",
          "Attract",
          "Round",
          "Echoed Voice",
          "Charge Beam",
          "Payback",
          "Retaliate",
          "Flash",
          "Thunder Wave",
          "Psych Up",
          "Work Up",
          "Dream Eater",
          "Grass Knot",
          "Swagger",
          "Substitute",
          "Wild Charge"
        ],
        "tmMoves4": [
          "Water Pulse",
          "Calm Mind",
          "Toxic",
          "Hidden Power",
          "Sunny Day",
          "Ice Beam",
          "Blizzard",
          "Protect",
          "Rain Dance",
          "Safeguard",
          "Frustration",
          "Solar Beam",
          "Iron Tail",
          "Thunderbolt",
          "Thunder",
          "Return",
          "Dig",
          "Shadow Ball",
          "Double Team",
          "Shock Wave",
          "Facade",
          "Secret Power",
          "Rest",
          "Attract",
          "Charge Beam",
          "Endure",
          "Payback",
          "Flash",
          "Thunder Wave",
          "Psych Up",
          "Captivate",
          "Sleep Talk",
          "Natural Gift",
          "Dream Eater",
          "Grass Knot",
          "Swagger",
          "Substitute"
        ],
        "tmMoves3": [
          "Water Pulse",
          "Calm Mind",
          "Toxic",
          "Hidden Power",
          "Sunny Day",
          "Ice Beam",
          "Blizzard",
          "Protect",
          "Rain Dance",
          "Safeguard",
          "Frustration",
          "Solar Beam",
          "Iron Tail",
          "Thunderbolt",
          "Thunder",
          "Return",
          "Dig",
          "Shadow Ball",
          "Double Team",
          "Shock Wave",
          "Facade",
          "Secret Power",
          "Rest",
          "Attract"
        ],
        "tmMoves2": [],
        "tmMoves1": [],
        "tmMoves": []
      },
      "abilities": {
        "abilities": [
          "CuteCharm",
          "Normalize"
        ],
        "hiddenAbilities": [
          "WonderSkin"
        ]
      },
      "movement": {
        "rideable": false,
        "canFly": false,
        "canSurf": false,
        "canRideShoulder": false
      },
      "aggression": {
        "timid": 80,
        "passive": 0,
        "aggressive": 20
      },
      "battleStats": {
        "hp": 50,
        "attack": 45,
        "defense": 45,
        "specialAttack": 35,
        "specialDefense": 35,
        "speed": 50
      },
      "tags": [],
      "spawn": {
        "baseExp": 65,
        "baseFriendship": 70,
        "spawnLevel": 2,
        "spawnLevelRange": 28,
        "spawnLocations": [
          "LAND"
        ]
      },
      "possibleGenders": [
        "MALE",
        "FEMALE"
      ],
      "genderProperties": [
        {
          "gender": "ALL",
          "palettes": [
            {
              "name": "none",
              "texture": "pixelmon:pokemon/300_skitty/all/base/none/texture.png",
              "sprite": "pixelmon:pokemon/300_skitty/all/base/none/sprite.png",
              "particle": "",
              "modelLocator": {
                "factoryType": "NORMAL",
                "pqc": [
                  "pixelmon:pokemon/300_skitty/all/base/none/model.pqc"
                ]
              },
              "sounds": [
                "pixelmon.mob.skitty",
                "pixelmon.mob.skitty",
                "pixelmon.mob.skitty"
              ]
            },
            {
              "name": "shiny",
              "texture": "pixelmon:pokemon/300_skitty/all/base/shiny/texture.png",
              "sprite": "pixelmon:pokemon/300_skitty/all/base/shiny/sprite.png",
              "particle": "arcanery:shiny"
            },
			{
              "name": "akuma",
              "texture": "pixelmon:pokemon/300_skitty/all/base/custom-akuma/texture.png",
              "sprite": "pixelmon:pokemon/300_skitty/all/base/custom-akuma/sprite.png",
              "particle": ""
            },
			{
              "name": "anubis",
              "texture": "pixelmon:pokemon/300_skitty/all/base/custom-anubis/texture.png",
              "sprite": "pixelmon:pokemon/300_skitty/all/base/custom-anubis/sprite.png",
              "particle": ""
            },
			{
              "name": "dark",
              "texture": "pixelmon:pokemon/300_skitty/all/base/custom-dark/texture.png",
              "sprite": "pixelmon:pokemon/300_skitty/all/base/custom-dark/sprite.png",
              "particle": ""
            },
			{
              "name": "halloween",
              "texture": "pixelmon:pokemon/300_skitty/all/base/custom-halloween/texture.png",
              "sprite": "pixelmon:pokemon/300_skitty/all/base/custom-halloween/sprite.png",
              "particle": ""
            },
			{
              "name": "insectoid",
              "texture": "pixelmon:pokemon/300_skitty/all/base/custom-insectoid/texture.png",
              "sprite": "pixelmon:pokemon/300_skitty/all/base/custom-insectoid/sprite.png",
              "particle": ""
            },
			{
              "name": "patchwork",
              "texture": "pixelmon:pokemon/300_skitty/all/base/custom-patchwork/texture.png",
              "sprite": "pixelmon:pokemon/300_skitty/all/base/custom-patchwork/sprite.png",
              "particle": ""
            },
			{
              "name": "purified 1",
              "texture": "pixelmon:pokemon/300_skitty/all/base/custom-purified1/texture.png",
              "sprite": "pixelmon:pokemon/300_skitty/all/base/custom-purified1/sprite.png",
              "particle": ""
            },
			{
              "name": "purified 2",
              "texture": "pixelmon:pokemon/300_skitty/all/base/custom-purified2/texture.png",
              "sprite": "pixelmon:pokemon/300_skitty/all/base/custom-purified2/sprite.png",
              "particle": ""
            },
			{
              "name": "shadow",
              "texture": "pixelmon:pokemon/300_skitty/all/base/custom-shadow/texture.png",
              "sprite": "pixelmon:pokemon/300_skitty/all/base/custom-shadow/sprite.png",
              "particle": ""
            },
			{
              "name": "spring",
              "texture": "pixelmon:pokemon/300_skitty/all/base/custom-spring/texture.png",
              "sprite": "pixelmon:pokemon/300_skitty/all/base/custom-spring/sprite.png",
              "particle": ""
            }
          ]
        }
      ],
      "eggGroups": [
        "FIELD",
        "FAIRY"
      ],
      "types": [
        "NORMAL"
      ],
      "preEvolutions": [],
      "defaultBaseForm": "",
      "megaItems": [],
      "megas": [],
      "gigantamax": {
        "canHaveFactor": false,
        "canGigantamax": false
      },
      "eggCycles": 16,
      "weight": 11.0,
      "catchRate": 255,
      "malePercentage": 0,
      "evolutions": [
        {
          "item": {
            "itemID": "pixelmon:moon_stone"
          },
          "to": "Delcatty",
          "conditions": [],
          "evoType": "interact"
        }
      ],
      "evYields": {
        "speed": 1
      }
    }
  ],
  "generation": 3
}
