{
  "name": "Electrike",
  "dex": 309,
  "defaultForms": [
    ""
  ],
  "forms": [
    {
      "name": "",
      "experienceGroup": "SLOW",
      "dimensions": {
        "height": 0.6,
        "width": 0.7,
        "length": 1,
        "eyeHeight": 0.6,
        "hoverHeight": 0.6
      },
      "moves": {
        "levelUpMoves": [
          {
            "level": 0,
            "attacks": [
              "Tackle",
              "Thunder Wave"
            ]
          },
          {
            "level": 4,
            "attacks": [
              "Leer"
            ]
          },
          {
            "level": 8,
            "attacks": [
              "Howl"
            ]
          },
          {
            "level": 12,
            "attacks": [
              "Quick Attack"
            ]
          },
          {
            "level": 16,
            "attacks": [
              "Shock Wave"
            ]
          },
          {
            "level": 20,
            "attacks": [
              "Bite"
            ]
          },
          {
            "level": 24,
            "attacks": [
              "Thunder Fang"
            ]
          },
          {
            "level": 28,
            "attacks": [
              "Roar"
            ]
          },
          {
            "level": 32,
            "attacks": [
              "Discharge"
            ]
          },
          {
            "level": 36,
            "attacks": [
              "Charge"
            ]
          },
          {
            "level": 40,
            "attacks": [
              "Wild Charge"
            ]
          },
          {
            "level": 44,
            "attacks": [
              "Thunder"
            ]
          }
        ],
        "tutorMoves": [
          "Rising Voltage"
        ],
        "eggMoves": [
          "Curse",
          "Headbutt",
          "Spark",
          "Switcheroo"
        ],
        "tmMoves8": [
          "Thunder Wave",
          "Light Screen",
          "Rest",
          "Thief",
          "Snore",
          "Protect",
          "Attract",
          "Rain Dance",
          "Facade",
          "Swift",
          "Thunder Fang",
          "Ice Fang",
          "Fire Fang",
          "Round",
          "Volt Switch",
          "Snarl",
          "Eerie Impulse"
        ],
        "trMoves": [
          "Body Slam",
          "Flamethrower",
          "Thunderbolt",
          "Thunder",
          "Agility",
          "Substitute",
          "Endure",
          "Sleep Talk",
          "Iron Tail",
          "Crunch",
          "Uproar",
          "Electro Ball",
          "Wild Charge",
          "Psychic Fangs"
        ],
        "hmMoves": [],
        "transferMoves": [
          "Captivate",
          "Charge Beam",
          "Confide",
          "Double Team",
          "Double-Edge",
          "Flame Burst",
          "Flash",
          "Frustration",
          "Hidden Power",
          "Magnet Rise",
          "Mimic",
          "Mud-Slap",
          "Natural Gift",
          "Odor Sleuth",
          "Return",
          "Secret Power",
          "Signal Beam",
          "Strength",
          "Swagger",
          "Toxic"
        ],
        "tmMoves7": [
          "Roar",
          "Toxic",
          "Hidden Power",
          "Light Screen",
          "Protect",
          "Rain Dance",
          "Frustration",
          "Thunderbolt",
          "Thunder",
          "Return",
          "Double Team",
          "Flamethrower",
          "Facade",
          "Rest",
          "Attract",
          "Thief",
          "Round",
          "Charge Beam",
          "Volt Switch",
          "Thunder Wave",
          "Swagger",
          "Sleep Talk",
          "Substitute",
          "Wild Charge",
          "Snarl",
          "Confide"
        ],
        "tmMoves6": [
          "Roar",
          "Toxic",
          "Hidden Power",
          "Light Screen",
          "Protect",
          "Rain Dance",
          "Frustration",
          "Thunderbolt",
          "Thunder",
          "Return",
          "Double Team",
          "Flamethrower",
          "Facade",
          "Rest",
          "Attract",
          "Thief",
          "Round",
          "Charge Beam",
          "Flash",
          "Volt Switch",
          "Thunder Wave",
          "Swagger",
          "Sleep Talk",
          "Substitute",
          "Wild Charge",
          "Secret Power",
          "Snarl",
          "Confide"
        ],
        "tmMoves5": [
          "Roar",
          "Toxic",
          "Hidden Power",
          "Light Screen",
          "Protect",
          "Rain Dance",
          "Frustration",
          "Thunderbolt",
          "Thunder",
          "Return",
          "Double Team",
          "Flamethrower",
          "Facade",
          "Rest",
          "Attract",
          "Thief",
          "Round",
          "Charge Beam",
          "Flash",
          "Volt Switch",
          "Thunder Wave",
          "Swagger",
          "Substitute",
          "Wild Charge",
          "Snarl"
        ],
        "tmMoves4": [
          "Roar",
          "Toxic",
          "Hidden Power",
          "Light Screen",
          "Protect",
          "Rain Dance",
          "Frustration",
          "Iron Tail",
          "Thunderbolt",
          "Thunder",
          "Return",
          "Double Team",
          "Shock Wave",
          "Flamethrower",
          "Facade",
          "Secret Power",
          "Rest",
          "Attract",
          "Thief",
          "Charge Beam",
          "Endure",
          "Flash",
          "Thunder Wave",
          "Captivate",
          "Sleep Talk",
          "Natural Gift",
          "Swagger",
          "Substitute"
        ],
        "tmMoves3": [
          "Roar",
          "Toxic",
          "Hidden Power",
          "Protect",
          "Rain Dance",
          "Frustration",
          "Iron Tail",
          "Thunderbolt",
          "Thunder",
          "Return",
          "Double Team",
          "Shock Wave",
          "Facade",
          "Secret Power",
          "Rest",
          "Attract",
          "Thief"
        ],
        "tmMoves2": [],
        "tmMoves1": [],
        "tmMoves": []
      },
      "abilities": {
        "abilities": [
          "Static",
          "LightningRod"
        ],
        "hiddenAbilities": [
          "Minus"
        ]
      },
      "movement": {
        "rideable": false,
        "canFly": false,
        "canSurf": false,
        "canRideShoulder": false
      },
      "aggression": {
        "timid": 80,
        "passive": 0,
        "aggressive": 20
      },
      "battleStats": {
        "hp": 40,
        "attack": 45,
        "defense": 40,
        "specialAttack": 65,
        "specialDefense": 40,
        "speed": 65
      },
      "tags": [],
      "spawn": {
        "baseExp": 104,
        "baseFriendship": 70,
        "spawnLevel": 10,
        "spawnLevelRange": 15,
        "spawnLocations": [
          "LAND"
        ]
      },
      "possibleGenders": [
        "MALE",
        "FEMALE"
      ],
      "genderProperties": [
        {
          "gender": "ALL",
          "palettes": [
            {
              "name": "none",
              "texture": "pixelmon:pokemon/309_electrike/all/base/none/texture.png",
              "sprite": "pixelmon:pokemon/309_electrike/all/base/none/sprite.png",
              "particle": "",
              "modelLocator": {
                "factoryType": "NORMAL",
                "pqc": [
                  "pixelmon:pokemon/309_electrike/all/base/none/model.pqc"
                ]
              },
              "sounds": []
            },
            {
              "name": "shiny",
              "texture": "pixelmon:pokemon/309_electrike/all/base/shiny/texture.png",
              "sprite": "pixelmon:pokemon/309_electrike/all/base/shiny/sprite.png",
              "particle": "arcanery:shiny"
            },
			{
              "name": "anubis",
              "texture": "pixelmon:pokemon/309_electrike/all/base/custom-anubis/texture.png",
              "sprite": "pixelmon:pokemon/309_electrike/all/base/custom-anubis/sprite.png",
              "particle": ""
            },
			{
              "name": "heroic",
              "texture": "pixelmon:pokemon/309_electrike/all/base/custom-heroic/texture.png",
              "sprite": "pixelmon:pokemon/309_electrike/all/base/custom-heroic/sprite.png",
              "particle": ""
            },
			{
              "name": "shadow",
              "texture": "pixelmon:pokemon/309_electrike/all/base/custom-shadow/texture.png",
              "sprite": "pixelmon:pokemon/309_electrike/all/base/custom-shadow/sprite.png",
              "particle": ""
            }
          ]
        }
      ],
      "eggGroups": [
        "FIELD"
      ],
      "types": [
        "ELECTRIC"
      ],
      "preEvolutions": [],
      "defaultBaseForm": "",
      "megaItems": [],
      "megas": [],
      "gigantamax": {
        "canHaveFactor": false,
        "canGigantamax": false
      },
      "eggCycles": 21,
      "weight": 15.2,
      "catchRate": 120,
      "malePercentage": 0,
      "evolutions": [
        {
          "level": 26,
          "to": "Manectric",
          "conditions": [],
          "evoType": "leveling"
        }
      ],
      "evYields": {
        "speed": 1
      }
    }
  ],
  "generation": 3
}
