{
  "name": "Minun",
  "dex": 312,
  "defaultForms": [
    ""
  ],
  "forms": [
    {
      "name": "",
      "experienceGroup": "MEDIUM_FAST",
      "dimensions": {
        "height": 0.6,
        "width": 0.4,
        "length": 1,
        "eyeHeight": 0.6,
        "hoverHeight": 0.6
      },
      "moves": {
        "levelUpMoves": [
          {
            "level": 0,
            "attacks": [
              "Growl",
              "Nuzzle",
              "Play Nice",
              "Quick Attack",
              "Thunder Wave"
            ]
          },
          {
            "level": 4,
            "attacks": [
              "Helping Hand"
            ]
          },
          {
            "level": 7,
            "attacks": [
              "Spark"
            ]
          },
          {
            "level": 10,
            "attacks": [
              "Encore"
            ]
          },
          {
            "level": 13,
            "attacks": [
              "Switcheroo"
            ]
          },
          {
            "level": 16,
            "attacks": [
              "Swift"
            ]
          },
          {
            "level": 19,
            "attacks": [
              "Electro Ball"
            ]
          },
          {
            "level": 22,
            "attacks": [
              "Copycat"
            ]
          },
          {
            "level": 25,
            "attacks": [
              "Fake Tears"
            ]
          },
          {
            "level": 28,
            "attacks": [
              "Charge"
            ]
          },
          {
            "level": 31,
            "attacks": [
              "Discharge"
            ]
          },
          {
            "level": 34,
            "attacks": [
              "Baton Pass"
            ]
          },
          {
            "level": 37,
            "attacks": [
              "Agility"
            ]
          },
          {
            "level": 40,
            "attacks": [
              "Trump Card"
            ]
          },
          {
            "level": 43,
            "attacks": [
              "Thunder"
            ]
          },
          {
            "level": 46,
            "attacks": [
              "Nasty Plot"
            ]
          },
          {
            "level": 49,
            "attacks": [
              "Entrainment"
            ]
          }
        ],
        "tutorMoves": [
          "Covet",
          "Electroweb",
          "Helping Hand",
          "Iron Tail",
          "Last Resort",
          "Magnet Rise",
          "Shock Wave",
          "Signal Beam",
          "Snore",
          "Thunder Punch",
          "Uproar"
        ],
        "eggMoves": [
          "Charm",
          "Discharge",
          "Fake Tears",
          "Lucky Chant",
          "Sing",
          "Sweet Kiss",
          "Tearful Look",
          "Wish"
        ],
        "tmMoves8": [],
        "trMoves": [],
        "hmMoves": [],
        "transferMoves": [
          "Body Slam",
          "Captivate",
          "Counter",
          "Defense Curl",
          "Double-Edge",
          "Dynamic Punch",
          "Endure",
          "Flash",
          "Headbutt",
          "Mega Kick",
          "Mega Punch",
          "Metronome",
          "Mimic",
          "Mud Sport",
          "Mud-Slap",
          "Natural Gift",
          "Rollout",
          "Secret Power",
          "Seismic Toss"
        ],
        "tmMoves7": [
          "Toxic",
          "Hidden Power",
          "Light Screen",
          "Protect",
          "Rain Dance",
          "Frustration",
          "Thunderbolt",
          "Thunder",
          "Return",
          "Double Team",
          "Facade",
          "Rest",
          "Attract",
          "Round",
          "Echoed Voice",
          "Fling",
          "Charge Beam",
          "Volt Switch",
          "Thunder Wave",
          "Grass Knot",
          "Swagger",
          "Sleep Talk",
          "Substitute",
          "Wild Charge",
          "Confide"
        ],
        "tmMoves6": [
          "Toxic",
          "Hidden Power",
          "Light Screen",
          "Protect",
          "Rain Dance",
          "Frustration",
          "Thunderbolt",
          "Thunder",
          "Return",
          "Double Team",
          "Facade",
          "Rest",
          "Attract",
          "Round",
          "Echoed Voice",
          "Fling",
          "Charge Beam",
          "Flash",
          "Volt Switch",
          "Thunder Wave",
          "Grass Knot",
          "Swagger",
          "Sleep Talk",
          "Substitute",
          "Wild Charge",
          "Secret Power",
          "Confide"
        ],
        "tmMoves5": [
          "Toxic",
          "Hidden Power",
          "Light Screen",
          "Protect",
          "Rain Dance",
          "Frustration",
          "Thunderbolt",
          "Thunder",
          "Return",
          "Double Team",
          "Facade",
          "Rest",
          "Attract",
          "Round",
          "Echoed Voice",
          "Fling",
          "Charge Beam",
          "Flash",
          "Volt Switch",
          "Thunder Wave",
          "Grass Knot",
          "Swagger",
          "Substitute",
          "Wild Charge"
        ],
        "tmMoves4": [
          "Toxic",
          "Hidden Power",
          "Light Screen",
          "Protect",
          "Rain Dance",
          "Frustration",
          "Iron Tail",
          "Thunderbolt",
          "Thunder",
          "Return",
          "Double Team",
          "Shock Wave",
          "Facade",
          "Secret Power",
          "Rest",
          "Attract",
          "Fling",
          "Charge Beam",
          "Endure",
          "Flash",
          "Thunder Wave",
          "Captivate",
          "Sleep Talk",
          "Natural Gift",
          "Grass Knot",
          "Swagger",
          "Substitute"
        ],
        "tmMoves3": [
          "Toxic",
          "Hidden Power",
          "Light Screen",
          "Protect",
          "Rain Dance",
          "Frustration",
          "Iron Tail",
          "Thunderbolt",
          "Thunder",
          "Return",
          "Double Team",
          "Shock Wave",
          "Facade",
          "Secret Power",
          "Rest",
          "Attract"
        ],
        "tmMoves2": [],
        "tmMoves1": [],
        "tmMoves": []
      },
      "abilities": {
        "abilities": [
          "Minus"
        ],
        "hiddenAbilities": [
          "VoltAbsorb"
        ]
      },
      "movement": {
        "rideable": false,
        "canFly": false,
        "canSurf": false,
        "canRideShoulder": false
      },
      "aggression": {
        "timid": 80,
        "passive": 0,
        "aggressive": 20
      },
      "battleStats": {
        "hp": 60,
        "attack": 40,
        "defense": 50,
        "specialAttack": 75,
        "specialDefense": 85,
        "speed": 95
      },
      "tags": [],
      "spawn": {
        "baseExp": 120,
        "baseFriendship": 70,
        "spawnLevel": 5,
        "spawnLevelRange": 15,
        "spawnLocations": [
          "LAND"
        ]
      },
      "possibleGenders": [
        "MALE",
        "FEMALE"
      ],
      "genderProperties": [
        {
          "gender": "ALL",
          "palettes": [
            {
              "name": "none",
              "texture": "pixelmon:pokemon/312_minun/all/base/none/texture.png",
              "sprite": "pixelmon:pokemon/312_minun/all/base/none/sprite.png",
              "particle": "",
              "modelLocator": {
                "factoryType": "NORMAL",
                "pqc": [
                  "pixelmon:pokemon/312_minun/all/base/none/model.pqc"
                ]
              },
              "sounds": [
                "pixelmon.mob.minun",
                "pixelmon.mob.minun",
                "pixelmon.mob.minun"
              ]
            },
            {
              "name": "shiny",
              "texture": "pixelmon:pokemon/312_minun/all/base/shiny/texture.png",
              "sprite": "pixelmon:pokemon/312_minun/all/base/shiny/sprite.png",
              "particle": "arcanery:shiny"
            },
			{
              "name": "christmas",
              "texture": "pixelmon:pokemon/312_minun/all/base/custom-christmas/texture.png",
              "sprite": "pixelmon:pokemon/312_minun/all/base/custom-christmas/sprite.png",
              "particle": ""
            },
			{
              "name": "easter",
              "texture": "pixelmon:pokemon/312_minun/all/base/custom-easter/texture.png",
              "sprite": "pixelmon:pokemon/312_minun/all/base/custom-easter/sprite.png",
              "particle": ""
            },
			{
              "name": "shadow",
              "texture": "pixelmon:pokemon/312_minun/all/base/custom-shadow/texture.png",
              "sprite": "pixelmon:pokemon/312_minun/all/base/custom-shadow/sprite.png",
              "particle": ""
            }
          ]
        }
      ],
      "eggGroups": [
        "FAIRY"
      ],
      "types": [
        "ELECTRIC"
      ],
      "preEvolutions": [],
      "defaultBaseForm": "",
      "megaItems": [],
      "megas": [],
      "gigantamax": {
        "canHaveFactor": false,
        "canGigantamax": false
      },
      "eggCycles": 21,
      "weight": 4.2,
      "catchRate": 200,
      "malePercentage": 0,
      "evolutions": [],
      "evYields": {
        "speed": 1
      }
    }
  ],
  "generation": 3
}
