{
  "name": "Illumise",
  "dex": 314,
  "defaultForms": [
    ""
  ],
  "forms": [
    {
      "name": "",
      "experienceGroup": "FLUCTUATING",
      "dimensions": {
        "height": 0.9,
        "width": 0.7,
        "length": 1,
        "eyeHeight": 0.9,
        "hoverHeight": 0.9
      },
      "moves": {
        "levelUpMoves": [
          {
            "level": 0,
            "attacks": [
              "Play Nice",
              "Tackle"
            ]
          },
          {
            "level": 5,
            "attacks": [
              "Sweet Scent"
            ]
          },
          {
            "level": 9,
            "attacks": [
              "Charm"
            ]
          },
          {
            "level": 12,
            "attacks": [
              "Quick Attack"
            ]
          },
          {
            "level": 15,
            "attacks": [
              "Struggle Bug"
            ]
          },
          {
            "level": 19,
            "attacks": [
              "Moonlight"
            ]
          },
          {
            "level": 22,
            "attacks": [
              "Wish"
            ]
          },
          {
            "level": 26,
            "attacks": [
              "Encore"
            ]
          },
          {
            "level": 29,
            "attacks": [
              "Flatter"
            ]
          },
          {
            "level": 33,
            "attacks": [
              "Zen Headbutt"
            ]
          },
          {
            "level": 36,
            "attacks": [
              "Helping Hand"
            ]
          },
          {
            "level": 40,
            "attacks": [
              "Bug Buzz"
            ]
          },
          {
            "level": 43,
            "attacks": [
              "Play Rough"
            ]
          },
          {
            "level": 47,
            "attacks": [
              "Covet"
            ]
          },
          {
            "level": 50,
            "attacks": [
              "Infestation"
            ]
          }
        ],
        "tutorMoves": [
          "Bug Bite",
          "Covet",
          "Defog",
          "Focus Punch",
          "Giga Drain",
          "Helping Hand",
          "Ice Punch",
          "Shock Wave",
          "Snore",
          "Tailwind",
          "Thunder Punch",
          "Water Pulse",
          "Zen Headbutt"
        ],
        "eggMoves": [
          "Aromatherapy",
          "Baton Pass",
          "Bug Buzz",
          "Captivate",
          "Confuse Ray",
          "Encore",
          "Fake Tears",
          "Growth",
          "Silver Wind"
        ],
        "tmMoves8": [],
        "trMoves": [],
        "hmMoves": [],
        "transferMoves": [
          "Air Cutter",
          "Body Slam",
          "Counter",
          "Double-Edge",
          "Dynamic Punch",
          "Endure",
          "Flash",
          "Mega Kick",
          "Mega Punch",
          "Metronome",
          "Mimic",
          "Mud-Slap",
          "Natural Gift",
          "Ominous Wind",
          "Power-Up Punch",
          "Secret Power",
          "Seismic Toss",
          "String Shot",
          "Swift"
        ],
        "tmMoves7": [
          "Toxic",
          "Hidden Power",
          "Sunny Day",
          "Light Screen",
          "Protect",
          "Rain Dance",
          "Roost",
          "Frustration",
          "Solar Beam",
          "Thunderbolt",
          "Thunder",
          "Return",
          "Shadow Ball",
          "Brick Break",
          "Double Team",
          "Aerial Ace",
          "Facade",
          "Rest",
          "Attract",
          "Thief",
          "Round",
          "Fling",
          "Charge Beam",
          "Acrobatics",
          "Thunder Wave",
          "Psych Up",
          "Infestation",
          "Swagger",
          "Sleep Talk",
          "U-turn",
          "Substitute",
          "Dazzling Gleam",
          "Confide"
        ],
        "tmMoves6": [
          "Toxic",
          "Hidden Power",
          "Sunny Day",
          "Light Screen",
          "Protect",
          "Rain Dance",
          "Roost",
          "Frustration",
          "Solar Beam",
          "Thunderbolt",
          "Thunder",
          "Return",
          "Shadow Ball",
          "Brick Break",
          "Double Team",
          "Aerial Ace",
          "Facade",
          "Rest",
          "Attract",
          "Thief",
          "Round",
          "Fling",
          "Charge Beam",
          "Acrobatics",
          "Flash",
          "Thunder Wave",
          "Struggle Bug",
          "Psych Up",
          "Swagger",
          "Sleep Talk",
          "U-turn",
          "Substitute",
          "Secret Power",
          "Power-Up Punch",
          "Dazzling Gleam",
          "Confide"
        ],
        "tmMoves5": [
          "Toxic",
          "Hidden Power",
          "Sunny Day",
          "Light Screen",
          "Protect",
          "Rain Dance",
          "Frustration",
          "Solar Beam",
          "Thunderbolt",
          "Thunder",
          "Return",
          "Shadow Ball",
          "Brick Break",
          "Double Team",
          "Aerial Ace",
          "Facade",
          "Rest",
          "Attract",
          "Thief",
          "Round",
          "Fling",
          "Charge Beam",
          "Acrobatics",
          "Flash",
          "Thunder Wave",
          "Struggle Bug",
          "Psych Up",
          "Swagger",
          "U-turn",
          "Substitute"
        ],
        "tmMoves4": [
          "Focus Punch",
          "Water Pulse",
          "Toxic",
          "Hidden Power",
          "Sunny Day",
          "Light Screen",
          "Protect",
          "Rain Dance",
          "Giga Drain",
          "Frustration",
          "Solar Beam",
          "Thunderbolt",
          "Thunder",
          "Return",
          "Shadow Ball",
          "Brick Break",
          "Double Team",
          "Shock Wave",
          "Aerial Ace",
          "Facade",
          "Secret Power",
          "Rest",
          "Attract",
          "Thief",
          "Roost",
          "Fling",
          "Charge Beam",
          "Endure",
          "Silver Wind",
          "Flash",
          "Thunder Wave",
          "Psych Up",
          "Captivate",
          "Sleep Talk",
          "Natural Gift",
          "Swagger",
          "U-turn",
          "Substitute"
        ],
        "tmMoves3": [
          "Focus Punch",
          "Water Pulse",
          "Toxic",
          "Hidden Power",
          "Sunny Day",
          "Light Screen",
          "Protect",
          "Rain Dance",
          "Giga Drain",
          "Frustration",
          "Solar Beam",
          "Thunderbolt",
          "Thunder",
          "Return",
          "Shadow Ball",
          "Brick Break",
          "Double Team",
          "Shock Wave",
          "Aerial Ace",
          "Facade",
          "Secret Power",
          "Rest",
          "Attract",
          "Thief"
        ],
        "tmMoves2": [],
        "tmMoves1": [],
        "tmMoves": []
      },
      "abilities": {
        "abilities": [
          "Oblivious",
          "TintedLens"
        ],
        "hiddenAbilities": [
          "Prankster"
        ]
      },
      "movement": {
        "rideable": false,
        "canFly": false,
        "canSurf": false,
        "canRideShoulder": false
      },
      "aggression": {
        "timid": 80,
        "passive": 0,
        "aggressive": 20
      },
      "battleStats": {
        "hp": 65,
        "attack": 47,
        "defense": 75,
        "specialAttack": 73,
        "specialDefense": 85,
        "speed": 85
      },
      "tags": [],
      "spawn": {
        "baseExp": 146,
        "baseFriendship": 70,
        "spawnLevel": 10,
        "spawnLevelRange": 5,
        "spawnLocations": [
          "LAND"
        ]
      },
      "possibleGenders": [
        "MALE",
        "FEMALE"
      ],
      "genderProperties": [
        {
          "gender": "ALL",
          "palettes": [
            {
              "name": "none",
              "texture": "pixelmon:pokemon/314_illumise/all/base/none/texture.png",
              "sprite": "pixelmon:pokemon/314_illumise/all/base/none/sprite.png",
              "particle": "",
              "modelLocator": {
                "factoryType": "NORMAL",
                "pqc": [
                  "pixelmon:pokemon/314_illumise/all/base/none/model.pqc"
                ]
              },
              "sounds": []
            },
            {
              "name": "shiny",
              "texture": "pixelmon:pokemon/314_illumise/all/base/shiny/texture.png",
              "sprite": "pixelmon:pokemon/314_illumise/all/base/shiny/sprite.png",
              "particle": "arcanery:shiny"
            }
          ]
        }
      ],
      "eggGroups": [
        "BUG",
        "HUMAN_LIKE"
      ],
      "types": [
        "BUG"
      ],
      "preEvolutions": [],
      "defaultBaseForm": "",
      "megaItems": [],
      "megas": [],
      "gigantamax": {
        "canHaveFactor": false,
        "canGigantamax": false
      },
      "eggCycles": 16,
      "weight": 17.7,
      "catchRate": 150,
      "malePercentage": 0,
      "evolutions": [],
      "evYields": {
        "speed": 1
      }
    }
  ],
  "generation": 3
}
