{
  "name": "Roselia",
  "dex": 315,
  "defaultForms": [
    ""
  ],
  "forms": [
    {
      "name": "",
      "experienceGroup": "MEDIUM_SLOW",
      "dimensions": {
        "height": 0.5,
        "width": 0.5,
        "length": 1,
        "eyeHeight": 0.5,
        "hoverHeight": 0.5
      },
      "moves": {
        "levelUpMoves": [
          {
            "level": 0,
            "attacks": [
              "Absorb",
              "Growth",
              "Poison Sting",
              "Stun Spore",
              "Worry Seed"
            ]
          },
          {
            "level": 5,
            "attacks": [
              "Mega Drain"
            ]
          },
          {
            "level": 10,
            "attacks": [
              "Leech Seed"
            ]
          },
          {
            "level": 15,
            "attacks": [
              "Magical Leaf"
            ]
          },
          {
            "level": 20,
            "attacks": [
              "Toxic Spikes"
            ]
          },
          {
            "level": 25,
            "attacks": [
              "Sweet Scent"
            ]
          },
          {
            "level": 30,
            "attacks": [
              "Giga Drain"
            ]
          },
          {
            "level": 35,
            "attacks": [
              "Synthesis"
            ]
          },
          {
            "level": 40,
            "attacks": [
              "Toxic"
            ]
          },
          {
            "level": 45,
            "attacks": [
              "Petal Blizzard"
            ]
          },
          {
            "level": 50,
            "attacks": [
              "Aromatherapy"
            ]
          },
          {
            "level": 55,
            "attacks": [
              "Ingrain"
            ]
          },
          {
            "level": 60,
            "attacks": [
              "Petal Dance"
            ]
          }
        ],
        "tutorMoves": [
          "Grassy Glide"
        ],
        "eggMoves": [
          "Cotton Spore",
          "Extrasensory",
          "Life Dew",
          "Razor Leaf",
          "Sleep Powder"
        ],
        "tmMoves8": [
          "Pin Missile",
          "Magical Leaf",
          "Solar Beam",
          "Rest",
          "Snore",
          "Protect",
          "Giga Drain",
          "Attract",
          "Rain Dance",
          "Sunny Day",
          "Facade",
          "Swift",
          "Weather Ball",
          "Bullet Seed",
          "Venoshock",
          "Round"
        ],
        "trMoves": [
          "Swords Dance",
          "Body Slam",
          "Substitute",
          "Sludge Bomb",
          "Spikes",
          "Endure",
          "Sleep Talk",
          "Shadow Ball",
          "Uproar",
          "Toxic Spikes",
          "Poison Jab",
          "Seed Bomb",
          "Energy Ball",
          "Leaf Storm",
          "Power Whip",
          "Grass Knot",
          "Dazzling Gleam"
        ],
        "hmMoves": [],
        "transferMoves": [
          "Captivate",
          "Confide",
          "Covet",
          "Cut",
          "Double Team",
          "Double-Edge",
          "Flash",
          "Frustration",
          "Fury Cutter",
          "Grass Whistle",
          "Hidden Power",
          "Mimic",
          "Mind Reader",
          "Mud-Slap",
          "Natural Gift",
          "Nature Power",
          "Nightmare",
          "Psych Up",
          "Return",
          "Secret Power",
          "Swagger",
          "Sweet Kiss",
          "Water Sport"
        ],
        "tmMoves7": [
          "Toxic",
          "Venoshock",
          "Hidden Power",
          "Sunny Day",
          "Protect",
          "Rain Dance",
          "Frustration",
          "Solar Beam",
          "Return",
          "Shadow Ball",
          "Double Team",
          "Sludge Bomb",
          "Facade",
          "Rest",
          "Attract",
          "Round",
          "Energy Ball",
          "Swords Dance",
          "Psych Up",
          "Poison Jab",
          "Grass Knot",
          "Swagger",
          "Sleep Talk",
          "Substitute",
          "Nature Power",
          "Dazzling Gleam",
          "Confide"
        ],
        "tmMoves6": [
          "Toxic",
          "Venoshock",
          "Hidden Power",
          "Sunny Day",
          "Protect",
          "Rain Dance",
          "Frustration",
          "Solar Beam",
          "Return",
          "Shadow Ball",
          "Double Team",
          "Sludge Bomb",
          "Facade",
          "Rest",
          "Attract",
          "Round",
          "Energy Ball",
          "Flash",
          "Swords Dance",
          "Psych Up",
          "Poison Jab",
          "Grass Knot",
          "Swagger",
          "Sleep Talk",
          "Substitute",
          "Secret Power",
          "Nature Power",
          "Dazzling Gleam",
          "Confide"
        ],
        "tmMoves5": [
          "Toxic",
          "Venoshock",
          "Hidden Power",
          "Sunny Day",
          "Protect",
          "Rain Dance",
          "Frustration",
          "Solar Beam",
          "Return",
          "Shadow Ball",
          "Double Team",
          "Sludge Bomb",
          "Facade",
          "Rest",
          "Attract",
          "Round",
          "Energy Ball",
          "Flash",
          "Swords Dance",
          "Psych Up",
          "Poison Jab",
          "Grass Knot",
          "Swagger",
          "Substitute"
        ],
        "tmMoves4": [
          "Toxic",
          "Bullet Seed",
          "Hidden Power",
          "Sunny Day",
          "Protect",
          "Rain Dance",
          "Giga Drain",
          "Frustration",
          "Solar Beam",
          "Return",
          "Shadow Ball",
          "Double Team",
          "Sludge Bomb",
          "Facade",
          "Secret Power",
          "Rest",
          "Attract",
          "Energy Ball",
          "Endure",
          "Flash",
          "Swords Dance",
          "Psych Up",
          "Captivate",
          "Sleep Talk",
          "Natural Gift",
          "Poison Jab",
          "Grass Knot",
          "Swagger",
          "Substitute"
        ],
        "tmMoves3": [
          "Toxic",
          "Bullet Seed",
          "Hidden Power",
          "Sunny Day",
          "Protect",
          "Giga Drain",
          "Frustration",
          "Solar Beam",
          "Return",
          "Shadow Ball",
          "Double Team",
          "Sludge Bomb",
          "Facade",
          "Secret Power",
          "Rest",
          "Attract"
        ],
        "tmMoves2": [],
        "tmMoves1": [],
        "tmMoves": []
      },
      "abilities": {
        "abilities": [
          "NaturalCure",
          "PoisonPoint"
        ],
        "hiddenAbilities": [
          "LeafGuard"
        ]
      },
      "movement": {
        "rideable": false,
        "canFly": false,
        "canSurf": false,
        "canRideShoulder": false
      },
      "aggression": {
        "timid": 80,
        "passive": 0,
        "aggressive": 20
      },
      "battleStats": {
        "hp": 50,
        "attack": 60,
        "defense": 45,
        "specialAttack": 100,
        "specialDefense": 80,
        "speed": 65
      },
      "tags": [],
      "spawn": {
        "baseExp": 152,
        "baseFriendship": 70,
        "spawnLevel": 12,
        "spawnLevelRange": 13,
        "spawnLocations": [
          "LAND"
        ]
      },
      "possibleGenders": [
        "MALE",
        "FEMALE"
      ],
      "genderProperties": [
        {
          "gender": "ALL",
          "palettes": [
            {
              "name": "none",
              "texture": "pixelmon:pokemon/315_roselia/all/base/none/texture.png",
              "sprite": "pixelmon:pokemon/315_roselia/all/base/none/sprite.png",
              "particle": "",
              "modelLocator": {
                "factoryType": "NORMAL",
                "pqc": [
                  "pixelmon:pokemon/315_roselia/all/base/none/model.pqc"
                ]
              },
              "sounds": []
            },
            {
              "name": "shiny",
              "texture": "pixelmon:pokemon/315_roselia/all/base/shiny/texture.png",
              "sprite": "pixelmon:pokemon/315_roselia/all/base/shiny/sprite.png",
              "particle": "arcanery:shiny"
            },
			{
              "name": "alluring 1",
              "texture": "pixelmon:pokemon/315_roselia/all/base/custom-alluring1/texture.png",
              "sprite": "pixelmon:pokemon/315_roselia/all/base/custom-alluring1/sprite.png",
              "particle": ""
            },
			{
              "name": "alluring 2",
              "texture": "pixelmon:pokemon/315_roselia/all/base/custom-alluring2/texture.png",
              "sprite": "pixelmon:pokemon/315_roselia/all/base/custom-alluring2/sprite.png",
              "particle": ""
            },
			{
              "name": "arctic",
              "texture": "pixelmon:pokemon/315_roselia/all/base/custom-arctic/texture.png",
              "sprite": "pixelmon:pokemon/315_roselia/all/base/custom-arctic/sprite.png",
              "particle": ""
            },
			{
              "name": "black and white",
              "texture": "pixelmon:pokemon/315_roselia/all/base/custom-black-white/texture.png",
              "sprite": "pixelmon:pokemon/315_roselia/all/base/custom-black-white/sprite.png",
              "particle": ""
            },
			{
              "name": "halloween",
              "texture": "pixelmon:pokemon/315_roselia/all/base/custom-halloween/texture.png",
              "sprite": "pixelmon:pokemon/315_roselia/all/base/custom-halloween/sprite.png",
              "particle": ""
            },
			{
              "name": "shadow",
              "texture": "pixelmon:pokemon/315_roselia/all/base/custom-shadow/texture.png",
              "sprite": "pixelmon:pokemon/315_roselia/all/base/custom-shadow/sprite.png",
              "particle": ""
            },
			{
              "name": "valentines 1",
              "texture": "pixelmon:pokemon/315_roselia/all/base/custom-val1/texture.png",
              "sprite": "pixelmon:pokemon/315_roselia/all/base/custom-val1/sprite.png",
              "particle": ""
            },
			{
              "name": "valentines 2",
              "texture": "pixelmon:pokemon/315_roselia/all/base/custom-val2/texture.png",
              "sprite": "pixelmon:pokemon/315_roselia/all/base/custom-val2/sprite.png",
              "particle": ""
            }
          ]
        }
      ],
      "eggGroups": [
        "FAIRY",
        "GRASS"
      ],
      "types": [
        "GRASS",
        "POISON"
      ],
      "preEvolutions": [
        "Budew"
      ],
      "defaultBaseForm": "",
      "megaItems": [],
      "megas": [],
      "gigantamax": {
        "canHaveFactor": false,
        "canGigantamax": false
      },
      "eggCycles": 21,
      "weight": 2.0,
      "catchRate": 150,
      "malePercentage": 0,
      "evolutions": [
        {
          "item": {
            "itemID": "pixelmon:shiny_stone"
          },
          "to": "Roserade",
          "conditions": [],
          "evoType": "interact"
        }
      ],
      "evYields": {
        "specialAttack": 2
      }
    }
  ],
  "generation": 3
}
