{
  "name": "Camerupt",
  "dex": 323,
  "defaultForms": [
    ""
  ],
  "forms": [
    {
      "name": "",
      "experienceGroup": "MEDIUM_FAST",
      "dimensions": {
        "height": 1.3,
        "width": 1.2,
        "length": 1,
        "eyeHeight": 1.3,
        "hoverHeight": 1.3
      },
      "moves": {
        "levelUpMoves": [
          {
            "level": 0,
            "attacks": [
              "Ember",
              "Eruption",
              "Fissure",
              "Focus Energy",
              "Growl",
              "Rock Slide",
              "Tackle"
            ]
          },
          {
            "level": 5,
            "attacks": [
              "Ember"
            ]
          },
          {
            "level": 8,
            "attacks": [
              "Focus Energy"
            ]
          },
          {
            "level": 12,
            "attacks": [
              "Magnitude"
            ]
          },
          {
            "level": 15,
            "attacks": [
              "Flame Burst"
            ]
          },
          {
            "level": 19,
            "attacks": [
              "Amnesia"
            ]
          },
          {
            "level": 22,
            "attacks": [
              "Lava Plume"
            ]
          },
          {
            "level": 26,
            "attacks": [
              "Earth Power"
            ]
          },
          {
            "level": 29,
            "attacks": [
              "Curse"
            ]
          },
          {
            "level": 31,
            "attacks": [
              "Take Down"
            ]
          },
          {
            "level": 39,
            "attacks": [
              "Yawn"
            ]
          },
          {
            "level": 46,
            "attacks": [
              "Earthquake"
            ]
          },
          {
            "level": 52,
            "attacks": [
              "Eruption"
            ]
          },
          {
            "level": 59,
            "attacks": [
              "Fissure"
            ]
          }
        ],
        "tutorMoves": [
          "After You",
          "Earth Power",
          "Heat Wave",
          "Iron Head",
          "Snore",
          "Stealth Rock",
          "Stomping Tantrum"
        ],
        "eggMoves": [
          "Ancient Power",
          "Body Slam",
          "Defense Curl",
          "Endure",
          "Growth",
          "Heat Wave",
          "Heavy Slam",
          "Howl",
          "Iron Head",
          "Mud Bomb",
          "Rollout",
          "Scary Face",
          "Spit Up",
          "Stockpile",
          "Stomp",
          "Swallow",
          "Yawn"
        ],
        "tmMoves8": [],
        "trMoves": [],
        "hmMoves": [],
        "transferMoves": [
          "Captivate",
          "Charm",
          "Dig",
          "Headbutt",
          "Incinerate",
          "Mimic",
          "Mud-Slap",
          "Natural Gift",
          "Rock Smash",
          "Secret Power",
          "Self-Destruct",
          "Strength"
        ],
        "tmMoves7": [
          "Roar",
          "Toxic",
          "Hidden Power",
          "Sunny Day",
          "Hyper Beam",
          "Protect",
          "Frustration",
          "Solar Beam",
          "Earthquake",
          "Return",
          "Double Team",
          "Flamethrower",
          "Sandstorm",
          "Fire Blast",
          "Rock Tomb",
          "Facade",
          "Flame Charge",
          "Rest",
          "Attract",
          "Round",
          "Echoed Voice",
          "Overheat",
          "Will-O-Wisp",
          "Explosion",
          "Giga Impact",
          "Rock Polish",
          "Stone Edge",
          "Bulldoze",
          "Rock Slide",
          "Swagger",
          "Sleep Talk",
          "Substitute",
          "Flash Cannon",
          "Nature Power",
          "Confide"
        ],
        "tmMoves6": [
          "Roar",
          "Toxic",
          "Hidden Power",
          "Sunny Day",
          "Hyper Beam",
          "Protect",
          "Frustration",
          "Solar Beam",
          "Earthquake",
          "Return",
          "Dig",
          "Double Team",
          "Flamethrower",
          "Sandstorm",
          "Fire Blast",
          "Rock Tomb",
          "Facade",
          "Flame Charge",
          "Rest",
          "Attract",
          "Round",
          "Echoed Voice",
          "Overheat",
          "Incinerate",
          "Will-O-Wisp",
          "Explosion",
          "Giga Impact",
          "Rock Polish",
          "Stone Edge",
          "Bulldoze",
          "Rock Slide",
          "Swagger",
          "Sleep Talk",
          "Substitute",
          "Flash Cannon",
          "Secret Power",
          "Nature Power",
          "Confide"
        ],
        "tmMoves5": [
          "Roar",
          "Toxic",
          "Hidden Power",
          "Sunny Day",
          "Hyper Beam",
          "Protect",
          "Frustration",
          "Solar Beam",
          "Earthquake",
          "Return",
          "Dig",
          "Double Team",
          "Flamethrower",
          "Sandstorm",
          "Fire Blast",
          "Rock Tomb",
          "Facade",
          "Flame Charge",
          "Rest",
          "Attract",
          "Round",
          "Echoed Voice",
          "Overheat",
          "Incinerate",
          "Will-O-Wisp",
          "Explosion",
          "Giga Impact",
          "Rock Polish",
          "Stone Edge",
          "Bulldoze",
          "Rock Slide",
          "Swagger",
          "Substitute",
          "Flash Cannon",
          "Rock Smash"
        ],
        "tmMoves4": [
          "Roar",
          "Toxic",
          "Hidden Power",
          "Sunny Day",
          "Hyper Beam",
          "Protect",
          "Frustration",
          "Solar Beam",
          "Earthquake",
          "Return",
          "Dig",
          "Double Team",
          "Flamethrower",
          "Sandstorm",
          "Fire Blast",
          "Rock Tomb",
          "Facade",
          "Secret Power",
          "Rest",
          "Attract",
          "Overheat",
          "Endure",
          "Will-O-Wisp",
          "Explosion",
          "Giga Impact",
          "Rock Polish",
          "Stone Edge",
          "Stealth Rock",
          "Captivate",
          "Rock Slide",
          "Sleep Talk",
          "Natural Gift",
          "Swagger",
          "Substitute",
          "Flash Cannon"
        ],
        "tmMoves3": [
          "Roar",
          "Toxic",
          "Hidden Power",
          "Sunny Day",
          "Hyper Beam",
          "Protect",
          "Frustration",
          "Earthquake",
          "Return",
          "Dig",
          "Double Team",
          "Flamethrower",
          "Sandstorm",
          "Fire Blast",
          "Rock Tomb",
          "Facade",
          "Secret Power",
          "Rest",
          "Attract",
          "Overheat"
        ],
        "tmMoves2": [],
        "tmMoves1": [],
        "tmMoves": []
      },
      "abilities": {
        "abilities": [
          "MagmaArmor",
          "SolidRock"
        ],
        "hiddenAbilities": [
          "AngerPoint"
        ]
      },
      "movement": {
        "rideable": true,
        "canFly": false,
        "canSurf": false,
        "canRideShoulder": false,
        "ridingOffsets": {
          "standing": {
            "x": 0.0,
            "y": -0.95,
            "z": -0.083
          },
          "moving": {
            "x": 0,
            "y": 0,
            "z": 0
          }
        }
      },
      "aggression": {
        "timid": 80,
        "passive": 0,
        "aggressive": 20
      },
      "battleStats": {
        "hp": 70,
        "attack": 100,
        "defense": 70,
        "specialAttack": 105,
        "specialDefense": 75,
        "speed": 40
      },
      "tags": [],
      "spawn": {
        "baseExp": 175,
        "baseFriendship": 70,
        "spawnLevel": 33,
        "spawnLevelRange": 17,
        "spawnLocations": [
          "LAND"
        ]
      },
      "possibleGenders": [
        "MALE",
        "FEMALE"
      ],
      "genderProperties": [
        {
          "gender": "ALL",
          "palettes": [
            {
              "name": "none",
              "texture": "pixelmon:pokemon/323_camerupt/all/base/none/texture.png",
              "sprite": "pixelmon:pokemon/323_camerupt/all/base/none/sprite.png",
              "particle": "",
              "modelLocator": {
                "factoryType": "NORMAL",
                "pqc": [
                  "pixelmon:pokemon/323_camerupt/all/base/none/model.pqc"
                ]
              },
              "sounds": []
            },
            {
              "name": "shiny",
              "texture": "pixelmon:pokemon/323_camerupt/all/base/shiny/texture.png",
              "sprite": "pixelmon:pokemon/323_camerupt/all/base/shiny/sprite.png",
              "particle": "arcanery:shiny"
            },
			{
              "name": "arctic",
              "texture": "pixelmon:pokemon/323_camerupt/all/base/custom-arctic/texture.png",
              "sprite": "pixelmon:pokemon/323_camerupt/all/base/custom-arctic/sprite.png",
              "particle": ""
            },
			{
              "name": "deep sea",
              "texture": "pixelmon:pokemon/323_camerupt/all/base/custom-deepsea/texture.png",
              "sprite": "pixelmon:pokemon/323_camerupt/all/base/custom-deepsea/sprite.png",
              "particle": ""
            },
			{
              "name": "easter",
              "texture": "pixelmon:pokemon/323_camerupt/all/base/custom-easter/texture.png",
              "sprite": "pixelmon:pokemon/323_camerupt/all/base/custom-easter/sprite.png",
              "particle": ""
            },
			{
              "name": "forest",
              "texture": "pixelmon:pokemon/323_camerupt/all/base/custom-forest/texture.png",
              "sprite": "pixelmon:pokemon/323_camerupt/all/base/custom-forest/sprite.png",
              "particle": ""
            },
			{
              "name": "irradiated",
              "texture": "pixelmon:pokemon/323_camerupt/all/base/custom-irradiated/texture.png",
              "sprite": "pixelmon:pokemon/323_camerupt/all/base/custom-irradiated/sprite.png",
              "particle": ""
            },
			{
              "name": "nippon",
              "texture": "pixelmon:pokemon/323_camerupt/all/base/custom-nippon/texture.png",
              "sprite": "pixelmon:pokemon/323_camerupt/all/base/custom-nippon/sprite.png",
              "particle": ""
            },
			{
              "name": "radioactive",
              "texture": "pixelmon:pokemon/323_camerupt/all/base/custom-radioactive/texture.png",
              "sprite": "pixelmon:pokemon/323_camerupt/all/base/custom-radioactive/sprite.png",
              "particle": ""
            },
			{
              "name": "relic castle",
              "texture": "pixelmon:pokemon/323_camerupt/all/base/custom-relic-castle/texture.png",
              "sprite": "pixelmon:pokemon/323_camerupt/all/base/custom-relic-castle/sprite.png",
              "particle": ""
            },
			{
              "name": "shadow",
              "texture": "pixelmon:pokemon/323_camerupt/all/base/custom-shadow/texture.png",
              "sprite": "pixelmon:pokemon/323_camerupt/all/base/custom-shadow/sprite.png",
              "particle": ""
            }
          ]
        }
      ],
      "eggGroups": [
        "FIELD"
      ],
      "types": [
        "FIRE",
        "GROUND"
      ],
      "preEvolutions": [
        "Numel"
      ],
      "defaultBaseForm": "",
      "megaItems": [
        "pixelmon:cameruptite"
      ],
      "megas": [
        "mega"
      ],
      "gigantamax": {
        "canHaveFactor": false,
        "canGigantamax": false
      },
      "eggCycles": 21,
      "weight": 220.0,
      "catchRate": 150,
      "malePercentage": 0,
      "evolutions": [],
      "evYields": {
        "attack": 1,
        "specialAttack": 1
      }
    },
    {
      "name": "mega",
      "tags": [
        "temp"
      ],
      "dimensions": {
        "height": 2.2,
        "width": 1.8,
        "length": 1.8
      },
      "abilities": {
        "abilities": [
          "SheerForce"
        ]
      },
      "battleStats": {
        "hp": 70,
        "attack": 120,
        "defense": 100,
        "specialAttack": 145,
        "specialDefense": 105,
        "speed": 20
      },
      "weight": 320.5,
      "genderProperties": [
        {
          "gender": "ALL",
          "palettes": [
            {
              "name": "none",
              "texture": "pixelmon:pokemon/323_camerupt/all/mega/none/texture.png",
              "sprite": "pixelmon:pokemon/323_camerupt/all/mega/none/sprite.png",
              "particle": "",
              "modelLocator": {
                "factoryType": "NORMAL",
                "pqc": [
                  "pixelmon:pokemon/323_camerupt/all/mega/none/model.pqc"
                ]
              }
            },
            {
              "name": "shiny",
              "texture": "pixelmon:pokemon/323_camerupt/all/mega/shiny/texture.png",
              "sprite": "pixelmon:pokemon/323_camerupt/all/mega/shiny/sprite.png",
              "particle": "arcanery:shiny"
            },
			{
              "name": "arctic",
              "texture": "pixelmon:pokemon/323_camerupt/all/mega/custom-arctic/texture.png",
              "sprite": "pixelmon:pokemon/323_camerupt/all/mega/custom-arctic/sprite.png",
              "particle": ""
            },
			{
              "name": "deep sea",
              "texture": "pixelmon:pokemon/323_camerupt/all/mega/custom-deepsea/texture.png",
              "sprite": "pixelmon:pokemon/323_camerupt/all/mega/custom-deepsea/sprite.png",
              "particle": ""
            },
			{
              "name": "easter",
              "texture": "pixelmon:pokemon/323_camerupt/all/mega/custom-easter/texture.png",
              "sprite": "pixelmon:pokemon/323_camerupt/all/mega/custom-easter/sprite.png",
              "particle": ""
            },
			{
              "name": "forest",
              "texture": "pixelmon:pokemon/323_camerupt/all/mega/custom-forest/texture.png",
              "sprite": "pixelmon:pokemon/323_camerupt/all/mega/custom-forest/sprite.png",
              "particle": ""
            },
			{
              "name": "irradiated",
              "texture": "pixelmon:pokemon/323_camerupt/all/mega/custom-irradiated/texture.png",
              "sprite": "pixelmon:pokemon/323_camerupt/all/mega/custom-irradiated/sprite.png",
              "particle": ""
            },
			{
              "name": "nippon",
              "texture": "pixelmon:pokemon/323_camerupt/all/mega/custom-nippon/texture.png",
              "sprite": "pixelmon:pokemon/323_camerupt/all/mega/custom-nippon/sprite.png",
              "particle": ""
            },
			{
              "name": "radioactive",
              "texture": "pixelmon:pokemon/323_camerupt/all/mega/custom-radioactive/texture.png",
              "sprite": "pixelmon:pokemon/323_camerupt/all/mega/custom-radioactive/sprite.png",
              "particle": ""
            },
			{
              "name": "relic castle",
              "texture": "pixelmon:pokemon/323_camerupt/all/mega/custom-relic-castle/texture.png",
              "sprite": "pixelmon:pokemon/323_camerupt/all/mega/custom-relic-castle/sprite.png",
              "particle": ""
            }			
          ]
        }
      ]
    }
  ],
  "generation": 3
}
