{
  "name": "Spoink",
  "dex": 325,
  "defaultForms": [
    ""
  ],
  "forms": [
    {
      "name": "",
      "experienceGroup": "FAST",
      "dimensions": {
        "height": 0.8,
        "width": 0.5,
        "length": 1,
        "eyeHeight": 0.8,
        "hoverHeight": 0.8
      },
      "moves": {
        "levelUpMoves": [
          {
            "level": 0,
            "attacks": [
              "Splash"
            ]
          },
          {
            "level": 7,
            "attacks": [
              "Psywave"
            ]
          },
          {
            "level": 10,
            "attacks": [
              "Odor Sleuth"
            ]
          },
          {
            "level": 14,
            "attacks": [
              "Psybeam"
            ]
          },
          {
            "level": 15,
            "attacks": [
              "Psych Up"
            ]
          },
          {
            "level": 18,
            "attacks": [
              "Confuse Ray"
            ]
          },
          {
            "level": 21,
            "attacks": [
              "Magic Coat"
            ]
          },
          {
            "level": 26,
            "attacks": [
              "Zen Headbutt"
            ]
          },
          {
            "level": 29,
            "attacks": [
              "Power Gem",
              "Rest"
            ]
          },
          {
            "level": 33,
            "attacks": [
              "Snore"
            ]
          },
          {
            "level": 38,
            "attacks": [
              "Psyshock"
            ]
          },
          {
            "level": 40,
            "attacks": [
              "Payback"
            ]
          },
          {
            "level": 44,
            "attacks": [
              "Psychic"
            ]
          },
          {
            "level": 50,
            "attacks": [
              "Bounce"
            ]
          }
        ],
        "tutorMoves": [
          "Ally Switch",
          "Bounce",
          "Covet",
          "Heal Bell",
          "Icy Wind",
          "Iron Tail",
          "Magic Coat",
          "Recycle",
          "Role Play",
          "Shock Wave",
          "Signal Beam",
          "Skill Swap",
          "Snatch",
          "Snore",
          "Telekinesis",
          "Trick",
          "Zen Headbutt"
        ],
        "eggMoves": [
          "Amnesia",
          "Endure",
          "Extrasensory",
          "Future Sight",
          "Lucky Chant",
          "Mirror Coat",
          "Simple Beam",
          "Skill Swap",
          "Trick",
          "Whirlwind",
          "Zen Headbutt"
        ],
        "tmMoves8": [],
        "trMoves": [],
        "hmMoves": [],
        "transferMoves": [
          "Body Slam",
          "Captivate",
          "Double-Edge",
          "Flash",
          "Headbutt",
          "Mimic",
          "Natural Gift",
          "Secret Power",
          "Swift",
          "Uproar"
        ],
        "tmMoves7": [
          "Psyshock",
          "Calm Mind",
          "Toxic",
          "Hidden Power",
          "Sunny Day",
          "Taunt",
          "Light Screen",
          "Protect",
          "Rain Dance",
          "Frustration",
          "Return",
          "Psychic",
          "Shadow Ball",
          "Double Team",
          "Reflect",
          "Torment",
          "Facade",
          "Rest",
          "Attract",
          "Thief",
          "Round",
          "Charge Beam",
          "Payback",
          "Thunder Wave",
          "Psych Up",
          "Dream Eater",
          "Grass Knot",
          "Swagger",
          "Sleep Talk",
          "Substitute",
          "Trick Room",
          "Confide"
        ],
        "tmMoves6": [
          "Psyshock",
          "Calm Mind",
          "Toxic",
          "Hidden Power",
          "Sunny Day",
          "Taunt",
          "Light Screen",
          "Protect",
          "Rain Dance",
          "Frustration",
          "Return",
          "Psychic",
          "Shadow Ball",
          "Double Team",
          "Reflect",
          "Torment",
          "Facade",
          "Rest",
          "Attract",
          "Thief",
          "Round",
          "Charge Beam",
          "Payback",
          "Flash",
          "Thunder Wave",
          "Psych Up",
          "Dream Eater",
          "Grass Knot",
          "Swagger",
          "Sleep Talk",
          "Substitute",
          "Trick Room",
          "Secret Power",
          "Confide"
        ],
        "tmMoves5": [
          "Psyshock",
          "Calm Mind",
          "Toxic",
          "Hidden Power",
          "Sunny Day",
          "Taunt",
          "Light Screen",
          "Protect",
          "Rain Dance",
          "Telekinesis",
          "Frustration",
          "Return",
          "Psychic",
          "Shadow Ball",
          "Double Team",
          "Reflect",
          "Torment",
          "Facade",
          "Rest",
          "Attract",
          "Thief",
          "Round",
          "Charge Beam",
          "Payback",
          "Flash",
          "Thunder Wave",
          "Psych Up",
          "Dream Eater",
          "Grass Knot",
          "Swagger",
          "Substitute",
          "Trick Room"
        ],
        "tmMoves4": [
          "Calm Mind",
          "Toxic",
          "Hidden Power",
          "Sunny Day",
          "Taunt",
          "Light Screen",
          "Protect",
          "Rain Dance",
          "Frustration",
          "Iron Tail",
          "Return",
          "Psychic",
          "Shadow Ball",
          "Double Team",
          "Reflect",
          "Shock Wave",
          "Torment",
          "Facade",
          "Secret Power",
          "Rest",
          "Attract",
          "Thief",
          "Skill Swap",
          "Snatch",
          "Charge Beam",
          "Endure",
          "Payback",
          "Recycle",
          "Flash",
          "Thunder Wave",
          "Psych Up",
          "Captivate",
          "Sleep Talk",
          "Natural Gift",
          "Dream Eater",
          "Grass Knot",
          "Swagger",
          "Substitute",
          "Trick Room"
        ],
        "tmMoves3": [
          "Calm Mind",
          "Toxic",
          "Hidden Power",
          "Sunny Day",
          "Taunt",
          "Light Screen",
          "Protect",
          "Rain Dance",
          "Frustration",
          "Iron Tail",
          "Return",
          "Psychic",
          "Shadow Ball",
          "Double Team",
          "Reflect",
          "Shock Wave",
          "Torment",
          "Facade",
          "Secret Power",
          "Rest",
          "Attract",
          "Thief",
          "Skill Swap",
          "Snatch"
        ],
        "tmMoves2": [],
        "tmMoves1": [],
        "tmMoves": []
      },
      "abilities": {
        "abilities": [
          "ThickFat",
          "OwnTempo"
        ],
        "hiddenAbilities": [
          "Gluttony"
        ]
      },
      "movement": {
        "rideable": false,
        "canFly": false,
        "canSurf": false,
        "canRideShoulder": false
      },
      "aggression": {
        "timid": 80,
        "passive": 0,
        "aggressive": 20
      },
      "battleStats": {
        "hp": 60,
        "attack": 25,
        "defense": 35,
        "specialAttack": 70,
        "specialDefense": 80,
        "speed": 60
      },
      "tags": [],
      "spawn": {
        "baseExp": 89,
        "baseFriendship": 70,
        "spawnLevel": 10,
        "spawnLevelRange": 15,
        "spawnLocations": [
          "LAND"
        ]
      },
      "possibleGenders": [
        "MALE",
        "FEMALE"
      ],
      "genderProperties": [
        {
          "gender": "ALL",
          "palettes": [
            {
              "name": "none",
              "texture": "pixelmon:pokemon/325_spoink/all/base/none/texture.png",
              "sprite": "pixelmon:pokemon/325_spoink/all/base/none/sprite.png",
              "particle": "",
              "modelLocator": {
                "factoryType": "NORMAL",
                "pqc": [
                  "pixelmon:pokemon/325_spoink/all/base/none/model.pqc"
                ]
              },
              "sounds": [
                "pixelmon.mob.spoink"
              ]
            },
            {
              "name": "shiny",
              "texture": "pixelmon:pokemon/325_spoink/all/base/shiny/texture.png",
              "sprite": "pixelmon:pokemon/325_spoink/all/base/shiny/sprite.png",
              "particle": "arcanery:shiny"
            },
			{
              "name": "toy",
              "texture": "pixelmon:pokemon/325_spoink/all/base/custom-toy/texture.png",
              "sprite": "pixelmon:pokemon/325_spoink/all/base/custom-toy/sprite.png",
              "particle": ""
            }
          ]
        }
      ],
      "eggGroups": [
        "FIELD"
      ],
      "types": [
        "PSYCHIC"
      ],
      "preEvolutions": [],
      "defaultBaseForm": "",
      "megaItems": [],
      "megas": [],
      "gigantamax": {
        "canHaveFactor": false,
        "canGigantamax": false
      },
      "eggCycles": 21,
      "weight": 30.6,
      "catchRate": 255,
      "malePercentage": 0,
      "evolutions": [
        {
          "level": 32,
          "to": "Grumpig",
          "conditions": [],
          "evoType": "leveling",
          "moves": [
            "Teeter Dance"
          ]
        }
      ],
      "evYields": {
        "specialDefense": 1
      }
    }
  ],
  "generation": 3
}
