{
  "name": "Trapinch",
  "dex": 328,
  "defaultForms": [
    ""
  ],
  "forms": [
    {
      "name": "",
      "experienceGroup": "MEDIUM_SLOW",
      "dimensions": {
        "height": 0.6,
        "width": 1.1,
        "length": 1,
        "eyeHeight": 0.6,
        "hoverHeight": 0.6
      },
      "moves": {
        "levelUpMoves": [
          {
            "level": 0,
            "attacks": [
              "Astonish",
              "Sand Attack"
            ]
          },
          {
            "level": 4,
            "attacks": [
              "Laser Focus"
            ]
          },
          {
            "level": 8,
            "attacks": [
              "Bite"
            ]
          },
          {
            "level": 12,
            "attacks": [
              "Mud-Slap"
            ]
          },
          {
            "level": 16,
            "attacks": [
              "Sand Tomb"
            ]
          },
          {
            "level": 20,
            "attacks": [
              "Bulldoze"
            ]
          },
          {
            "level": 24,
            "attacks": [
              "Dig"
            ]
          },
          {
            "level": 28,
            "attacks": [
              "Crunch"
            ]
          },
          {
            "level": 32,
            "attacks": [
              "Sandstorm"
            ]
          },
          {
            "level": 36,
            "attacks": [
              "Earth Power"
            ]
          },
          {
            "level": 40,
            "attacks": [
              "Earthquake"
            ]
          },
          {
            "level": 44,
            "attacks": [
              "Superpower"
            ]
          },
          {
            "level": 48,
            "attacks": [
              "Fissure"
            ]
          }
        ],
        "tutorMoves": [
          "Scorching Sands"
        ],
        "eggMoves": [
          "Bug Bite",
          "Feint",
          "First Impression",
          "Flail",
          "Fury Cutter",
          "Gust",
          "Quick Attack"
        ],
        "tmMoves8": [
          "Hyper Beam",
          "Solar Beam",
          "Dig",
          "Rest",
          "Rock Slide",
          "Snore",
          "Protect",
          "Giga Drain",
          "Attract",
          "Sandstorm",
          "Sunny Day",
          "Facade",
          "Rock Tomb",
          "Sand Tomb",
          "Mud Shot",
          "Round",
          "Bulldoze"
        ],
        "trMoves": [
          "Body Slam",
          "Earthquake",
          "Focus Energy",
          "Substitute",
          "Endure",
          "Sleep Talk",
          "Crunch",
          "Superpower",
          "Earth Power"
        ],
        "hmMoves": [],
        "transferMoves": [
          "Bide",
          "Captivate",
          "Confide",
          "Double Team",
          "Double-Edge",
          "Feint Attack",
          "Frustration",
          "Headbutt",
          "Hidden Power",
          "Mimic",
          "Natural Gift",
          "Return",
          "Rock Smash",
          "Secret Power",
          "Signal Beam",
          "Strength",
          "Struggle Bug",
          "Swagger",
          "Toxic"
        ],
        "tmMoves7": [
          "Toxic",
          "Hidden Power",
          "Sunny Day",
          "Hyper Beam",
          "Protect",
          "Frustration",
          "Solar Beam",
          "Earthquake",
          "Return",
          "Double Team",
          "Sandstorm",
          "Rock Tomb",
          "Facade",
          "Rest",
          "Attract",
          "Round",
          "Bulldoze",
          "Rock Slide",
          "Swagger",
          "Sleep Talk",
          "Substitute",
          "Confide"
        ],
        "tmMoves6": [
          "Toxic",
          "Hidden Power",
          "Sunny Day",
          "Hyper Beam",
          "Protect",
          "Frustration",
          "Solar Beam",
          "Earthquake",
          "Return",
          "Dig",
          "Double Team",
          "Sandstorm",
          "Rock Tomb",
          "Facade",
          "Rest",
          "Attract",
          "Round",
          "Struggle Bug",
          "Bulldoze",
          "Rock Slide",
          "Swagger",
          "Sleep Talk",
          "Substitute",
          "Secret Power",
          "Confide"
        ],
        "tmMoves5": [
          "Toxic",
          "Hidden Power",
          "Sunny Day",
          "Hyper Beam",
          "Protect",
          "Frustration",
          "Solar Beam",
          "Earthquake",
          "Return",
          "Dig",
          "Double Team",
          "Sandstorm",
          "Rock Tomb",
          "Facade",
          "Rest",
          "Attract",
          "Round",
          "Struggle Bug",
          "Bulldoze",
          "Rock Slide",
          "Swagger",
          "Substitute",
          "Rock Smash"
        ],
        "tmMoves4": [
          "Toxic",
          "Hidden Power",
          "Sunny Day",
          "Hyper Beam",
          "Protect",
          "Giga Drain",
          "Frustration",
          "Solar Beam",
          "Earthquake",
          "Return",
          "Dig",
          "Double Team",
          "Sandstorm",
          "Rock Tomb",
          "Facade",
          "Secret Power",
          "Rest",
          "Attract",
          "Endure",
          "Captivate",
          "Rock Slide",
          "Sleep Talk",
          "Natural Gift",
          "Swagger",
          "Substitute"
        ],
        "tmMoves3": [
          "Toxic",
          "Hidden Power",
          "Sunny Day",
          "Hyper Beam",
          "Protect",
          "Giga Drain",
          "Frustration",
          "Solar Beam",
          "Earthquake",
          "Return",
          "Dig",
          "Double Team",
          "Sandstorm",
          "Rock Tomb",
          "Facade",
          "Secret Power",
          "Rest",
          "Attract"
        ],
        "tmMoves2": [],
        "tmMoves1": [],
        "tmMoves": []
      },
      "abilities": {
        "abilities": [
          "HyperCutter",
          "ArenaTrap"
        ],
        "hiddenAbilities": [
          "SheerForce"
        ]
      },
      "movement": {
        "rideable": false,
        "canFly": false,
        "canSurf": false,
        "canRideShoulder": false
      },
      "aggression": {
        "timid": 80,
        "passive": 0,
        "aggressive": 20
      },
      "battleStats": {
        "hp": 45,
        "attack": 100,
        "defense": 45,
        "specialAttack": 45,
        "specialDefense": 45,
        "speed": 10
      },
      "tags": [],
      "spawn": {
        "baseExp": 73,
        "baseFriendship": 70,
        "spawnLevel": 5,
        "spawnLevelRange": 30,
        "spawnLocations": [
          "LAND"
        ]
      },
      "possibleGenders": [
        "MALE",
        "FEMALE"
      ],
      "genderProperties": [
        {
          "gender": "ALL",
          "palettes": [
            {
              "name": "none",
              "texture": "pixelmon:pokemon/328_trapinch/all/base/none/texture.png",
              "sprite": "pixelmon:pokemon/328_trapinch/all/base/none/sprite.png",
              "particle": "",
              "modelLocator": {
                "factoryType": "NORMAL",
                "pqc": [
                  "pixelmon:pokemon/328_trapinch/all/base/none/model.pqc"
                ],
                "movementThreshold": 0.03
              },
              "sounds": []
            },
            {
              "name": "shiny",
              "texture": "pixelmon:pokemon/328_trapinch/all/base/shiny/texture.png",
              "sprite": "pixelmon:pokemon/328_trapinch/all/base/shiny/sprite.png",
              "particle": "arcanery:shiny"
            },
			{
              "name": "battlecast",
              "texture": "pixelmon:pokemon/328_trapinch/all/base/custom-battlecast/texture.png",
			  "emissive": "pixelmon:pokemon/328_trapinch/all/base/custom-battlecast/emissive.png",
              "sprite": "pixelmon:pokemon/328_trapinch/all/base/custom-battlecast/sprite.png",
              "particle": ""
            },
			{
              "name": "glass",
              "texture": "pixelmon:pokemon/328_trapinch/all/base/custom-glass/texture.png",
              "sprite": "pixelmon:pokemon/328_trapinch/all/base/custom-glass/sprite.png",
              "particle": ""
            },
			{
              "name": "midnight",
              "texture": "pixelmon:pokemon/328_trapinch/all/base/custom-midnight/texture.png",
              "sprite": "pixelmon:pokemon/328_trapinch/all/base/custom-midnight/sprite.png",
              "particle": ""
            },
			{
              "name": "moon",
              "texture": "pixelmon:pokemon/328_trapinch/all/base/custom-moon/texture.png",
              "sprite": "pixelmon:pokemon/328_trapinch/all/base/custom-moon/sprite.png",
              "particle": ""
            },
			{
              "name": "sakura",
              "texture": "pixelmon:pokemon/328_trapinch/all/base/custom-sakura/texture.png",
              "sprite": "pixelmon:pokemon/328_trapinch/all/base/custom-sakura/sprite.png",
              "particle": ""
            }
          ]
        }
      ],
      "eggGroups": [
        "BUG",
        "DRAGON"
      ],
      "types": [
        "GROUND"
      ],
      "preEvolutions": [],
      "defaultBaseForm": "",
      "megaItems": [],
      "megas": [],
      "gigantamax": {
        "canHaveFactor": false,
        "canGigantamax": false
      },
      "eggCycles": 21,
      "weight": 15.0,
      "catchRate": 255,
      "malePercentage": 0,
      "evolutions": [
        {
          "level": 35,
          "to": "Vibrava",
          "conditions": [],
          "evoType": "leveling",
          "moves": [
            "Dragon Breath"
          ]
        }
      ],
      "evYields": {
        "attack": 1
      }
    }
  ],
  "generation": 3
}
