{
  "name": "Vibrava",
  "dex": 329,
  "defaultForms": [
    ""
  ],
  "forms": [
    {
      "name": "",
      "experienceGroup": "MEDIUM_SLOW",
      "dimensions": {
        "height": 0.5,
        "width": 1.0,
        "length": 1,
        "eyeHeight": 0.5,
        "hoverHeight": 0.5
      },
      "moves": {
        "levelUpMoves": [
          {
            "level": 0,
            "attacks": [
              "Astonish",
              "Bite",
              "Bulldoze",
              "Crunch",
              "Dig",
              "Dragon Breath",
              "Fissure",
              "Laser Focus",
              "Sand Attack",
              "Superpower",
              "Supersonic"
            ]
          },
          {
            "level": 12,
            "attacks": [
              "Mud-Slap"
            ]
          },
          {
            "level": 16,
            "attacks": [
              "Sand Tomb"
            ]
          },
          {
            "level": 20,
            "attacks": [
              "Dragon Tail"
            ]
          },
          {
            "level": 24,
            "attacks": [
              "Screech"
            ]
          },
          {
            "level": 28,
            "attacks": [
              "Bug Buzz"
            ]
          },
          {
            "level": 32,
            "attacks": [
              "Sandstorm"
            ]
          },
          {
            "level": 38,
            "attacks": [
              "Earth Power"
            ]
          },
          {
            "level": 44,
            "attacks": [
              "Earthquake"
            ]
          },
          {
            "level": 50,
            "attacks": [
              "Uproar"
            ]
          },
          {
            "level": 56,
            "attacks": [
              "Dragon Rush"
            ]
          },
          {
            "level": 62,
            "attacks": [
              "Boomburst"
            ]
          }
        ],
        "tutorMoves": [
          "Draco Meteor",
          "Dual Wingbeat",
          "Scorching Sands"
        ],
        "eggMoves": [
          "Bug Bite",
          "Feint",
          "First Impression",
          "Flail",
          "Fury Cutter",
          "Gust",
          "Quick Attack"
        ],
        "tmMoves8": [
          "Fly",
          "Hyper Beam",
          "Solar Beam",
          "Dig",
          "Screech",
          "Rest",
          "Rock Slide",
          "Snore",
          "Protect",
          "Giga Drain",
          "Steel Wing",
          "Attract",
          "Sandstorm",
          "Sunny Day",
          "Facade",
          "Swift",
          "Rock Tomb",
          "Sand Tomb",
          "Mud Shot",
          "U-turn",
          "Round",
          "Bulldoze",
          "Air Slash"
        ],
        "trMoves": [
          "Body Slam",
          "Earthquake",
          "Focus Energy",
          "Substitute",
          "Outrage",
          "Endure",
          "Sleep Talk",
          "Crunch",
          "Uproar",
          "Heat Wave",
          "Superpower",
          "Bug Buzz",
          "Dragon Pulse",
          "Earth Power",
          "Throat Chop"
        ],
        "hmMoves": [

        ],
        "transferMoves": [
          "Air Cutter",
          "Bide",
          "Captivate",
          "Confide",
          "Defog",
          "Double Team",
          "Double-Edge",
          "Feint Attack",
          "Frustration",
          "Headbutt",
          "Hidden Power",
          "Mimic",
          "Natural Gift",
          "Ominous Wind",
          "Return",
          "Rock Smash",
          "Roost",
          "Secret Power",
          "Signal Beam",
          "Silver Wind",
          "Sonic Boom",
          "Strength",
          "Struggle Bug",
          "Swagger",
          "Tailwind",
          "Toxic",
          "Twister"
        ],
        "tmMoves7": [
          "Toxic",
          "Hidden Power",
          "Sunny Day",
          "Hyper Beam",
          "Protect",
          "Roost",
          "Frustration",
          "Solar Beam",
          "Earthquake",
          "Return",
          "Double Team",
          "Sandstorm",
          "Rock Tomb",
          "Facade",
          "Rest",
          "Attract",
          "Round",
          "Steel Wing",
          "Fly",
          "Bulldoze",
          "Rock Slide",
          "Swagger",
          "Sleep Talk",
          "U-turn",
          "Substitute",
          "Confide"
        ],
        "tmMoves6": [
          "Toxic",
          "Hidden Power",
          "Sunny Day",
          "Hyper Beam",
          "Protect",
          "Roost",
          "Frustration",
          "Solar Beam",
          "Earthquake",
          "Return",
          "Dig",
          "Double Team",
          "Sandstorm",
          "Rock Tomb",
          "Facade",
          "Rest",
          "Attract",
          "Round",
          "Steel Wing",
          "Struggle Bug",
          "Bulldoze",
          "Rock Slide",
          "Swagger",
          "Sleep Talk",
          "U-turn",
          "Substitute",
          "Secret Power",
          "Confide"
        ],
        "tmMoves5": [
          "Toxic",
          "Hidden Power",
          "Sunny Day",
          "Hyper Beam",
          "Protect",
          "Frustration",
          "Solar Beam",
          "Earthquake",
          "Return",
          "Dig",
          "Double Team",
          "Sandstorm",
          "Rock Tomb",
          "Facade",
          "Rest",
          "Attract",
          "Round",
          "Struggle Bug",
          "Bulldoze",
          "Rock Slide",
          "Swagger",
          "U-turn",
          "Substitute",
          "Rock Smash"
        ],
        "tmMoves4": [
          "Toxic",
          "Hidden Power",
          "Sunny Day",
          "Hyper Beam",
          "Protect",
          "Giga Drain",
          "Frustration",
          "Solar Beam",
          "Earthquake",
          "Return",
          "Dig",
          "Double Team",
          "Sandstorm",
          "Rock Tomb",
          "Facade",
          "Secret Power",
          "Rest",
          "Attract",
          "Steel Wing",
          "Roost",
          "Endure",
          "Dragon Pulse",
          "Silver Wind",
          "Captivate",
          "Rock Slide",
          "Sleep Talk",
          "Natural Gift",
          "Swagger",
          "U-turn",
          "Substitute"
        ],
        "tmMoves3": [
          "Toxic",
          "Hidden Power",
          "Sunny Day",
          "Hyper Beam",
          "Protect",
          "Giga Drain",
          "Frustration",
          "Solar Beam",
          "Earthquake",
          "Return",
          "Dig",
          "Double Team",
          "Sandstorm",
          "Rock Tomb",
          "Facade",
          "Secret Power",
          "Rest",
          "Attract",
          "Steel Wing"
        ],
        "tmMoves2": [

        ],
        "tmMoves1": [

        ],
        "tmMoves": [

        ]
      },
      "abilities": {
        "abilities": [
          "Levitate"
        ],
        "hiddenAbilities": [

        ]
      },
      "movement": {
        "rideable": true,
        "canFly": true,
        "canSurf": false,
        "canRideShoulder": false,
        "ridingOffsets": {
          "standing": {
            "x": 0.0,
            "y": -2.55,
            "z": -0.57
          },
          "moving": {
            "x": 0.0,
            "y": -1.2,
            "z": -0.57
          }
        },
        "flyingParameters": {
          "flyHeightMin": 0,
          "flyHeightMax": 0,
          "flySpeedModifier": 1.0,
          "flyRefreshRateY": 0,
          "flyRefreshRateXZ": 100,
          "flyRefreshRateSpeed": 100,
          "flightTimeMin": 0,
          "flightTimeMax": 0,
          "flapRate": 0,
          "landingMaterials": "LEAVES_AND_GRASS"
        },
        "mountedFlyingParameters": {
          "type": "pixelmon:default",
          "upper_angle_limit": 20,
          "lower_angle_limit": -20,
          "max_fly_speed": 1,
          "deceleration_rate": 0.07,
          "hover_deceleration_rate": 0.09,
          "acceleration_rate": 0.07,
          "strafe_acceleration_rate": 0.08,
          "strafe_roll_conversion": 30,
          "turn_rate": 0.5,
          "pitch_rate": 0.8,
          "stays_horizontal_flying": true,
          "gravity_drop_per_tick": 0.005,
          "continuous_forward_motion": true,
          "continuous_forward_motion_ticks": 5,
          "flying_stamina_charges": 3,
          "hover_ticks": 100
        }
      },
      "aggression": {
        "timid": 80,
        "passive": 0,
        "aggressive": 20
      },
      "battleStats": {
        "hp": 50,
        "attack": 70,
        "defense": 50,
        "specialAttack": 50,
        "specialDefense": 50,
        "speed": 70
      },
      "tags": [

      ],
      "spawn": {
        "baseExp": 126,
        "baseFriendship": 70,
        "spawnLevel": 35,
        "spawnLevelRange": 10,
        "spawnLocations": [
          "LAND"
        ]
      },
      "possibleGenders": [
        "MALE",
        "FEMALE"
      ],
      "genderProperties": [
        {
          "gender": "ALL",
          "palettes": [
            {
              "name": "none",
              "texture": "pixelmon:pokemon/329_vibrava/all/base/none/texture.png",
              "sprite": "pixelmon:pokemon/329_vibrava/all/base/none/sprite.png",
              "particle": "",
              "modelLocator": {
                "factoryType": "NORMAL",
                "pqc": [
                  "pixelmon:pokemon/329_vibrava/all/base/none/model.pqc"
                ],
                "movementThreshold": 0.03,
                "rotateAngleX": 0
              },
              "sounds": [
                "pixelmon.mob.vibrava",
                "pixelmon.mob.vibrava",
                "pixelmon.mob.vibrava"
              ]
            },
            {
              "name": "shiny",
              "texture": "pixelmon:pokemon/329_vibrava/all/base/shiny/texture.png",
              "sprite": "pixelmon:pokemon/329_vibrava/all/base/shiny/sprite.png",
              "particle": "arcanery:shiny"
            },
			{
              "name": "battlecast",
              "texture": "pixelmon:pokemon/329_vibrava/all/base/custom-battlecast/texture.png",
			  "emissive": "pixelmon:pokemon/329_vibrava/all/base/custom-battlecast/emissive.png",
              "sprite": "pixelmon:pokemon/329_vibrava/all/base/custom-battlecast/sprite.png",
              "particle": ""
            },
			{
              "name": "glass",
              "texture": "pixelmon:pokemon/329_vibrava/all/base/custom-glass/texture.png",
              "sprite": "pixelmon:pokemon/329_vibrava/all/base/custom-glass/sprite.png",
              "particle": ""
            },
			{
              "name": "midnight",
              "texture": "pixelmon:pokemon/329_vibrava/all/base/custom-midnight/texture.png",
              "sprite": "pixelmon:pokemon/329_vibrava/all/base/custom-midnight/sprite.png",
              "particle": ""
            },
			{
              "name": "moon",
              "texture": "pixelmon:pokemon/329_vibrava/all/base/custom-moon/texture.png",
              "sprite": "pixelmon:pokemon/329_vibrava/all/base/custom-moon/sprite.png",
              "particle": ""
            },
			{
              "name": "sakura",
              "texture": "pixelmon:pokemon/329_vibrava/all/base/custom-sakura/texture.png",
              "sprite": "pixelmon:pokemon/329_vibrava/all/base/custom-sakura/sprite.png",
              "particle": ""
            }
          ]
        }
      ],
      "eggGroups": [
        "BUG",
        "DRAGON"
      ],
      "types": [
        "GROUND",
        "DRAGON"
      ],
      "preEvolutions": [
        "Trapinch"
      ],
      "defaultBaseForm": "",
      "megaItems": [

      ],
      "megas": [

      ],
      "gigantamax": {
        "canHaveFactor": false,
        "canGigantamax": false
      },
      "eggCycles": 21,
      "weight": 15.3,
      "catchRate": 120,
      "malePercentage": 0,
      "evolutions": [
        {
          "level": 45,
          "to": "Flygon",
          "conditions": [

          ],
          "evoType": "leveling",
          "moves": [
            "Dragon Claw"
          ]
        }
      ],
      "evYields": {
        "attack": 1,
        "speed": 1
      }
    }
  ],
  "generation": 3
}
