{
  "name": "Barboach",
  "dex": 339,
  "defaultForms": [
    ""
  ],
  "forms": [
    {
      "name": "",
      "experienceGroup": "MEDIUM_FAST",
      "dimensions": {
        "height": 0.4,
        "width": 0.7,
        "length": 1,
        "eyeHeight": 0.4,
        "hoverHeight": 0.4
      },
      "moves": {
        "levelUpMoves": [
          {
            "level": 0,
            "attacks": [
              "Mud-Slap",
              "Water Gun"
            ]
          },
          {
            "level": 6,
            "attacks": [
              "Rest",
              "Snore"
            ]
          },
          {
            "level": 12,
            "attacks": [
              "Water Pulse"
            ]
          },
          {
            "level": 18,
            "attacks": [
              "Amnesia"
            ]
          },
          {
            "level": 24,
            "attacks": [
              "Aqua Tail"
            ]
          },
          {
            "level": 31,
            "attacks": [
              "Muddy Water"
            ]
          },
          {
            "level": 36,
            "attacks": [
              "Earthquake"
            ]
          },
          {
            "level": 42,
            "attacks": [
              "Future Sight"
            ]
          },
          {
            "level": 48,
            "attacks": [
              "Fissure"
            ]
          }
        ],
        "tutorMoves": [],
        "eggMoves": [
          "Flail",
          "Spark",
          "Take Down",
          "Thrash"
        ],
        "tmMoves8": [
          "Rest",
          "Snore",
          "Protect",
          "Icy Wind",
          "Attract",
          "Sandstorm",
          "Rain Dance",
          "Hail",
          "Whirlpool",
          "Facade",
          "Dive",
          "Rock Tomb",
          "Bounce",
          "Mud Shot",
          "Round",
          "Bulldoze"
        ],
        "trMoves": [
          "Hydro Pump",
          "Surf",
          "Ice Beam",
          "Blizzard",
          "Earthquake",
          "Waterfall",
          "Amnesia",
          "Substitute",
          "Endure",
          "Sleep Talk",
          "Future Sight",
          "Muddy Water",
          "Dragon Dance",
          "Earth Power",
          "Scald"
        ],
        "hmMoves": [],
        "transferMoves": [
          "Captivate",
          "Confide",
          "Double Team",
          "Double-Edge",
          "Frustration",
          "Headbutt",
          "Hidden Power",
          "Magnitude",
          "Mimic",
          "Mud Bomb",
          "Mud Sport",
          "Natural Gift",
          "Return",
          "Secret Power",
          "Swagger",
          "Toxic",
          "Water Sport"
        ],
        "tmMoves7": [
          "Toxic",
          "Hail",
          "Hidden Power",
          "Ice Beam",
          "Blizzard",
          "Protect",
          "Rain Dance",
          "Frustration",
          "Earthquake",
          "Return",
          "Double Team",
          "Sandstorm",
          "Rock Tomb",
          "Facade",
          "Rest",
          "Attract",
          "Round",
          "Scald",
          "Bulldoze",
          "Swagger",
          "Sleep Talk",
          "Substitute",
          "Surf",
          "Waterfall",
          "Confide"
        ],
        "tmMoves6": [
          "Toxic",
          "Hail",
          "Hidden Power",
          "Ice Beam",
          "Blizzard",
          "Protect",
          "Rain Dance",
          "Frustration",
          "Earthquake",
          "Return",
          "Double Team",
          "Sandstorm",
          "Rock Tomb",
          "Facade",
          "Rest",
          "Attract",
          "Round",
          "Scald",
          "Bulldoze",
          "Swagger",
          "Sleep Talk",
          "Substitute",
          "Secret Power",
          "Confide"
        ],
        "tmMoves5": [
          "Toxic",
          "Hail",
          "Hidden Power",
          "Ice Beam",
          "Blizzard",
          "Protect",
          "Rain Dance",
          "Frustration",
          "Earthquake",
          "Return",
          "Double Team",
          "Sandstorm",
          "Rock Tomb",
          "Facade",
          "Rest",
          "Attract",
          "Round",
          "Scald",
          "Bulldoze",
          "Swagger",
          "Substitute"
        ],
        "tmMoves4": [
          "Water Pulse",
          "Toxic",
          "Hail",
          "Hidden Power",
          "Ice Beam",
          "Blizzard",
          "Protect",
          "Rain Dance",
          "Frustration",
          "Earthquake",
          "Return",
          "Double Team",
          "Sandstorm",
          "Rock Tomb",
          "Facade",
          "Secret Power",
          "Rest",
          "Attract",
          "Endure",
          "Captivate",
          "Sleep Talk",
          "Natural Gift",
          "Swagger",
          "Substitute"
        ],
        "tmMoves3": [
          "Water Pulse",
          "Toxic",
          "Hail",
          "Hidden Power",
          "Ice Beam",
          "Blizzard",
          "Protect",
          "Rain Dance",
          "Frustration",
          "Earthquake",
          "Return",
          "Double Team",
          "Sandstorm",
          "Rock Tomb",
          "Facade",
          "Secret Power",
          "Rest",
          "Attract"
        ],
        "tmMoves2": [],
        "tmMoves1": [],
        "tmMoves": []
      },
      "abilities": {
        "abilities": [
          "Oblivious",
          "Anticipation"
        ],
        "hiddenAbilities": [
          "Hydration"
        ]
      },
      "movement": {
        "rideable": false,
        "canFly": false,
        "canSurf": true,
        "canRideShoulder": false,
        "swimmingParameters": {
          "depthRangeStart": 1,
          "depthRangeEnd": 12,
          "swimSpeed": 12,
          "decayRate": 0.99,
          "refreshRate": 200,
          "chanceToStopOnBlock": 0.3,
          "blocksToStopOn": [
            "minecraft:SEAGRASS",
            "minecraft:TALL_SEAGRASS"
          ],
          "minStopTime": 10,
          "maxStopTime": 20,
          "minStopCooldownTime": 25,
          "maxStopCooldownTime": 40,
          "canRotateWhileStopped": true
        }
      },
      "aggression": {
        "timid": 80,
        "passive": 0,
        "aggressive": 20
      },
      "battleStats": {
        "hp": 50,
        "attack": 48,
        "defense": 43,
        "specialAttack": 46,
        "specialDefense": 41,
        "speed": 60
      },
      "tags": [],
      "spawn": {
        "baseExp": 92,
        "baseFriendship": 70,
        "spawnLevel": 25,
        "spawnLevelRange": 15,
        "spawnLocations": [
          "WATER"
        ]
      },
      "possibleGenders": [
        "MALE",
        "FEMALE"
      ],
      "genderProperties": [
        {
          "gender": "ALL",
          "palettes": [
            {
              "name": "none",
              "texture": "pixelmon:pokemon/339_barboach/all/base/none/texture.png",
              "sprite": "pixelmon:pokemon/339_barboach/all/base/none/sprite.png",
              "particle": "",
              "modelLocator": {
                "factoryType": "NORMAL",
                "pqc": [
                  "pixelmon:pokemon/339_barboach/all/base/none/model.pqc"
                ],
                "yRotation": 25.2
              },
              "sounds": []
            },
            {
              "name": "shiny",
              "texture": "pixelmon:pokemon/339_barboach/all/base/shiny/texture.png",
              "sprite": "pixelmon:pokemon/339_barboach/all/base/shiny/sprite.png",
              "particle": "arcanery:shiny"
            },
			{
              "name": "radioactive",
              "texture": "pixelmon:pokemon/339_barboach/all/base/custom-radioactive/texture.png",
              "sprite": "pixelmon:pokemon/339_barboach/all/base/custom-radioactive/sprite.png",
              "particle": ""
            },
			{
              "name": "valentines",
              "texture": "pixelmon:pokemon/339_barboach/all/base/custom-val/texture.png",
              "sprite": "pixelmon:pokemon/339_barboach/all/base/custom-val/sprite.png",
              "particle": ""
            }
          ]
        }
      ],
      "eggGroups": [
        "WATER_TWO"
      ],
      "types": [
        "WATER",
        "GROUND"
      ],
      "preEvolutions": [],
      "defaultBaseForm": "",
      "megaItems": [],
      "megas": [],
      "gigantamax": {
        "canHaveFactor": false,
        "canGigantamax": false
      },
      "eggCycles": 21,
      "weight": 1.9,
      "catchRate": 190,
      "malePercentage": 0,
      "evolutions": [
        {
          "level": 30,
          "to": "Whiscash",
          "conditions": [],
          "evoType": "leveling",
          "moves": [
            "Thrash"
          ]
        }
      ],
      "evYields": {
        "hp": 1
      }
    }
  ],
  "generation": 3
}
