{
  "name": "Anorith",
  "dex": 347,
  "defaultForms": [
    ""
  ],
  "forms": [
    {
      "name": "",
      "experienceGroup": "ERRATIC",
      "dimensions": {
        "height": 0.2,
        "width": 0.6,
        "length": 1,
        "eyeHeight": 0.2,
        "hoverHeight": 0.2
      },
      "moves": {
        "levelUpMoves": [
          {
            "level": 0,
            "attacks": [
              "Fury Cutter",
              "Harden"
            ]
          },
          {
            "level": 4,
            "attacks": [
              "Water Gun"
            ]
          },
          {
            "level": 8,
            "attacks": [
              "Smack Down"
            ]
          },
          {
            "level": 12,
            "attacks": [
              "Metal Claw"
            ]
          },
          {
            "level": 16,
            "attacks": [
              "Ancient Power"
            ]
          },
          {
            "level": 20,
            "attacks": [
              "Bug Bite"
            ]
          },
          {
            "level": 24,
            "attacks": [
              "Brine"
            ]
          },
          {
            "level": 28,
            "attacks": [
              "Slash"
            ]
          },
          {
            "level": 32,
            "attacks": [
              "Crush Claw"
            ]
          },
          {
            "level": 36,
            "attacks": [
              "Rock Blast"
            ]
          },
          {
            "level": 41,
            "attacks": [
              "Protect"
            ]
          },
          {
            "level": 44,
            "attacks": [
              "X-Scissor"
            ]
          }
        ],
        "tutorMoves": [
          "Meteor Beam"
        ],
        "eggMoves": [
          "Aqua Jet",
          "Curse",
          "Knock Off",
          "Rapid Spin",
          "Sand Attack",
          "Water Pulse"
        ],
        "tmMoves8": [
          "Dig",
          "Screech",
          "Rest",
          "Rock Slide",
          "Snore",
          "Protect",
          "Attract",
          "Sandstorm",
          "Sunny Day",
          "Facade",
          "Brick Break",
          "Rock Tomb",
          "Mud Shot",
          "Rock Blast",
          "Brine",
          "Cross Poison",
          "Round",
          "False Swipe"
        ],
        "trMoves": [
          "Swords Dance",
          "Body Slam",
          "Substitute",
          "Endure",
          "Sleep Talk",
          "Iron Defense",
          "X-Scissor",
          "Earth Power",
          "Stealth Rock"
        ],
        "hmMoves": [],
        "transferMoves": [
          "Aerial Ace",
          "Captivate",
          "Confide",
          "Cut",
          "Double Team",
          "Double-Edge",
          "Frustration",
          "Headbutt",
          "Hidden Power",
          "Hone Claws",
          "Mimic",
          "Mud Sport",
          "Mud-Slap",
          "Natural Gift",
          "Return",
          "Rock Polish",
          "Rock Smash",
          "Scratch",
          "Secret Power",
          "String Shot",
          "Struggle Bug",
          "Swagger",
          "Toxic"
        ],
        "tmMoves7": [
          "Toxic",
          "Hidden Power",
          "Sunny Day",
          "Protect",
          "Frustration",
          "Smack Down",
          "Return",
          "Brick Break",
          "Double Team",
          "Sandstorm",
          "Rock Tomb",
          "Aerial Ace",
          "Facade",
          "Rest",
          "Attract",
          "Round",
          "False Swipe",
          "Rock Polish",
          "Swords Dance",
          "Rock Slide",
          "X-Scissor",
          "Swagger",
          "Sleep Talk",
          "Substitute",
          "Confide"
        ],
        "tmMoves6": [
          "Hone Claws",
          "Toxic",
          "Hidden Power",
          "Sunny Day",
          "Protect",
          "Frustration",
          "Smack Down",
          "Return",
          "Dig",
          "Brick Break",
          "Double Team",
          "Sandstorm",
          "Rock Tomb",
          "Aerial Ace",
          "Facade",
          "Rest",
          "Attract",
          "Round",
          "False Swipe",
          "Rock Polish",
          "Swords Dance",
          "Struggle Bug",
          "Rock Slide",
          "X-Scissor",
          "Swagger",
          "Sleep Talk",
          "Substitute",
          "Secret Power",
          "Confide"
        ],
        "tmMoves5": [
          "Hone Claws",
          "Toxic",
          "Hidden Power",
          "Sunny Day",
          "Protect",
          "Frustration",
          "Smack Down",
          "Return",
          "Dig",
          "Brick Break",
          "Double Team",
          "Sandstorm",
          "Rock Tomb",
          "Aerial Ace",
          "Facade",
          "Rest",
          "Attract",
          "Round",
          "False Swipe",
          "Rock Polish",
          "Swords Dance",
          "Struggle Bug",
          "Rock Slide",
          "X-Scissor",
          "Swagger",
          "Substitute",
          "Rock Smash"
        ],
        "tmMoves4": [
          "Water Pulse",
          "Toxic",
          "Hidden Power",
          "Sunny Day",
          "Protect",
          "Frustration",
          "Return",
          "Dig",
          "Brick Break",
          "Double Team",
          "Sandstorm",
          "Rock Tomb",
          "Aerial Ace",
          "Facade",
          "Secret Power",
          "Rest",
          "Attract",
          "False Swipe",
          "Endure",
          "Rock Polish",
          "Swords Dance",
          "Stealth Rock",
          "Captivate",
          "Rock Slide",
          "X-Scissor",
          "Sleep Talk",
          "Natural Gift",
          "Swagger",
          "Substitute"
        ],
        "tmMoves3": [
          "Water Pulse",
          "Toxic",
          "Hidden Power",
          "Sunny Day",
          "Protect",
          "Frustration",
          "Return",
          "Dig",
          "Brick Break",
          "Double Team",
          "Sandstorm",
          "Rock Tomb",
          "Aerial Ace",
          "Facade",
          "Secret Power",
          "Rest",
          "Attract"
        ],
        "tmMoves2": [],
        "tmMoves1": [],
        "tmMoves": []
      },
      "abilities": {
        "abilities": [
          "BattleArmour"
        ],
        "hiddenAbilities": [
          "SwiftSwim"
        ]
      },
      "movement": {
        "rideable": false,
        "canFly": false,
        "canSurf": false,
        "canRideShoulder": false
      },
      "aggression": {
        "timid": 80,
        "passive": 0,
        "aggressive": 20
      },
      "battleStats": {
        "hp": 45,
        "attack": 95,
        "defense": 50,
        "specialAttack": 40,
        "specialDefense": 50,
        "speed": 75
      },
      "tags": [],
      "spawn": {
        "baseExp": 99,
        "baseFriendship": 70,
        "spawnLevel": 20,
        "spawnLevelRange": 20,
        "spawnLocations": [
          "LAND"
        ]
      },
      "possibleGenders": [
        "MALE",
        "FEMALE"
      ],
      "genderProperties": [
        {
          "gender": "ALL",
          "palettes": [
            {
              "name": "none",
              "texture": "pixelmon:pokemon/347_anorith/all/base/none/texture.png",
              "sprite": "pixelmon:pokemon/347_anorith/all/base/none/sprite.png",
              "particle": "",
              "modelLocator": {
                "factoryType": "NORMAL",
                "pqc": [
                  "pixelmon:pokemon/347_anorith/all/base/none/model.pqc"
                ],
                "movementThreshold": 0.02
              },
              "sounds": [
                "pixelmon.mob.anorith"
              ]
            },
            {
              "name": "shiny",
              "texture": "pixelmon:pokemon/347_anorith/all/base/shiny/texture.png",
              "sprite": "pixelmon:pokemon/347_anorith/all/base/shiny/sprite.png",
              "particle": "arcanery:shiny"
            },
			{
              "name": "molten",
              "texture": "pixelmon:pokemon/347_anorith/all/base/custom-molten/texture.png",
              "sprite": "pixelmon:pokemon/347_anorith/all/base/custom-molten/sprite.png",
              "particle": ""
            },
			{
              "name": "outer worlds",
              "texture": "pixelmon:pokemon/347_anorith/all/base/custom-outerworlds/texture.png",
              "sprite": "pixelmon:pokemon/347_anorith/all/base/custom-outerworlds/sprite.png",
              "particle": ""
            }
          ]
        }
      ],
      "eggGroups": [
        "WATER_THREE"
      ],
      "types": [
        "ROCK",
        "BUG"
      ],
      "preEvolutions": [],
      "defaultBaseForm": "",
      "megaItems": [],
      "megas": [],
      "gigantamax": {
        "canHaveFactor": false,
        "canGigantamax": false
      },
      "eggCycles": 31,
      "weight": 12.5,
      "catchRate": 45,
      "malePercentage": 0,
      "evolutions": [
        {
          "level": 40,
          "to": "Armaldo",
          "conditions": [],
          "evoType": "leveling"
        }
      ],
      "evYields": {
        "attack": 1
      }
    }
  ],
  "generation": 3
}
