{
  "name": "Armaldo",
  "dex": 348,
  "defaultForms": [
    ""
  ],
  "forms": [
    {
      "name": "",
      "experienceGroup": "ERRATIC",
      "dimensions": {
        "height": 1.5,
        "width": 1.1,
        "length": 1,
        "eyeHeight": 1.5,
        "hoverHeight": 1.5
      },
      "moves": {
        "levelUpMoves": [
          {
            "level": 0,
            "attacks": [
              "Fury Cutter",
              "Harden",
              "Smack Down",
              "Water Gun"
            ]
          },
          {
            "level": 12,
            "attacks": [
              "Metal Claw"
            ]
          },
          {
            "level": 16,
            "attacks": [
              "Ancient Power"
            ]
          },
          {
            "level": 20,
            "attacks": [
              "Bug Bite"
            ]
          },
          {
            "level": 24,
            "attacks": [
              "Brine"
            ]
          },
          {
            "level": 28,
            "attacks": [
              "Slash"
            ]
          },
          {
            "level": 32,
            "attacks": [
              "Crush Claw"
            ]
          },
          {
            "level": 36,
            "attacks": [
              "Rock Blast"
            ]
          },
          {
            "level": 43,
            "attacks": [
              "Protect"
            ]
          },
          {
            "level": 48,
            "attacks": [
              "X-Scissor"
            ]
          }
        ],
        "tutorMoves": [
          "Meteor Beam"
        ],
        "eggMoves": [
          "Aqua Jet",
          "Cross Poison",
          "Curse",
          "Iron Defense",
          "Knock Off",
          "Rapid Spin",
          "Sand Attack",
          "Screech",
          "Water Pulse"
        ],
        "tmMoves8": [
          "Hyper Beam",
          "Giga Impact",
          "Dig",
          "Screech",
          "Rest",
          "Rock Slide",
          "Snore",
          "Protect",
          "Attract",
          "Sandstorm",
          "Sunny Day",
          "Facade",
          "Brick Break",
          "Rock Tomb",
          "Mud Shot",
          "Rock Blast",
          "Brine",
          "Shadow Claw",
          "Cross Poison",
          "Round",
          "Bulldoze",
          "False Swipe",
          "Brutal Swing",
          "Stomping Tantrum"
        ],
        "trMoves": [
          "Swords Dance",
          "Body Slam",
          "Low Kick",
          "Earthquake",
          "Substitute",
          "Endure",
          "Sleep Talk",
          "Iron Tail",
          "Superpower",
          "Iron Defense",
          "X-Scissor",
          "Earth Power",
          "Flash Cannon",
          "Stone Edge",
          "Stealth Rock",
          "Liquidation"
        ],
        "hmMoves": [],
        "transferMoves": [
          "Aerial Ace",
          "Aqua Tail",
          "Block",
          "Captivate",
          "Confide",
          "Cut",
          "Double Team",
          "Double-Edge",
          "Frustration",
          "Headbutt",
          "Hidden Power",
          "Hone Claws",
          "Mimic",
          "Mud Sport",
          "Mud-Slap",
          "Natural Gift",
          "Return",
          "Rock Polish",
          "Rock Smash",
          "Scratch",
          "Secret Power",
          "Seismic Toss",
          "Strength",
          "String Shot",
          "Struggle Bug",
          "Swagger",
          "Toxic"
        ],
        "tmMoves7": [
          "Toxic",
          "Hidden Power",
          "Sunny Day",
          "Hyper Beam",
          "Protect",
          "Frustration",
          "Smack Down",
          "Earthquake",
          "Return",
          "Brick Break",
          "Double Team",
          "Sandstorm",
          "Rock Tomb",
          "Aerial Ace",
          "Facade",
          "Rest",
          "Attract",
          "Round",
          "False Swipe",
          "Brutal Swing",
          "Giga Impact",
          "Rock Polish",
          "Stone Edge",
          "Swords Dance",
          "Bulldoze",
          "Rock Slide",
          "X-Scissor",
          "Swagger",
          "Sleep Talk",
          "Substitute",
          "Flash Cannon",
          "Confide"
        ],
        "tmMoves6": [
          "Hone Claws",
          "Toxic",
          "Hidden Power",
          "Sunny Day",
          "Hyper Beam",
          "Protect",
          "Frustration",
          "Smack Down",
          "Earthquake",
          "Return",
          "Dig",
          "Brick Break",
          "Double Team",
          "Sandstorm",
          "Rock Tomb",
          "Aerial Ace",
          "Facade",
          "Rest",
          "Attract",
          "Round",
          "False Swipe",
          "Giga Impact",
          "Rock Polish",
          "Stone Edge",
          "Swords Dance",
          "Struggle Bug",
          "Bulldoze",
          "Rock Slide",
          "X-Scissor",
          "Swagger",
          "Sleep Talk",
          "Substitute",
          "Flash Cannon",
          "Secret Power",
          "Confide"
        ],
        "tmMoves5": [
          "Hone Claws",
          "Toxic",
          "Hidden Power",
          "Sunny Day",
          "Hyper Beam",
          "Protect",
          "Frustration",
          "Smack Down",
          "Earthquake",
          "Return",
          "Dig",
          "Brick Break",
          "Double Team",
          "Sandstorm",
          "Rock Tomb",
          "Aerial Ace",
          "Facade",
          "Rest",
          "Attract",
          "Round",
          "False Swipe",
          "Giga Impact",
          "Rock Polish",
          "Stone Edge",
          "Swords Dance",
          "Struggle Bug",
          "Bulldoze",
          "Rock Slide",
          "X-Scissor",
          "Swagger",
          "Substitute",
          "Flash Cannon",
          "Rock Smash"
        ],
        "tmMoves4": [
          "Water Pulse",
          "Toxic",
          "Hidden Power",
          "Sunny Day",
          "Hyper Beam",
          "Protect",
          "Frustration",
          "Iron Tail",
          "Earthquake",
          "Return",
          "Dig",
          "Brick Break",
          "Double Team",
          "Sandstorm",
          "Rock Tomb",
          "Aerial Ace",
          "Facade",
          "Secret Power",
          "Rest",
          "Attract",
          "False Swipe",
          "Endure",
          "Giga Impact",
          "Rock Polish",
          "Stone Edge",
          "Swords Dance",
          "Stealth Rock",
          "Captivate",
          "Rock Slide",
          "X-Scissor",
          "Sleep Talk",
          "Natural Gift",
          "Swagger",
          "Substitute",
          "Flash Cannon"
        ],
        "tmMoves3": [
          "Water Pulse",
          "Toxic",
          "Hidden Power",
          "Sunny Day",
          "Hyper Beam",
          "Protect",
          "Frustration",
          "Iron Tail",
          "Earthquake",
          "Return",
          "Dig",
          "Brick Break",
          "Double Team",
          "Sandstorm",
          "Rock Tomb",
          "Aerial Ace",
          "Facade",
          "Secret Power",
          "Rest",
          "Attract"
        ],
        "tmMoves2": [],
        "tmMoves1": [],
        "tmMoves": []
      },
      "abilities": {
        "abilities": [
          "BattleArmour"
        ],
        "hiddenAbilities": [
          "SwiftSwim"
        ]
      },
      "movement": {
        "rideable": true,
        "canFly": false,
        "canSurf": false,
        "canRideShoulder": false,
        "ridingOffsets": {
          "standing": {
            "x": 0.0,
            "y": -1.15,
            "z": -0.13
          },
          "moving": {
            "x": 0.0,
            "y": -1.15,
            "z": -0.13
          }
        }
      },
      "aggression": {
        "timid": 80,
        "passive": 0,
        "aggressive": 20
      },
      "battleStats": {
        "hp": 75,
        "attack": 125,
        "defense": 100,
        "specialAttack": 70,
        "specialDefense": 80,
        "speed": 45
      },
      "tags": [],
      "spawn": {
        "baseExp": 199,
        "baseFriendship": 70,
        "spawnLevel": 40,
        "spawnLevelRange": 10,
        "spawnLocations": [
          "LAND"
        ]
      },
      "possibleGenders": [
        "MALE",
        "FEMALE"
      ],
      "genderProperties": [
        {
          "gender": "ALL",
          "palettes": [
            {
              "name": "none",
              "texture": "pixelmon:pokemon/348_armaldo/all/base/none/texture.png",
              "sprite": "pixelmon:pokemon/348_armaldo/all/base/none/sprite.png",
              "particle": "",
              "modelLocator": {
                "factoryType": "NORMAL",
                "pqc": [
                  "pixelmon:pokemon/348_armaldo/all/base/none/model.pqc"
                ],
                "movementThreshold": 0.02,
                "rotateAngleX": 0
              },
              "sounds": [
                "pixelmon.mob.armaldo"
              ]
            },
            {
              "name": "shiny",
              "texture": "pixelmon:pokemon/348_armaldo/all/base/shiny/texture.png",
              "sprite": "pixelmon:pokemon/348_armaldo/all/base/shiny/sprite.png",
              "particle": "arcanery:shiny"
            },
			{
              "name": "insectoid",
              "texture": "pixelmon:pokemon/348_armaldo/all/base/custom-insectoid/texture.png",
              "sprite": "pixelmon:pokemon/348_armaldo/all/base/custom-insectoid/sprite.png",
              "particle": ""
            },
			{
              "name": "molten",
              "texture": "pixelmon:pokemon/348_armaldo/all/base/custom-molten/texture.png",
              "sprite": "pixelmon:pokemon/348_armaldo/all/base/custom-molten/sprite.png",
              "particle": ""
            },
			{
              "name": "outer worlds",
              "texture": "pixelmon:pokemon/348_armaldo/all/base/custom-outerworlds/texture.png",
              "sprite": "pixelmon:pokemon/348_armaldo/all/base/custom-outerworlds/sprite.png",
              "particle": ""
            }
          ]
        }
      ],
      "eggGroups": [
        "WATER_THREE"
      ],
      "types": [
        "ROCK",
        "BUG"
      ],
      "preEvolutions": [
        "Anorith"
      ],
      "defaultBaseForm": "",
      "megaItems": [],
      "megas": [],
      "gigantamax": {
        "canHaveFactor": false,
        "canGigantamax": false
      },
      "eggCycles": 31,
      "weight": 68.2,
      "catchRate": 45,
      "malePercentage": 0,
      "evolutions": [],
      "evYields": {
        "attack": 2
      }
    }
  ],
  "generation": 3
}
