{
  "name": "Feebas",
  "dex": 349,
  "defaultForms": [
    ""
  ],
  "forms": [
    {
      "name": "",
      "experienceGroup": "ERRATIC",
      "dimensions": {
        "height": 0.45,
        "width": 0.6,
        "length": 1,
        "eyeHeight": 0.45,
        "hoverHeight": 0.45
      },
      "moves": {
        "levelUpMoves": [
          {
            "level": 0,
            "attacks": [
              "Splash"
            ]
          },
          {
            "level": 15,
            "attacks": [
              "Tackle"
            ]
          },
          {
            "level": 25,
            "attacks": [
              "Flail"
            ]
          }
        ],
        "tutorMoves": [
          "Scale Shot"
        ],
        "eggMoves": [
          "Confuse Ray",
          "Dragon Breath",
          "Haze",
          "Hypnosis",
          "Mirror Coat",
          "Mist",
          "Tickle"
        ],
        "tmMoves8": [
          "Light Screen",
          "Rest",
          "Snore",
          "Protect",
          "Icy Wind",
          "Attract",
          "Rain Dance",
          "Hail",
          "Whirlpool",
          "Facade",
          "Swift",
          "Dive",
          "Mud Shot",
          "Brine",
          "Round"
        ],
        "trMoves": [
          "Surf",
          "Ice Beam",
          "Blizzard",
          "Waterfall",
          "Substitute",
          "Endure",
          "Sleep Talk",
          "Iron Tail",
          "Muddy Water",
          "Dragon Pulse",
          "Scald"
        ],
        "hmMoves": [],
        "transferMoves": [
          "Captivate",
          "Confide",
          "Double Team",
          "Double-Edge",
          "Frustration",
          "Hidden Power",
          "Mimic",
          "Mud Sport",
          "Natural Gift",
          "Return",
          "Secret Power",
          "Swagger",
          "Toxic",
          "Water Pulse"
        ],
        "tmMoves7": [
          "Toxic",
          "Hail",
          "Hidden Power",
          "Ice Beam",
          "Blizzard",
          "Light Screen",
          "Protect",
          "Rain Dance",
          "Frustration",
          "Return",
          "Double Team",
          "Facade",
          "Rest",
          "Attract",
          "Round",
          "Scald",
          "Swagger",
          "Sleep Talk",
          "Substitute",
          "Surf",
          "Waterfall",
          "Confide"
        ],
        "tmMoves6": [
          "Toxic",
          "Hail",
          "Hidden Power",
          "Ice Beam",
          "Blizzard",
          "Light Screen",
          "Protect",
          "Rain Dance",
          "Frustration",
          "Return",
          "Double Team",
          "Facade",
          "Rest",
          "Attract",
          "Round",
          "Scald",
          "Swagger",
          "Sleep Talk",
          "Substitute",
          "Secret Power",
          "Confide"
        ],
        "tmMoves5": [
          "Toxic",
          "Hail",
          "Hidden Power",
          "Ice Beam",
          "Blizzard",
          "Light Screen",
          "Protect",
          "Rain Dance",
          "Frustration",
          "Return",
          "Double Team",
          "Facade",
          "Rest",
          "Attract",
          "Round",
          "Scald",
          "Swagger",
          "Substitute"
        ],
        "tmMoves4": [
          "Water Pulse",
          "Toxic",
          "Hail",
          "Hidden Power",
          "Ice Beam",
          "Blizzard",
          "Protect",
          "Rain Dance",
          "Frustration",
          "Return",
          "Double Team",
          "Facade",
          "Secret Power",
          "Rest",
          "Attract",
          "Endure",
          "Captivate",
          "Sleep Talk",
          "Natural Gift",
          "Swagger",
          "Substitute"
        ],
        "tmMoves3": [
          "Water Pulse",
          "Toxic",
          "Hail",
          "Hidden Power",
          "Ice Beam",
          "Blizzard",
          "Protect",
          "Rain Dance",
          "Frustration",
          "Return",
          "Double Team",
          "Facade",
          "Secret Power",
          "Rest",
          "Attract"
        ],
        "tmMoves2": [],
        "tmMoves1": [],
        "tmMoves": []
      },
      "abilities": {
        "abilities": [
          "SwiftSwim",
          "Oblivious"
        ],
        "hiddenAbilities": [
          "Adaptability"
        ]
      },
      "movement": {
        "rideable": false,
        "canFly": false,
        "canSurf": true,
        "canRideShoulder": false,
        "swimmingParameters": {
          "depthRangeStart": 1,
          "depthRangeEnd": 10,
          "swimSpeed": 10,
          "decayRate": 0.99,
          "refreshRate": 150
        }
      },
      "aggression": {
        "timid": 80,
        "passive": 0,
        "aggressive": 20
      },
      "battleStats": {
        "hp": 20,
        "attack": 15,
        "defense": 20,
        "specialAttack": 10,
        "specialDefense": 55,
        "speed": 80
      },
      "tags": [],
      "spawn": {
        "baseExp": 61,
        "baseFriendship": 70,
        "spawnLevel": 10,
        "spawnLevelRange": 15,
        "spawnLocations": [
          "WATER"
        ]
      },
      "possibleGenders": [
        "MALE",
        "FEMALE"
      ],
      "genderProperties": [
        {
          "gender": "ALL",
          "palettes": [
            {
              "name": "none",
              "texture": "pixelmon:pokemon/349_feebas/all/base/none/texture.png",
              "sprite": "pixelmon:pokemon/349_feebas/all/base/none/sprite.png",
              "particle": "",
              "modelLocator": {
                "factoryType": "NORMAL",
                "pqc": [
                  "pixelmon:pokemon/349_feebas/all/base/none/model.pqc"
                ],
                "movementThreshold": 0.02,
                "rotateAngleX": 0
              },
              "sounds": []
            },
            {
              "name": "shiny",
              "texture": "pixelmon:pokemon/349_feebas/all/base/shiny/texture.png",
              "sprite": "pixelmon:pokemon/349_feebas/all/base/shiny/sprite.png",
              "particle": "arcanery:shiny"
            },
            {
              "name": "rainbow",
              "texture": "pixelmon:pokemon/349_feebas/all/base/rainbow/texture.png",
              "sprite": "pixelmon:pokemon/349_feebas/all/base/rainbow/sprite.png",
              "particle": ""
            },
            {
              "name": "karp",
              "texture": "pixelmon:pokemon/349_feebas/all/base/karp/texture.png",
              "sprite": "pixelmon:pokemon/349_feebas/all/base/karp/sprite.png",
              "particle": ""
            },
			{
              "name": "aether",
              "texture": "pixelmon:pokemon/349_feebas/all/base/custom-aether/texture.png",
			  "emissive": "pixelmon:pokemon/349_feebas/all/base/custom-aether/emissive.png",
              "sprite": "pixelmon:pokemon/349_feebas/all/base/custom-aether/sprite.png",
              "particle": ""
            },
			{
              "name": "akuma",
              "texture": "pixelmon:pokemon/349_feebas/all/base/custom-akuma/texture.png",
              "sprite": "pixelmon:pokemon/349_feebas/all/base/custom-akuma/sprite.png",
              "particle": ""
            },
			{
              "name": "autumn",
              "texture": "pixelmon:pokemon/349_feebas/all/base/custom-autumn/texture.png",
              "sprite": "pixelmon:pokemon/349_feebas/all/base/custom-autumn/sprite.png",
              "particle": ""
            },
			{
              "name": "dark",
              "texture": "pixelmon:pokemon/349_feebas/all/base/custom-dark/texture.png",
              "sprite": "pixelmon:pokemon/349_feebas/all/base/custom-dark/sprite.png",
              "particle": ""
            },
			{
              "name": "fall",
              "texture": "pixelmon:pokemon/349_feebas/all/base/custom-fall/texture.png",
              "sprite": "pixelmon:pokemon/349_feebas/all/base/custom-fall/sprite.png",
              "particle": ""
            },
			{
              "name": "galaxy",
              "texture": "pixelmon:pokemon/349_feebas/all/base/custom-galaxy/texture.png",
              "sprite": "pixelmon:pokemon/349_feebas/all/base/custom-galaxy/sprite.png",
              "particle": ""
            },
			{
              "name": "gemstone 1",
              "texture": "pixelmon:pokemon/349_feebas/all/base/custom-gemstone1/texture.png",
              "sprite": "pixelmon:pokemon/349_feebas/all/base/custom-gemstone1/sprite.png",
              "particle": ""
            },
			{
              "name": "gemstone 2",
              "texture": "pixelmon:pokemon/349_feebas/all/base/custom-gemstone2/texture.png",
              "sprite": "pixelmon:pokemon/349_feebas/all/base/custom-gemstone2/sprite.png",
              "particle": ""
            },
			{
              "name": "halloween 1",
              "texture": "pixelmon:pokemon/349_feebas/all/base/custom-halloween1/texture.png",
              "sprite": "pixelmon:pokemon/349_feebas/all/base/custom-halloween1/sprite.png",
              "particle": ""
            },
			{
              "name": "halloween 2",
              "texture": "pixelmon:pokemon/349_feebas/all/base/custom-halloween2/texture.png",
              "sprite": "pixelmon:pokemon/349_feebas/all/base/custom-halloween2/sprite.png",
              "particle": ""
            },
			{
              "name": "ice",
              "texture": "pixelmon:pokemon/349_feebas/all/base/custom-ice/texture.png",
              "sprite": "pixelmon:pokemon/349_feebas/all/base/custom-ice/sprite.png",
              "particle": ""
            },
			{
              "name": "lunar",
              "texture": "pixelmon:pokemon/349_feebas/all/base/custom-lunar/texture.png",
              "sprite": "pixelmon:pokemon/349_feebas/all/base/custom-lunar/sprite.png",
              "particle": ""
            },
			{
              "name": "rgb 1",
              "texture": "pixelmon:pokemon/349_feebas/all/base/custom-rgb1/texture.png",
              "sprite": "pixelmon:pokemon/349_feebas/all/base/custom-rgb1/sprite.png",
              "particle": ""
            },
			{
              "name": "rgb 2",
              "texture": "pixelmon:pokemon/349_feebas/all/base/custom-rgb2/texture.png",
              "sprite": "pixelmon:pokemon/349_feebas/all/base/custom-rgb2/sprite.png",
              "particle": ""
            },
			{
              "name": "rgb 3",
              "texture": "pixelmon:pokemon/349_feebas/all/base/custom-rgb3/texture.png",
              "sprite": "pixelmon:pokemon/349_feebas/all/base/custom-rgb3/sprite.png",
              "particle": ""
            },
			{
              "name": "rgb 4",
              "texture": "pixelmon:pokemon/349_feebas/all/base/custom-rgb4/texture.png",
              "sprite": "pixelmon:pokemon/349_feebas/all/base/custom-rgb4/sprite.png",
              "particle": ""
            },
			{
              "name": "royal",
              "texture": "pixelmon:pokemon/349_feebas/all/base/custom-royal/texture.png",
              "sprite": "pixelmon:pokemon/349_feebas/all/base/custom-royal/sprite.png",
              "particle": ""
            },
			{
              "name": "shadow",
              "texture": "pixelmon:pokemon/349_feebas/all/base/custom-shadow/texture.png",
              "sprite": "pixelmon:pokemon/349_feebas/all/base/custom-shadow/sprite.png",
              "particle": ""
            },
			{
              "name": "spring",
              "texture": "pixelmon:pokemon/349_feebas/all/base/custom-spring/texture.png",
              "sprite": "pixelmon:pokemon/349_feebas/all/base/custom-spring/sprite.png",
              "particle": ""
            },
			{
              "name": "valentines",
              "texture": "pixelmon:pokemon/349_feebas/all/base/custom-val/texture.png",
              "sprite": "pixelmon:pokemon/349_feebas/all/base/custom-val/sprite.png",
              "particle": ""
            },
			{
              "name": "vapor",
              "texture": "pixelmon:pokemon/349_feebas/all/base/custom-vapor/texture.png",
              "sprite": "pixelmon:pokemon/349_feebas/all/base/custom-vapor/sprite.png",
              "particle": ""
            }
          ]
        }
      ],
      "eggGroups": [
        "WATER_ONE",
        "DRAGON"
      ],
      "types": [
        "WATER"
      ],
      "preEvolutions": [],
      "defaultBaseForm": "",
      "megaItems": [],
      "megas": [],
      "gigantamax": {
        "canHaveFactor": false,
        "canGigantamax": false
      },
      "eggCycles": 21,
      "weight": 7.4,
      "catchRate": 255,
      "malePercentage": 0,
      "evolutions": [
        {
          "to": "Milotic",
          "conditions": [
            {
              "item": {
                "itemID": "pixelmon:prism_scale"
              },
              "evoConditionType": "heldItem"
            }
          ],
          "evoType": "trade",
          "moves": [
            "Water Pulse"
          ]
        },
        {
          "item": {
            "itemID": "pixelmon:linking_cord"
          },
          "to": "Milotic",
          "conditions": [
            {
              "item": {
                "itemID": "pixelmon:prism_scale"
              },
              "evoConditionType": "heldItem"
            }
          ],
          "evoType": "interact",
          "moves": [
            "Water Pulse"
          ]
        }
      ],
      "evYields": {
        "speed": 1
      }
    }
  ],
  "generation": 3
}
