{
  "name": "Castform",
  "dex": 351,
  "defaultForms": [
    ""
  ],
  "forms": [
    {
      "name": "",
      "experienceGroup": "MEDIUM_FAST",
      "dimensions": {
        "height": 0.5,
        "width": 0.3,
        "length": 1,
        "eyeHeight": 0.5,
        "hoverHeight": 0.5
      },
      "moves": {
        "levelUpMoves": [
          {
            "level": 0,
            "attacks": [
              "Tackle"
            ]
          },
          {
            "level": 10,
            "attacks": [
              "Ember",
              "Powder Snow",
              "Water Gun"
            ]
          },
          {
            "level": 15,
            "attacks": [
              "Headbutt"
            ]
          },
          {
            "level": 20,
            "attacks": [
              "Hail",
              "Rain Dance",
              "Sunny Day"
            ]
          },
          {
            "level": 25,
            "attacks": [
              "Weather Ball"
            ]
          },
          {
            "level": 35,
            "attacks": [
              "Blizzard",
              "Fire Blast",
              "Hydro Pump"
            ]
          },
          {
            "level": 45,
            "attacks": [
              "Hurricane"
            ]
          }
        ],
        "tutorMoves": [
          "Defog",
          "Icy Wind",
          "Last Resort",
          "Shock Wave",
          "Snore",
          "Tailwind",
          "Water Pulse"
        ],
        "eggMoves": [
          "Amnesia",
          "Clear Smog",
          "Cosmic Power",
          "Disable",
          "Future Sight",
          "Guard Swap",
          "Hex",
          "Lucky Chant",
          "Ominous Wind",
          "Reflect Type"
        ],
        "tmMoves8": [],
        "trMoves": [],
        "hmMoves": [],
        "transferMoves": [
          "Avalanche",
          "Body Slam",
          "Captivate",
          "Defense Curl",
          "Double-Edge",
          "Endure",
          "Flash",
          "Incinerate",
          "Mimic",
          "Natural Gift",
          "Retaliate",
          "Secret Power",
          "Swift"
        ],
        "tmMoves7": [
          "Work Up",
          "Toxic",
          "Hail",
          "Hidden Power",
          "Sunny Day",
          "Ice Beam",
          "Blizzard",
          "Protect",
          "Rain Dance",
          "Frustration",
          "Solar Beam",
          "Thunderbolt",
          "Thunder",
          "Return",
          "Shadow Ball",
          "Double Team",
          "Flamethrower",
          "Sandstorm",
          "Fire Blast",
          "Facade",
          "Rest",
          "Attract",
          "Thief",
          "Round",
          "Energy Ball",
          "Scald",
          "Thunder Wave",
          "Psych Up",
          "Swagger",
          "Sleep Talk",
          "Substitute",
          "Confide"
        ],
        "tmMoves6": [
          "Toxic",
          "Hail",
          "Hidden Power",
          "Sunny Day",
          "Ice Beam",
          "Blizzard",
          "Protect",
          "Rain Dance",
          "Frustration",
          "Solar Beam",
          "Thunderbolt",
          "Thunder",
          "Return",
          "Shadow Ball",
          "Double Team",
          "Flamethrower",
          "Sandstorm",
          "Fire Blast",
          "Facade",
          "Rest",
          "Attract",
          "Thief",
          "Round",
          "Energy Ball",
          "Scald",
          "Incinerate",
          "Retaliate",
          "Flash",
          "Thunder Wave",
          "Psych Up",
          "Swagger",
          "Sleep Talk",
          "Substitute",
          "Secret Power",
          "Confide"
        ],
        "tmMoves5": [
          "Toxic",
          "Hail",
          "Hidden Power",
          "Sunny Day",
          "Ice Beam",
          "Blizzard",
          "Protect",
          "Rain Dance",
          "Frustration",
          "Solar Beam",
          "Thunderbolt",
          "Thunder",
          "Return",
          "Shadow Ball",
          "Double Team",
          "Flamethrower",
          "Sandstorm",
          "Fire Blast",
          "Facade",
          "Rest",
          "Attract",
          "Thief",
          "Round",
          "Energy Ball",
          "Scald",
          "Incinerate",
          "Retaliate",
          "Flash",
          "Thunder Wave",
          "Psych Up",
          "Work Up",
          "Swagger",
          "Substitute"
        ],
        "tmMoves4": [
          "Water Pulse",
          "Toxic",
          "Hail",
          "Hidden Power",
          "Sunny Day",
          "Ice Beam",
          "Blizzard",
          "Protect",
          "Rain Dance",
          "Frustration",
          "Solar Beam",
          "Thunderbolt",
          "Thunder",
          "Return",
          "Shadow Ball",
          "Double Team",
          "Shock Wave",
          "Flamethrower",
          "Sandstorm",
          "Fire Blast",
          "Facade",
          "Secret Power",
          "Rest",
          "Attract",
          "Thief",
          "Energy Ball",
          "Endure",
          "Flash",
          "Avalanche",
          "Thunder Wave",
          "Psych Up",
          "Captivate",
          "Sleep Talk",
          "Natural Gift",
          "Swagger",
          "Substitute"
        ],
        "tmMoves3": [
          "Water Pulse",
          "Toxic",
          "Hail",
          "Hidden Power",
          "Sunny Day",
          "Ice Beam",
          "Blizzard",
          "Protect",
          "Rain Dance",
          "Frustration",
          "Solar Beam",
          "Thunderbolt",
          "Thunder",
          "Return",
          "Shadow Ball",
          "Double Team",
          "Shock Wave",
          "Flamethrower",
          "Sandstorm",
          "Fire Blast",
          "Facade",
          "Secret Power",
          "Rest",
          "Attract",
          "Thief"
        ],
        "tmMoves2": [],
        "tmMoves1": [],
        "tmMoves": []
      },
      "abilities": {
        "abilities": [
          "Forecast"
        ],
        "hiddenAbilities": []
      },
      "movement": {
        "rideable": false,
        "canFly": false,
        "canSurf": false,
        "canRideShoulder": false
      },
      "aggression": {
        "timid": 80,
        "passive": 0,
        "aggressive": 20
      },
      "battleStats": {
        "hp": 70,
        "attack": 70,
        "defense": 70,
        "specialAttack": 70,
        "specialDefense": 70,
        "speed": 70
      },
      "tags": [],
      "spawn": {
        "baseExp": 147,
        "baseFriendship": 70,
        "spawnLevel": 25,
        "spawnLevelRange": 10,
        "spawnLocations": [
          "LAND"
        ]
      },
      "possibleGenders": [
        "MALE",
        "FEMALE"
      ],
      "genderProperties": [
        {
          "gender": "ALL",
          "palettes": [
            {
              "name": "none",
              "texture": "pixelmon:pokemon/351_castform/all/base/none/texture.png",
              "sprite": "pixelmon:pokemon/351_castform/all/base/none/sprite.png",
              "particle": "",
              "modelLocator": {
                "factoryType": "NORMAL",
                "pqc": [
                  "pixelmon:pokemon/351_castform/all/base/none/model.pqc"
                ]
              },
              "sounds": []
            },
            {
              "name": "shiny",
              "texture": "pixelmon:pokemon/351_castform/all/base/shiny/texture.png",
              "sprite": "pixelmon:pokemon/351_castform/all/base/shiny/sprite.png",
              "particle": "arcanery:shiny"
            },
            {
              "name": "christmas",
              "texture": "pixelmon:pokemon/351_castform/all/base/christmas/texture.png",
              "sprite": "pixelmon:pokemon/351_castform/all/base/christmas/sprite.png",
              "particle": "arcanery:shiny"
            },
			{
              "name": "dark",
              "texture": "pixelmon:pokemon/351_castform/all/base/custom-dark/texture.png",
              "sprite": "pixelmon:pokemon/351_castform/all/base/custom-dark/sprite.png",
              "particle": ""
            },
			{
              "name": "ditto 1",
              "texture": "pixelmon:pokemon/351_castform/all/base/custom-ditto1/texture.png",
              "sprite": "pixelmon:pokemon/351_castform/all/base/custom-ditto1/sprite.png",
              "particle": ""
            },
			{
              "name": "ditto 2",
              "texture": "pixelmon:pokemon/351_castform/all/base/custom-ditto2/texture.png",
              "sprite": "pixelmon:pokemon/351_castform/all/base/custom-ditto2/sprite.png",
              "particle": ""
            }
          ]
        }
      ],
      "eggGroups": [
        "FAIRY",
        "AMORPHOUS"
      ],
      "types": [
        "NORMAL"
      ],
      "preEvolutions": [],
      "defaultBaseForm": "",
      "megaItems": [],
      "megas": [],
      "gigantamax": {
        "canHaveFactor": false,
        "canGigantamax": false
      },
      "eggCycles": 26,
      "weight": 0.8,
      "catchRate": 45,
      "malePercentage": 0,
      "evolutions": [],
      "evYields": {
        "hp": 1
      }
    },
    {
      "name": "ice",
      "types": [
        "ICE"
      ],
      "genderProperties": [
        {
          "gender": "ALL",
          "palettes": [
            {
              "name": "none",
              "texture": "pixelmon:pokemon/351_castform/all/ice/none/texture.png",
              "sprite": "pixelmon:pokemon/351_castform/all/ice/none/sprite.png",
              "particle": "",
              "modelLocator": {
                "factoryType": "DUAL",
                "pqc": [
                  "pixelmon:pokemon/351_castform/all/ice/none/model.pqc",
                  "pixelmon:pokemon/351_castform/all/ice/none/model1.pqc"
                ],
                "transparency2": 0.4
              }
            },
            {
              "name": "shiny",
              "texture": "pixelmon:pokemon/351_castform/all/ice/shiny/texture.png",
              "sprite": "pixelmon:pokemon/351_castform/all/ice/shiny/sprite.png",
              "particle": "arcanery:shiny"
            },
			{
              "name": "dark",
              "texture": "pixelmon:pokemon/351_castform/all/ice/custom-dark/texture.png",
              "sprite": "pixelmon:pokemon/351_castform/all/ice/custom-dark/sprite.png",
              "particle": ""
            },
			{
              "name": "ditto 1",
              "texture": "pixelmon:pokemon/351_castform/all/ice/custom-ditto1/texture.png",
              "sprite": "pixelmon:pokemon/351_castform/all/ice/custom-ditto1/sprite.png",
              "particle": ""
            },
			{
              "name": "ditto 2",
              "texture": "pixelmon:pokemon/351_castform/all/ice/custom-ditto2/texture.png",
              "sprite": "pixelmon:pokemon/351_castform/all/ice/custom-ditto2/sprite.png",
              "particle": ""
            }
          ]
        }
      ]
    },
    {
      "name": "rain",
      "types": [
        "WATER"
      ],
      "genderProperties": [
        {
          "gender": "ALL",
          "palettes": [
            {
              "name": "none",
              "texture": "pixelmon:pokemon/351_castform/all/rain/none/texture.png",
              "sprite": "pixelmon:pokemon/351_castform/all/rain/none/sprite.png",
              "particle": "",
              "modelLocator": {
                "factoryType": "DUAL",
                "pqc": [
                  "pixelmon:pokemon/351_castform/all/rain/none/model.pqc",
                  "pixelmon:pokemon/351_castform/all/rain/none/model1.pqc"
                ],
                "transparency2": 0.4
              }
            },
            {
              "name": "shiny",
              "texture": "pixelmon:pokemon/351_castform/all/rain/shiny/texture.png",
              "sprite": "pixelmon:pokemon/351_castform/all/rain/shiny/sprite.png",
              "particle": "arcanery:shiny"
            },
			{
              "name": "dark",
              "texture": "pixelmon:pokemon/351_castform/all/rain/custom-dark/texture.png",
              "sprite": "pixelmon:pokemon/351_castform/all/rain/custom-dark/sprite.png",
              "particle": ""
            },
			{
              "name": "ditto 1",
              "texture": "pixelmon:pokemon/351_castform/all/rain/custom-ditto1/texture.png",
              "sprite": "pixelmon:pokemon/351_castform/all/rain/custom-ditto1/sprite.png",
              "particle": ""
            },
			{
              "name": "ditto 2",
              "texture": "pixelmon:pokemon/351_castform/all/rain/custom-ditto2/texture.png",
              "sprite": "pixelmon:pokemon/351_castform/all/rain/custom-ditto2/sprite.png",
              "particle": ""
            }			
          ]
        }
      ]
    },
    {
      "name": "sun",
      "types": [
        "FIRE"
      ],
      "genderProperties": [
        {
          "gender": "ALL",
          "palettes": [
            {
              "name": "none",
              "texture": "pixelmon:pokemon/351_castform/all/sun/none/texture.png",
              "sprite": "pixelmon:pokemon/351_castform/all/sun/none/sprite.png",
              "particle": "",
              "modelLocator": {
                "factoryType": "DUAL",
                "pqc": [
                  "pixelmon:pokemon/351_castform/all/sun/none/model.pqc",
                  "pixelmon:pokemon/351_castform/all/sun/none/model1.pqc"
                ],
                "transparency2": 0.4
              }
            },
            {
              "name": "shiny",
              "texture": "pixelmon:pokemon/351_castform/all/sun/shiny/texture.png",
              "sprite": "pixelmon:pokemon/351_castform/all/sun/shiny/sprite.png",
              "particle": "arcanery:shiny"
            },
			{
              "name": "dark",
              "texture": "pixelmon:pokemon/351_castform/all/sun/custom-dark/texture.png",
              "sprite": "pixelmon:pokemon/351_castform/all/sun/custom-dark/sprite.png",
              "particle": ""
            },
			{
              "name": "ditto 1",
              "texture": "pixelmon:pokemon/351_castform/all/sun/custom-ditto1/texture.png",
              "sprite": "pixelmon:pokemon/351_castform/all/sun/custom-ditto1/sprite.png",
              "particle": ""
            },
			{
              "name": "ditto 2",
              "texture": "pixelmon:pokemon/351_castform/all/sun/custom-ditto2/texture.png",
              "sprite": "pixelmon:pokemon/351_castform/all/sun/custom-ditto2/sprite.png",
              "particle": ""
            }			
          ]
        }
      ]
    }
  ],
  "generation": 3
}
