{
  "name": "Dusclops",
  "dex": 356,
  "defaultForms": [
    ""
  ],
  "forms": [
    {
      "name": "",
      "experienceGroup": "FAST",
      "dimensions": {
        "height": 1.6,
        "width": 1.4,
        "length": 1,
        "eyeHeight": 1.6,
        "hoverHeight": 1.6
      },
      "moves": {
        "levelUpMoves": [
          {
            "level": 0,
            "attacks": [
              "Astonish",
              "Bind",
              "Disable",
              "Fire Punch",
              "Gravity",
              "Ice Punch",
              "Leer",
              "Shadow Punch",
              "Shadow Sneak",
              "Thunder Punch"
            ]
          },
          {
            "level": 12,
            "attacks": [
              "Confuse Ray"
            ]
          },
          {
            "level": 16,
            "attacks": [
              "Night Shade"
            ]
          },
          {
            "level": 20,
            "attacks": [
              "Payback"
            ]
          },
          {
            "level": 24,
            "attacks": [
              "Will-O-Wisp"
            ]
          },
          {
            "level": 28,
            "attacks": [
              "Mean Look"
            ]
          },
          {
            "level": 32,
            "attacks": [
              "Hex"
            ]
          },
          {
            "level": 36,
            "attacks": [
              "Curse"
            ]
          },
          {
            "level": 42,
            "attacks": [
              "Shadow Ball"
            ]
          },
          {
            "level": 48,
            "attacks": [
              "Future Sight"
            ]
          }
        ],
        "tutorMoves": [
          "Poltergeist",
          "Skitter Smack"
        ],
        "eggMoves": [
          "Grudge",
          "Haze",
          "Memento",
          "Pain Split"
        ],
        "tmMoves8": [
          "Mega Punch",
          "Mega Kick",
          "Fire Punch",
          "Ice Punch",
          "Thunder Punch",
          "Hyper Beam",
          "Giga Impact",
          "Rest",
          "Rock Slide",
          "Thief",
          "Snore",
          "Protect",
          "Icy Wind",
          "Attract",
          "Rain Dance",
          "Sunny Day",
          "Will-O-Wisp",
          "Facade",
          "Helping Hand",
          "Revenge",
          "Brick Break",
          "Imprison",
          "Rock Tomb",
          "Payback",
          "Fling",
          "Trick Room",
          "Wonder Room",
          "Round",
          "Hex",
          "Bulldoze"
        ],
        "trMoves": [
          "Body Slam",
          "Ice Beam",
          "Blizzard",
          "Earthquake",
          "Psychic",
          "Metronome",
          "Substitute",
          "Endure",
          "Sleep Talk",
          "Shadow Ball",
          "Future Sight",
          "Taunt",
          "Trick",
          "Skill Swap",
          "Calm Mind",
          "Dark Pulse",
          "Ally Switch"
        ],
        "hmMoves": [],
        "transferMoves": [
          "Captivate",
          "Charge Beam",
          "Confide",
          "Counter",
          "Destiny Bond",
          "Double Team",
          "Double-Edge",
          "Dream Eater",
          "Dynamic Punch",
          "Embargo",
          "Feint Attack",
          "Flash",
          "Focus Punch",
          "Foresight",
          "Frustration",
          "Headbutt",
          "Hidden Power",
          "Infestation",
          "Mimic",
          "Mud-Slap",
          "Natural Gift",
          "Nightmare",
          "Ominous Wind",
          "Power-Up Punch",
          "Psych Up",
          "Pursuit",
          "Return",
          "Rock Smash",
          "Secret Power",
          "Seismic Toss",
          "Snatch",
          "Spite",
          "Strength",
          "Sucker Punch",
          "Swagger",
          "Telekinesis",
          "Torment",
          "Toxic"
        ],
        "tmMoves7": [
          "Calm Mind",
          "Toxic",
          "Hidden Power",
          "Sunny Day",
          "Taunt",
          "Ice Beam",
          "Blizzard",
          "Hyper Beam",
          "Protect",
          "Rain Dance",
          "Frustration",
          "Earthquake",
          "Return",
          "Psychic",
          "Shadow Ball",
          "Brick Break",
          "Double Team",
          "Rock Tomb",
          "Torment",
          "Facade",
          "Rest",
          "Attract",
          "Thief",
          "Round",
          "Fling",
          "Charge Beam",
          "Will-O-Wisp",
          "Embargo",
          "Payback",
          "Giga Impact",
          "Psych Up",
          "Bulldoze",
          "Rock Slide",
          "Infestation",
          "Dream Eater",
          "Swagger",
          "Sleep Talk",
          "Substitute",
          "Trick Room",
          "Dark Pulse",
          "Confide"
        ],
        "tmMoves6": [
          "Calm Mind",
          "Toxic",
          "Hidden Power",
          "Sunny Day",
          "Taunt",
          "Ice Beam",
          "Blizzard",
          "Hyper Beam",
          "Protect",
          "Rain Dance",
          "Frustration",
          "Earthquake",
          "Return",
          "Psychic",
          "Shadow Ball",
          "Brick Break",
          "Double Team",
          "Rock Tomb",
          "Torment",
          "Facade",
          "Rest",
          "Attract",
          "Thief",
          "Round",
          "Fling",
          "Charge Beam",
          "Will-O-Wisp",
          "Embargo",
          "Payback",
          "Giga Impact",
          "Flash",
          "Psych Up",
          "Bulldoze",
          "Rock Slide",
          "Infestation",
          "Dream Eater",
          "Swagger",
          "Sleep Talk",
          "Substitute",
          "Trick Room",
          "Secret Power",
          "Dark Pulse",
          "Power-Up Punch",
          "Confide"
        ],
        "tmMoves5": [
          "Calm Mind",
          "Toxic",
          "Hidden Power",
          "Sunny Day",
          "Taunt",
          "Ice Beam",
          "Blizzard",
          "Hyper Beam",
          "Protect",
          "Rain Dance",
          "Telekinesis",
          "Frustration",
          "Earthquake",
          "Return",
          "Psychic",
          "Shadow Ball",
          "Brick Break",
          "Double Team",
          "Rock Tomb",
          "Torment",
          "Facade",
          "Rest",
          "Attract",
          "Thief",
          "Round",
          "Fling",
          "Charge Beam",
          "Will-O-Wisp",
          "Embargo",
          "Payback",
          "Giga Impact",
          "Flash",
          "Psych Up",
          "Bulldoze",
          "Rock Slide",
          "Dream Eater",
          "Swagger",
          "Substitute",
          "Trick Room",
          "Rock Smash"
        ],
        "tmMoves4": [
          "Focus Punch",
          "Calm Mind",
          "Toxic",
          "Hidden Power",
          "Sunny Day",
          "Taunt",
          "Ice Beam",
          "Blizzard",
          "Hyper Beam",
          "Protect",
          "Rain Dance",
          "Frustration",
          "Earthquake",
          "Return",
          "Psychic",
          "Shadow Ball",
          "Brick Break",
          "Double Team",
          "Rock Tomb",
          "Torment",
          "Facade",
          "Secret Power",
          "Rest",
          "Attract",
          "Thief",
          "Skill Swap",
          "Snatch",
          "Fling",
          "Charge Beam",
          "Endure",
          "Will-O-Wisp",
          "Embargo",
          "Payback",
          "Giga Impact",
          "Flash",
          "Psych Up",
          "Captivate",
          "Dark Pulse",
          "Rock Slide",
          "Sleep Talk",
          "Natural Gift",
          "Dream Eater",
          "Swagger",
          "Substitute",
          "Trick Room"
        ],
        "tmMoves3": [
          "Focus Punch",
          "Calm Mind",
          "Toxic",
          "Hidden Power",
          "Sunny Day",
          "Taunt",
          "Ice Beam",
          "Blizzard",
          "Hyper Beam",
          "Protect",
          "Rain Dance",
          "Frustration",
          "Earthquake",
          "Return",
          "Psychic",
          "Shadow Ball",
          "Double Team",
          "Rock Tomb",
          "Torment",
          "Facade",
          "Secret Power",
          "Rest",
          "Attract",
          "Thief",
          "Skill Swap",
          "Snatch"
        ],
        "tmMoves2": [],
        "tmMoves1": [],
        "tmMoves": []
      },
      "abilities": {
        "abilities": [
          "Pressure"
        ],
        "hiddenAbilities": [
          "Frisk"
        ]
      },
      "movement": {
        "rideable": true,
        "canFly": false,
        "canSurf": false,
        "canRideShoulder": false,
        "ridingOffsets": {
          "standing": {
            "x": 0.0,
            "y": -1.1,
            "z": -0.55
          },
          "moving": {
            "x": 0.0,
            "y": -1.1,
            "z": -0.55
          }
        }
      },
      "aggression": {
        "timid": 80,
        "passive": 0,
        "aggressive": 20
      },
      "battleStats": {
        "hp": 40,
        "attack": 70,
        "defense": 130,
        "specialAttack": 60,
        "specialDefense": 130,
        "speed": 25
      },
      "tags": [],
      "spawn": {
        "baseExp": 179,
        "baseFriendship": 35,
        "spawnLevel": 38,
        "spawnLevelRange": 13,
        "spawnLocations": [
          "LAND"
        ]
      },
      "possibleGenders": [
        "MALE",
        "FEMALE"
      ],
      "genderProperties": [
        {
          "gender": "ALL",
          "palettes": [
            {
              "name": "none",
              "texture": "pixelmon:pokemon/356_dusclops/all/base/none/texture.png",
              "sprite": "pixelmon:pokemon/356_dusclops/all/base/none/sprite.png",
              "particle": "",
              "modelLocator": {
                "factoryType": "NORMAL",
                "pqc": [
                  "pixelmon:pokemon/356_dusclops/all/base/none/model.pqc"
                ]
              },
              "sounds": [
                "pixelmon.mob.dusclops",
                "pixelmon.mob.dusclops"
              ]
            },
            {
              "name": "shiny",
              "texture": "pixelmon:pokemon/356_dusclops/all/base/shiny/texture.png",
              "sprite": "pixelmon:pokemon/356_dusclops/all/base/shiny/sprite.png",
              "particle": "arcanery:shiny"
            },
			{
              "name": "heroic",
              "texture": "pixelmon:pokemon/356_dusclops/all/base/custom-heroic/texture.png",
              "sprite": "pixelmon:pokemon/356_dusclops/all/base/custom-heroic/sprite.png",
              "particle": ""
            },
			{
              "name": "shadow",
              "texture": "pixelmon:pokemon/356_dusclops/all/base/custom-shadow/texture.png",
              "sprite": "pixelmon:pokemon/356_dusclops/all/base/custom-shadow/sprite.png",
              "particle": ""
            }
          ]
        }
      ],
      "eggGroups": [
        "AMORPHOUS"
      ],
      "types": [
        "GHOST"
      ],
      "preEvolutions": [
        "Duskull"
      ],
      "defaultBaseForm": "",
      "megaItems": [],
      "megas": [],
      "gigantamax": {
        "canHaveFactor": false,
        "canGigantamax": false
      },
      "eggCycles": 26,
      "weight": 30.6,
      "catchRate": 90,
      "malePercentage": 0,
      "evolutions": [
        {
          "to": "Dusknoir",
          "conditions": [
            {
              "item": {
                "itemID": "pixelmon:reaper_cloth"
              },
              "evoConditionType": "heldItem"
            }
          ],
          "evoType": "trade"
        },
        {
          "item": {
            "itemID": "pixelmon:linking_cord"
          },
          "to": "Dusknoir",
          "conditions": [
            {
              "item": {
                "itemID": "pixelmon:reaper_cloth"
              },
              "evoConditionType": "heldItem"
            }
          ],
          "evoType": "interact"
        }
      ],
      "evYields": {
        "defense": 1,
        "specialDefense": 1
      }
    }
  ],
  "generation": 3
}
