{
  "name": "Absol",
  "dex": 359,
  "defaultForms": [
    ""
  ],
  "forms": [
    {
      "name": "",
      "experienceGroup": "MEDIUM_SLOW",
      "dimensions": {
        "height": 0.9,
        "width": 0.8,
        "length": 1,
        "eyeHeight": 0.9,
        "hoverHeight": 0.9
      },
      "moves": {
        "levelUpMoves": [
          {
            "level": 0,
            "attacks": [
              "Leer",
              "Quick Attack"
            ]
          },
          {
            "level": 5,
            "attacks": [
              "Double Team"
            ]
          },
          {
            "level": 10,
            "attacks": [
              "Knock Off"
            ]
          },
          {
            "level": 15,
            "attacks": [
              "Detect"
            ]
          },
          {
            "level": 20,
            "attacks": [
              "Taunt"
            ]
          },
          {
            "level": 25,
            "attacks": [
              "Slash"
            ]
          },
          {
            "level": 30,
            "attacks": [
              "Night Slash"
            ]
          },
          {
            "level": 35,
            "attacks": [
              "Focus Energy"
            ]
          },
          {
            "level": 40,
            "attacks": [
              "Sucker Punch"
            ]
          },
          {
            "level": 45,
            "attacks": [
              "Swords Dance"
            ]
          },
          {
            "level": 50,
            "attacks": [
              "Future Sight"
            ]
          },
          {
            "level": 55,
            "attacks": [
              "Perish Song"
            ]
          }
        ],
        "tutorMoves": [],
        "eggMoves": [
          "Bite",
          "Curse",
          "Double-Edge",
          "Feint",
          "Magic Coat",
          "Mean Look"
        ],
        "tmMoves8": [
          "Hyper Beam",
          "Giga Impact",
          "Thunder Wave",
          "Rest",
          "Rock Slide",
          "Thief",
          "Snore",
          "Protect",
          "Icy Wind",
          "Attract",
          "Sandstorm",
          "Rain Dance",
          "Sunny Day",
          "Hail",
          "Will-O-Wisp",
          "Facade",
          "Swift",
          "Rock Tomb",
          "Bounce",
          "Payback",
          "Assurance",
          "Shadow Claw",
          "Psycho Cut",
          "Round",
          "Hex",
          "Retaliate",
          "Snarl",
          "False Swipe",
          "Air Slash",
          "Brutal Swing"
        ],
        "trMoves": [
          "Swords Dance",
          "Body Slam",
          "Flamethrower",
          "Ice Beam",
          "Blizzard",
          "Thunderbolt",
          "Thunder",
          "Focus Energy",
          "Fire Blast",
          "Substitute",
          "Endure",
          "Sleep Talk",
          "Megahorn",
          "Baton Pass",
          "Iron Tail",
          "Shadow Ball",
          "Future Sight",
          "Taunt",
          "Superpower",
          "Calm Mind",
          "Close Combat",
          "Dark Pulse",
          "X-Scissor",
          "Zen Headbutt",
          "Stone Edge",
          "Foul Play",
          "Play Rough",
          "Throat Chop"
        ],
        "hmMoves": [],
        "transferMoves": [
          "Aerial Ace",
          "Captivate",
          "Charge Beam",
          "Confide",
          "Counter",
          "Cut",
          "Dream Eater",
          "Echoed Voice",
          "Feint Attack",
          "Flash",
          "Frustration",
          "Fury Cutter",
          "Headbutt",
          "Hidden Power",
          "Hone Claws",
          "Incinerate",
          "Laser Focus",
          "Me First",
          "Mimic",
          "Mud-Slap",
          "Natural Gift",
          "Nightmare",
          "Psych Up",
          "Punishment",
          "Pursuit",
          "Razor Wind",
          "Return",
          "Rock Smash",
          "Role Play",
          "Scratch",
          "Secret Power",
          "Shock Wave",
          "Snatch",
          "Spite",
          "Strength",
          "Swagger",
          "Torment",
          "Toxic",
          "Water Pulse",
          "Wish"
        ],
        "tmMoves7": [
          "Calm Mind",
          "Toxic",
          "Hail",
          "Hidden Power",
          "Sunny Day",
          "Taunt",
          "Ice Beam",
          "Blizzard",
          "Hyper Beam",
          "Protect",
          "Rain Dance",
          "Frustration",
          "Thunderbolt",
          "Thunder",
          "Return",
          "Shadow Ball",
          "Double Team",
          "Flamethrower",
          "Sandstorm",
          "Fire Blast",
          "Rock Tomb",
          "Aerial Ace",
          "Torment",
          "Facade",
          "Rest",
          "Attract",
          "Thief",
          "Round",
          "Echoed Voice",
          "False Swipe",
          "Charge Beam",
          "Brutal Swing",
          "Will-O-Wisp",
          "Shadow Claw",
          "Payback",
          "Giga Impact",
          "Stone Edge",
          "Thunder Wave",
          "Swords Dance",
          "Psych Up",
          "Rock Slide",
          "X-Scissor",
          "Dream Eater",
          "Swagger",
          "Sleep Talk",
          "Substitute",
          "Snarl",
          "Dark Pulse",
          "Confide"
        ],
        "tmMoves6": [
          "Hone Claws",
          "Calm Mind",
          "Toxic",
          "Hail",
          "Hidden Power",
          "Sunny Day",
          "Taunt",
          "Ice Beam",
          "Blizzard",
          "Hyper Beam",
          "Protect",
          "Rain Dance",
          "Frustration",
          "Thunderbolt",
          "Thunder",
          "Return",
          "Shadow Ball",
          "Double Team",
          "Flamethrower",
          "Sandstorm",
          "Fire Blast",
          "Rock Tomb",
          "Aerial Ace",
          "Torment",
          "Facade",
          "Rest",
          "Attract",
          "Thief",
          "Round",
          "Echoed Voice",
          "False Swipe",
          "Charge Beam",
          "Incinerate",
          "Will-O-Wisp",
          "Shadow Claw",
          "Payback",
          "Retaliate",
          "Giga Impact",
          "Flash",
          "Stone Edge",
          "Thunder Wave",
          "Swords Dance",
          "Psych Up",
          "Rock Slide",
          "X-Scissor",
          "Dream Eater",
          "Swagger",
          "Sleep Talk",
          "Substitute",
          "Secret Power",
          "Snarl",
          "Dark Pulse",
          "Confide"
        ],
        "tmMoves5": [
          "Hone Claws",
          "Calm Mind",
          "Toxic",
          "Hail",
          "Hidden Power",
          "Sunny Day",
          "Taunt",
          "Ice Beam",
          "Blizzard",
          "Hyper Beam",
          "Protect",
          "Rain Dance",
          "Frustration",
          "Thunderbolt",
          "Thunder",
          "Return",
          "Shadow Ball",
          "Double Team",
          "Flamethrower",
          "Sandstorm",
          "Fire Blast",
          "Rock Tomb",
          "Aerial Ace",
          "Torment",
          "Facade",
          "Rest",
          "Attract",
          "Thief",
          "Round",
          "Echoed Voice",
          "False Swipe",
          "Charge Beam",
          "Incinerate",
          "Will-O-Wisp",
          "Shadow Claw",
          "Payback",
          "Retaliate",
          "Giga Impact",
          "Flash",
          "Stone Edge",
          "Thunder Wave",
          "Swords Dance",
          "Psych Up",
          "Rock Slide",
          "X-Scissor",
          "Dream Eater",
          "Swagger",
          "Substitute",
          "Rock Smash",
          "Snarl"
        ],
        "tmMoves4": [
          "Water Pulse",
          "Calm Mind",
          "Toxic",
          "Hail",
          "Hidden Power",
          "Sunny Day",
          "Taunt",
          "Ice Beam",
          "Blizzard",
          "Hyper Beam",
          "Protect",
          "Rain Dance",
          "Frustration",
          "Iron Tail",
          "Thunderbolt",
          "Thunder",
          "Return",
          "Shadow Ball",
          "Double Team",
          "Shock Wave",
          "Flamethrower",
          "Sandstorm",
          "Fire Blast",
          "Rock Tomb",
          "Aerial Ace",
          "Torment",
          "Facade",
          "Secret Power",
          "Rest",
          "Attract",
          "Thief",
          "Snatch",
          "False Swipe",
          "Charge Beam",
          "Endure",
          "Will-O-Wisp",
          "Shadow Claw",
          "Payback",
          "Giga Impact",
          "Flash",
          "Stone Edge",
          "Thunder Wave",
          "Swords Dance",
          "Psych Up",
          "Captivate",
          "Dark Pulse",
          "Rock Slide",
          "X-Scissor",
          "Sleep Talk",
          "Natural Gift",
          "Dream Eater",
          "Swagger",
          "Substitute"
        ],
        "tmMoves3": [
          "Water Pulse",
          "Calm Mind",
          "Toxic",
          "Hail",
          "Hidden Power",
          "Sunny Day",
          "Taunt",
          "Ice Beam",
          "Blizzard",
          "Hyper Beam",
          "Protect",
          "Rain Dance",
          "Frustration",
          "Iron Tail",
          "Thunderbolt",
          "Thunder",
          "Return",
          "Shadow Ball",
          "Double Team",
          "Shock Wave",
          "Flamethrower",
          "Sandstorm",
          "Fire Blast",
          "Aerial Ace",
          "Torment",
          "Facade",
          "Secret Power",
          "Rest",
          "Attract",
          "Thief",
          "Snatch"
        ],
        "tmMoves2": [],
        "tmMoves1": [],
        "tmMoves": []
      },
      "abilities": {
        "abilities": [
          "Pressure",
          "SuperLuck"
        ],
        "hiddenAbilities": [
          "Justified"
        ]
      },
      "movement": {
        "rideable": true,
        "canFly": false,
        "canSurf": false,
        "canRideShoulder": false,
        "ridingOffsets": {
          "standing": {
            "x": 0.0,
            "y": -0.4,
            "z": -0.2
          },
          "moving": {
            "x": 0,
            "y": 0,
            "z": 0
          }
        }
      },
      "aggression": {
        "timid": 80,
        "passive": 0,
        "aggressive": 20
      },
      "battleStats": {
        "hp": 65,
        "attack": 130,
        "defense": 60,
        "specialAttack": 75,
        "specialDefense": 60,
        "speed": 75
      },
      "tags": [],
      "spawn": {
        "baseExp": 163,
        "baseFriendship": 35,
        "spawnLevel": 5,
        "spawnLevelRange": 45,
        "spawnLocations": [
          "LAND"
        ]
      },
      "possibleGenders": [
        "MALE",
        "FEMALE"
      ],
      "genderProperties": [
        {
          "gender": "ALL",
          "palettes": [
            {
              "name": "none",
              "texture": "pixelmon:pokemon/359_absol/all/base/none/texture.png",
              "sprite": "pixelmon:pokemon/359_absol/all/base/none/sprite.png",
              "particle": "",
              "modelLocator": {
                "factoryType": "NORMAL",
                "pqc": [
                  "pixelmon:pokemon/359_absol/all/base/none/model.pqc"
                ]
              },
              "sounds": []
            },
            {
              "name": "shiny",
              "texture": "pixelmon:pokemon/359_absol/all/base/shiny/texture.png",
              "sprite": "pixelmon:pokemon/359_absol/all/base/shiny/sprite.png",
              "particle": "arcanery:shiny"
            },
            {
              "name": "valentine",
              "texture": "pixelmon:pokemon/359_absol/all/base/valentine/texture.png",
              "sprite": "pixelmon:pokemon/359_absol/all/base/valentine/sprite.png",
              "particle": ""
            },
			{
              "name": "akuma",
              "texture": "pixelmon:pokemon/359_absol/all/base/custom-akuma/texture.png",
              "sprite": "pixelmon:pokemon/359_absol/all/base/custom-akuma/sprite.png",
              "particle": ""
            },
			{
              "name": "alter",
              "texture": "pixelmon:pokemon/359_absol/all/base/custom-alter/texture.png",
              "sprite": "pixelmon:pokemon/359_absol/all/base/custom-alter/sprite.png",
              "particle": ""
            },
			{
              "name": "angelic",
              "texture": "pixelmon:pokemon/359_absol/all/base/custom-angelic/texture.png",
              "sprite": "pixelmon:pokemon/359_absol/all/base/custom-angelic/sprite.png",
              "particle": ""
            },
			{
              "name": "casino",
              "texture": "pixelmon:pokemon/359_absol/all/base/custom-casino/texture.png",
              "sprite": "pixelmon:pokemon/359_absol/all/base/custom-casino/sprite.png",
              "particle": ""
            },
			{
              "name": "crimson",
              "texture": "pixelmon:pokemon/359_absol/all/base/custom-crimson/texture.png",
              "sprite": "pixelmon:pokemon/359_absol/all/base/custom-crimson/sprite.png",
              "particle": ""
            },
			{
              "name": "forest",
              "texture": "pixelmon:pokemon/359_absol/all/base/custom-forest/texture.png",
              "sprite": "pixelmon:pokemon/359_absol/all/base/custom-forest/sprite.png",
              "particle": ""
            },
			{
              "name": "galaxy",
              "texture": "pixelmon:pokemon/359_absol/all/base/custom-galaxy/texture.png",
              "sprite": "pixelmon:pokemon/359_absol/all/base/custom-galaxy/sprite.png",
              "particle": ""
            },
			{
              "name": "halloween",
              "texture": "pixelmon:pokemon/359_absol/all/base/custom-halloween/texture.png",
              "sprite": "pixelmon:pokemon/359_absol/all/base/custom-halloween/sprite.png",
              "particle": ""
            },
			{
              "name": "lunar",
              "texture": "pixelmon:pokemon/359_absol/all/base/custom-lunar/texture.png",
              "sprite": "pixelmon:pokemon/359_absol/all/base/custom-lunar/sprite.png",
              "particle": ""
            },
			{
              "name": "rainbow",
              "texture": "pixelmon:pokemon/359_absol/all/base/custom-rainbow/texture.png",
              "sprite": "pixelmon:pokemon/359_absol/all/base/custom-rainbow/sprite.png",
              "particle": ""
            },
			{
              "name": "rgb",
              "texture": "pixelmon:pokemon/359_absol/all/base/custom-rgb/texture.png",
              "sprite": "pixelmon:pokemon/359_absol/all/base/custom-rgb/sprite.png",
              "particle": ""
            },
			{
              "name": "terror",
              "texture": "pixelmon:pokemon/359_absol/all/base/custom-terror/texture.png",
              "sprite": "pixelmon:pokemon/359_absol/all/base/custom-terror/sprite.png",
              "particle": ""
            },
			{
              "name": "valentines 1",
              "texture": "pixelmon:pokemon/359_absol/all/base/custom-val1/texture.png",
              "sprite": "pixelmon:pokemon/359_absol/all/base/custom-val1/sprite.png",
              "particle": ""
            },
			{
              "name": "valentines 2",
              "texture": "pixelmon:pokemon/359_absol/all/base/custom-val2/texture.png",
              "sprite": "pixelmon:pokemon/359_absol/all/base/custom-val2/sprite.png",
              "particle": ""
            },
			{
              "name": "winter 1",
              "texture": "pixelmon:pokemon/359_absol/all/base/custom-winter1/texture.png",
			  "emissive": "pixelmon:pokemon/359_absol/all/base/custom-winter1/emissive.png",
              "sprite": "pixelmon:pokemon/359_absol/all/base/custom-winter1/sprite.png",
              "particle": ""
            },
			{
              "name": "winter 2",
              "texture": "pixelmon:pokemon/359_absol/all/base/custom-winter2/texture.png",
			  "emissive": "pixelmon:pokemon/359_absol/all/base/custom-winter2/emissive.png",
              "sprite": "pixelmon:pokemon/359_absol/all/base/custom-winter2/sprite.png",
              "particle": ""
            }
          ]
        }
      ],
      "eggGroups": [
        "FIELD"
      ],
      "types": [
        "DARK"
      ],
      "preEvolutions": [],
      "defaultBaseForm": "",
      "megaItems": [
        "pixelmon:absolite"
      ],
      "megas": [
        "mega"
      ],
      "gigantamax": {
        "canHaveFactor": false,
        "canGigantamax": false
      },
      "eggCycles": 26,
      "weight": 47.0,
      "catchRate": 30,
      "malePercentage": 0,
      "evolutions": [],
      "evYields": {
        "attack": 2
      }
    },
    {
      "name": "mega",
      "tags": [
        "temp"
      ],
      "dimensions": {
        "height": 1.7,
        "width": 1.4,
        "length": 1.4
      },
      "abilities": {
        "abilities": [
          "MagicBounce"
        ]
      },
      "battleStats": {
        "hp": 65,
        "attack": 150,
        "defense": 60,
        "specialAttack": 115,
        "specialDefense": 60,
        "speed": 115
      },
      "weight": 49.0,
      "genderProperties": [
        {
          "gender": "ALL",
          "palettes": [
            {
              "name": "none",
              "texture": "pixelmon:pokemon/359_absol/all/mega/none/texture.png",
              "sprite": "pixelmon:pokemon/359_absol/all/mega/none/sprite.png",
              "particle": "",
              "modelLocator": {
                "factoryType": "NORMAL",
                "pqc": [
                  "pixelmon:pokemon/359_absol/all/mega/none/model.pqc"
                ]
              }
            },
            {
              "name": "shiny",
              "texture": "pixelmon:pokemon/359_absol/all/mega/shiny/texture.png",
              "sprite": "pixelmon:pokemon/359_absol/all/mega/shiny/sprite.png",
              "particle": "arcanery:shiny"
            },
			{
              "name": "alter",
              "texture": "pixelmon:pokemon/359_absol/all/mega/custom-alter/texture.png",
              "sprite": "pixelmon:pokemon/359_absol/all/mega/custom-alter/sprite.png",
              "particle": ""
            },
			{
              "name": "angelic",
              "texture": "pixelmon:pokemon/359_absol/all/mega/custom-angelic/texture.png",
              "sprite": "pixelmon:pokemon/359_absol/all/mega/custom-angelic/sprite.png",
              "particle": ""
            },
			{
              "name": "casino",
              "texture": "pixelmon:pokemon/359_absol/all/mega/custom-casino/texture.png",
              "sprite": "pixelmon:pokemon/359_absol/all/mega/custom-casino/sprite.png",
              "particle": ""
            },
			{
              "name": "crimson",
              "texture": "pixelmon:pokemon/359_absol/all/mega/custom-crimson/texture.png",
              "sprite": "pixelmon:pokemon/359_absol/all/mega/custom-crimson/sprite.png",
              "particle": ""
            },
			{
              "name": "forest",
              "texture": "pixelmon:pokemon/359_absol/all/mega/custom-forest/texture.png",
              "sprite": "pixelmon:pokemon/359_absol/all/mega/custom-forest/sprite.png",
              "particle": ""
            },
			{
              "name": "galaxy",
              "texture": "pixelmon:pokemon/359_absol/all/mega/custom-galaxy/texture.png",
              "sprite": "pixelmon:pokemon/359_absol/all/mega/custom-galaxy/sprite.png",
              "particle": ""
            },
			{
              "name": "halloween",
              "texture": "pixelmon:pokemon/359_absol/all/mega/custom-halloween/texture.png",
              "sprite": "pixelmon:pokemon/359_absol/all/mega/custom-halloween/sprite.png",
              "particle": ""
            },
			{
              "name": "lunar",
              "texture": "pixelmon:pokemon/359_absol/all/mega/custom-lunar/texture.png",
              "sprite": "pixelmon:pokemon/359_absol/all/mega/custom-lunar/sprite.png",
              "particle": ""
            },
			{
              "name": "terror",
              "texture": "pixelmon:pokemon/359_absol/all/mega/custom-terror/texture.png",
              "sprite": "pixelmon:pokemon/359_absol/all/mega/custom-terror/sprite.png",
              "particle": ""
            },
			{
              "name": "winter 1",
              "texture": "pixelmon:pokemon/359_absol/all/mega/custom-winter1/texture.png",
			  "emissive": "pixelmon:pokemon/359_absol/all/mega/custom-winter1/emissive.png",
              "sprite": "pixelmon:pokemon/359_absol/all/mega/custom-winter1/sprite.png",
              "particle": ""
            },
			{
              "name": "winter 2",
              "texture": "pixelmon:pokemon/359_absol/all/mega/custom-winter2/texture.png",
			  "emissive": "pixelmon:pokemon/359_absol/all/mega/custom-winter2/emissive.png",
              "sprite": "pixelmon:pokemon/359_absol/all/mega/custom-winter2/sprite.png",
              "particle": ""
            }			
          ]
        }
      ]
    }
  ],
  "generation": 3
}
