{
  "name": "Snorunt",
  "dex": 361,
  "defaultForms": [
    ""
  ],
  "forms": [
    {
      "name": "",
      "experienceGroup": "MEDIUM_FAST",
      "dimensions": {
        "height": 0.7,
        "width": 0.7,
        "length": 1,
        "eyeHeight": 0.7,
        "hoverHeight": 0.7
      },
      "moves": {
        "levelUpMoves": [
          {
            "level": 0,
            "attacks": [
              "Astonish",
              "Powder Snow"
            ]
          },
          {
            "level": 5,
            "attacks": [
              "Leer"
            ]
          },
          {
            "level": 10,
            "attacks": [
              "Double Team"
            ]
          },
          {
            "level": 15,
            "attacks": [
              "Ice Shard"
            ]
          },
          {
            "level": 20,
            "attacks": [
              "Protect"
            ]
          },
          {
            "level": 25,
            "attacks": [
              "Icy Wind"
            ]
          },
          {
            "level": 30,
            "attacks": [
              "Frost Breath"
            ]
          },
          {
            "level": 35,
            "attacks": [
              "Bite"
            ]
          },
          {
            "level": 40,
            "attacks": [
              "Ice Fang"
            ]
          },
          {
            "level": 45,
            "attacks": [
              "Hail"
            ]
          },
          {
            "level": 50,
            "attacks": [
              "Headbutt"
            ]
          },
          {
            "level": 55,
            "attacks": [
              "Crunch"
            ]
          },
          {
            "level": 60,
            "attacks": [
              "Blizzard"
            ]
          }
        ],
        "tutorMoves": [],
        "eggMoves": [
          "Block",
          "Disable",
          "Icicle Crash",
          "Rollout",
          "Switcheroo"
        ],
        "tmMoves8": [
          "Light Screen",
          "Safeguard",
          "Rest",
          "Snore",
          "Protect",
          "Icy Wind",
          "Attract",
          "Rain Dance",
          "Hail",
          "Facade",
          "Weather Ball",
          "Fake Tears",
          "Avalanche",
          "Ice Fang",
          "Round",
          "Hex"
        ],
        "trMoves": [
          "Body Slam",
          "Ice Beam",
          "Blizzard",
          "Substitute",
          "Spikes",
          "Endure",
          "Sleep Talk",
          "Crunch",
          "Shadow Ball"
        ],
        "hmMoves": [],
        "transferMoves": [
          "Bide",
          "Captivate",
          "Confide",
          "Double-Edge",
          "Flash",
          "Frustration",
          "Hidden Power",
          "Mimic",
          "Natural Gift",
          "Return",
          "Secret Power",
          "Sing",
          "Spite",
          "Swagger",
          "Toxic",
          "Water Pulse"
        ],
        "tmMoves7": [
          "Toxic",
          "Hail",
          "Hidden Power",
          "Ice Beam",
          "Blizzard",
          "Light Screen",
          "Protect",
          "Rain Dance",
          "Safeguard",
          "Frustration",
          "Return",
          "Shadow Ball",
          "Double Team",
          "Facade",
          "Rest",
          "Attract",
          "Round",
          "Frost Breath",
          "Swagger",
          "Sleep Talk",
          "Substitute",
          "Confide"
        ],
        "tmMoves6": [
          "Toxic",
          "Hail",
          "Hidden Power",
          "Ice Beam",
          "Blizzard",
          "Light Screen",
          "Protect",
          "Rain Dance",
          "Safeguard",
          "Frustration",
          "Return",
          "Shadow Ball",
          "Double Team",
          "Facade",
          "Rest",
          "Attract",
          "Round",
          "Flash",
          "Frost Breath",
          "Swagger",
          "Sleep Talk",
          "Substitute",
          "Secret Power",
          "Confide"
        ],
        "tmMoves5": [
          "Toxic",
          "Hail",
          "Hidden Power",
          "Ice Beam",
          "Blizzard",
          "Light Screen",
          "Protect",
          "Rain Dance",
          "Safeguard",
          "Frustration",
          "Return",
          "Shadow Ball",
          "Double Team",
          "Facade",
          "Rest",
          "Attract",
          "Round",
          "Flash",
          "Frost Breath",
          "Swagger",
          "Substitute"
        ],
        "tmMoves4": [
          "Water Pulse",
          "Toxic",
          "Hail",
          "Hidden Power",
          "Ice Beam",
          "Blizzard",
          "Light Screen",
          "Protect",
          "Rain Dance",
          "Safeguard",
          "Frustration",
          "Return",
          "Shadow Ball",
          "Double Team",
          "Facade",
          "Secret Power",
          "Rest",
          "Attract",
          "Endure",
          "Flash",
          "Avalanche",
          "Captivate",
          "Sleep Talk",
          "Natural Gift",
          "Swagger",
          "Substitute"
        ],
        "tmMoves3": [
          "Water Pulse",
          "Toxic",
          "Hail",
          "Hidden Power",
          "Ice Beam",
          "Blizzard",
          "Light Screen",
          "Protect",
          "Rain Dance",
          "Safeguard",
          "Frustration",
          "Return",
          "Shadow Ball",
          "Double Team",
          "Facade",
          "Secret Power",
          "Rest",
          "Attract"
        ],
        "tmMoves2": [],
        "tmMoves1": [],
        "tmMoves": []
      },
      "abilities": {
        "abilities": [
          "InnerFocus",
          "IceBody"
        ],
        "hiddenAbilities": [
          "Moody"
        ]
      },
      "movement": {
        "rideable": false,
        "canFly": false,
        "canSurf": false,
        "canRideShoulder": false
      },
      "aggression": {
        "timid": 50,
        "passive": 50,
        "aggressive": 0
      },
      "battleStats": {
        "hp": 50,
        "attack": 50,
        "defense": 50,
        "specialAttack": 50,
        "specialDefense": 50,
        "speed": 50
      },
      "tags": [],
      "spawn": {
        "baseExp": 74,
        "baseFriendship": 70,
        "spawnLevel": 15,
        "spawnLevelRange": 15,
        "spawnLocations": [
          "LAND"
        ]
      },
      "possibleGenders": [
        "MALE",
        "FEMALE"
      ],
      "genderProperties": [
        {
          "gender": "ALL",
          "palettes": [
            {
              "name": "none",
              "texture": "pixelmon:pokemon/361_snorunt/all/base/none/texture.png",
              "sprite": "pixelmon:pokemon/361_snorunt/all/base/none/sprite.png",
              "particle": "",
              "modelLocator": {
                "factoryType": "NORMAL",
                "pqc": [
                  "pixelmon:pokemon/361_snorunt/all/base/none/model.pqc"
                ]
              },
              "sounds": []
            },
            {
              "name": "shiny",
              "texture": "pixelmon:pokemon/361_snorunt/all/base/shiny/texture.png",
              "sprite": "pixelmon:pokemon/361_snorunt/all/base/shiny/sprite.png",
              "particle": "arcanery:shiny"
            },
			{
              "name": "alter",
              "texture": "pixelmon:pokemon/361_snorunt/all/base/custom-alter/texture.png",
              "sprite": "pixelmon:pokemon/361_snorunt/all/base/custom-alter/sprite.png",
              "particle": ""
            },
			{
              "name": "dark",
              "texture": "pixelmon:pokemon/361_snorunt/all/base/custom-dark/texture.png",
              "sprite": "pixelmon:pokemon/361_snorunt/all/base/custom-dark/sprite.png",
              "particle": ""
            },
			{
              "name": "easter",
              "texture": "pixelmon:pokemon/361_snorunt/all/base/custom-easter/texture.png",
              "sprite": "pixelmon:pokemon/361_snorunt/all/base/custom-easter/sprite.png",
              "particle": ""
            },
			{
              "name": "infernal",
              "texture": "pixelmon:pokemon/361_snorunt/all/base/custom-infernal/texture.png",
              "sprite": "pixelmon:pokemon/361_snorunt/all/base/custom-infernal/sprite.png",
              "particle": ""
            },
			{
              "name": "magma",
              "texture": "pixelmon:pokemon/361_snorunt/all/base/custom-magma/texture.png",
              "sprite": "pixelmon:pokemon/361_snorunt/all/base/custom-magma/sprite.png",
              "particle": ""
            },
			{
              "name": "molten",
              "texture": "pixelmon:pokemon/361_snorunt/all/base/custom-molten/texture.png",
              "sprite": "pixelmon:pokemon/361_snorunt/all/base/custom-molten/sprite.png",
              "particle": ""
            },
			{
              "name": "shadow",
              "texture": "pixelmon:pokemon/361_snorunt/all/base/custom-shadow/texture.png",
              "sprite": "pixelmon:pokemon/361_snorunt/all/base/custom-shadow/sprite.png",
              "particle": ""
            },
			{
              "name": "summer",
              "texture": "pixelmon:pokemon/361_snorunt/all/base/custom-summer/texture.png",
              "sprite": "pixelmon:pokemon/361_snorunt/all/base/custom-summer/sprite.png",
              "particle": ""
            }
          ]
        }
      ],
      "eggGroups": [
        "FAIRY",
        "MINERAL"
      ],
      "types": [
        "ICE"
      ],
      "preEvolutions": [],
      "defaultBaseForm": "",
      "megaItems": [],
      "megas": [],
      "gigantamax": {
        "canHaveFactor": false,
        "canGigantamax": false
      },
      "eggCycles": 21,
      "weight": 16.8,
      "catchRate": 190,
      "malePercentage": 0,
      "evolutions": [
        {
          "level": 42,
          "to": "Glalie",
          "conditions": [],
          "evoType": "leveling",
          "moves": [
            "Freeze-Dry"
          ]
        },
        {
          "item": {
            "itemID": "pixelmon:dawn_stone"
          },
          "to": "Froslass",
          "conditions": [
            {
              "genders": [
                "FEMALE"
              ],
              "evoConditionType": "gender"
            }
          ],
          "evoType": "interact",
          "moves": [
            "Hex"
          ]
        }
      ],
      "evYields": {
        "hp": 1
      }
    }
  ],
  "generation": 3
}
