{
  "name": "Shelgon",
  "dex": 372,
  "defaultForms": [
    ""
  ],
  "forms": [
    {
      "name": "",
      "experienceGroup": "SLOW",
      "dimensions": {
        "height": 1.1,
        "width": 1.1,
        "length": 1,
        "eyeHeight": 1.1,
        "hoverHeight": 1.1
      },
      "moves": {
        "levelUpMoves": [
          {
            "level": 0,
            "attacks": [
              "Bite",
              "Dragon Breath",
              "Ember",
              "Leer",
              "Protect"
            ]
          },
          {
            "level": 15,
            "attacks": [
              "Headbutt"
            ]
          },
          {
            "level": 20,
            "attacks": [
              "Scary Face"
            ]
          },
          {
            "level": 25,
            "attacks": [
              "Crunch"
            ]
          },
          {
            "level": 33,
            "attacks": [
              "Dragon Claw"
            ]
          },
          {
            "level": 39,
            "attacks": [
              "Zen Headbutt"
            ]
          },
          {
            "level": 46,
            "attacks": [
              "Focus Energy"
            ]
          },
          {
            "level": 53,
            "attacks": [
              "Flamethrower"
            ]
          },
          {
            "level": 60,
            "attacks": [
              "Outrage"
            ]
          },
          {
            "level": 67,
            "attacks": [
              "Double-Edge"
            ]
          }
        ],
        "tutorMoves": [
          "Draco Meteor"
        ],
        "eggMoves": [
          "Defense Curl",
          "Dragon Dance",
          "Dragon Pulse",
          "Dragon Rage",
          "Dragon Rush",
          "Endure",
          "Fire Fang",
          "Hydro Pump",
          "Thrash",
          "Twister"
        ],
        "tmMoves8": [
          "Rest",
          "Rock Slide",
          "Snore",
          "Protect",
          "Scary Face",
          "Attract",
          "Rain Dance",
          "Sunny Day",
          "Facade",
          "Brick Break",
          "Rock Tomb",
          "Shadow Claw",
          "Fire Fang",
          "Round"
        ],
        "trMoves": [
          "Body Slam",
          "Flamethrower",
          "Hydro Pump",
          "Focus Energy",
          "Fire Blast",
          "Substitute",
          "Outrage",
          "Endure",
          "Sleep Talk",
          "Crunch",
          "Hyper Voice",
          "Iron Defense",
          "Dragon Claw",
          "Dragon Dance",
          "Dragon Pulse",
          "Zen Headbutt"
        ],
        "hmMoves": [],
        "transferMoves": [
          "Aerial Ace",
          "Captivate",
          "Confide",
          "Cut",
          "Double Team",
          "Dragon Rage",
          "Frustration",
          "Fury Cutter",
          "Hidden Power",
          "Hone Claws",
          "Incinerate",
          "Mimic",
          "Mud-Slap",
          "Natural Gift",
          "Rage",
          "Return",
          "Roar",
          "Rock Smash",
          "Rollout",
          "Secret Power",
          "Strength",
          "Swagger",
          "Toxic",
          "Wish"
        ],
        "tmMoves7": [
          "Dragon Claw",
          "Roar",
          "Toxic",
          "Hidden Power",
          "Sunny Day",
          "Protect",
          "Rain Dance",
          "Frustration",
          "Return",
          "Brick Break",
          "Double Team",
          "Flamethrower",
          "Fire Blast",
          "Rock Tomb",
          "Aerial Ace",
          "Facade",
          "Rest",
          "Attract",
          "Round",
          "Shadow Claw",
          "Rock Slide",
          "Swagger",
          "Sleep Talk",
          "Substitute",
          "Confide"
        ],
        "tmMoves6": [
          "Hone Claws",
          "Dragon Claw",
          "Roar",
          "Toxic",
          "Hidden Power",
          "Sunny Day",
          "Protect",
          "Rain Dance",
          "Frustration",
          "Return",
          "Brick Break",
          "Double Team",
          "Flamethrower",
          "Fire Blast",
          "Rock Tomb",
          "Aerial Ace",
          "Facade",
          "Rest",
          "Attract",
          "Round",
          "Incinerate",
          "Shadow Claw",
          "Rock Slide",
          "Swagger",
          "Sleep Talk",
          "Substitute",
          "Secret Power",
          "Confide"
        ],
        "tmMoves5": [
          "Hone Claws",
          "Dragon Claw",
          "Roar",
          "Toxic",
          "Hidden Power",
          "Sunny Day",
          "Protect",
          "Rain Dance",
          "Frustration",
          "Return",
          "Brick Break",
          "Double Team",
          "Flamethrower",
          "Fire Blast",
          "Rock Tomb",
          "Aerial Ace",
          "Facade",
          "Rest",
          "Attract",
          "Round",
          "Incinerate",
          "Shadow Claw",
          "Rock Slide",
          "Swagger",
          "Substitute",
          "Rock Smash"
        ],
        "tmMoves4": [
          "Dragon Claw",
          "Roar",
          "Toxic",
          "Hidden Power",
          "Sunny Day",
          "Protect",
          "Rain Dance",
          "Frustration",
          "Return",
          "Brick Break",
          "Double Team",
          "Flamethrower",
          "Fire Blast",
          "Rock Tomb",
          "Aerial Ace",
          "Facade",
          "Secret Power",
          "Rest",
          "Attract",
          "Endure",
          "Dragon Pulse",
          "Shadow Claw",
          "Captivate",
          "Rock Slide",
          "Sleep Talk",
          "Natural Gift",
          "Swagger",
          "Substitute"
        ],
        "tmMoves3": [
          "Dragon Claw",
          "Roar",
          "Toxic",
          "Hidden Power",
          "Sunny Day",
          "Protect",
          "Rain Dance",
          "Frustration",
          "Return",
          "Brick Break",
          "Double Team",
          "Flamethrower",
          "Fire Blast",
          "Rock Tomb",
          "Aerial Ace",
          "Facade",
          "Secret Power",
          "Rest",
          "Attract"
        ],
        "tmMoves2": [],
        "tmMoves1": [],
        "tmMoves": []
      },
      "abilities": {
        "abilities": [
          "RockHead"
        ],
        "hiddenAbilities": [
          "Overcoat"
        ]
      },
      "movement": {
        "rideable": true,
        "canFly": false,
        "canSurf": false,
        "canRideShoulder": false,
        "ridingOffsets": {
          "standing": {
            "x": 0.0,
            "y": -0.85,
            "z": -0.25
          },
          "moving": {
            "x": 0.0,
            "y": -0.85,
            "z": -0.25
          }
        }
      },
      "aggression": {
        "timid": 80,
        "passive": 0,
        "aggressive": 20
      },
      "battleStats": {
        "hp": 65,
        "attack": 95,
        "defense": 100,
        "specialAttack": 60,
        "specialDefense": 50,
        "speed": 50
      },
      "tags": [],
      "spawn": {
        "baseExp": 144,
        "baseFriendship": 35,
        "spawnLevel": 30,
        "spawnLevelRange": 15,
        "spawnLocations": [
          "LAND"
        ]
      },
      "possibleGenders": [
        "MALE",
        "FEMALE"
      ],
      "genderProperties": [
        {
          "gender": "ALL",
          "palettes": [
            {
              "name": "none",
              "texture": "pixelmon:pokemon/372_shelgon/all/base/none/texture.png",
              "sprite": "pixelmon:pokemon/372_shelgon/all/base/none/sprite.png",
              "particle": "",
              "modelLocator": {
                "factoryType": "NORMAL",
                "pqc": [
                  "pixelmon:pokemon/372_shelgon/all/base/none/model.pqc"
                ]
              },
              "sounds": [
                "pixelmon.mob.shelgon"
              ]
            },
            {
              "name": "shiny",
              "texture": "pixelmon:pokemon/372_shelgon/all/base/shiny/texture.png",
              "sprite": "pixelmon:pokemon/372_shelgon/all/base/shiny/sprite.png",
              "particle": "arcanery:shiny"
            },
            {
              "name": "alter",
              "texture": "pixelmon:pokemon/372_shelgon/all/base/alter/texture.png",
              "sprite": "pixelmon:pokemon/372_shelgon/all/base/alter/sprite.png",
              "particle": ""
            },
			{
              "name": "heroic",
              "texture": "pixelmon:pokemon/372_shelgon/all/base/custom-heroic/texture.png",
              "sprite": "pixelmon:pokemon/372_shelgon/all/base/custom-heroic/sprite.png",
              "particle": ""
            },
			{
              "name": "royal",
              "texture": "pixelmon:pokemon/372_shelgon/all/base/custom-royal/texture.png",
              "sprite": "pixelmon:pokemon/372_shelgon/all/base/custom-royal/sprite.png",
              "particle": ""
            },
			{
              "name": "shadow",
              "texture": "pixelmon:pokemon/372_shelgon/all/base/custom-shadow/texture.png",
              "sprite": "pixelmon:pokemon/372_shelgon/all/base/custom-shadow/sprite.png",
              "particle": ""
            },
			{
              "name": "sun",
              "texture": "pixelmon:pokemon/372_shelgon/all/base/custom-sun/texture.png",
              "sprite": "pixelmon:pokemon/372_shelgon/all/base/custom-sun/sprite.png",
              "particle": ""
            }
          ]
        }
      ],
      "eggGroups": [
        "DRAGON"
      ],
      "types": [
        "DRAGON"
      ],
      "preEvolutions": [
        "Bagon"
      ],
      "defaultBaseForm": "",
      "megaItems": [],
      "megas": [],
      "gigantamax": {
        "canHaveFactor": false,
        "canGigantamax": false
      },
      "eggCycles": 41,
      "weight": 110.5,
      "catchRate": 45,
      "malePercentage": 0,
      "evolutions": [
        {
          "level": 50,
          "to": "Salamence",
          "conditions": [],
          "evoType": "leveling",
          "moves": [
            "Fly"
          ]
        }
      ],
      "evYields": {
        "defense": 2
      }
    }
  ],
  "generation": 3
}
