{
  "name": "Metagross",
  "dex": 376,
  "defaultForms": [
    ""
  ],
  "forms": [
    {
      "name": "",
      "experienceGroup": "SLOW",
      "dimensions": {
        "height": 1.1,
        "width": 2.0,
        "length": 1,
        "eyeHeight": 1.1,
        "hoverHeight": 1.1
      },
      "moves": {
        "levelUpMoves": [
          {
            "level": 0,
            "attacks": [
              "Bullet Punch",
              "Confusion",
              "Hammer Arm",
              "Metal Claw",
              "Tackle"
            ]
          },
          {
            "level": 6,
            "attacks": [
              "Zen Headbutt"
            ]
          },
          {
            "level": 12,
            "attacks": [
              "Magnet Rise"
            ]
          },
          {
            "level": 16,
            "attacks": [
              "Flash Cannon"
            ]
          },
          {
            "level": 26,
            "attacks": [
              "Take Down"
            ]
          },
          {
            "level": 34,
            "attacks": [
              "Psychic"
            ]
          },
          {
            "level": 42,
            "attacks": [
              "Scary Face"
            ]
          },
          {
            "level": 52,
            "attacks": [
              "Meteor Mash"
            ]
          },
          {
            "level": 62,
            "attacks": [
              "Iron Defense"
            ]
          },
          {
            "level": 72,
            "attacks": [
              "Agility"
            ]
          },
          {
            "level": 82,
            "attacks": [
              "Hyper Beam"
            ]
          }
        ],
        "tutorMoves": [
          "Expanding Force",
          "Meteor Beam",
          "Steel Beam",
          "Steel Roller"
        ],
        "eggMoves": [

        ],
        "tmMoves8": [
          "Ice Punch",
          "Thunder Punch",
          "Hyper Beam",
          "Giga Impact",
          "Light Screen",
          "Reflect",
          "Self-Destruct",
          "Rest",
          "Rock Slide",
          "Snore",
          "Protect",
          "Scary Face",
          "Icy Wind",
          "Sandstorm",
          "Rain Dance",
          "Sunny Day",
          "Facade",
          "Swift",
          "Brick Break",
          "Rock Tomb",
          "Psycho Cut",
          "Round",
          "Bulldoze",
          "Brutal Swing",
          "Stomping Tantrum"
        ],
        "trMoves": [
          "Body Slam",
          "Earthquake",
          "Psychic",
          "Agility",
          "Substitute",
          "Sludge Bomb",
          "Psyshock",
          "Endure",
          "Sleep Talk",
          "Shadow Ball",
          "Trick",
          "Cosmic Power",
          "Iron Defense",
          "Gyro Ball",
          "Zen Headbutt",
          "Flash Cannon",
          "Iron Head",
          "Stealth Rock",
          "Grass Knot",
          "Ally Switch",
          "Body Press"
        ],
        "hmMoves": [

        ],
        "transferMoves": [
          "Aerial Ace",
          "Block",
          "Confide",
          "Cut",
          "Defense Curl",
          "Double Team",
          "Double-Edge",
          "Dynamic Punch",
          "Explosion",
          "Flash",
          "Frustration",
          "Fury Cutter",
          "Gravity",
          "Headbutt",
          "Hidden Power",
          "Hold Back",
          "Hone Claws",
          "Laser Focus",
          "Mimic",
          "Miracle Eye",
          "Mud-Slap",
          "Natural Gift",
          "Power-Up Punch",
          "Psych Up",
          "Pursuit",
          "Refresh",
          "Return",
          "Rock Polish",
          "Rock Smash",
          "Rollout",
          "Secret Power",
          "Signal Beam",
          "Strength",
          "Swagger",
          "Telekinesis",
          "Toxic"
        ],
        "tmMoves7": [
          "Psyshock",
          "Toxic",
          "Hidden Power",
          "Sunny Day",
          "Hyper Beam",
          "Light Screen",
          "Protect",
          "Rain Dance",
          "Frustration",
          "Earthquake",
          "Return",
          "Psychic",
          "Shadow Ball",
          "Brick Break",
          "Double Team",
          "Reflect",
          "Sludge Bomb",
          "Sandstorm",
          "Rock Tomb",
          "Aerial Ace",
          "Facade",
          "Rest",
          "Round",
          "Explosion",
          "Giga Impact",
          "Rock Polish",
          "Gyro Ball",
          "Psych Up",
          "Bulldoze",
          "Rock Slide",
          "Grass Knot",
          "Swagger",
          "Sleep Talk",
          "Substitute",
          "Flash Cannon",
          "Confide"
        ],
        "tmMoves6": [
          "Hone Claws",
          "Psyshock",
          "Toxic",
          "Hidden Power",
          "Sunny Day",
          "Hyper Beam",
          "Light Screen",
          "Protect",
          "Rain Dance",
          "Frustration",
          "Earthquake",
          "Return",
          "Psychic",
          "Shadow Ball",
          "Brick Break",
          "Double Team",
          "Reflect",
          "Sludge Bomb",
          "Sandstorm",
          "Rock Tomb",
          "Aerial Ace",
          "Facade",
          "Rest",
          "Round",
          "Explosion",
          "Giga Impact",
          "Rock Polish",
          "Flash",
          "Gyro Ball",
          "Psych Up",
          "Bulldoze",
          "Rock Slide",
          "Grass Knot",
          "Swagger",
          "Sleep Talk",
          "Substitute",
          "Flash Cannon",
          "Secret Power",
          "Power-Up Punch",
          "Confide"
        ],
        "tmMoves5": [
          "Hone Claws",
          "Psyshock",
          "Toxic",
          "Hidden Power",
          "Sunny Day",
          "Hyper Beam",
          "Light Screen",
          "Protect",
          "Rain Dance",
          "Telekinesis",
          "Frustration",
          "Earthquake",
          "Return",
          "Psychic",
          "Shadow Ball",
          "Brick Break",
          "Double Team",
          "Reflect",
          "Sludge Bomb",
          "Sandstorm",
          "Rock Tomb",
          "Aerial Ace",
          "Facade",
          "Rest",
          "Round",
          "Explosion",
          "Giga Impact",
          "Rock Polish",
          "Flash",
          "Gyro Ball",
          "Psych Up",
          "Bulldoze",
          "Rock Slide",
          "Grass Knot",
          "Swagger",
          "Substitute",
          "Flash Cannon",
          "Rock Smash"
        ],
        "tmMoves4": [
          "Toxic",
          "Hidden Power",
          "Sunny Day",
          "Hyper Beam",
          "Light Screen",
          "Protect",
          "Rain Dance",
          "Frustration",
          "Earthquake",
          "Return",
          "Psychic",
          "Shadow Ball",
          "Brick Break",
          "Double Team",
          "Reflect",
          "Sludge Bomb",
          "Sandstorm",
          "Rock Tomb",
          "Aerial Ace",
          "Facade",
          "Secret Power",
          "Rest",
          "Endure",
          "Explosion",
          "Giga Impact",
          "Rock Polish",
          "Flash",
          "Gyro Ball",
          "Stealth Rock",
          "Psych Up",
          "Rock Slide",
          "Sleep Talk",
          "Natural Gift",
          "Grass Knot",
          "Swagger",
          "Substitute",
          "Flash Cannon"
        ],
        "tmMoves3": [
          "Toxic",
          "Hidden Power",
          "Sunny Day",
          "Hyper Beam",
          "Light Screen",
          "Protect",
          "Rain Dance",
          "Frustration",
          "Earthquake",
          "Return",
          "Psychic",
          "Shadow Ball",
          "Brick Break",
          "Double Team",
          "Reflect",
          "Sludge Bomb",
          "Sandstorm",
          "Rock Tomb",
          "Aerial Ace",
          "Facade",
          "Secret Power",
          "Rest"
        ],
        "tmMoves2": [

        ],
        "tmMoves1": [

        ],
        "tmMoves": [

        ]
      },
      "abilities": {
        "abilities": [
          "ClearBody"
        ],
        "hiddenAbilities": [
          "LightMetal"
        ]
      },
      "movement": {
        "rideable": true,
        "canFly": true,
        "canSurf": false,
        "canRideShoulder": false,
        "ridingOffsets": {
          "standing": {
            "x": 0.0,
            "y": -1.25,
            "z": -0.3
          },
          "moving": {
            "x": 0.0,
            "y": -1.15,
            "z": -0.3
          }
        },
        "flyingParameters": {
          "flyHeightMin": 0,
          "flyHeightMax": 10,
          "flySpeedModifier": 0.6,
          "flyRefreshRateY": 80,
          "flyRefreshRateXZ": 200,
          "flyRefreshRateSpeed": 100,
          "flightTimeMin": 0,
          "flightTimeMax": 20,
          "flapRate": 5,
          "landingMaterials": "LEAVES_AND_GRASS"
        },
        "mountedFlyingParameters": {
          "type": "pixelmon:default",
          "upper_angle_limit": 20,
          "lower_angle_limit": -20,
          "max_fly_speed": 1,
          "deceleration_rate": 0.07,
          "hover_deceleration_rate": 0.09,
          "acceleration_rate": 0.07,
          "strafe_acceleration_rate": 0.08,
          "strafe_roll_conversion": 30,
          "turn_rate": 0.5,
          "pitch_rate": 0.8,
          "stays_horizontal_flying": true,
          "gravity_drop_per_tick": 0.005,
          "continuous_forward_motion": false,
          "continuous_forward_motion_ticks": 5,
          "flying_stamina_charges": 3,
          "hover_ticks": 200
        }
      },
      "aggression": {
        "timid": 0,
        "passive": 50,
        "aggressive": 50
      },
      "battleStats": {
        "hp": 80,
        "attack": 135,
        "defense": 130,
        "specialAttack": 95,
        "specialDefense": 90,
        "speed": 70
      },
      "tags": [

      ],
      "spawn": {
        "baseExp": 210,
        "baseFriendship": 35,
        "spawnLevel": 50,
        "spawnLevelRange": 10,
        "spawnLocations": [
          "LAND"
        ]
      },
      "possibleGenders": [
        "MALE",
        "FEMALE"
      ],
      "genderProperties": [
        {
          "gender": "ALL",
          "palettes": [
            {
              "name": "none",
              "texture": "pixelmon:pokemon/376_metagross/all/base/none/texture.png",
              "sprite": "pixelmon:pokemon/376_metagross/all/base/none/sprite.png",
              "particle": "",
              "modelLocator": {
                "factoryType": "NORMAL",
                "pqc": [
                  "pixelmon:pokemon/376_metagross/all/base/none/model.pqc"
                ],
                "rotateAngleX": 0
              },
              "flyingModelLocator": {
                "factoryType": "NORMAL",
                "pqc": [
                  "pixelmon:pokemon/376_metagross/all/base/none/flying/model.pqc"
                ],
                "movementThreshold": 0.03,
                "rotateAngleX": 0
              },
              "sounds": [
                "pixelmon.mob.metagross",
                "pixelmon.mob.metagross"
              ]
            },
            {
              "name": "shiny",
              "texture": "pixelmon:pokemon/376_metagross/all/base/shiny/texture.png",
              "sprite": "pixelmon:pokemon/376_metagross/all/base/shiny/sprite.png",
              "particle": "arcanery:shiny"
            },
			{
              "name": "angelic",
              "texture": "pixelmon:pokemon/376_metagross/all/base/custom-angelic/texture.png",
              "sprite": "pixelmon:pokemon/376_metagross/all/base/custom-angelic/sprite.png",
              "particle": ""
            },
			{
              "name": "anubis",
              "texture": "pixelmon:pokemon/376_metagross/all/base/custom-anubis/texture.png",
              "sprite": "pixelmon:pokemon/376_metagross/all/base/custom-anubis/sprite.png",
              "particle": ""
            },
			{
              "name": "blood",
              "texture": "pixelmon:pokemon/376_metagross/all/base/custom-blood/texture.png",
              "sprite": "pixelmon:pokemon/376_metagross/all/base/custom-blood/sprite.png",
              "particle": ""
            },
			{
              "name": "demonic",
              "texture": "pixelmon:pokemon/376_metagross/all/base/custom-demonic/texture.png",
              "sprite": "pixelmon:pokemon/376_metagross/all/base/custom-demonic/sprite.png",
              "particle": ""
            },
			{
              "name": "easter",
              "texture": "pixelmon:pokemon/376_metagross/all/base/custom-easter/texture.png",
              "sprite": "pixelmon:pokemon/376_metagross/all/base/custom-easter/sprite.png",
              "particle": ""
            },
			{
              "name": "fusion",
              "texture": "pixelmon:pokemon/376_metagross/all/base/custom-fusion/texture.png",
              "sprite": "pixelmon:pokemon/376_metagross/all/base/custom-fusion/sprite.png",
              "particle": ""
            },
			{
              "name": "heroic",
              "texture": "pixelmon:pokemon/376_metagross/all/base/custom-heroic/texture.png",
              "sprite": "pixelmon:pokemon/376_metagross/all/base/custom-heroic/sprite.png",
              "particle": ""
            },
			{
              "name": "insectoid",
              "texture": "pixelmon:pokemon/376_metagross/all/base/custom-insectoid/texture.png",
              "sprite": "pixelmon:pokemon/376_metagross/all/base/custom-insectoid/sprite.png",
              "particle": ""
            },
			{
              "name": "lunar",
              "texture": "pixelmon:pokemon/376_metagross/all/base/custom-lunar/texture.png",
              "sprite": "pixelmon:pokemon/376_metagross/all/base/custom-lunar/sprite.png",
              "particle": ""
            },
			{
              "name": "midnight",
              "texture": "pixelmon:pokemon/376_metagross/all/base/custom-midnight/texture.png",
              "sprite": "pixelmon:pokemon/376_metagross/all/base/custom-midnight/sprite.png",
              "particle": ""
            },
			{
              "name": "molten",
              "texture": "pixelmon:pokemon/376_metagross/all/base/custom-molten/texture.png",
              "sprite": "pixelmon:pokemon/376_metagross/all/base/custom-molten/sprite.png",
              "particle": ""
            },
			{
              "name": "norse",
              "texture": "pixelmon:pokemon/376_metagross/all/base/custom-norse/texture.png",
              "sprite": "pixelmon:pokemon/376_metagross/all/base/custom-norse/sprite.png",
              "particle": ""
            },
			{
              "name": "sun",
              "texture": "pixelmon:pokemon/376_metagross/all/base/custom-sun/texture.png",
              "sprite": "pixelmon:pokemon/376_metagross/all/base/custom-sun/sprite.png",
              "particle": ""
            },
			{
              "name": "temple",
              "texture": "pixelmon:pokemon/376_metagross/all/base/custom-temple/texture.png",
              "sprite": "pixelmon:pokemon/376_metagross/all/base/custom-temple/sprite.png",
              "particle": ""
            },
			{
              "name": "terra",
              "texture": "pixelmon:pokemon/376_metagross/all/base/custom-terra/texture.png",
              "sprite": "pixelmon:pokemon/376_metagross/all/base/custom-terra/sprite.png",
              "particle": ""
            }
          ]
        }
      ],
      "eggGroups": [
        "MINERAL"
      ],
      "types": [
        "STEEL",
        "PSYCHIC"
      ],
      "preEvolutions": [
        "Metang",
        "Beldum"
      ],
      "defaultBaseForm": "",
      "megaItems": [
        "pixelmon:metagrossite"
      ],
      "megas": [
        "mega"
      ],
      "gigantamax": {
        "canHaveFactor": false,
        "canGigantamax": false
      },
      "eggCycles": 41,
      "weight": 550.0,
      "catchRate": 3,
      "malePercentage": 0,
      "evolutions": [

      ],
      "evYields": {
        "defense": 3
      }
    },
    {
      "name": "mega",
      "tags": [
        "temp"
      ],
      "dimensions": {
        "height": 1.8,
        "width": 2.6,
        "length": 2.6
      },
      "abilities": {
        "abilities": [
          "ToughClaws"
        ]
      },
      "battleStats": {
        "hp": 80,
        "attack": 145,
        "defense": 150,
        "specialAttack": 105,
        "specialDefense": 110,
        "speed": 110
      },
      "weight": 942.9,
      "genderProperties": [
        {
          "gender": "ALL",
          "palettes": [
            {
              "name": "none",
              "texture": "pixelmon:pokemon/376_metagross/all/mega/none/texture.png",
              "sprite": "pixelmon:pokemon/376_metagross/all/mega/none/sprite.png",
              "particle": "",
              "modelLocator": {
                "factoryType": "NORMAL",
                "pqc": [
                  "pixelmon:pokemon/376_metagross/all/mega/none/model.pqc"
                ],
                "movementThreshold": 0.03
              }
            },
            {
              "name": "shiny",
              "texture": "pixelmon:pokemon/376_metagross/all/mega/shiny/texture.png",
              "sprite": "pixelmon:pokemon/376_metagross/all/mega/shiny/sprite.png",
              "particle": "arcanery:shiny"
            },
			{
              "name": "angelic",
              "texture": "pixelmon:pokemon/376_metagross/all/mega/custom-angelic/texture.png",
              "sprite": "pixelmon:pokemon/376_metagross/all/mega/custom-angelic/sprite.png",
              "particle": ""
            },
			{
              "name": "anubis",
              "texture": "pixelmon:pokemon/376_metagross/all/mega/custom-anubis/texture.png",
              "sprite": "pixelmon:pokemon/376_metagross/all/mega/custom-anubis/sprite.png",
              "particle": ""
            },
			{
              "name": "blood",
              "texture": "pixelmon:pokemon/376_metagross/all/mega/custom-blood/texture.png",
              "sprite": "pixelmon:pokemon/376_metagross/all/mega/custom-blood/sprite.png",
              "particle": ""
            },
			{
              "name": "demonic",
              "texture": "pixelmon:pokemon/376_metagross/all/mega/custom-demonic/texture.png",
              "sprite": "pixelmon:pokemon/376_metagross/all/mega/custom-demonic/sprite.png",
              "particle": ""
            },
			{
              "name": "easter",
              "texture": "pixelmon:pokemon/376_metagross/all/mega/custom-easter/texture.png",
              "sprite": "pixelmon:pokemon/376_metagross/all/mega/custom-easter/sprite.png",
              "particle": ""
            },
			{
              "name": "heroic",
              "texture": "pixelmon:pokemon/376_metagross/all/mega/custom-heroic/texture.png",
              "sprite": "pixelmon:pokemon/376_metagross/all/mega/custom-heroic/sprite.png",
              "particle": ""
            },
			{
              "name": "insectoid",
              "texture": "pixelmon:pokemon/376_metagross/all/mega/custom-insectoid/texture.png",
              "sprite": "pixelmon:pokemon/376_metagross/all/mega/custom-insectoid/sprite.png",
              "particle": ""
            },
			{
              "name": "lunar",
              "texture": "pixelmon:pokemon/376_metagross/all/mega/custom-lunar/texture.png",
              "sprite": "pixelmon:pokemon/376_metagross/all/mega/custom-lunar/sprite.png",
              "particle": ""
            },
			{
              "name": "midnight",
              "texture": "pixelmon:pokemon/376_metagross/all/mega/custom-midnight/texture.png",
              "sprite": "pixelmon:pokemon/376_metagross/all/mega/custom-midnight/sprite.png",
              "particle": ""
            },
			{
              "name": "molten",
              "texture": "pixelmon:pokemon/376_metagross/all/mega/custom-molten/texture.png",
              "sprite": "pixelmon:pokemon/376_metagross/all/mega/custom-molten/sprite.png",
              "particle": ""
            },
			{
              "name": "norse",
              "texture": "pixelmon:pokemon/376_metagross/all/mega/custom-norse/texture.png",
              "sprite": "pixelmon:pokemon/376_metagross/all/mega/custom-norse/sprite.png",
              "particle": ""
            },
			{
              "name": "temple",
              "texture": "pixelmon:pokemon/376_metagross/all/mega/custom-temple/texture.png",
              "sprite": "pixelmon:pokemon/376_metagross/all/mega/custom-temple/sprite.png",
              "particle": ""
            },
			{
              "name": "terra",
              "texture": "pixelmon:pokemon/376_metagross/all/mega/custom-terra/texture.png",
              "sprite": "pixelmon:pokemon/376_metagross/all/mega/custom-terra/sprite.png",
              "particle": ""
            }			
          ]
        }
      ]
    }
  ],
  "generation": 3
}
