{
  "name": "Regirock",
  "dex": 377,
  "defaultForms": [
    ""
  ],
  "forms": [
    {
      "name": "",
      "experienceGroup": "SLOW",
      "dimensions": {
        "height": 1.3,
        "width": 1.4,
        "length": 1,
        "eyeHeight": 1.3,
        "hoverHeight": 1.3
      },
      "moves": {
        "levelUpMoves": [
          {
            "level": 0,
            "attacks": [
              "Charge Beam",
              "Rock Throw"
            ]
          },
          {
            "level": 6,
            "attacks": [
              "Bulldoze"
            ]
          },
          {
            "level": 12,
            "attacks": [
              "Ancient Power"
            ]
          },
          {
            "level": 18,
            "attacks": [
              "Stomp"
            ]
          },
          {
            "level": 24,
            "attacks": [
              "Rock Slide"
            ]
          },
          {
            "level": 30,
            "attacks": [
              "Curse"
            ]
          },
          {
            "level": 36,
            "attacks": [
              "Iron Defense"
            ]
          },
          {
            "level": 42,
            "attacks": [
              "Hammer Arm"
            ]
          },
          {
            "level": 48,
            "attacks": [
              "Stone Edge"
            ]
          },
          {
            "level": 54,
            "attacks": [
              "Superpower"
            ]
          },
          {
            "level": 60,
            "attacks": [
              "Lock-On"
            ]
          },
          {
            "level": 66,
            "attacks": [
              "Zap Cannon"
            ]
          },
          {
            "level": 72,
            "attacks": [
              "Hyper Beam"
            ]
          },
          {
            "level": 78,
            "attacks": [
              "Explosion"
            ]
          }
        ],
        "tutorMoves": [
          "Meteor Beam"
        ],
        "eggMoves": [],
        "tmMoves8": [
          "Mega Punch",
          "Mega Kick",
          "Fire Punch",
          "Ice Punch",
          "Thunder Punch",
          "Hyper Beam",
          "Giga Impact",
          "Thunder Wave",
          "Dig",
          "Safeguard",
          "Self-Destruct",
          "Rest",
          "Rock Slide",
          "Snore",
          "Protect",
          "Sandstorm",
          "Sunny Day",
          "Facade",
          "Brick Break",
          "Rock Tomb",
          "Sand Tomb",
          "Rock Blast",
          "Fling",
          "Drain Punch",
          "Round",
          "Bulldoze",
          "Stomping Tantrum"
        ],
        "trMoves": [
          "Body Slam",
          "Thunderbolt",
          "Thunder",
          "Earthquake",
          "Substitute",
          "Endure",
          "Sleep Talk",
          "Superpower",
          "Iron Defense",
          "Focus Blast",
          "Earth Power",
          "Flash Cannon",
          "Iron Head",
          "Stone Edge",
          "Stealth Rock",
          "Heavy Slam",
          "Body Press"
        ],
        "hmMoves": [],
        "transferMoves": [
          "Block",
          "Confide",
          "Counter",
          "Defense Curl",
          "Double Team",
          "Double-Edge",
          "Dynamic Punch",
          "Focus Punch",
          "Frustration",
          "Gravity",
          "Headbutt",
          "Hidden Power",
          "Mimic",
          "Mud-Slap",
          "Natural Gift",
          "Power-Up Punch",
          "Psych Up",
          "Return",
          "Rock Polish",
          "Rock Smash",
          "Rollout",
          "Secret Power",
          "Seismic Toss",
          "Shock Wave",
          "Smack Down",
          "Strength",
          "Swagger",
          "Toxic"
        ],
        "tmMoves7": [
          "Toxic",
          "Hidden Power",
          "Sunny Day",
          "Hyper Beam",
          "Protect",
          "Safeguard",
          "Frustration",
          "Smack Down",
          "Thunderbolt",
          "Thunder",
          "Earthquake",
          "Return",
          "Brick Break",
          "Double Team",
          "Sandstorm",
          "Rock Tomb",
          "Facade",
          "Rest",
          "Round",
          "Focus Blast",
          "Fling",
          "Charge Beam",
          "Explosion",
          "Giga Impact",
          "Rock Polish",
          "Stone Edge",
          "Thunder Wave",
          "Psych Up",
          "Bulldoze",
          "Rock Slide",
          "Swagger",
          "Sleep Talk",
          "Substitute",
          "Confide"
        ],
        "tmMoves6": [
          "Toxic",
          "Hidden Power",
          "Sunny Day",
          "Hyper Beam",
          "Protect",
          "Safeguard",
          "Frustration",
          "Smack Down",
          "Thunderbolt",
          "Thunder",
          "Earthquake",
          "Return",
          "Dig",
          "Brick Break",
          "Double Team",
          "Sandstorm",
          "Rock Tomb",
          "Facade",
          "Rest",
          "Round",
          "Focus Blast",
          "Fling",
          "Charge Beam",
          "Explosion",
          "Giga Impact",
          "Rock Polish",
          "Stone Edge",
          "Thunder Wave",
          "Psych Up",
          "Bulldoze",
          "Rock Slide",
          "Swagger",
          "Sleep Talk",
          "Substitute",
          "Secret Power",
          "Power-Up Punch",
          "Confide"
        ],
        "tmMoves5": [
          "Toxic",
          "Hidden Power",
          "Sunny Day",
          "Hyper Beam",
          "Protect",
          "Safeguard",
          "Frustration",
          "Smack Down",
          "Thunderbolt",
          "Thunder",
          "Earthquake",
          "Return",
          "Dig",
          "Brick Break",
          "Double Team",
          "Sandstorm",
          "Rock Tomb",
          "Facade",
          "Rest",
          "Round",
          "Focus Blast",
          "Fling",
          "Charge Beam",
          "Explosion",
          "Giga Impact",
          "Rock Polish",
          "Stone Edge",
          "Thunder Wave",
          "Psych Up",
          "Bulldoze",
          "Rock Slide",
          "Swagger",
          "Substitute",
          "Rock Smash"
        ],
        "tmMoves4": [
          "Focus Punch",
          "Toxic",
          "Hidden Power",
          "Sunny Day",
          "Hyper Beam",
          "Protect",
          "Safeguard",
          "Frustration",
          "Thunderbolt",
          "Thunder",
          "Earthquake",
          "Return",
          "Dig",
          "Brick Break",
          "Double Team",
          "Shock Wave",
          "Sandstorm",
          "Rock Tomb",
          "Facade",
          "Secret Power",
          "Rest",
          "Focus Blast",
          "Fling",
          "Charge Beam",
          "Endure",
          "Drain Punch",
          "Explosion",
          "Giga Impact",
          "Rock Polish",
          "Stone Edge",
          "Thunder Wave",
          "Stealth Rock",
          "Psych Up",
          "Rock Slide",
          "Sleep Talk",
          "Natural Gift",
          "Swagger",
          "Substitute"
        ],
        "tmMoves3": [
          "Focus Punch",
          "Toxic",
          "Hidden Power",
          "Sunny Day",
          "Hyper Beam",
          "Protect",
          "Safeguard",
          "Frustration",
          "Thunderbolt",
          "Thunder",
          "Earthquake",
          "Return",
          "Dig",
          "Brick Break",
          "Double Team",
          "Shock Wave",
          "Sandstorm",
          "Rock Tomb",
          "Facade",
          "Secret Power",
          "Rest"
        ],
        "tmMoves2": [],
        "tmMoves1": [],
        "tmMoves": []
      },
      "abilities": {
        "abilities": [
          "ClearBody"
        ],
        "hiddenAbilities": [
          "Sturdy"
        ]
      },
      "movement": {
        "rideable": true,
        "canFly": false,
        "canSurf": false,
        "canRideShoulder": false,
        "ridingOffsets": {
          "standing": {
            "x": 0.0,
            "y": -0.9,
            "z": -0.55
          },
          "moving": {
            "x": 0.0,
            "y": -0.9,
            "z": -0.55
          }
        }
      },
      "aggression": {
        "timid": 80,
        "passive": 0,
        "aggressive": 20
      },
      "battleStats": {
        "hp": 80,
        "attack": 100,
        "defense": 200,
        "specialAttack": 50,
        "specialDefense": 100,
        "speed": 50
      },
      "tags": [
        "legendary"
      ],
      "spawn": {
        "baseExp": 217,
        "baseFriendship": 35,
        "spawnLevel": 40,
        "spawnLevelRange": 0,
        "spawnLocations": [
          "LAND"
        ]
      },
      "possibleGenders": [
        "MALE",
        "FEMALE"
      ],
      "genderProperties": [
        {
          "gender": "ALL",
          "palettes": [
            {
              "name": "none",
              "texture": "pixelmon:pokemon/377_regirock/all/base/none/texture.png",
              "sprite": "pixelmon:pokemon/377_regirock/all/base/none/sprite.png",
              "particle": "",
              "modelLocator": {
                "factoryType": "NORMAL",
                "pqc": [
                  "pixelmon:pokemon/377_regirock/all/base/none/model.pqc"
                ],
                "animationIncrement": 1.5,
                "movementThreshold": 0.03,
                "rotateAngleX": 0,
                "yRotation": 24.1
              },
              "sounds": [
                "pixelmon.mob.regirock"
              ]
            },
            {
              "name": "shiny",
              "texture": "pixelmon:pokemon/377_regirock/all/base/shiny/texture.png",
              "sprite": "pixelmon:pokemon/377_regirock/all/base/shiny/sprite.png",
              "particle": "arcanery:shiny"
            },
			{
              "name": "abyss",
              "texture": "pixelmon:pokemon/377_regirock/all/base/custom-abyss/texture.png",
              "sprite": "pixelmon:pokemon/377_regirock/all/base/custom-abyss/sprite.png",
              "particle": ""
            },
			{
              "name": "black and white",
              "texture": "pixelmon:pokemon/377_regirock/all/base/custom-black-white/texture.png",
              "sprite": "pixelmon:pokemon/377_regirock/all/base/custom-black-white/sprite.png",
              "particle": ""
            },
			{
              "name": "christmas",
              "texture": "pixelmon:pokemon/377_regirock/all/base/custom-christmas/texture.png",
              "sprite": "pixelmon:pokemon/377_regirock/all/base/custom-christmas/sprite.png",
              "particle": ""
            },
			{
              "name": "crimson",
              "texture": "pixelmon:pokemon/377_regirock/all/base/custom-crimson/texture.png",
              "sprite": "pixelmon:pokemon/377_regirock/all/base/custom-crimson/sprite.png",
              "particle": ""
            },
			{
              "name": "gamma",
              "texture": "pixelmon:pokemon/377_regirock/all/base/custom-gamma/texture.png",
              "sprite": "pixelmon:pokemon/377_regirock/all/base/custom-gamma/sprite.png",
              "particle": ""
            },
			{
              "name": "gembound",
              "texture": "pixelmon:pokemon/377_regirock/all/base/custom-gembound/texture.png",
              "sprite": "pixelmon:pokemon/377_regirock/all/base/custom-gembound/sprite.png",
              "particle": ""
            },
			{
              "name": "gemstone 1",
              "texture": "pixelmon:pokemon/377_regirock/all/base/custom-gemstone1/texture.png",
              "sprite": "pixelmon:pokemon/377_regirock/all/base/custom-gemstone1/sprite.png",
              "particle": ""
            },
			{
              "name": "gemstone 2",
              "texture": "pixelmon:pokemon/377_regirock/all/base/custom-gemstone2/texture.png",
              "sprite": "pixelmon:pokemon/377_regirock/all/base/custom-gemstone2/sprite.png",
              "particle": ""
            },
			{
              "name": "mecha",
              "texture": "pixelmon:pokemon/377_regirock/all/base/custom-mecha/texture.png",
              "sprite": "pixelmon:pokemon/377_regirock/all/base/custom-mecha/sprite.png",
              "particle": ""
            },
			{
              "name": "molten",
              "texture": "pixelmon:pokemon/377_regirock/all/base/custom-molten/texture.png",
              "sprite": "pixelmon:pokemon/377_regirock/all/base/custom-molten/sprite.png",
              "particle": ""
            },
			{
              "name": "spartan",
              "texture": "pixelmon:pokemon/377_regirock/all/base/custom-spartan/texture.png",
              "sprite": "pixelmon:pokemon/377_regirock/all/base/custom-spartan/sprite.png",
              "particle": ""
            },
			{
              "name": "toy",
              "texture": "pixelmon:pokemon/377_regirock/all/base/custom-toy/texture.png",
              "sprite": "pixelmon:pokemon/377_regirock/all/base/custom-toy/sprite.png",
              "particle": ""
            }
          ]
        }
      ],
      "eggGroups": [
        "MINERAL"
      ],
      "types": [
        "ROCK"
      ],
      "preEvolutions": [],
      "defaultBaseForm": "",
      "megaItems": [],
      "megas": [],
      "gigantamax": {
        "canHaveFactor": false,
        "canGigantamax": false
      },
      "eggCycles": 81,
      "weight": 230.0,
      "catchRate": 3,
      "malePercentage": 0,
      "evolutions": [],
      "evYields": {
        "defense": 3
      }
    }
  ],
  "generation": 3
}
