{
  "name": "Registeel",
  "dex": 379,
  "defaultForms": [
    ""
  ],
  "forms": [
    {
      "name": "",
      "experienceGroup": "SLOW",
      "dimensions": {
        "height": 1.5,
        "width": 1.6,
        "length": 1,
        "eyeHeight": 1.5,
        "hoverHeight": 1.5
      },
      "moves": {
        "levelUpMoves": [
          {
            "level": 0,
            "attacks": [
              "Charge Beam",
              "Metal Claw"
            ]
          },
          {
            "level": 6,
            "attacks": [
              "Bulldoze"
            ]
          },
          {
            "level": 12,
            "attacks": [
              "Ancient Power"
            ]
          },
          {
            "level": 18,
            "attacks": [
              "Stomp"
            ]
          },
          {
            "level": 24,
            "attacks": [
              "Flash Cannon",
              "Iron Head"
            ]
          },
          {
            "level": 30,
            "attacks": [
              "Curse"
            ]
          },
          {
            "level": 36,
            "attacks": [
              "Amnesia",
              "Iron Defense"
            ]
          },
          {
            "level": 42,
            "attacks": [
              "Hammer Arm"
            ]
          },
          {
            "level": 48,
            "attacks": [
              "Heavy Slam"
            ]
          },
          {
            "level": 54,
            "attacks": [
              "Superpower"
            ]
          },
          {
            "level": 60,
            "attacks": [
              "Lock-On"
            ]
          },
          {
            "level": 66,
            "attacks": [
              "Zap Cannon"
            ]
          },
          {
            "level": 72,
            "attacks": [
              "Hyper Beam"
            ]
          },
          {
            "level": 78,
            "attacks": [
              "Explosion"
            ]
          }
        ],
        "tutorMoves": [
          "Meteor Beam",
          "Steel Beam",
          "Steel Roller"
        ],
        "eggMoves": [],
        "tmMoves8": [
          "Mega Punch",
          "Mega Kick",
          "Ice Punch",
          "Thunder Punch",
          "Hyper Beam",
          "Giga Impact",
          "Thunder Wave",
          "Safeguard",
          "Self-Destruct",
          "Rest",
          "Rock Slide",
          "Snore",
          "Protect",
          "Sandstorm",
          "Rain Dance",
          "Sunny Day",
          "Facade",
          "Brick Break",
          "Rock Tomb",
          "Sand Tomb",
          "Fling",
          "Shadow Claw",
          "Round",
          "Bulldoze",
          "Stomping Tantrum"
        ],
        "trMoves": [
          "Body Slam",
          "Thunderbolt",
          "Thunder",
          "Earthquake",
          "Amnesia",
          "Substitute",
          "Endure",
          "Sleep Talk",
          "Superpower",
          "Iron Defense",
          "Focus Blast",
          "Flash Cannon",
          "Iron Head",
          "Stealth Rock",
          "Heavy Slam",
          "Body Press"
        ],
        "hmMoves": [],
        "transferMoves": [
          "Aerial Ace",
          "Block",
          "Confide",
          "Counter",
          "Defense Curl",
          "Double Team",
          "Double-Edge",
          "Dynamic Punch",
          "Focus Punch",
          "Frustration",
          "Gravity",
          "Headbutt",
          "Hidden Power",
          "Hone Claws",
          "Magnet Rise",
          "Mimic",
          "Mud-Slap",
          "Natural Gift",
          "Power-Up Punch",
          "Psych Up",
          "Return",
          "Rock Polish",
          "Rock Smash",
          "Rollout",
          "Secret Power",
          "Seismic Toss",
          "Shock Wave",
          "Strength",
          "Swagger",
          "Toxic"
        ],
        "tmMoves7": [
          "Toxic",
          "Hidden Power",
          "Sunny Day",
          "Hyper Beam",
          "Protect",
          "Rain Dance",
          "Safeguard",
          "Frustration",
          "Thunderbolt",
          "Thunder",
          "Earthquake",
          "Return",
          "Brick Break",
          "Double Team",
          "Sandstorm",
          "Rock Tomb",
          "Aerial Ace",
          "Facade",
          "Rest",
          "Round",
          "Focus Blast",
          "Fling",
          "Charge Beam",
          "Explosion",
          "Shadow Claw",
          "Giga Impact",
          "Rock Polish",
          "Thunder Wave",
          "Psych Up",
          "Bulldoze",
          "Rock Slide",
          "Swagger",
          "Sleep Talk",
          "Substitute",
          "Flash Cannon",
          "Confide"
        ],
        "tmMoves6": [
          "Hone Claws",
          "Toxic",
          "Hidden Power",
          "Sunny Day",
          "Hyper Beam",
          "Protect",
          "Rain Dance",
          "Safeguard",
          "Frustration",
          "Thunderbolt",
          "Thunder",
          "Earthquake",
          "Return",
          "Brick Break",
          "Double Team",
          "Sandstorm",
          "Rock Tomb",
          "Aerial Ace",
          "Facade",
          "Rest",
          "Round",
          "Focus Blast",
          "Fling",
          "Charge Beam",
          "Explosion",
          "Shadow Claw",
          "Giga Impact",
          "Rock Polish",
          "Thunder Wave",
          "Psych Up",
          "Bulldoze",
          "Rock Slide",
          "Swagger",
          "Sleep Talk",
          "Substitute",
          "Flash Cannon",
          "Secret Power",
          "Power-Up Punch",
          "Confide"
        ],
        "tmMoves5": [
          "Hone Claws",
          "Toxic",
          "Hidden Power",
          "Sunny Day",
          "Hyper Beam",
          "Protect",
          "Rain Dance",
          "Safeguard",
          "Frustration",
          "Thunderbolt",
          "Thunder",
          "Earthquake",
          "Return",
          "Brick Break",
          "Double Team",
          "Sandstorm",
          "Rock Tomb",
          "Aerial Ace",
          "Facade",
          "Rest",
          "Round",
          "Focus Blast",
          "Fling",
          "Charge Beam",
          "Explosion",
          "Shadow Claw",
          "Giga Impact",
          "Rock Polish",
          "Thunder Wave",
          "Psych Up",
          "Bulldoze",
          "Rock Slide",
          "Swagger",
          "Substitute",
          "Flash Cannon",
          "Rock Smash"
        ],
        "tmMoves4": [
          "Focus Punch",
          "Toxic",
          "Hidden Power",
          "Sunny Day",
          "Hyper Beam",
          "Protect",
          "Rain Dance",
          "Safeguard",
          "Frustration",
          "Thunderbolt",
          "Thunder",
          "Earthquake",
          "Return",
          "Brick Break",
          "Double Team",
          "Shock Wave",
          "Sandstorm",
          "Rock Tomb",
          "Aerial Ace",
          "Facade",
          "Secret Power",
          "Rest",
          "Focus Blast",
          "Fling",
          "Charge Beam",
          "Endure",
          "Explosion",
          "Shadow Claw",
          "Giga Impact",
          "Rock Polish",
          "Thunder Wave",
          "Stealth Rock",
          "Psych Up",
          "Rock Slide",
          "Sleep Talk",
          "Natural Gift",
          "Swagger",
          "Substitute",
          "Flash Cannon"
        ],
        "tmMoves3": [
          "Focus Punch",
          "Toxic",
          "Hidden Power",
          "Sunny Day",
          "Hyper Beam",
          "Protect",
          "Rain Dance",
          "Safeguard",
          "Frustration",
          "Thunderbolt",
          "Thunder",
          "Earthquake",
          "Return",
          "Brick Break",
          "Double Team",
          "Shock Wave",
          "Sandstorm",
          "Rock Tomb",
          "Aerial Ace",
          "Facade",
          "Secret Power",
          "Rest"
        ],
        "tmMoves2": [],
        "tmMoves1": [],
        "tmMoves": []
      },
      "abilities": {
        "abilities": [
          "ClearBody"
        ],
        "hiddenAbilities": [
          "LightMetal"
        ]
      },
      "movement": {
        "rideable": true,
        "canFly": false,
        "canSurf": false,
        "canRideShoulder": false,
        "ridingOffsets": {
          "standing": {
            "x": 0.0,
            "y": -0.7,
            "z": -0.17
          },
          "moving": {
            "x": 0.0,
            "y": -0.7,
            "z": -0.17
          }
        }
      },
      "aggression": {
        "timid": 80,
        "passive": 0,
        "aggressive": 20
      },
      "battleStats": {
        "hp": 80,
        "attack": 75,
        "defense": 150,
        "specialAttack": 75,
        "specialDefense": 150,
        "speed": 50
      },
      "tags": [
        "legendary"
      ],
      "spawn": {
        "baseExp": 215,
        "baseFriendship": 35,
        "spawnLevel": 40,
        "spawnLevelRange": 0,
        "spawnLocations": [
          "LAND"
        ]
      },
      "possibleGenders": [
        "MALE",
        "FEMALE"
      ],
      "genderProperties": [
        {
          "gender": "ALL",
          "palettes": [
            {
              "name": "none",
              "texture": "pixelmon:pokemon/379_registeel/all/base/none/texture.png",
              "sprite": "pixelmon:pokemon/379_registeel/all/base/none/sprite.png",
              "particle": "",
              "modelLocator": {
                "factoryType": "NORMAL",
                "pqc": [
                  "pixelmon:pokemon/379_registeel/all/base/none/model.pqc"
                ],
                "animationIncrement": 1.5,
                "movementThreshold": 0.03,
                "rotateAngleX": 0
              },
              "sounds": [
                "pixelmon.mob.registeel"
              ]
            },
            {
              "name": "shiny",
              "texture": "pixelmon:pokemon/379_registeel/all/base/shiny/texture.png",
              "sprite": "pixelmon:pokemon/379_registeel/all/base/shiny/sprite.png",
              "particle": "arcanery:shiny"
            },
			{
              "name": "christmas",
              "texture": "pixelmon:pokemon/379_registeel/all/base/custom-christmas/texture.png",
              "sprite": "pixelmon:pokemon/379_registeel/all/base/custom-christmas/sprite.png",
              "particle": ""
            },
			{
              "name": "crimson",
              "texture": "pixelmon:pokemon/379_registeel/all/base/custom-crimson/texture.png",
              "sprite": "pixelmon:pokemon/379_registeel/all/base/custom-crimson/sprite.png",
              "particle": ""
            },
			{
              "name": "hero 1",
              "texture": "pixelmon:pokemon/379_registeel/all/base/custom-hero1/texture.png",
              "sprite": "pixelmon:pokemon/379_registeel/all/base/custom-hero1/sprite.png",
              "particle": ""
            },
			{
              "name": "hero 2",
              "texture": "pixelmon:pokemon/379_registeel/all/base/custom-hero2/texture.png",
              "sprite": "pixelmon:pokemon/379_registeel/all/base/custom-hero2/sprite.png",
              "particle": ""
            },
			{
              "name": "mecha",
              "texture": "pixelmon:pokemon/379_registeel/all/base/custom-mecha/texture.png",
              "sprite": "pixelmon:pokemon/379_registeel/all/base/custom-mecha/sprite.png",
              "particle": ""
            },
			{
              "name": "samurai",
              "texture": "pixelmon:pokemon/379_registeel/all/base/custom-samurai/texture.png",
              "sprite": "pixelmon:pokemon/379_registeel/all/base/custom-samurai/sprite.png",
              "particle": ""
            },
			{
              "name": "steampunk",
              "texture": "pixelmon:pokemon/379_registeel/all/base/custom-steampunk/texture.png",
              "sprite": "pixelmon:pokemon/379_registeel/all/base/custom-steampunk/sprite.png",
              "particle": ""
            }
          ]
        }
      ],
      "eggGroups": [
        "MINERAL"
      ],
      "types": [
        "STEEL"
      ],
      "preEvolutions": [],
      "defaultBaseForm": "",
      "megaItems": [],
      "megas": [],
      "gigantamax": {
        "canHaveFactor": false,
        "canGigantamax": false
      },
      "eggCycles": 81,
      "weight": 205.0,
      "catchRate": 3,
      "malePercentage": 0,
      "evolutions": [],
      "evYields": {
        "defense": 2,
        "specialDefense": 1
      }
    }
  ],
  "generation": 3
}
