{
  "name": "Turtwig",
  "dex": 387,
  "defaultForms": [
    ""
  ],
  "forms": [
    {
      "name": "",
      "experienceGroup": "MEDIUM_SLOW",
      "dimensions": {
        "height": 0.4,
        "width": 0.4,
        "length": 1,
        "eyeHeight": 0.4,
        "hoverHeight": 0.4
      },
      "moves": {
        "levelUpMoves": [
          {
            "level": 0,
            "attacks": [
              "Tackle"
            ]
          },
          {
            "level": 5,
            "attacks": [
              "Withdraw"
            ]
          },
          {
            "level": 9,
            "attacks": [
              "Absorb"
            ]
          },
          {
            "level": 13,
            "attacks": [
              "Razor Leaf"
            ]
          },
          {
            "level": 17,
            "attacks": [
              "Curse"
            ]
          },
          {
            "level": 21,
            "attacks": [
              "Bite"
            ]
          },
          {
            "level": 25,
            "attacks": [
              "Mega Drain"
            ]
          },
          {
            "level": 29,
            "attacks": [
              "Leech Seed"
            ]
          },
          {
            "level": 33,
            "attacks": [
              "Synthesis"
            ]
          },
          {
            "level": 37,
            "attacks": [
              "Crunch"
            ]
          },
          {
            "level": 41,
            "attacks": [
              "Giga Drain"
            ]
          },
          {
            "level": 45,
            "attacks": [
              "Leaf Storm"
            ]
          }
        ],
        "tutorMoves": [
          "Earth Power",
          "Giga Drain",
          "Grass Pledge",
          "Iron Tail",
          "Seed Bomb",
          "Snore",
          "Stealth Rock",
          "Superpower",
          "Synthesis",
          "Worry Seed"
        ],
        "eggMoves": [
          "Amnesia",
          "Body Slam",
          "Double-Edge",
          "Earth Power",
          "Grassy Terrain",
          "Growth",
          "Heavy Slam",
          "Sand Tomb",
          "Seed Bomb",
          "Spit Up",
          "Stockpile",
          "Superpower",
          "Swallow",
          "Thrash",
          "Tickle",
          "Wide Guard",
          "Worry Seed"
        ],
        "tmMoves8": [],
        "trMoves": [],
        "hmMoves": [],
        "transferMoves": [
          "Bullet Seed",
          "Captivate",
          "Cut",
          "Endure",
          "Flash",
          "Headbutt",
          "Mud-Slap",
          "Natural Gift",
          "Rock Smash",
          "Secret Power",
          "Strength"
        ],
        "tmMoves7": [
          "Work Up",
          "Toxic",
          "Hidden Power",
          "Sunny Day",
          "Light Screen",
          "Protect",
          "Safeguard",
          "Frustration",
          "Solar Beam",
          "Return",
          "Double Team",
          "Reflect",
          "Facade",
          "Rest",
          "Attract",
          "Round",
          "Energy Ball",
          "Swords Dance",
          "Grass Knot",
          "Swagger",
          "Sleep Talk",
          "Substitute",
          "Nature Power",
          "Confide"
        ],
        "tmMoves6": [
          "Toxic",
          "Hidden Power",
          "Sunny Day",
          "Light Screen",
          "Protect",
          "Safeguard",
          "Frustration",
          "Solar Beam",
          "Return",
          "Double Team",
          "Reflect",
          "Facade",
          "Rest",
          "Attract",
          "Round",
          "Energy Ball",
          "Flash",
          "Swords Dance",
          "Grass Knot",
          "Swagger",
          "Sleep Talk",
          "Substitute",
          "Secret Power",
          "Nature Power",
          "Confide"
        ],
        "tmMoves5": [
          "Toxic",
          "Hidden Power",
          "Sunny Day",
          "Light Screen",
          "Protect",
          "Safeguard",
          "Frustration",
          "Solar Beam",
          "Return",
          "Double Team",
          "Reflect",
          "Facade",
          "Rest",
          "Attract",
          "Round",
          "Energy Ball",
          "Flash",
          "Swords Dance",
          "Grass Knot",
          "Swagger",
          "Substitute",
          "Rock Smash"
        ],
        "tmMoves4": [
          "Toxic",
          "Bullet Seed",
          "Hidden Power",
          "Sunny Day",
          "Light Screen",
          "Protect",
          "Giga Drain",
          "Safeguard",
          "Frustration",
          "Solar Beam",
          "Iron Tail",
          "Return",
          "Double Team",
          "Reflect",
          "Facade",
          "Secret Power",
          "Rest",
          "Attract",
          "Energy Ball",
          "Endure",
          "Flash",
          "Swords Dance",
          "Stealth Rock",
          "Captivate",
          "Sleep Talk",
          "Natural Gift",
          "Grass Knot",
          "Swagger",
          "Substitute"
        ],
        "tmMoves3": [],
        "tmMoves2": [],
        "tmMoves1": [],
        "tmMoves": []
      },
      "abilities": {
        "abilities": [
          "Overgrow"
        ],
        "hiddenAbilities": [
          "ShellArmour"
        ]
      },
      "movement": {
        "rideable": false,
        "canFly": false,
        "canSurf": false,
        "canRideShoulder": false
      },
      "aggression": {
        "timid": 80,
        "passive": 0,
        "aggressive": 20
      },
      "battleStats": {
        "hp": 55,
        "attack": 68,
        "defense": 64,
        "specialAttack": 45,
        "specialDefense": 55,
        "speed": 31
      },
      "tags": [],
      "spawn": {
        "baseExp": 64,
        "baseFriendship": 70,
        "spawnLevel": 10,
        "spawnLevelRange": 3,
        "spawnLocations": [
          "LAND"
        ]
      },
      "possibleGenders": [
        "MALE",
        "FEMALE"
      ],
      "genderProperties": [
        {
          "gender": "ALL",
          "palettes": [
            {
              "name": "none",
              "texture": "pixelmon:pokemon/387_turtwig/all/base/none/texture.png",
              "sprite": "pixelmon:pokemon/387_turtwig/all/base/none/sprite.png",
              "particle": "",
              "modelLocator": {
                "factoryType": "NORMAL",
                "pqc": [
                  "pixelmon:pokemon/387_turtwig/all/base/none/model.pqc"
                ]
              },
              "sounds": [
                "pixelmon.mob.turtwig",
                "pixelmon.mob.turtwig",
                "pixelmon.mob.turtwig"
              ]
            },
            {
              "name": "shiny",
              "texture": "pixelmon:pokemon/387_turtwig/all/base/shiny/texture.png",
              "sprite": "pixelmon:pokemon/387_turtwig/all/base/shiny/sprite.png",
              "particle": "arcanery:shiny"
            },
			{
              "name": "diamond",
              "texture": "pixelmon:pokemon/387_turtwig/all/base/custom-diamond/texture.png",
              "sprite": "pixelmon:pokemon/387_turtwig/all/base/custom-diamond/sprite.png",
              "particle": ""
            },
			{
              "name": "faceless 1",
              "texture": "pixelmon:pokemon/387_turtwig/all/base/custom-faceless1/texture.png",
              "sprite": "pixelmon:pokemon/387_turtwig/all/base/custom-faceless1/sprite.png",
              "particle": ""
            },
			{
              "name": "faceless 2",
              "texture": "pixelmon:pokemon/387_turtwig/all/base/custom-faceless2/texture.png",
              "sprite": "pixelmon:pokemon/387_turtwig/all/base/custom-faceless2/sprite.png",
              "particle": ""
            },
			{
              "name": "ice",
              "texture": "pixelmon:pokemon/387_turtwig/all/base/custom-ice/texture.png",
              "sprite": "pixelmon:pokemon/387_turtwig/all/base/custom-ice/sprite.png",
              "particle": ""
            },
			{
              "name": "pearl",
              "texture": "pixelmon:pokemon/387_turtwig/all/base/custom-pearl/texture.png",
              "sprite": "pixelmon:pokemon/387_turtwig/all/base/custom-pearl/sprite.png",
              "particle": ""
            },
			{
              "name": "spring",
              "texture": "pixelmon:pokemon/387_turtwig/all/base/custom-spring/texture.png",
              "sprite": "pixelmon:pokemon/387_turtwig/all/base/custom-spring/sprite.png",
              "particle": ""
            }
          ]
        }
      ],
      "eggGroups": [
        "MONSTER",
        "GRASS"
      ],
      "types": [
        "GRASS"
      ],
      "preEvolutions": [],
      "defaultBaseForm": "",
      "megaItems": [],
      "megas": [],
      "gigantamax": {
        "canHaveFactor": false,
        "canGigantamax": false
      },
      "eggCycles": 21,
      "weight": 10.2,
      "catchRate": 45,
      "malePercentage": 0,
      "evolutions": [
        {
          "level": 18,
          "to": "Grotle",
          "conditions": [],
          "evoType": "leveling"
        }
      ],
      "evYields": {
        "attack": 1
      }
    }
  ],
  "generation": 4
}
