{
  "name": "Chimchar",
  "dex": 390,
  "defaultForms": [
    ""
  ],
  "forms": [
    {
      "name": "",
      "experienceGroup": "MEDIUM_SLOW",
      "dimensions": {
        "height": 0.6,
        "width": 0.5,
        "length": 1,
        "eyeHeight": 0.6,
        "hoverHeight": 0.6
      },
      "moves": {
        "levelUpMoves": [
          {
            "level": 0,
            "attacks": [
              "Leer",
              "Scratch"
            ]
          },
          {
            "level": 7,
            "attacks": [
              "Ember"
            ]
          },
          {
            "level": 9,
            "attacks": [
              "Taunt"
            ]
          },
          {
            "level": 15,
            "attacks": [
              "Fury Swipes"
            ]
          },
          {
            "level": 17,
            "attacks": [
              "Flame Wheel"
            ]
          },
          {
            "level": 23,
            "attacks": [
              "Nasty Plot"
            ]
          },
          {
            "level": 25,
            "attacks": [
              "Torment"
            ]
          },
          {
            "level": 31,
            "attacks": [
              "Facade"
            ]
          },
          {
            "level": 33,
            "attacks": [
              "Fire Spin"
            ]
          },
          {
            "level": 39,
            "attacks": [
              "Acrobatics"
            ]
          },
          {
            "level": 41,
            "attacks": [
              "Slack Off"
            ]
          },
          {
            "level": 47,
            "attacks": [
              "Flamethrower"
            ]
          }
        ],
        "tutorMoves": [
          "Covet",
          "Endeavor",
          "Fire Pledge",
          "Fire Punch",
          "Focus Punch",
          "Gunk Shot",
          "Heat Wave",
          "Helping Hand",
          "Iron Tail",
          "Low Kick",
          "Role Play",
          "Snore",
          "Stealth Rock",
          "Thunder Punch",
          "Uproar"
        ],
        "eggMoves": [
          "Assist",
          "Blaze Kick",
          "Counter",
          "Double Kick",
          "Encore",
          "Fake Out",
          "Fire Punch",
          "Focus Energy",
          "Focus Punch",
          "Heat Wave",
          "Helping Hand",
          "Power-Up Punch",
          "Quick Guard",
          "Submission",
          "Thunder Punch"
        ],
        "tmMoves8": [],
        "trMoves": [],
        "hmMoves": [],
        "transferMoves": [
          "Captivate",
          "Cut",
          "Dig",
          "Endure",
          "Headbutt",
          "Hone Claws",
          "Incinerate",
          "Mud-Slap",
          "Natural Gift",
          "Rock Smash",
          "Rollout",
          "Secret Power",
          "Strength",
          "Swift",
          "Vacuum Wave"
        ],
        "tmMoves7": [
          "Work Up",
          "Toxic",
          "Bulk Up",
          "Hidden Power",
          "Sunny Day",
          "Taunt",
          "Protect",
          "Frustration",
          "Return",
          "Brick Break",
          "Double Team",
          "Flamethrower",
          "Fire Blast",
          "Aerial Ace",
          "Torment",
          "Facade",
          "Flame Charge",
          "Rest",
          "Attract",
          "Low Sweep",
          "Round",
          "Overheat",
          "Fling",
          "Will-O-Wisp",
          "Acrobatics",
          "Shadow Claw",
          "Swords Dance",
          "Grass Knot",
          "Swagger",
          "Sleep Talk",
          "U-turn",
          "Substitute",
          "Confide"
        ],
        "tmMoves6": [
          "Hone Claws",
          "Toxic",
          "Bulk Up",
          "Hidden Power",
          "Sunny Day",
          "Taunt",
          "Protect",
          "Frustration",
          "Return",
          "Dig",
          "Brick Break",
          "Double Team",
          "Flamethrower",
          "Fire Blast",
          "Aerial Ace",
          "Torment",
          "Facade",
          "Flame Charge",
          "Rest",
          "Attract",
          "Low Sweep",
          "Round",
          "Overheat",
          "Fling",
          "Incinerate",
          "Will-O-Wisp",
          "Acrobatics",
          "Shadow Claw",
          "Swords Dance",
          "Grass Knot",
          "Swagger",
          "Sleep Talk",
          "U-turn",
          "Substitute",
          "Secret Power",
          "Power-Up Punch",
          "Confide"
        ],
        "tmMoves5": [
          "Hone Claws",
          "Toxic",
          "Bulk Up",
          "Hidden Power",
          "Sunny Day",
          "Taunt",
          "Protect",
          "Frustration",
          "Return",
          "Dig",
          "Brick Break",
          "Double Team",
          "Flamethrower",
          "Fire Blast",
          "Aerial Ace",
          "Torment",
          "Facade",
          "Flame Charge",
          "Rest",
          "Attract",
          "Low Sweep",
          "Round",
          "Overheat",
          "Fling",
          "Incinerate",
          "Will-O-Wisp",
          "Acrobatics",
          "Shadow Claw",
          "Swords Dance",
          "Grass Knot",
          "Swagger",
          "U-turn",
          "Substitute",
          "Rock Smash"
        ],
        "tmMoves4": [
          "Focus Punch",
          "Toxic",
          "Bulk Up",
          "Hidden Power",
          "Sunny Day",
          "Taunt",
          "Protect",
          "Frustration",
          "Iron Tail",
          "Return",
          "Dig",
          "Brick Break",
          "Double Team",
          "Flamethrower",
          "Fire Blast",
          "Aerial Ace",
          "Torment",
          "Facade",
          "Secret Power",
          "Rest",
          "Attract",
          "Overheat",
          "Fling",
          "Endure",
          "Will-O-Wisp",
          "Shadow Claw",
          "Swords Dance",
          "Stealth Rock",
          "Captivate",
          "Sleep Talk",
          "Natural Gift",
          "Grass Knot",
          "Swagger",
          "U-turn",
          "Substitute"
        ],
        "tmMoves3": [],
        "tmMoves2": [],
        "tmMoves1": [],
        "tmMoves": []
      },
      "abilities": {
        "abilities": [
          "Blaze"
        ],
        "hiddenAbilities": [
          "IronFist"
        ]
      },
      "movement": {
        "rideable": false,
        "canFly": false,
        "canSurf": false,
        "canRideShoulder": false
      },
      "aggression": {
        "timid": 0,
        "passive": 50,
        "aggressive": 50
      },
      "battleStats": {
        "hp": 44,
        "attack": 58,
        "defense": 44,
        "specialAttack": 58,
        "specialDefense": 44,
        "speed": 61
      },
      "tags": [],
      "spawn": {
        "baseExp": 65,
        "baseFriendship": 70,
        "spawnLevel": 5,
        "spawnLevelRange": 8,
        "spawnLocations": [
          "LAND"
        ]
      },
      "possibleGenders": [
        "MALE",
        "FEMALE"
      ],
      "genderProperties": [
        {
          "gender": "ALL",
          "palettes": [
            {
              "name": "none",
              "texture": "pixelmon:pokemon/390_chimchar/all/base/none/texture.png",
              "sprite": "pixelmon:pokemon/390_chimchar/all/base/none/sprite.png",
              "particle": "",
              "modelLocator": {
                "factoryType": "NORMAL",
                "pqc": [
                  "pixelmon:pokemon/390_chimchar/all/base/none/model.pqc"
                ]
              },
              "sounds": [
                "pixelmon.mob.chimchar"
              ]
            },
            {
              "name": "shiny",
              "texture": "pixelmon:pokemon/390_chimchar/all/base/shiny/texture.png",
              "sprite": "pixelmon:pokemon/390_chimchar/all/base/shiny/sprite.png",
              "particle": "arcanery:shiny"
            },
			{
              "name": "diamond",
              "texture": "pixelmon:pokemon/390_chimchar/all/base/custom-diamond/texture.png",
              "sprite": "pixelmon:pokemon/390_chimchar/all/base/custom-diamond/sprite.png",
              "particle": ""
            },
			{
              "name": "faceless 1",
              "texture": "pixelmon:pokemon/390_chimchar/all/base/custom-faceless1/texture.png",
              "sprite": "pixelmon:pokemon/390_chimchar/all/base/custom-faceless1/sprite.png",
              "particle": ""
            },
			{
              "name": "faceless 2",
              "texture": "pixelmon:pokemon/390_chimchar/all/base/custom-faceless2/texture.png",
              "sprite": "pixelmon:pokemon/390_chimchar/all/base/custom-faceless2/sprite.png",
              "particle": ""
            },
			{
              "name": "gold",
              "texture": "pixelmon:pokemon/390_chimchar/all/base/custom-gold/texture.png",
              "sprite": "pixelmon:pokemon/390_chimchar/all/base/custom-gold/sprite.png",
              "particle": ""
            },
			{
              "name": "pearl",
              "texture": "pixelmon:pokemon/390_chimchar/all/base/custom-pearl/texture.png",
              "sprite": "pixelmon:pokemon/390_chimchar/all/base/custom-pearl/sprite.png",
              "particle": ""
            }
          ]
        }
      ],
      "eggGroups": [
        "FIELD",
        "HUMAN_LIKE"
      ],
      "types": [
        "FIRE"
      ],
      "preEvolutions": [],
      "defaultBaseForm": "",
      "megaItems": [],
      "megas": [],
      "gigantamax": {
        "canHaveFactor": false,
        "canGigantamax": false
      },
      "eggCycles": 21,
      "weight": 6.2,
      "catchRate": 45,
      "malePercentage": 0,
      "evolutions": [
        {
          "level": 14,
          "to": "Monferno",
          "conditions": [],
          "evoType": "leveling",
          "moves": [
            "Mach Punch"
          ]
        }
      ],
      "evYields": {
        "speed": 1
      }
    }
  ],
  "generation": 4
}
