{
  "name": "Infernape",
  "dex": 392,
  "defaultForms": [
    ""
  ],
  "forms": [
    {
      "name": "",
      "experienceGroup": "MEDIUM_SLOW",
      "dimensions": {
        "height": 1.4,
        "width": 1.4,
        "length": 1,
        "eyeHeight": 1.4,
        "hoverHeight": 1.4
      },
      "moves": {
        "levelUpMoves": [
          {
            "level": 0,
            "attacks": [
              "Close Combat",
              "Ember",
              "Flare Blitz",
              "Leer",
              "Mach Punch",
              "Scratch",
              "Taunt"
            ]
          },
          {
            "level": 7,
            "attacks": [
              "Ember"
            ]
          },
          {
            "level": 9,
            "attacks": [
              "Taunt"
            ]
          },
          {
            "level": 16,
            "attacks": [
              "Fury Swipes"
            ]
          },
          {
            "level": 19,
            "attacks": [
              "Flame Wheel"
            ]
          },
          {
            "level": 26,
            "attacks": [
              "Feint"
            ]
          },
          {
            "level": 29,
            "attacks": [
              "Punishment"
            ]
          },
          {
            "level": 42,
            "attacks": [
              "Fire Spin"
            ]
          },
          {
            "level": 52,
            "attacks": [
              "Acrobatics"
            ]
          },
          {
            "level": 58,
            "attacks": [
              "Calm Mind"
            ]
          },
          {
            "level": 68,
            "attacks": [
              "Flare Blitz"
            ]
          }
        ],
        "tutorMoves": [
          "Blast Burn",
          "Covet",
          "Dual Chop",
          "Endeavor",
          "Fire Pledge",
          "Fire Punch",
          "Focus Punch",
          "Gunk Shot",
          "Heat Wave",
          "Helping Hand",
          "Iron Tail",
          "Laser Focus",
          "Low Kick",
          "Role Play",
          "Snore",
          "Stealth Rock",
          "Thunder Punch"
        ],
        "eggMoves": [
          "Assist",
          "Blaze Kick",
          "Counter",
          "Double Kick",
          "Encore",
          "Fake Out",
          "Fire Punch",
          "Focus Energy",
          "Focus Punch",
          "Heat Wave",
          "Helping Hand",
          "Power-Up Punch",
          "Quick Guard",
          "Submission",
          "Thunder Punch"
        ],
        "tmMoves8": [],
        "trMoves": [],
        "hmMoves": [],
        "transferMoves": [
          "Captivate",
          "Cut",
          "Dig",
          "Endure",
          "Headbutt",
          "Hone Claws",
          "Incinerate",
          "Mud-Slap",
          "Natural Gift",
          "Retaliate",
          "Rock Smash",
          "Rollout",
          "Secret Power",
          "Strength",
          "Swift",
          "Vacuum Wave"
        ],
        "tmMoves7": [
          "Work Up",
          "Calm Mind",
          "Roar",
          "Toxic",
          "Bulk Up",
          "Hidden Power",
          "Sunny Day",
          "Taunt",
          "Hyper Beam",
          "Protect",
          "Frustration",
          "Solar Beam",
          "Earthquake",
          "Return",
          "Brick Break",
          "Double Team",
          "Flamethrower",
          "Fire Blast",
          "Rock Tomb",
          "Aerial Ace",
          "Torment",
          "Facade",
          "Flame Charge",
          "Rest",
          "Attract",
          "Low Sweep",
          "Round",
          "Overheat",
          "Focus Blast",
          "Fling",
          "Will-O-Wisp",
          "Acrobatics",
          "Shadow Claw",
          "Giga Impact",
          "Stone Edge",
          "Swords Dance",
          "Bulldoze",
          "Rock Slide",
          "Poison Jab",
          "Grass Knot",
          "Swagger",
          "Sleep Talk",
          "U-turn",
          "Substitute",
          "Confide"
        ],
        "tmMoves6": [
          "Hone Claws",
          "Calm Mind",
          "Roar",
          "Toxic",
          "Bulk Up",
          "Hidden Power",
          "Sunny Day",
          "Taunt",
          "Hyper Beam",
          "Protect",
          "Frustration",
          "Solar Beam",
          "Earthquake",
          "Return",
          "Dig",
          "Brick Break",
          "Double Team",
          "Flamethrower",
          "Fire Blast",
          "Rock Tomb",
          "Aerial Ace",
          "Torment",
          "Facade",
          "Flame Charge",
          "Rest",
          "Attract",
          "Low Sweep",
          "Round",
          "Overheat",
          "Focus Blast",
          "Fling",
          "Incinerate",
          "Will-O-Wisp",
          "Acrobatics",
          "Shadow Claw",
          "Retaliate",
          "Giga Impact",
          "Stone Edge",
          "Swords Dance",
          "Bulldoze",
          "Rock Slide",
          "Poison Jab",
          "Grass Knot",
          "Swagger",
          "Sleep Talk",
          "U-turn",
          "Substitute",
          "Secret Power",
          "Power-Up Punch",
          "Confide"
        ],
        "tmMoves5": [
          "Hone Claws",
          "Calm Mind",
          "Roar",
          "Toxic",
          "Bulk Up",
          "Hidden Power",
          "Sunny Day",
          "Taunt",
          "Hyper Beam",
          "Protect",
          "Frustration",
          "Solar Beam",
          "Earthquake",
          "Return",
          "Dig",
          "Brick Break",
          "Double Team",
          "Flamethrower",
          "Fire Blast",
          "Rock Tomb",
          "Aerial Ace",
          "Torment",
          "Facade",
          "Flame Charge",
          "Rest",
          "Attract",
          "Low Sweep",
          "Round",
          "Overheat",
          "Focus Blast",
          "Fling",
          "Incinerate",
          "Will-O-Wisp",
          "Acrobatics",
          "Shadow Claw",
          "Retaliate",
          "Giga Impact",
          "Stone Edge",
          "Swords Dance",
          "Bulldoze",
          "Rock Slide",
          "Work Up",
          "Poison Jab",
          "Grass Knot",
          "Swagger",
          "U-turn",
          "Substitute",
          "Rock Smash"
        ],
        "tmMoves4": [
          "Focus Punch",
          "Calm Mind",
          "Roar",
          "Toxic",
          "Bulk Up",
          "Hidden Power",
          "Sunny Day",
          "Taunt",
          "Hyper Beam",
          "Protect",
          "Frustration",
          "Solar Beam",
          "Iron Tail",
          "Earthquake",
          "Return",
          "Dig",
          "Brick Break",
          "Double Team",
          "Flamethrower",
          "Fire Blast",
          "Rock Tomb",
          "Aerial Ace",
          "Torment",
          "Facade",
          "Secret Power",
          "Rest",
          "Attract",
          "Overheat",
          "Focus Blast",
          "Fling",
          "Endure",
          "Will-O-Wisp",
          "Shadow Claw",
          "Giga Impact",
          "Stone Edge",
          "Swords Dance",
          "Stealth Rock",
          "Captivate",
          "Rock Slide",
          "Sleep Talk",
          "Natural Gift",
          "Poison Jab",
          "Grass Knot",
          "Swagger",
          "U-turn",
          "Substitute"
        ],
        "tmMoves3": [],
        "tmMoves2": [],
        "tmMoves1": [],
        "tmMoves": []
      },
      "abilities": {
        "abilities": [
          "Blaze"
        ],
        "hiddenAbilities": [
          "IronFist"
        ]
      },
      "movement": {
        "rideable": true,
        "canFly": false,
        "canSurf": false,
        "canRideShoulder": false,
        "ridingOffsets": {
          "standing": {
            "x": 0.0,
            "y": -0.8,
            "z": -0.3
          },
          "moving": {
            "x": 0.0,
            "y": -0.4,
            "z": 0.0
          }
        }
      },
      "aggression": {
        "timid": 0,
        "passive": 50,
        "aggressive": 50
      },
      "battleStats": {
        "hp": 76,
        "attack": 104,
        "defense": 71,
        "specialAttack": 104,
        "specialDefense": 71,
        "speed": 108
      },
      "tags": [],
      "spawn": {
        "baseExp": 209,
        "baseFriendship": 70,
        "spawnLevel": 36,
        "spawnLevelRange": 14,
        "spawnLocations": [
          "LAND"
        ]
      },
      "possibleGenders": [
        "MALE",
        "FEMALE"
      ],
      "genderProperties": [
        {
          "gender": "ALL",
          "palettes": [
            {
              "name": "none",
              "texture": "pixelmon:pokemon/392_infernape/all/base/none/texture.png",
              "sprite": "pixelmon:pokemon/392_infernape/all/base/none/sprite.png",
              "particle": "",
              "modelLocator": {
                "factoryType": "NORMAL",
                "pqc": [
                  "pixelmon:pokemon/392_infernape/all/base/none/model.pqc"
                ]
              },
              "sounds": [
                "pixelmon.mob.infernape"
              ]
            },
            {
              "name": "shiny",
              "texture": "pixelmon:pokemon/392_infernape/all/base/shiny/texture.png",
              "sprite": "pixelmon:pokemon/392_infernape/all/base/shiny/sprite.png",
              "particle": "arcanery:shiny"
            },
            {
              "name": "zombie",
              "texture": "pixelmon:pokemon/392_infernape/all/base/zombie/texture.png",
              "sprite": "pixelmon:pokemon/392_infernape/all/base/zombie/sprite.png",
              "particle": ""
            },
            {
              "name": "rainbow",
              "texture": "pixelmon:pokemon/392_infernape/all/base/rainbow/texture.png",
              "sprite": "pixelmon:pokemon/392_infernape/all/base/rainbow/sprite.png",
              "particle": ""
            },
			{
              "name": "ben 10",
              "texture": "pixelmon:pokemon/392_infernape/all/base/custom-ben10/texture.png",
              "sprite": "pixelmon:pokemon/392_infernape/all/base/custom-ben10/sprite.png",
              "particle": ""
            },
			{
              "name": "cosplay",
              "texture": "pixelmon:pokemon/392_infernape/all/base/custom-cosplay/texture.png",
              "sprite": "pixelmon:pokemon/392_infernape/all/base/custom-cosplay/sprite.png",
              "particle": ""
            },
			{
              "name": "diamond",
              "texture": "pixelmon:pokemon/392_infernape/all/base/custom-diamond/texture.png",
              "sprite": "pixelmon:pokemon/392_infernape/all/base/custom-diamond/sprite.png",
              "particle": ""
            },
			{
              "name": "dragon ball",
              "texture": "pixelmon:pokemon/392_infernape/all/base/custom-dragonball/texture.png",
              "sprite": "pixelmon:pokemon/392_infernape/all/base/custom-dragonball/sprite.png",
              "particle": ""
            },
			{
              "name": "elemental",
              "texture": "pixelmon:pokemon/392_infernape/all/base/custom-elemental/texture.png",
			  "emissive": "pixelmon:pokemon/392_infernape/all/base/custom-elemental/emissive.png",
              "sprite": "pixelmon:pokemon/392_infernape/all/base/custom-elemental/sprite.png",
              "particle": ""
            },
			{
              "name": "gold",
              "texture": "pixelmon:pokemon/392_infernape/all/base/custom-gold/texture.png",
              "sprite": "pixelmon:pokemon/392_infernape/all/base/custom-gold/sprite.png",
              "particle": ""
            },
			{
              "name": "infernape",
              "texture": "pixelmon:pokemon/392_infernape/all/base/custom-infernape/texture.png",
              "sprite": "pixelmon:pokemon/392_infernape/all/base/custom-infernape/sprite.png",
              "particle": ""
            },
			{
              "name": "irradiated",
              "texture": "pixelmon:pokemon/392_infernape/all/base/custom-irradiated/texture.png",
              "sprite": "pixelmon:pokemon/392_infernape/all/base/custom-irradiated/sprite.png",
              "particle": ""
            },
			{
              "name": "midnight",
              "texture": "pixelmon:pokemon/392_infernape/all/base/custom-midnight/texture.png",
              "sprite": "pixelmon:pokemon/392_infernape/all/base/custom-midnight/sprite.png",
              "particle": ""
            },
			{
              "name": "molten",
              "texture": "pixelmon:pokemon/392_infernape/all/base/custom-molten/texture.png",
              "sprite": "pixelmon:pokemon/392_infernape/all/base/custom-molten/sprite.png",
              "particle": ""
            },
			{
              "name": "molten",
              "texture": "pixelmon:pokemon/392_infernape/all/base/custom-molten/texture.png",
              "sprite": "pixelmon:pokemon/392_infernape/all/base/custom-molten/sprite.png",
              "particle": ""
            },
			{
              "name": "video game",
              "texture": "pixelmon:pokemon/392_infernape/all/base/custom-videogame/texture.png",
              "sprite": "pixelmon:pokemon/392_infernape/all/base/custom-videogame/sprite.png",
              "particle": ""
            },
			{
              "name": "winter 1",
              "texture": "pixelmon:pokemon/392_infernape/all/base/custom-winter1/texture.png",
              "sprite": "pixelmon:pokemon/392_infernape/all/base/custom-winter1/sprite.png",
              "particle": ""
            },
			{
              "name": "winter 2",
              "texture": "pixelmon:pokemon/392_infernape/all/base/custom-winter2/texture.png",
              "sprite": "pixelmon:pokemon/392_infernape/all/base/custom-winter2/sprite.png",
              "particle": ""
            }
          ]
        }
      ],
      "eggGroups": [
        "FIELD",
        "HUMAN_LIKE"
      ],
      "types": [
        "FIRE",
        "FIGHTING"
      ],
      "preEvolutions": [
        "Monferno",
        "Chimchar"
      ],
      "defaultBaseForm": "",
      "megaItems": [],
      "megas": [],
      "gigantamax": {
        "canHaveFactor": false,
        "canGigantamax": false
      },
      "eggCycles": 21,
      "weight": 55.0,
      "catchRate": 45,
      "malePercentage": 0,
      "evolutions": [],
      "evYields": {
        "attack": 1,
        "specialAttack": 1,
        "speed": 1
      }
    },
    {
      "name": "advance",
      "experienceGroup": "MEDIUM_SLOW",
      "dimensions": {
        "height": 1.4,
        "width": 1.4,
        "length": 1,
        "eyeHeight": 1.4,
        "hoverHeight": 1.4
      },	
      "genderProperties": [
        {
          "gender": "ALL",
          "palettes": [
            {
              "name": "none",
              "texture": "pixelmon:pokemon/392_infernape/all/advance/none/texture.png",
              "sprite": "pixelmon:pokemon/392_infernape/all/advance/none/sprite.png",
              "particle": "",
              "modelLocator": {
                "factoryType": "NORMAL",
                "pqc": [
                  "pixelmon:pokemon/392_infernape/all/advance/none/model.pqc"
                ]
              },
              "sounds": [
                "pixelmon.mob.infernape"
              ]
            }
          ]
		}
	  ]	
	}
  ],
  "generation": 4
}
