{
  "name": "Prinplup",
  "dex": 394,
  "defaultForms": [
    ""
  ],
  "forms": [
    {
      "name": "",
      "experienceGroup": "MEDIUM_SLOW",
      "dimensions": {
        "height": 1.3,
        "width": 1.0,
        "length": 1,
        "eyeHeight": 1.3,
        "hoverHeight": 1.3
      },
      "moves": {
        "levelUpMoves": [
          {
            "level": 0,
            "attacks": [
              "Bubble",
              "Growl",
              "Metal Claw",
              "Tackle"
            ]
          },
          {
            "level": 4,
            "attacks": [
              "Growl"
            ]
          },
          {
            "level": 8,
            "attacks": [
              "Bubble"
            ]
          },
          {
            "level": 11,
            "attacks": [
              "Water Sport"
            ]
          },
          {
            "level": 15,
            "attacks": [
              "Peck"
            ]
          },
          {
            "level": 19,
            "attacks": [
              "Bubble Beam"
            ]
          },
          {
            "level": 24,
            "attacks": [
              "Bide"
            ]
          },
          {
            "level": 28,
            "attacks": [
              "Fury Attack"
            ]
          },
          {
            "level": 33,
            "attacks": [
              "Brine"
            ]
          },
          {
            "level": 37,
            "attacks": [
              "Whirlpool"
            ]
          },
          {
            "level": 42,
            "attacks": [
              "Mist"
            ]
          },
          {
            "level": 46,
            "attacks": [
              "Drill Peck"
            ]
          },
          {
            "level": 50,
            "attacks": [
              "Hydro Pump"
            ]
          }
        ],
        "tutorMoves": [
          "Covet",
          "Defog",
          "Icy Wind",
          "Signal Beam",
          "Snore",
          "Stealth Rock",
          "Water Pledge",
          "Water Pulse"
        ],
        "eggMoves": [
          "Agility",
          "Aqua Ring",
          "Bide",
          "Double Hit",
          "Feather Dance",
          "Flail",
          "Hydro Pump",
          "Icy Wind",
          "Mud Sport",
          "Mud-Slap",
          "Power Trip",
          "Snore",
          "Supersonic",
          "Yawn"
        ],
        "tmMoves8": [],
        "trMoves": [],
        "hmMoves": [],
        "transferMoves": [
          "Captivate",
          "Cut",
          "Dig",
          "Dive",
          "Endure",
          "Headbutt",
          "Hone Claws",
          "Natural Gift",
          "Pluck",
          "Rock Smash",
          "Secret Power",
          "Sing",
          "Strength"
        ],
        "tmMoves7": [
          "Work Up",
          "Toxic",
          "Hail",
          "Hidden Power",
          "Ice Beam",
          "Blizzard",
          "Protect",
          "Rain Dance",
          "Frustration",
          "Return",
          "Brick Break",
          "Double Team",
          "Rock Tomb",
          "Aerial Ace",
          "Facade",
          "Rest",
          "Attract",
          "Round",
          "Echoed Voice",
          "Scald",
          "Fling",
          "Quash",
          "Shadow Claw",
          "Grass Knot",
          "Swagger",
          "Sleep Talk",
          "Substitute",
          "Surf",
          "Waterfall",
          "Confide"
        ],
        "tmMoves6": [
          "Hone Claws",
          "Toxic",
          "Hail",
          "Hidden Power",
          "Ice Beam",
          "Blizzard",
          "Protect",
          "Rain Dance",
          "Frustration",
          "Return",
          "Dig",
          "Brick Break",
          "Double Team",
          "Rock Tomb",
          "Aerial Ace",
          "Facade",
          "Rest",
          "Attract",
          "Round",
          "Echoed Voice",
          "Scald",
          "Fling",
          "Quash",
          "Shadow Claw",
          "Grass Knot",
          "Swagger",
          "Sleep Talk",
          "Substitute",
          "Secret Power",
          "Confide"
        ],
        "tmMoves5": [
          "Hone Claws",
          "Toxic",
          "Hail",
          "Hidden Power",
          "Ice Beam",
          "Blizzard",
          "Protect",
          "Rain Dance",
          "Frustration",
          "Return",
          "Dig",
          "Brick Break",
          "Double Team",
          "Rock Tomb",
          "Aerial Ace",
          "Facade",
          "Rest",
          "Attract",
          "Round",
          "Echoed Voice",
          "Scald",
          "Fling",
          "Quash",
          "Shadow Claw",
          "Grass Knot",
          "Swagger",
          "Pluck",
          "Substitute",
          "Rock Smash"
        ],
        "tmMoves4": [
          "Water Pulse",
          "Toxic",
          "Hail",
          "Hidden Power",
          "Ice Beam",
          "Blizzard",
          "Protect",
          "Rain Dance",
          "Frustration",
          "Return",
          "Dig",
          "Brick Break",
          "Double Team",
          "Rock Tomb",
          "Aerial Ace",
          "Facade",
          "Secret Power",
          "Rest",
          "Attract",
          "Brine",
          "Fling",
          "Endure",
          "Shadow Claw",
          "Stealth Rock",
          "Captivate",
          "Sleep Talk",
          "Natural Gift",
          "Grass Knot",
          "Swagger",
          "Pluck",
          "Substitute"
        ],
        "tmMoves3": [],
        "tmMoves2": [],
        "tmMoves1": [],
        "tmMoves": []
      },
      "abilities": {
        "abilities": [
          "Torrent"
        ],
        "hiddenAbilities": [
          "Defiant"
        ]
      },
      "movement": {
        "rideable": false,
        "canFly": false,
        "canSurf": false,
        "canRideShoulder": false,
        "swimmingParameters": {
          "depthRangeStart": 1,
          "depthRangeEnd": 40,
          "swimSpeed": 26,
          "decayRate": 0.99,
          "refreshRate": 100
        }
      },
      "aggression": {
        "timid": 0,
        "passive": 50,
        "aggressive": 50
      },
      "battleStats": {
        "hp": 64,
        "attack": 66,
        "defense": 68,
        "specialAttack": 81,
        "specialDefense": 76,
        "speed": 50
      },
      "tags": [],
      "spawn": {
        "baseExp": 143,
        "baseFriendship": 70,
        "spawnLevel": 16,
        "spawnLevelRange": 18,
        "spawnLocations": [
          "LAND"
        ]
      },
      "possibleGenders": [
        "MALE",
        "FEMALE"
      ],
      "genderProperties": [
        {
          "gender": "ALL",
          "palettes": [
            {
              "name": "none",
              "texture": "pixelmon:pokemon/394_prinplup/all/base/none/texture.png",
              "sprite": "pixelmon:pokemon/394_prinplup/all/base/none/sprite.png",
              "particle": "",
              "modelLocator": {
                "factoryType": "NORMAL",
                "pqc": [
                  "pixelmon:pokemon/394_prinplup/all/base/none/model.pqc"
                ]
              },
              "sounds": [
                "pixelmon.mob.prinplup"
              ]
            },
            {
              "name": "shiny",
              "texture": "pixelmon:pokemon/394_prinplup/all/base/shiny/texture.png",
              "sprite": "pixelmon:pokemon/394_prinplup/all/base/shiny/sprite.png",
              "particle": "arcanery:shiny"
            },
			{
              "name": "black and white",
              "texture": "pixelmon:pokemon/394_prinplup/all/base/custom-black-white/texture.png",
              "sprite": "pixelmon:pokemon/394_prinplup/all/base/custom-black-white/sprite.png",
              "particle": ""
            },
			{
              "name": "cosplay",
              "texture": "pixelmon:pokemon/394_prinplup/all/base/custom-cosplay/texture.png",
              "sprite": "pixelmon:pokemon/394_prinplup/all/base/custom-cosplay/sprite.png",
              "particle": ""
            },
			{
              "name": "diamond",
              "texture": "pixelmon:pokemon/394_prinplup/all/base/custom-diamond/texture.png",
              "sprite": "pixelmon:pokemon/394_prinplup/all/base/custom-diamond/sprite.png",
              "particle": ""
            },
			{
              "name": "glass",
              "texture": "pixelmon:pokemon/394_prinplup/all/base/custom-glass/texture.png",
              "sprite": "pixelmon:pokemon/394_prinplup/all/base/custom-glass/sprite.png",
              "particle": ""
            },
			{
              "name": "halloween 1",
              "texture": "pixelmon:pokemon/394_prinplup/all/base/custom-halloween1/texture.png",
              "sprite": "pixelmon:pokemon/394_prinplup/all/base/custom-halloween1/sprite.png",
              "particle": ""
            },
			{
              "name": "halloween 2",
              "texture": "pixelmon:pokemon/394_prinplup/all/base/custom-halloween2/texture.png",
			  "emissive": "pixelmon:pokemon/394_prinplup/all/base/custom-halloween2/emissive.png",
              "sprite": "pixelmon:pokemon/394_prinplup/all/base/custom-halloween2/sprite.png",
              "particle": ""
            },
			{
              "name": "pearl",
              "texture": "pixelmon:pokemon/394_prinplup/all/base/custom-pearl/texture.png",
              "sprite": "pixelmon:pokemon/394_prinplup/all/base/custom-pearl/sprite.png",
              "particle": ""
            }
          ]
        }
      ],
      "eggGroups": [
        "WATER_ONE",
        "FIELD"
      ],
      "types": [
        "WATER"
      ],
      "preEvolutions": [
        "Piplup"
      ],
      "defaultBaseForm": "",
      "megaItems": [],
      "megas": [],
      "gigantamax": {
        "canHaveFactor": false,
        "canGigantamax": false
      },
      "eggCycles": 21,
      "weight": 23.0,
      "catchRate": 45,
      "malePercentage": 0,
      "evolutions": [
        {
          "level": 36,
          "to": "Empoleon",
          "conditions": [],
          "evoType": "leveling",
          "moves": [
            "Aqua Jet"
          ]
        }
      ],
      "evYields": {
        "specialAttack": 2
      }
    }
  ],
  "generation": 4
}
