{
  "name": "Starly",
  "dex": 396,
  "defaultForms": [
    ""
  ],
  "forms": [
    {
      "name": "",
      "experienceGroup": "MEDIUM_SLOW",
      "dimensions": {
        "height": 0.4,
        "width": 0.4,
        "length": 1,
        "eyeHeight": 0.4,
        "hoverHeight": 0.4
      },
      "moves": {
        "levelUpMoves": [
          {
            "level": 0,
            "attacks": [
              "Growl",
              "Tackle"
            ]
          },
          {
            "level": 5,
            "attacks": [
              "Quick Attack"
            ]
          },
          {
            "level": 9,
            "attacks": [
              "Wing Attack"
            ]
          },
          {
            "level": 13,
            "attacks": [
              "Double Team"
            ]
          },
          {
            "level": 17,
            "attacks": [
              "Endeavor"
            ]
          },
          {
            "level": 21,
            "attacks": [
              "Whirlwind"
            ]
          },
          {
            "level": 25,
            "attacks": [
              "Aerial Ace"
            ]
          },
          {
            "level": 29,
            "attacks": [
              "Take Down"
            ]
          },
          {
            "level": 33,
            "attacks": [
              "Agility"
            ]
          },
          {
            "level": 37,
            "attacks": [
              "Brave Bird"
            ]
          },
          {
            "level": 41,
            "attacks": [
              "Final Gambit"
            ]
          }
        ],
        "tutorMoves": [
          "Defog",
          "Endeavor",
          "Heat Wave",
          "Snore",
          "Tailwind",
          "Uproar"
        ],
        "eggMoves": [
          "Astonish",
          "Detect",
          "Double-Edge",
          "Feather Dance",
          "Foresight",
          "Fury Attack",
          "Mirror Move",
          "Pursuit",
          "Revenge",
          "Roost",
          "Sand Attack",
          "Steel Wing",
          "Uproar"
        ],
        "tmMoves8": [],
        "trMoves": [],
        "hmMoves": [],
        "transferMoves": [
          "Air Cutter",
          "Captivate",
          "Endure",
          "Mud-Slap",
          "Natural Gift",
          "Ominous Wind",
          "Pluck",
          "Secret Power",
          "Swift",
          "Twister"
        ],
        "tmMoves7": [
          "Work Up",
          "Toxic",
          "Hidden Power",
          "Sunny Day",
          "Protect",
          "Rain Dance",
          "Roost",
          "Frustration",
          "Return",
          "Double Team",
          "Aerial Ace",
          "Facade",
          "Rest",
          "Attract",
          "Thief",
          "Round",
          "Echoed Voice",
          "Steel Wing",
          "Fly",
          "Swagger",
          "Sleep Talk",
          "U-turn",
          "Substitute",
          "Confide"
        ],
        "tmMoves6": [
          "Toxic",
          "Hidden Power",
          "Sunny Day",
          "Protect",
          "Rain Dance",
          "Roost",
          "Frustration",
          "Return",
          "Double Team",
          "Aerial Ace",
          "Facade",
          "Rest",
          "Attract",
          "Thief",
          "Round",
          "Echoed Voice",
          "Steel Wing",
          "Swagger",
          "Sleep Talk",
          "U-turn",
          "Substitute",
          "Secret Power",
          "Confide"
        ],
        "tmMoves5": [
          "Toxic",
          "Hidden Power",
          "Sunny Day",
          "Protect",
          "Rain Dance",
          "Frustration",
          "Return",
          "Double Team",
          "Aerial Ace",
          "Facade",
          "Rest",
          "Attract",
          "Thief",
          "Round",
          "Echoed Voice",
          "Work Up",
          "Swagger",
          "Pluck",
          "U-turn",
          "Substitute"
        ],
        "tmMoves4": [
          "Toxic",
          "Hidden Power",
          "Sunny Day",
          "Protect",
          "Rain Dance",
          "Frustration",
          "Return",
          "Double Team",
          "Aerial Ace",
          "Facade",
          "Secret Power",
          "Rest",
          "Attract",
          "Thief",
          "Steel Wing",
          "Roost",
          "Endure",
          "Captivate",
          "Sleep Talk",
          "Natural Gift",
          "Swagger",
          "Pluck",
          "U-turn",
          "Substitute"
        ],
        "tmMoves3": [],
        "tmMoves2": [],
        "tmMoves1": [],
        "tmMoves": []
      },
      "abilities": {
        "abilities": [
          "KeenEye"
        ],
        "hiddenAbilities": [
          "Reckless"
        ]
      },
      "movement": {
        "rideable": false,
        "canFly": true,
        "canSurf": false,
        "canRideShoulder": false,
        "flyingParameters": {
          "flyHeightMin": 0,
          "flyHeightMax": 10,
          "flySpeedModifier": 1.0,
          "flyRefreshRateY": 80,
          "flyRefreshRateXZ": 100,
          "flyRefreshRateSpeed": 100,
          "flightTimeMin": 0,
          "flightTimeMax": 20,
          "flapRate": 5,
          "landingMaterials": "LEAVES_AND_GRASS"
        }
      },
      "aggression": {
        "timid": 80,
        "passive": 0,
        "aggressive": 20
      },
      "battleStats": {
        "hp": 40,
        "attack": 55,
        "defense": 30,
        "specialAttack": 30,
        "specialDefense": 30,
        "speed": 60
      },
      "tags": [],
      "spawn": {
        "baseExp": 56,
        "baseFriendship": 70,
        "spawnLevel": 5,
        "spawnLevelRange": 8,
        "spawnLocations": [
          "AIR"
        ]
      },
      "possibleGenders": [
        "MALE",
        "FEMALE"
      ],
      "genderProperties": [
        {
          "gender": "ALL",
          "palettes": [
            {
              "name": "none",
              "texture": "pixelmon:pokemon/396_starly/all/base/none/texture.png",
              "sprite": "pixelmon:pokemon/396_starly/all/base/none/sprite.png",
              "particle": "",
              "modelLocator": {
                "factoryType": "NORMAL",
                "pqc": [
                  "pixelmon:pokemon/396_starly/all/base/none/model.pqc"
                ],
                "movementThreshold": 0.02
              },
              "flyingModelLocator": {
                "factoryType": "NORMAL",
                "pqc": [
                  "pixelmon:pokemon/396_starly/all/base/none/flying/model.pqc"
                ],
                "movementThreshold": 0.02,
                "yRotation": 28
              },
              "sounds": [
                "pixelmon.mob.starly"
              ]
            },
            {
              "name": "shiny",
              "texture": "pixelmon:pokemon/396_starly/all/base/shiny/texture.png",
              "sprite": "pixelmon:pokemon/396_starly/all/base/shiny/sprite.png",
              "particle": "arcanery:shiny"
            },
			{
              "name": "animalistic",
              "texture": "pixelmon:pokemon/396_starly/all/base/custom-animalistic/texture.png",
              "sprite": "pixelmon:pokemon/396_starly/all/base/custom-animalistic/sprite.png",
              "particle": ""
            },
			{
              "name": "halloween",
              "texture": "pixelmon:pokemon/396_starly/all/base/custom-halloween/texture.png",
              "sprite": "pixelmon:pokemon/396_starly/all/base/custom-halloween/sprite.png",
              "particle": ""
            },
			{
              "name": "poison",
              "texture": "pixelmon:pokemon/396_starly/all/base/custom-poison/texture.png",
              "sprite": "pixelmon:pokemon/396_starly/all/base/custom-poison/sprite.png",
              "particle": ""
            },
			{
              "name": "toxic",
              "texture": "pixelmon:pokemon/396_starly/all/base/custom-toxic/texture.png",
              "sprite": "pixelmon:pokemon/396_starly/all/base/custom-toxic/sprite.png",
              "particle": ""
            }
          ]
        }
      ],
      "eggGroups": [
        "FLYING"
      ],
      "types": [
        "NORMAL",
        "FLYING"
      ],
      "preEvolutions": [],
      "defaultBaseForm": "",
      "megaItems": [],
      "megas": [],
      "gigantamax": {
        "canHaveFactor": false,
        "canGigantamax": false
      },
      "eggCycles": 16,
      "weight": 2.0,
      "catchRate": 255,
      "malePercentage": 0,
      "evolutions": [
        {
          "level": 14,
          "to": "Staravia",
          "conditions": [],
          "evoType": "leveling"
        }
      ],
      "evYields": {
        "speed": 1
      }
    }
  ],
  "generation": 4
}
