{
  "name": "Bidoof",
  "dex": 399,
  "defaultForms": [
    ""
  ],
  "forms": [
    {
      "name": "",
      "experienceGroup": "MEDIUM_FAST",
      "dimensions": {
        "height": 0.5,
        "width": 0.8,
        "length": 1,
        "eyeHeight": 0.5,
        "hoverHeight": 0.5
      },
      "moves": {
        "levelUpMoves": [
          {
            "level": 0,
            "attacks": [
              "Growl",
              "Tackle"
            ]
          },
          {
            "level": 5,
            "attacks": [
              "Defense Curl"
            ]
          },
          {
            "level": 9,
            "attacks": [
              "Rollout"
            ]
          },
          {
            "level": 13,
            "attacks": [
              "Headbutt"
            ]
          },
          {
            "level": 17,
            "attacks": [
              "Hyper Fang"
            ]
          },
          {
            "level": 21,
            "attacks": [
              "Yawn"
            ]
          },
          {
            "level": 25,
            "attacks": [
              "Crunch"
            ]
          },
          {
            "level": 29,
            "attacks": [
              "Take Down"
            ]
          },
          {
            "level": 33,
            "attacks": [
              "Super Fang"
            ]
          },
          {
            "level": 37,
            "attacks": [
              "Swords Dance"
            ]
          },
          {
            "level": 41,
            "attacks": [
              "Amnesia"
            ]
          },
          {
            "level": 45,
            "attacks": [
              "Superpower"
            ]
          },
          {
            "level": 49,
            "attacks": [
              "Curse"
            ]
          }
        ],
        "tutorMoves": [
          "Aqua Tail",
          "Covet",
          "Icy Wind",
          "Iron Tail",
          "Last Resort",
          "Shock Wave",
          "Snore",
          "Stealth Rock",
          "Super Fang",
          "Superpower"
        ],
        "eggMoves": [
          "Aqua Tail",
          "Defense Curl",
          "Double-Edge",
          "Endure",
          "Fury Swipes",
          "Mud Sport",
          "Odor Sleuth",
          "Quick Attack",
          "Rock Climb",
          "Rollout",
          "Skull Bash",
          "Sleep Talk",
          "Water Sport"
        ],
        "tmMoves8": [],
        "trMoves": [],
        "hmMoves": [],
        "transferMoves": [
          "Captivate",
          "Cut",
          "Dig",
          "Fury Cutter",
          "Mud-Slap",
          "Natural Gift",
          "Pluck",
          "Retaliate",
          "Rock Smash",
          "Secret Power",
          "Swift"
        ],
        "tmMoves7": [
          "Work Up",
          "Toxic",
          "Hidden Power",
          "Sunny Day",
          "Taunt",
          "Ice Beam",
          "Blizzard",
          "Protect",
          "Rain Dance",
          "Frustration",
          "Thunderbolt",
          "Thunder",
          "Return",
          "Shadow Ball",
          "Double Team",
          "Facade",
          "Rest",
          "Attract",
          "Thief",
          "Round",
          "Echoed Voice",
          "Charge Beam",
          "Thunder Wave",
          "Swords Dance",
          "Grass Knot",
          "Swagger",
          "Sleep Talk",
          "Substitute",
          "Confide"
        ],
        "tmMoves6": [
          "Toxic",
          "Hidden Power",
          "Sunny Day",
          "Taunt",
          "Ice Beam",
          "Blizzard",
          "Protect",
          "Rain Dance",
          "Frustration",
          "Thunderbolt",
          "Thunder",
          "Return",
          "Dig",
          "Shadow Ball",
          "Double Team",
          "Facade",
          "Rest",
          "Attract",
          "Thief",
          "Round",
          "Echoed Voice",
          "Charge Beam",
          "Retaliate",
          "Thunder Wave",
          "Grass Knot",
          "Swagger",
          "Sleep Talk",
          "Substitute",
          "Secret Power",
          "Confide"
        ],
        "tmMoves5": [
          "Toxic",
          "Hidden Power",
          "Sunny Day",
          "Taunt",
          "Ice Beam",
          "Blizzard",
          "Protect",
          "Rain Dance",
          "Frustration",
          "Thunderbolt",
          "Thunder",
          "Return",
          "Dig",
          "Shadow Ball",
          "Double Team",
          "Facade",
          "Rest",
          "Attract",
          "Thief",
          "Round",
          "Echoed Voice",
          "Charge Beam",
          "Retaliate",
          "Thunder Wave",
          "Work Up",
          "Grass Knot",
          "Swagger",
          "Pluck",
          "Substitute",
          "Rock Smash"
        ],
        "tmMoves4": [
          "Toxic",
          "Hidden Power",
          "Sunny Day",
          "Taunt",
          "Ice Beam",
          "Blizzard",
          "Protect",
          "Rain Dance",
          "Frustration",
          "Iron Tail",
          "Thunderbolt",
          "Thunder",
          "Return",
          "Dig",
          "Shadow Ball",
          "Double Team",
          "Shock Wave",
          "Facade",
          "Secret Power",
          "Rest",
          "Attract",
          "Thief",
          "Charge Beam",
          "Endure",
          "Thunder Wave",
          "Stealth Rock",
          "Captivate",
          "Sleep Talk",
          "Natural Gift",
          "Grass Knot",
          "Swagger",
          "Pluck",
          "Substitute"
        ],
        "tmMoves3": [],
        "tmMoves2": [],
        "tmMoves1": [],
        "tmMoves": []
      },
      "abilities": {
        "abilities": [
          "Simple",
          "Unaware"
        ],
        "hiddenAbilities": [
          "Moody"
        ]
      },
      "movement": {
        "rideable": false,
        "canFly": false,
        "canSurf": true,
        "canRideShoulder": false,
        "swimmingParameters": {
          "depthRangeStart": 1,
          "depthRangeEnd": 10,
          "swimSpeed": 6,
          "decayRate": 0.99,
          "refreshRate": 100
        }
      },
      "aggression": {
        "timid": 80,
        "passive": 0,
        "aggressive": 20
      },
      "battleStats": {
        "hp": 59,
        "attack": 45,
        "defense": 40,
        "specialAttack": 35,
        "specialDefense": 40,
        "speed": 31
      },
      "tags": [],
      "spawn": {
        "baseExp": 58,
        "baseFriendship": 70,
        "spawnLevel": 5,
        "spawnLevelRange": 5,
        "spawnLocations": [
          "LAND"
        ]
      },
      "possibleGenders": [
        "MALE",
        "FEMALE"
      ],
      "genderProperties": [
        {
          "gender": "ALL",
          "palettes": [
            {
              "name": "none",
              "texture": "pixelmon:pokemon/399_bidoof/all/base/none/texture.png",
              "sprite": "pixelmon:pokemon/399_bidoof/all/base/none/sprite.png",
              "particle": "",
              "modelLocator": {
                "factoryType": "NORMAL",
                "pqc": [
                  "pixelmon:pokemon/399_bidoof/all/base/none/model.pqc"
                ]
              },
              "sounds": [
                "pixelmon.mob.bidoof"
              ]
            },
            {
              "name": "shiny",
              "texture": "pixelmon:pokemon/399_bidoof/all/base/shiny/texture.png",
              "sprite": "pixelmon:pokemon/399_bidoof/all/base/shiny/sprite.png",
              "particle": "arcanery:shiny"
            },
			{
              "name": "god",
              "texture": "pixelmon:pokemon/399_bidoof/all/base/custom-god/texture.png",
              "sprite": "pixelmon:pokemon/399_bidoof/all/base/custom-god/sprite.png",
              "particle": ""
            },
			{
              "name": "purified 1",
              "texture": "pixelmon:pokemon/399_bidoof/all/base/custom-purified1/texture.png",
              "sprite": "pixelmon:pokemon/399_bidoof/all/base/custom-purified1/sprite.png",
              "particle": ""
            },
			{
              "name": "purified 2",
              "texture": "pixelmon:pokemon/399_bidoof/all/base/custom-purified2/texture.png",
              "sprite": "pixelmon:pokemon/399_bidoof/all/base/custom-purified2/sprite.png",
              "particle": ""
            }
          ]
        }
      ],
      "eggGroups": [
        "WATER_ONE",
        "FIELD"
      ],
      "types": [
        "NORMAL"
      ],
      "preEvolutions": [],
      "defaultBaseForm": "",
      "megaItems": [],
      "megas": [],
      "gigantamax": {
        "canHaveFactor": false,
        "canGigantamax": false
      },
      "eggCycles": 16,
      "weight": 20.0,
      "catchRate": 255,
      "malePercentage": 0,
      "evolutions": [
        {
          "level": 15,
          "to": "Bibarel",
          "conditions": [],
          "evoType": "leveling",
          "moves": [
            "Water Gun"
          ]
        }
      ],
      "evYields": {
        "hp": 1
      }
    },
    {
      "name": "sirdoofusiii",
      "dimensions": {
        "height": 0.7,
        "width": 0.8,
        "length": 0.8
      },
      "evolutions": [],
      "genderProperties": [
        {
          "gender": "ALL",
          "palettes": [
            {
              "name": "none",
              "texture": "pixelmon:pokemon/399_bidoof/all/sirdoofusiii/none/texture.png",
              "sprite": "pixelmon:pokemon/399_bidoof/all/sirdoofusiii/none/sprite.png",
              "particle": "",
              "modelLocator": {
                "factoryType": "NORMAL",
                "pqc": [
                  "pixelmon:pokemon/399_bidoof/all/sirdoofusiii/none/model.pqc"
                ]
              }
            },
            {
              "name": "shiny",
              "texture": "pixelmon:pokemon/399_bidoof/all/sirdoofusiii/shiny/texture.png",
              "sprite": "pixelmon:pokemon/399_bidoof/all/sirdoofusiii/shiny/sprite.png",
              "particle": "arcanery:shiny"
            },
			{
              "name": "christmas",
              "texture": "pixelmon:pokemon/399_bidoof/all/sirdoofusiii/custom-christmas/texture.png",
              "sprite": "pixelmon:pokemon/399_bidoof/all/sirdoofusiii/custom-christmas/sprite.png",
              "particle": ""
            },
			{
              "name": "clover",
              "texture": "pixelmon:pokemon/399_bidoof/all/sirdoofusiii/custom-clover/texture.png",
              "sprite": "pixelmon:pokemon/399_bidoof/all/sirdoofusiii/custom-clover/sprite.png",
              "particle": ""
            },
			{
              "name": "gold",
              "texture": "pixelmon:pokemon/399_bidoof/all/sirdoofusiii/custom-gold/texture.png",
              "sprite": "pixelmon:pokemon/399_bidoof/all/sirdoofusiii/custom-gold/sprite.png",
              "particle": ""
            },
			{
              "name": "leprechaun 1",
              "texture": "pixelmon:pokemon/399_bidoof/all/sirdoofusiii/custom-leprechaun1/texture.png",
              "sprite": "pixelmon:pokemon/399_bidoof/all/sirdoofusiii/custom-leprechaun1/sprite.png",
              "particle": ""
            },
			{
              "name": "leprechaun 2",
              "texture": "pixelmon:pokemon/399_bidoof/all/sirdoofusiii/custom-leprechaun2/texture.png",
              "sprite": "pixelmon:pokemon/399_bidoof/all/sirdoofusiii/custom-leprechaun2/sprite.png",
              "particle": ""
            },
			{
              "name": "patriotic",
              "texture": "pixelmon:pokemon/399_bidoof/all/sirdoofusiii/custom-patriotic/texture.png",
              "sprite": "pixelmon:pokemon/399_bidoof/all/sirdoofusiii/custom-patriotic/sprite.png",
              "particle": ""
            }
          ]
        }
      ]
    }
  ],
  "generation": 4
}
