{
  "name": "Budew",
  "dex": 406,
  "defaultForms": [
    ""
  ],
  "forms": [
    {
      "name": "",
      "experienceGroup": "MEDIUM_SLOW",
      "dimensions": {
        "height": 0.25,
        "width": 0.2,
        "length": 1,
        "eyeHeight": 0.25,
        "hoverHeight": 0.25
      },
      "moves": {
        "levelUpMoves": [
          {
            "level": 0,
            "attacks": [
              "Absorb",
              "Growth",
              "Stun Spore",
              "Worry Seed"
            ]
          }
        ],
        "tutorMoves": [
          "Grassy Glide"
        ],
        "eggMoves": [
          "Cotton Spore",
          "Extrasensory",
          "Life Dew",
          "Razor Leaf",
          "Sleep Powder",
          "Synthesis"
        ],
        "tmMoves8": [
          "Pin Missile",
          "Solar Beam",
          "Rest",
          "Snore",
          "Protect",
          "Giga Drain",
          "Attract",
          "Rain Dance",
          "Sunny Day",
          "Facade",
          "Swift",
          "Weather Ball",
          "Bullet Seed",
          "Venoshock",
          "Round"
        ],
        "trMoves": [
          "Swords Dance",
          "Substitute",
          "Sludge Bomb",
          "Spikes",
          "Endure",
          "Sleep Talk",
          "Shadow Ball",
          "Uproar",
          "Seed Bomb",
          "Energy Ball",
          "Leaf Storm",
          "Grass Knot",
          "Dazzling Gleam"
        ],
        "hmMoves": [],
        "transferMoves": [
          "Captivate",
          "Confide",
          "Covet",
          "Cut",
          "Double Team",
          "Flash",
          "Frustration",
          "Grass Whistle",
          "Hidden Power",
          "Mega Drain",
          "Mind Reader",
          "Mud-Slap",
          "Natural Gift",
          "Nature Power",
          "Psych Up",
          "Return",
          "Secret Power",
          "Swagger",
          "Toxic",
          "Water Sport"
        ],
        "tmMoves7": [
          "Toxic",
          "Venoshock",
          "Hidden Power",
          "Sunny Day",
          "Protect",
          "Rain Dance",
          "Frustration",
          "Solar Beam",
          "Return",
          "Shadow Ball",
          "Double Team",
          "Sludge Bomb",
          "Facade",
          "Rest",
          "Attract",
          "Round",
          "Energy Ball",
          "Swords Dance",
          "Psych Up",
          "Grass Knot",
          "Swagger",
          "Sleep Talk",
          "Substitute",
          "Nature Power",
          "Dazzling Gleam",
          "Confide"
        ],
        "tmMoves6": [
          "Toxic",
          "Venoshock",
          "Hidden Power",
          "Sunny Day",
          "Protect",
          "Rain Dance",
          "Frustration",
          "Solar Beam",
          "Return",
          "Shadow Ball",
          "Double Team",
          "Sludge Bomb",
          "Facade",
          "Rest",
          "Attract",
          "Round",
          "Energy Ball",
          "Flash",
          "Swords Dance",
          "Psych Up",
          "Grass Knot",
          "Swagger",
          "Sleep Talk",
          "Substitute",
          "Secret Power",
          "Nature Power",
          "Dazzling Gleam",
          "Confide"
        ],
        "tmMoves5": [
          "Toxic",
          "Venoshock",
          "Hidden Power",
          "Sunny Day",
          "Protect",
          "Rain Dance",
          "Frustration",
          "Solar Beam",
          "Return",
          "Shadow Ball",
          "Double Team",
          "Sludge Bomb",
          "Facade",
          "Rest",
          "Attract",
          "Round",
          "Energy Ball",
          "Flash",
          "Swords Dance",
          "Psych Up",
          "Grass Knot",
          "Swagger",
          "Substitute"
        ],
        "tmMoves4": [
          "Toxic",
          "Bullet Seed",
          "Hidden Power",
          "Sunny Day",
          "Protect",
          "Rain Dance",
          "Giga Drain",
          "Frustration",
          "Solar Beam",
          "Return",
          "Shadow Ball",
          "Double Team",
          "Sludge Bomb",
          "Facade",
          "Secret Power",
          "Rest",
          "Attract",
          "Energy Ball",
          "Endure",
          "Flash",
          "Swords Dance",
          "Psych Up",
          "Captivate",
          "Sleep Talk",
          "Natural Gift",
          "Grass Knot",
          "Swagger",
          "Substitute"
        ],
        "tmMoves3": [],
        "tmMoves2": [],
        "tmMoves1": [],
        "tmMoves": []
      },
      "abilities": {
        "abilities": [
          "NaturalCure",
          "PoisonPoint"
        ],
        "hiddenAbilities": [
          "LeafGuard"
        ]
      },
      "movement": {
        "rideable": false,
        "canFly": false,
        "canSurf": false,
        "canRideShoulder": false
      },
      "aggression": {
        "timid": 80,
        "passive": 0,
        "aggressive": 20
      },
      "battleStats": {
        "hp": 40,
        "attack": 30,
        "defense": 35,
        "specialAttack": 50,
        "specialDefense": 70,
        "speed": 55
      },
      "tags": [],
      "spawn": {
        "baseExp": 68,
        "baseFriendship": 70,
        "spawnLevel": 5,
        "spawnLevelRange": 10,
        "spawnLocations": [
          "LAND"
        ]
      },
      "possibleGenders": [
        "MALE",
        "FEMALE"
      ],
      "genderProperties": [
        {
          "gender": "ALL",
          "palettes": [
            {
              "name": "none",
              "texture": "pixelmon:pokemon/406_budew/all/base/none/texture.png",
              "sprite": "pixelmon:pokemon/406_budew/all/base/none/sprite.png",
              "particle": "",
              "modelLocator": {
                "factoryType": "NORMAL",
                "pqc": [
                  "pixelmon:pokemon/406_budew/all/base/none/model.pqc"
                ]
              },
              "sounds": []
            },
            {
              "name": "shiny",
              "texture": "pixelmon:pokemon/406_budew/all/base/shiny/texture.png",
              "sprite": "pixelmon:pokemon/406_budew/all/base/shiny/sprite.png",
              "particle": "arcanery:shiny"
            },
			{
              "name": "arctic",
              "texture": "pixelmon:pokemon/406_budew/all/base/custom-arctic/texture.png",
              "sprite": "pixelmon:pokemon/406_budew/all/base/custom-arctic/sprite.png",
              "particle": ""
            },
			{
              "name": "black and white",
              "texture": "pixelmon:pokemon/406_budew/all/base/custom-black-white/texture.png",
              "sprite": "pixelmon:pokemon/406_budew/all/base/custom-black-white/sprite.png",
              "particle": ""
            },
			{
              "name": "dark",
              "texture": "pixelmon:pokemon/406_budew/all/base/custom-dark/texture.png",
              "sprite": "pixelmon:pokemon/406_budew/all/base/custom-dark/sprite.png",
              "particle": ""
            },
			{
              "name": "halloween",
              "texture": "pixelmon:pokemon/406_budew/all/base/custom-halloween/texture.png",
              "sprite": "pixelmon:pokemon/406_budew/all/base/custom-halloween/sprite.png",
              "particle": ""
            }
          ]
        }
      ],
      "eggGroups": [
        "FAIRY",
        "GRASS"
      ],
      "types": [
        "GRASS",
        "POISON"
      ],
      "preEvolutions": [],
      "defaultBaseForm": "",
      "megaItems": [],
      "megas": [],
      "gigantamax": {
        "canHaveFactor": false,
        "canGigantamax": false
      },
      "eggCycles": 21,
      "weight": 1.2,
      "catchRate": 255,
      "malePercentage": 0,
      "evolutions": [
        {
          "to": "Roselia",
          "conditions": [
            {
              "friendship": 220,
              "evoConditionType": "friendship"
            },
            {
              "time": "DAY",
              "evoConditionType": "time"
            }
          ],
          "evoType": "leveling",
          "moves": [
            "Poison Sting"
          ]
        }
      ],
      "evYields": {
        "specialAttack": 1
      }
    }
  ],
  "generation": 4
}
