{
  "name": "Roserade",
  "dex": 407,
  "defaultForms": [
    ""
  ],
  "forms": [
    {
      "name": "",
      "experienceGroup": "MEDIUM_SLOW",
      "dimensions": {
        "height": 1.0,
        "width": 0.8,
        "length": 1,
        "eyeHeight": 1.0,
        "hoverHeight": 1.0
      },
      "moves": {
        "levelUpMoves": [
          {
            "level": 0,
            "attacks": [
              "Absorb",
              "Aromatherapy",
              "Giga Drain",
              "Grassy Terrain",
              "Growth",
              "Ingrain",
              "Leech Seed",
              "Magical Leaf",
              "Mega Drain",
              "Petal Blizzard",
              "Petal Dance",
              "Poison Sting",
              "Stun Spore",
              "Sweet Scent",
              "Synthesis",
              "Toxic",
              "Toxic Spikes",
              "Venom Drench",
              "Worry Seed"
            ]
          }
        ],
        "tutorMoves": [
          "Grassy Glide"
        ],
        "eggMoves": [
          "Cotton Spore",
          "Extrasensory",
          "Life Dew",
          "Razor Leaf",
          "Sleep Powder",
          "Synthesis"
        ],
        "tmMoves8": [
          "Pin Missile",
          "Hyper Beam",
          "Giga Impact",
          "Magical Leaf",
          "Solar Beam",
          "Rest",
          "Snore",
          "Protect",
          "Giga Drain",
          "Attract",
          "Rain Dance",
          "Sunny Day",
          "Facade",
          "Swift",
          "Weather Ball",
          "Bullet Seed",
          "Venoshock",
          "Round",
          "Grassy Terrain"
        ],
        "trMoves": [
          "Swords Dance",
          "Body Slam",
          "Substitute",
          "Sludge Bomb",
          "Spikes",
          "Endure",
          "Sleep Talk",
          "Shadow Ball",
          "Uproar",
          "Toxic Spikes",
          "Poison Jab",
          "Seed Bomb",
          "Energy Ball",
          "Leaf Storm",
          "Power Whip",
          "Grass Knot",
          "Venom Drench",
          "Dazzling Gleam"
        ],
        "hmMoves": [],
        "transferMoves": [
          "Captivate",
          "Confide",
          "Covet",
          "Cut",
          "Double Team",
          "Double-Edge",
          "Flash",
          "Frustration",
          "Fury Cutter",
          "Grass Whistle",
          "Hidden Power",
          "Laser Focus",
          "Mimic",
          "Mind Reader",
          "Mud-Slap",
          "Natural Gift",
          "Nature Power",
          "Nightmare",
          "Psych Up",
          "Return",
          "Secret Power",
          "Swagger",
          "Sweet Kiss",
          "Water Sport"
        ],
        "tmMoves7": [
          "Toxic",
          "Venoshock",
          "Hidden Power",
          "Sunny Day",
          "Hyper Beam",
          "Protect",
          "Rain Dance",
          "Frustration",
          "Solar Beam",
          "Return",
          "Shadow Ball",
          "Double Team",
          "Sludge Bomb",
          "Facade",
          "Rest",
          "Attract",
          "Round",
          "Energy Ball",
          "Giga Impact",
          "Swords Dance",
          "Psych Up",
          "Poison Jab",
          "Grass Knot",
          "Swagger",
          "Sleep Talk",
          "Substitute",
          "Nature Power",
          "Dazzling Gleam",
          "Confide"
        ],
        "tmMoves6": [
          "Toxic",
          "Venoshock",
          "Hidden Power",
          "Sunny Day",
          "Hyper Beam",
          "Protect",
          "Rain Dance",
          "Frustration",
          "Solar Beam",
          "Return",
          "Shadow Ball",
          "Double Team",
          "Sludge Bomb",
          "Facade",
          "Rest",
          "Attract",
          "Round",
          "Energy Ball",
          "Giga Impact",
          "Flash",
          "Swords Dance",
          "Psych Up",
          "Poison Jab",
          "Grass Knot",
          "Swagger",
          "Sleep Talk",
          "Substitute",
          "Secret Power",
          "Nature Power",
          "Dazzling Gleam",
          "Confide"
        ],
        "tmMoves5": [
          "Toxic",
          "Venoshock",
          "Hidden Power",
          "Sunny Day",
          "Hyper Beam",
          "Protect",
          "Rain Dance",
          "Frustration",
          "Solar Beam",
          "Return",
          "Shadow Ball",
          "Double Team",
          "Sludge Bomb",
          "Facade",
          "Rest",
          "Attract",
          "Round",
          "Energy Ball",
          "Giga Impact",
          "Flash",
          "Swords Dance",
          "Psych Up",
          "Poison Jab",
          "Grass Knot",
          "Swagger",
          "Substitute"
        ],
        "tmMoves4": [
          "Toxic",
          "Bullet Seed",
          "Hidden Power",
          "Sunny Day",
          "Hyper Beam",
          "Protect",
          "Rain Dance",
          "Giga Drain",
          "Frustration",
          "Solar Beam",
          "Return",
          "Shadow Ball",
          "Double Team",
          "Sludge Bomb",
          "Facade",
          "Secret Power",
          "Rest",
          "Attract",
          "Energy Ball",
          "Endure",
          "Giga Impact",
          "Flash",
          "Swords Dance",
          "Psych Up",
          "Captivate",
          "Sleep Talk",
          "Natural Gift",
          "Poison Jab",
          "Grass Knot",
          "Swagger",
          "Substitute"
        ],
        "tmMoves3": [],
        "tmMoves2": [],
        "tmMoves1": [],
        "tmMoves": []
      },
      "abilities": {
        "abilities": [
          "NaturalCure",
          "PoisonPoint"
        ],
        "hiddenAbilities": [
          "Technician"
        ]
      },
      "movement": {
        "rideable": false,
        "canFly": false,
        "canSurf": false,
        "canRideShoulder": false
      },
      "aggression": {
        "timid": 80,
        "passive": 0,
        "aggressive": 20
      },
      "battleStats": {
        "hp": 60,
        "attack": 70,
        "defense": 65,
        "specialAttack": 125,
        "specialDefense": 105,
        "speed": 90
      },
      "tags": [],
      "spawn": {
        "baseExp": 204,
        "baseFriendship": 70,
        "spawnLevel": 35,
        "spawnLevelRange": 10,
        "spawnLocations": [
          "LAND"
        ]
      },
      "possibleGenders": [
        "MALE",
        "FEMALE"
      ],
      "genderProperties": [
        {
          "gender": "ALL",
          "palettes": [
            {
              "name": "none",
              "texture": "pixelmon:pokemon/407_roserade/all/base/none/texture.png",
              "sprite": "pixelmon:pokemon/407_roserade/all/base/none/sprite.png",
              "particle": "",
              "modelLocator": {
                "factoryType": "NORMAL",
                "pqc": [
                  "pixelmon:pokemon/407_roserade/all/base/none/model.pqc"
                ]
              },
              "sounds": []
            },
            {
              "name": "shiny",
              "texture": "pixelmon:pokemon/407_roserade/all/base/shiny/texture.png",
              "sprite": "pixelmon:pokemon/407_roserade/all/base/shiny/sprite.png",
              "particle": "arcanery:shiny"
            },
            {
              "name": "ashen",
              "texture": "pixelmon:pokemon/407_roserade/all/base/ashen/texture.png",
              "sprite": "pixelmon:pokemon/407_roserade/all/base/ashen/sprite.png",
              "particle": ""
            },
			{
              "name": "alluring 1",
              "texture": "pixelmon:pokemon/407_roserade/all/base/custom-alluring1/texture.png",
              "sprite": "pixelmon:pokemon/407_roserade/all/base/custom-alluring1/sprite.png",
              "particle": ""
            },
			{
              "name": "alluring 2",
              "texture": "pixelmon:pokemon/407_roserade/all/base/custom-alluring2/texture.png",
              "sprite": "pixelmon:pokemon/407_roserade/all/base/custom-alluring2/sprite.png",
              "particle": ""
            },
			{
              "name": "arctic",
              "texture": "pixelmon:pokemon/407_roserade/all/base/custom-arctic/texture.png",
              "sprite": "pixelmon:pokemon/407_roserade/all/base/custom-arctic/sprite.png",
              "particle": ""
            },
			{
              "name": "autumn",
              "texture": "pixelmon:pokemon/407_roserade/all/base/custom-autumn/texture.png",
              "sprite": "pixelmon:pokemon/407_roserade/all/base/custom-autumn/sprite.png",
              "particle": ""
            },{
              "name": "black and white",
              "texture": "pixelmon:pokemon/407_roserade/all/base/custom-black-white/texture.png",
              "sprite": "pixelmon:pokemon/407_roserade/all/base/custom-black-white/sprite.png",
              "particle": ""
            },{
              "name": "halloween",
              "texture": "pixelmon:pokemon/407_roserade/all/base/custom-halloween/texture.png",
              "sprite": "pixelmon:pokemon/407_roserade/all/base/custom-halloween/sprite.png",
              "particle": ""
            },
			{
              "name": "phantom",
              "texture": "pixelmon:pokemon/407_roserade/all/base/custom-phantom/texture.png",
              "sprite": "pixelmon:pokemon/407_roserade/all/base/custom-phantom/sprite.png",
              "particle": ""
            },
			{
              "name": "resolute",
              "texture": "pixelmon:pokemon/407_roserade/all/base/custom-resolute/texture.png",
              "sprite": "pixelmon:pokemon/407_roserade/all/base/custom-resolute/sprite.png",
              "particle": ""
            },
			{
              "name": "shadow",
              "texture": "pixelmon:pokemon/407_roserade/all/base/custom-shadow/texture.png",
              "sprite": "pixelmon:pokemon/407_roserade/all/base/custom-shadow/sprite.png",
              "particle": ""
            },
			{
              "name": "sweetshop",
              "texture": "pixelmon:pokemon/407_roserade/all/base/custom-sweetshop/texture.png",
              "sprite": "pixelmon:pokemon/407_roserade/all/base/custom-sweetshop/sprite.png",
              "particle": ""
            },
			{
              "name": "valentines 1",
              "texture": "pixelmon:pokemon/407_roserade/all/base/custom-val1/texture.png",
              "sprite": "pixelmon:pokemon/407_roserade/all/base/custom-val1/sprite.png",
              "particle": ""
            },
			{
              "name": "valentines 2",
              "texture": "pixelmon:pokemon/407_roserade/all/base/custom-val2/texture.png",
              "sprite": "pixelmon:pokemon/407_roserade/all/base/custom-val2/sprite.png",
              "particle": ""
            }
          ]
        }
      ],
      "eggGroups": [
        "FAIRY",
        "GRASS"
      ],
      "types": [
        "GRASS",
        "POISON"
      ],
      "preEvolutions": [
        "Roselia",
        "Budew"
      ],
      "defaultBaseForm": "",
      "megaItems": [],
      "megas": [],
      "gigantamax": {
        "canHaveFactor": false,
        "canGigantamax": false
      },
      "eggCycles": 21,
      "weight": 14.5,
      "catchRate": 75,
      "malePercentage": 0,
      "evolutions": [],
      "evYields": {
        "specialAttack": 3
      }
    }
  ],
  "generation": 4
}
