{
  "name": "Shieldon",
  "dex": 410,
  "defaultForms": [
    ""
  ],
  "forms": [
    {
      "name": "",
      "experienceGroup": "ERRATIC",
      "dimensions": {
        "height": 0.45,
        "width": 0.5,
        "length": 1,
        "eyeHeight": 0.45,
        "hoverHeight": 0.45
      },
      "moves": {
        "levelUpMoves": [
          {
            "level": 0,
            "attacks": [
              "Protect",
              "Tackle"
            ]
          },
          {
            "level": 6,
            "attacks": [
              "Taunt"
            ]
          },
          {
            "level": 10,
            "attacks": [
              "Metal Sound"
            ]
          },
          {
            "level": 15,
            "attacks": [
              "Take Down"
            ]
          },
          {
            "level": 19,
            "attacks": [
              "Iron Defense"
            ]
          },
          {
            "level": 24,
            "attacks": [
              "Swagger"
            ]
          },
          {
            "level": 28,
            "attacks": [
              "Ancient Power"
            ]
          },
          {
            "level": 33,
            "attacks": [
              "Endure"
            ]
          },
          {
            "level": 37,
            "attacks": [
              "Metal Burst"
            ]
          },
          {
            "level": 42,
            "attacks": [
              "Iron Head"
            ]
          },
          {
            "level": 46,
            "attacks": [
              "Heavy Slam"
            ]
          }
        ],
        "tutorMoves": [
          "Earth Power",
          "Iron Defense",
          "Iron Head",
          "Iron Tail",
          "Magnet Rise",
          "Shock Wave",
          "Snore",
          "Stealth Rock"
        ],
        "eggMoves": [
          "Body Slam",
          "Counter",
          "Curse",
          "Double-Edge",
          "Fissure",
          "Focus Energy",
          "Guard Split",
          "Headbutt",
          "Rock Blast",
          "Scary Face",
          "Screech",
          "Stealth Rock",
          "Wide Guard"
        ],
        "tmMoves8": [],
        "trMoves": [],
        "hmMoves": [],
        "transferMoves": [
          "Captivate",
          "Dig",
          "Incinerate",
          "Mud-Slap",
          "Natural Gift",
          "Rock Smash",
          "Secret Power",
          "Strength"
        ],
        "tmMoves7": [
          "Roar",
          "Toxic",
          "Hidden Power",
          "Sunny Day",
          "Taunt",
          "Ice Beam",
          "Blizzard",
          "Protect",
          "Rain Dance",
          "Frustration",
          "Smack Down",
          "Thunderbolt",
          "Thunder",
          "Earthquake",
          "Return",
          "Double Team",
          "Flamethrower",
          "Sandstorm",
          "Fire Blast",
          "Rock Tomb",
          "Torment",
          "Facade",
          "Rest",
          "Attract",
          "Round",
          "Rock Polish",
          "Stone Edge",
          "Bulldoze",
          "Rock Slide",
          "Swagger",
          "Sleep Talk",
          "Substitute",
          "Flash Cannon",
          "Confide"
        ],
        "tmMoves6": [
          "Roar",
          "Toxic",
          "Hidden Power",
          "Sunny Day",
          "Taunt",
          "Ice Beam",
          "Blizzard",
          "Protect",
          "Rain Dance",
          "Frustration",
          "Smack Down",
          "Thunderbolt",
          "Thunder",
          "Earthquake",
          "Return",
          "Dig",
          "Double Team",
          "Flamethrower",
          "Sandstorm",
          "Fire Blast",
          "Rock Tomb",
          "Torment",
          "Facade",
          "Rest",
          "Attract",
          "Round",
          "Incinerate",
          "Rock Polish",
          "Stone Edge",
          "Bulldoze",
          "Rock Slide",
          "Swagger",
          "Sleep Talk",
          "Substitute",
          "Flash Cannon",
          "Secret Power",
          "Confide"
        ],
        "tmMoves5": [
          "Roar",
          "Toxic",
          "Hidden Power",
          "Sunny Day",
          "Taunt",
          "Ice Beam",
          "Blizzard",
          "Protect",
          "Rain Dance",
          "Frustration",
          "Smack Down",
          "Thunderbolt",
          "Thunder",
          "Earthquake",
          "Return",
          "Dig",
          "Double Team",
          "Flamethrower",
          "Sandstorm",
          "Fire Blast",
          "Rock Tomb",
          "Torment",
          "Facade",
          "Rest",
          "Attract",
          "Round",
          "Incinerate",
          "Rock Polish",
          "Stone Edge",
          "Bulldoze",
          "Rock Slide",
          "Swagger",
          "Substitute",
          "Flash Cannon",
          "Rock Smash"
        ],
        "tmMoves4": [
          "Roar",
          "Toxic",
          "Hidden Power",
          "Sunny Day",
          "Taunt",
          "Ice Beam",
          "Blizzard",
          "Protect",
          "Rain Dance",
          "Frustration",
          "Iron Tail",
          "Thunderbolt",
          "Thunder",
          "Earthquake",
          "Return",
          "Dig",
          "Double Team",
          "Shock Wave",
          "Flamethrower",
          "Sandstorm",
          "Fire Blast",
          "Rock Tomb",
          "Torment",
          "Facade",
          "Secret Power",
          "Rest",
          "Attract",
          "Endure",
          "Rock Polish",
          "Stone Edge",
          "Stealth Rock",
          "Captivate",
          "Rock Slide",
          "Sleep Talk",
          "Natural Gift",
          "Swagger",
          "Substitute",
          "Flash Cannon"
        ],
        "tmMoves3": [],
        "tmMoves2": [],
        "tmMoves1": [],
        "tmMoves": []
      },
      "abilities": {
        "abilities": [
          "Sturdy"
        ],
        "hiddenAbilities": [
          "Soundproof"
        ]
      },
      "movement": {
        "rideable": false,
        "canFly": false,
        "canSurf": false,
        "canRideShoulder": false
      },
      "aggression": {
        "timid": 80,
        "passive": 0,
        "aggressive": 20
      },
      "battleStats": {
        "hp": 30,
        "attack": 42,
        "defense": 118,
        "specialAttack": 42,
        "specialDefense": 88,
        "speed": 30
      },
      "tags": [],
      "spawn": {
        "baseExp": 99,
        "baseFriendship": 70,
        "spawnLevel": 20,
        "spawnLevelRange": 10,
        "spawnLocations": [
          "LAND"
        ]
      },
      "possibleGenders": [
        "MALE",
        "FEMALE"
      ],
      "genderProperties": [
        {
          "gender": "ALL",
          "palettes": [
            {
              "name": "none",
              "texture": "pixelmon:pokemon/410_shieldon/all/base/none/texture.png",
              "sprite": "pixelmon:pokemon/410_shieldon/all/base/none/sprite.png",
              "particle": "",
              "modelLocator": {
                "factoryType": "NORMAL",
                "pqc": [
                  "pixelmon:pokemon/410_shieldon/all/base/none/model.pqc"
                ]
              },
              "sounds": []
            },
            {
              "name": "shiny",
              "texture": "pixelmon:pokemon/410_shieldon/all/base/shiny/texture.png",
              "sprite": "pixelmon:pokemon/410_shieldon/all/base/shiny/sprite.png",
              "particle": "arcanery:shiny"
            },
			{
              "name": "molten",
              "texture": "pixelmon:pokemon/410_shieldon/all/base/custom-molten/texture.png",
              "sprite": "pixelmon:pokemon/410_shieldon/all/base/custom-molten/sprite.png",
              "particle": ""
            }
          ]
        }
      ],
      "eggGroups": [
        "MONSTER"
      ],
      "types": [
        "ROCK",
        "STEEL"
      ],
      "preEvolutions": [],
      "defaultBaseForm": "",
      "megaItems": [],
      "megas": [],
      "gigantamax": {
        "canHaveFactor": false,
        "canGigantamax": false
      },
      "eggCycles": 31,
      "weight": 57.0,
      "catchRate": 45,
      "malePercentage": 0,
      "evolutions": [
        {
          "level": 30,
          "to": "Bastiodon",
          "conditions": [],
          "evoType": "leveling",
          "moves": [
            "Block"
          ]
        }
      ],
      "evYields": {
        "defense": 1
      }
    }
  ],
  "generation": 4
}
