{
  "name": "Mothim",
  "dex": 414,
  "defaultForms": [
    ""
  ],
  "forms": [
    {
      "name": "",
      "experienceGroup": "MEDIUM_FAST",
      "dimensions": {
        "height": 0.9,
        "width": 0.7,
        "length": 1,
        "eyeHeight": 0.9,
        "hoverHeight": 0.9
      },
      "moves": {
        "levelUpMoves": [
          {
            "level": 0,
            "attacks": [
              "Bug Bite",
              "Protect",
              "Quiver Dance",
              "Tackle"
            ]
          },
          {
            "level": 10,
            "attacks": [
              "Protect"
            ]
          },
          {
            "level": 15,
            "attacks": [
              "Bug Bite"
            ]
          },
          {
            "level": 20,
            "attacks": [
              "Hidden Power"
            ]
          },
          {
            "level": 23,
            "attacks": [
              "Confusion"
            ]
          },
          {
            "level": 26,
            "attacks": [
              "Gust"
            ]
          },
          {
            "level": 29,
            "attacks": [
              "Poison Powder"
            ]
          },
          {
            "level": 32,
            "attacks": [
              "Psybeam"
            ]
          },
          {
            "level": 35,
            "attacks": [
              "Camouflage"
            ]
          },
          {
            "level": 38,
            "attacks": [
              "Silver Wind"
            ]
          },
          {
            "level": 41,
            "attacks": [
              "Air Slash"
            ]
          },
          {
            "level": 44,
            "attacks": [
              "Psychic"
            ]
          },
          {
            "level": 47,
            "attacks": [
              "Lunge"
            ]
          },
          {
            "level": 50,
            "attacks": [
              "Bug Buzz"
            ]
          }
        ],
        "tutorMoves": [
          "Bug Bite",
          "Defog",
          "Electroweb",
          "Giga Drain",
          "Signal Beam",
          "Skill Swap",
          "Snore",
          "Tailwind"
        ],
        "eggMoves": [],
        "tmMoves8": [],
        "trMoves": [],
        "hmMoves": [],
        "transferMoves": [
          "Air Cutter",
          "Captivate",
          "Endure",
          "Flash",
          "Mud-Slap",
          "Natural Gift",
          "Ominous Wind",
          "Secret Power",
          "String Shot",
          "Struggle Bug",
          "Swift",
          "Twister"
        ],
        "tmMoves7": [
          "Toxic",
          "Venoshock",
          "Hidden Power",
          "Sunny Day",
          "Hyper Beam",
          "Protect",
          "Rain Dance",
          "Roost",
          "Safeguard",
          "Frustration",
          "Solar Beam",
          "Return",
          "Psychic",
          "Shadow Ball",
          "Double Team",
          "Aerial Ace",
          "Facade",
          "Rest",
          "Attract",
          "Thief",
          "Round",
          "Energy Ball",
          "Acrobatics",
          "Giga Impact",
          "Psych Up",
          "Infestation",
          "Dream Eater",
          "Swagger",
          "Sleep Talk",
          "U-turn",
          "Substitute",
          "Confide"
        ],
        "tmMoves6": [
          "Toxic",
          "Venoshock",
          "Hidden Power",
          "Sunny Day",
          "Hyper Beam",
          "Protect",
          "Rain Dance",
          "Roost",
          "Safeguard",
          "Frustration",
          "Solar Beam",
          "Return",
          "Psychic",
          "Shadow Ball",
          "Double Team",
          "Aerial Ace",
          "Facade",
          "Rest",
          "Attract",
          "Thief",
          "Round",
          "Energy Ball",
          "Acrobatics",
          "Giga Impact",
          "Flash",
          "Struggle Bug",
          "Psych Up",
          "Infestation",
          "Dream Eater",
          "Swagger",
          "Sleep Talk",
          "U-turn",
          "Substitute",
          "Secret Power",
          "Confide"
        ],
        "tmMoves5": [
          "Toxic",
          "Venoshock",
          "Hidden Power",
          "Sunny Day",
          "Hyper Beam",
          "Protect",
          "Rain Dance",
          "Safeguard",
          "Frustration",
          "Solar Beam",
          "Return",
          "Psychic",
          "Shadow Ball",
          "Double Team",
          "Aerial Ace",
          "Facade",
          "Rest",
          "Attract",
          "Thief",
          "Round",
          "Energy Ball",
          "Acrobatics",
          "Giga Impact",
          "Flash",
          "Struggle Bug",
          "Psych Up",
          "Dream Eater",
          "Swagger",
          "U-turn",
          "Substitute"
        ],
        "tmMoves4": [
          "Toxic",
          "Hidden Power",
          "Sunny Day",
          "Hyper Beam",
          "Protect",
          "Rain Dance",
          "Giga Drain",
          "Safeguard",
          "Frustration",
          "Solar Beam",
          "Return",
          "Psychic",
          "Shadow Ball",
          "Double Team",
          "Aerial Ace",
          "Facade",
          "Secret Power",
          "Rest",
          "Attract",
          "Thief",
          "Skill Swap",
          "Roost",
          "Energy Ball",
          "Endure",
          "Silver Wind",
          "Giga Impact",
          "Flash",
          "Psych Up",
          "Captivate",
          "Sleep Talk",
          "Natural Gift",
          "Dream Eater",
          "Swagger",
          "U-turn",
          "Substitute"
        ],
        "tmMoves3": [],
        "tmMoves2": [],
        "tmMoves1": [],
        "tmMoves": []
      },
      "abilities": {
        "abilities": [
          "Swarm"
        ],
        "hiddenAbilities": [
          "TintedLens"
        ]
      },
      "movement": {
        "rideable": false,
        "canFly": true,
        "canSurf": false,
        "canRideShoulder": false,
        "flyingParameters": {
          "flyHeightMin": 5,
          "flyHeightMax": 15,
          "flySpeedModifier": 1.0,
          "flyRefreshRateY": 100,
          "flyRefreshRateXZ": 100,
          "flyRefreshRateSpeed": 100,
          "flightTimeMin": 0,
          "flightTimeMax": 20,
          "flapRate": 5,
          "landingMaterials": "LEAVES_AND_GRASS"
        }
      },
      "aggression": {
        "timid": 80,
        "passive": 0,
        "aggressive": 20
      },
      "battleStats": {
        "hp": 70,
        "attack": 94,
        "defense": 50,
        "specialAttack": 94,
        "specialDefense": 50,
        "speed": 66
      },
      "tags": [],
      "spawn": {
        "baseExp": 148,
        "baseFriendship": 70,
        "spawnLevel": 20,
        "spawnLevelRange": 30,
        "spawnLocations": [
          "AIR_PERSISTENT"
        ]
      },
      "possibleGenders": [
        "MALE",
        "FEMALE"
      ],
      "genderProperties": [
        {
          "gender": "ALL",
          "palettes": [
            {
              "name": "none",
              "texture": "pixelmon:pokemon/414_mothim/all/base/none/texture.png",
              "sprite": "pixelmon:pokemon/414_mothim/all/base/none/sprite.png",
              "particle": "",
              "modelLocator": {
                "factoryType": "NORMAL",
                "pqc": [
                  "pixelmon:pokemon/414_mothim/all/base/none/model.pqc"
                ],
                "rotateAngleX": 0
              },
              "sounds": []
            },
            {
              "name": "shiny",
              "texture": "pixelmon:pokemon/414_mothim/all/base/shiny/texture.png",
              "sprite": "pixelmon:pokemon/414_mothim/all/base/shiny/sprite.png",
              "particle": "arcanery:shiny"
            },
            {
              "name": "online",
              "texture": "pixelmon:pokemon/414_mothim/all/base/online/texture.png",
              "sprite": "pixelmon:pokemon/414_mothim/all/base/online/sprite.png",
              "particle": "",
              "modelLocator": {
                "factoryType": "NORMAL",
                "pqc": [
                  "pixelmon:pokemon/414_mothim/all/base/online/model.pqc"
                ]
              }
            },
			{
              "name": "autumn",
              "texture": "pixelmon:pokemon/414_mothim/all/base/custom-autumn/texture.png",
              "sprite": "pixelmon:pokemon/414_mothim/all/base/custom-autumn/sprite.png",
              "particle": ""
            },
			{
              "name": "easter",
              "texture": "pixelmon:pokemon/414_mothim/all/base/custom-easter/texture.png",
              "sprite": "pixelmon:pokemon/414_mothim/all/base/custom-easter/sprite.png",
              "particle": ""
            },
			{
              "name": "festive",
              "texture": "pixelmon:pokemon/414_mothim/all/base/custom-festive/texture.png",
              "sprite": "pixelmon:pokemon/414_mothim/all/base/custom-festive/sprite.png",
              "particle": ""
            },
			{
              "name": "valentines",
              "texture": "pixelmon:pokemon/414_mothim/all/base/custom-val/texture.png",
              "sprite": "pixelmon:pokemon/414_mothim/all/base/custom-val/sprite.png",
              "particle": ""
            }
          ]
        }
      ],
      "eggGroups": [
        "BUG"
      ],
      "types": [
        "BUG",
        "FLYING"
      ],
      "preEvolutions": [
        "Burmy"
      ],
      "defaultBaseForm": "",
      "megaItems": [],
      "megas": [],
      "gigantamax": {
        "canHaveFactor": false,
        "canGigantamax": false
      },
      "eggCycles": 16,
      "weight": 23.3,
      "catchRate": 45,
      "malePercentage": 0,
      "evolutions": [],
      "evYields": {
        "attack": 1,
        "specialAttack": 1
      }
    }
  ],
  "generation": 4
}
