{
  "name": "Vespiquen",
  "dex": 416,
  "defaultForms": [
    ""
  ],
  "forms": [
    {
      "name": "",
      "experienceGroup": "MEDIUM_SLOW",
      "dimensions": {
        "height": 1.3,
        "width": 1.0,
        "length": 1,
        "eyeHeight": 1.3,
        "hoverHeight": 1.3
      },
      "moves": {
        "levelUpMoves": [
          {
            "level": 0,
            "attacks": [
              "Bug Bite",
              "Confuse Ray",
              "Gust",
              "Poison Sting",
              "Slash",
              "Struggle Bug",
              "Sweet Scent"
            ]
          },
          {
            "level": 4,
            "attacks": [
              "Fury Cutter"
            ]
          },
          {
            "level": 8,
            "attacks": [
              "Aromatic Mist"
            ]
          },
          {
            "level": 12,
            "attacks": [
              "Fell Stinger"
            ]
          },
          {
            "level": 16,
            "attacks": [
              "Fury Swipes"
            ]
          },
          {
            "level": 20,
            "attacks": [
              "Swagger"
            ]
          },
          {
            "level": 24,
            "attacks": [
              "Aromatherapy"
            ]
          },
          {
            "level": 28,
            "attacks": [
              "Air Slash"
            ]
          },
          {
            "level": 32,
            "attacks": [
              "Power Gem"
            ]
          },
          {
            "level": 36,
            "attacks": [
              "Toxic"
            ]
          },
          {
            "level": 40,
            "attacks": [
              "Attack Order",
              "Defend Order"
            ]
          },
          {
            "level": 44,
            "attacks": [
              "Destiny Bond"
            ]
          }
        ],
        "tutorMoves": [
          "Dual Wingbeat"
        ],
        "eggMoves": [

        ],
        "tmMoves8": [
          "Pin Missile",
          "Hyper Beam",
          "Giga Impact",
          "Screech",
          "Rest",
          "Thief",
          "Snore",
          "Protect",
          "Attract",
          "Rain Dance",
          "Sunny Day",
          "Beat Up",
          "Facade",
          "Swift",
          "Revenge",
          "U-turn",
          "Assurance",
          "Fling",
          "Cross Poison",
          "Venoshock",
          "Round",
          "Hex",
          "Acrobatics",
          "Air Slash"
        ],
        "trMoves": [
          "Substitute",
          "Reversal",
          "Sludge Bomb",
          "Endure",
          "Sleep Talk",
          "Uproar",
          "Toxic Spikes",
          "X-Scissor",
          "Bug Buzz",
          "Power Gem"
        ],
        "hmMoves": [

        ],
        "transferMoves": [
          "Aerial Ace",
          "Air Cutter",
          "Captivate",
          "Confide",
          "Cut",
          "Defog",
          "Double Team",
          "Endeavor",
          "Flash",
          "Frustration",
          "Heal Order",
          "Hidden Power",
          "Hone Claws",
          "Infestation",
          "Laser Focus",
          "Mud-Slap",
          "Natural Gift",
          "Ominous Wind",
          "Pursuit",
          "Quash",
          "Return",
          "Roost",
          "Secret Power",
          "Signal Beam",
          "Silver Wind",
          "String Shot",
          "Tailwind"
        ],
        "tmMoves7": [
          "Toxic",
          "Venoshock",
          "Hidden Power",
          "Sunny Day",
          "Hyper Beam",
          "Protect",
          "Rain Dance",
          "Roost",
          "Frustration",
          "Return",
          "Double Team",
          "Sludge Bomb",
          "Aerial Ace",
          "Facade",
          "Rest",
          "Attract",
          "Thief",
          "Round",
          "Fling",
          "Quash",
          "Acrobatics",
          "Giga Impact",
          "X-Scissor",
          "Infestation",
          "Swagger",
          "Sleep Talk",
          "U-turn",
          "Substitute",
          "Confide"
        ],
        "tmMoves6": [
          "Hone Claws",
          "Toxic",
          "Venoshock",
          "Hidden Power",
          "Sunny Day",
          "Hyper Beam",
          "Protect",
          "Rain Dance",
          "Roost",
          "Frustration",
          "Return",
          "Double Team",
          "Sludge Bomb",
          "Aerial Ace",
          "Facade",
          "Rest",
          "Attract",
          "Thief",
          "Round",
          "Fling",
          "Quash",
          "Acrobatics",
          "Giga Impact",
          "Flash",
          "Struggle Bug",
          "X-Scissor",
          "Infestation",
          "Swagger",
          "Sleep Talk",
          "U-turn",
          "Substitute",
          "Secret Power",
          "Confide"
        ],
        "tmMoves5": [
          "Hone Claws",
          "Toxic",
          "Venoshock",
          "Hidden Power",
          "Sunny Day",
          "Hyper Beam",
          "Protect",
          "Rain Dance",
          "Frustration",
          "Return",
          "Double Team",
          "Sludge Bomb",
          "Aerial Ace",
          "Facade",
          "Rest",
          "Attract",
          "Thief",
          "Round",
          "Fling",
          "Quash",
          "Acrobatics",
          "Giga Impact",
          "Flash",
          "Struggle Bug",
          "X-Scissor",
          "Swagger",
          "U-turn",
          "Substitute"
        ],
        "tmMoves4": [
          "Toxic",
          "Hidden Power",
          "Sunny Day",
          "Hyper Beam",
          "Protect",
          "Rain Dance",
          "Frustration",
          "Return",
          "Double Team",
          "Sludge Bomb",
          "Aerial Ace",
          "Facade",
          "Secret Power",
          "Rest",
          "Attract",
          "Thief",
          "Roost",
          "Fling",
          "Endure",
          "Silver Wind",
          "Giga Impact",
          "Flash",
          "Captivate",
          "X-Scissor",
          "Sleep Talk",
          "Natural Gift",
          "Swagger",
          "U-turn",
          "Substitute"
        ],
        "tmMoves3": [

        ],
        "tmMoves2": [

        ],
        "tmMoves1": [

        ],
        "tmMoves": [

        ]
      },
      "abilities": {
        "abilities": [
          "Pressure"
        ],
        "hiddenAbilities": [
          "Unnerve"
        ]
      },
      "movement": {
        "rideable": true,
        "canFly": true,
        "canSurf": false,
        "canRideShoulder": false,
        "ridingOffsets": {
          "standing": {
            "x": 0.0,
            "y": -0.6,
            "z": -0.5
          },
          "moving": {
            "x": 0.0,
            "y": -0.6,
            "z": -0.6
          }
        },
        "flyingParameters": {
          "flyHeightMin": 0,
          "flyHeightMax": 5,
          "flySpeedModifier": 0.6,
          "flyRefreshRateY": 100,
          "flyRefreshRateXZ": 100,
          "flyRefreshRateSpeed": 100,
          "flightTimeMin": 0,
          "flightTimeMax": 20,
          "flapRate": 5,
          "landingMaterials": "LEAVES_AND_GRASS"
        },
        "mountedFlyingParameters": {
          "type": "pixelmon:default",
          "upper_angle_limit": 20,
          "lower_angle_limit": -20,
          "max_fly_speed": 1,
          "deceleration_rate": 0.07,
          "hover_deceleration_rate": 0.09,
          "acceleration_rate": 0.07,
          "strafe_acceleration_rate": 0.08,
          "strafe_roll_conversion": 30,
          "turn_rate": 0.5,
          "pitch_rate": 0.8,
          "stays_horizontal_flying": true,
          "gravity_drop_per_tick": 0.005,
          "continuous_forward_motion": true,
          "continuous_forward_motion_ticks": 5,
          "flying_stamina_charges": 3,
          "hover_ticks": 100
        }
      },
      "aggression": {
        "timid": 80,
        "passive": 0,
        "aggressive": 20
      },
      "battleStats": {
        "hp": 70,
        "attack": 80,
        "defense": 102,
        "specialAttack": 80,
        "specialDefense": 102,
        "speed": 40
      },
      "tags": [

      ],
      "spawn": {
        "baseExp": 188,
        "baseFriendship": 70,
        "spawnLevel": 26,
        "spawnLevelRange": 18,
        "spawnLocations": [
          "AIR"
        ]
      },
      "possibleGenders": [
        "MALE",
        "FEMALE"
      ],
      "genderProperties": [
        {
          "gender": "ALL",
          "palettes": [
            {
              "name": "none",
              "texture": "pixelmon:pokemon/416_vespiquen/all/base/none/texture.png",
              "sprite": "pixelmon:pokemon/416_vespiquen/all/base/none/sprite.png",
              "particle": "",
              "modelLocator": {
                "factoryType": "NORMAL",
                "pqc": [
                  "pixelmon:pokemon/416_vespiquen/all/base/none/model.pqc"
                ],
                "movementThreshold": 0.02
              },
              "sounds": [

              ]
            },
            {
              "name": "shiny",
              "texture": "pixelmon:pokemon/416_vespiquen/all/base/shiny/texture.png",
              "sprite": "pixelmon:pokemon/416_vespiquen/all/base/shiny/sprite.png",
              "particle": "arcanery:shiny"
            },
			{
              "name": "metal",
              "texture": "pixelmon:pokemon/416_vespiquen/all/base/custom-metal/texture.png",
              "sprite": "pixelmon:pokemon/416_vespiquen/all/base/custom-metal/sprite.png",
              "particle": ""
            },
			{
              "name": "rainbow 1",
              "texture": "pixelmon:pokemon/416_vespiquen/all/base/custom-rainbow1/texture.png",
              "sprite": "pixelmon:pokemon/416_vespiquen/all/base/custom-rainbow1/sprite.png",
              "particle": ""
            },
			{
              "name": "rainbow 2",
              "texture": "pixelmon:pokemon/416_vespiquen/all/base/custom-rainbow2/texture.png",
              "sprite": "pixelmon:pokemon/416_vespiquen/all/base/custom-rainbow2/sprite.png",
              "particle": ""
            }
          ]
        }
      ],
      "eggGroups": [
        "BUG"
      ],
      "types": [
        "BUG",
        "FLYING"
      ],
      "preEvolutions": [
        "Combee"
      ],
      "defaultBaseForm": "",
      "megaItems": [

      ],
      "megas": [

      ],
      "gigantamax": {
        "canHaveFactor": false,
        "canGigantamax": false
      },
      "eggCycles": 16,
      "weight": 38.5,
      "catchRate": 45,
      "malePercentage": 0,
      "evolutions": [

      ],
      "evYields": {
        "defense": 1,
        "specialDefense": 1
      }
    }
  ],
  "generation": 4
}
