{
  "name": "Buizel",
  "dex": 418,
  "defaultForms": [
    ""
  ],
  "forms": [
    {
      "name": "",
      "experienceGroup": "MEDIUM_FAST",
      "dimensions": {
        "height": 0.7,
        "width": 0.7,
        "length": 1,
        "eyeHeight": 0.7,
        "hoverHeight": 0.7
      },
      "moves": {
        "levelUpMoves": [
          {
            "level": 0,
            "attacks": [
              "Sonic Boom"
            ]
          },
          {
            "level": 4,
            "attacks": [
              "Growl"
            ]
          },
          {
            "level": 7,
            "attacks": [
              "Water Sport"
            ]
          },
          {
            "level": 11,
            "attacks": [
              "Quick Attack"
            ]
          },
          {
            "level": 15,
            "attacks": [
              "Water Gun"
            ]
          },
          {
            "level": 18,
            "attacks": [
              "Pursuit"
            ]
          },
          {
            "level": 21,
            "attacks": [
              "Swift"
            ]
          },
          {
            "level": 24,
            "attacks": [
              "Aqua Jet"
            ]
          },
          {
            "level": 27,
            "attacks": [
              "Double Hit"
            ]
          },
          {
            "level": 31,
            "attacks": [
              "Whirlpool"
            ]
          },
          {
            "level": 35,
            "attacks": [
              "Razor Wind"
            ]
          },
          {
            "level": 38,
            "attacks": [
              "Aqua Tail"
            ]
          },
          {
            "level": 41,
            "attacks": [
              "Agility"
            ]
          },
          {
            "level": 45,
            "attacks": [
              "Hydro Pump"
            ]
          }
        ],
        "tutorMoves": [
          "Aqua Tail",
          "Focus Punch",
          "Helping Hand",
          "Ice Punch",
          "Icy Wind",
          "Iron Tail",
          "Snore",
          "Water Pulse"
        ],
        "eggMoves": [
          "Aqua Ring",
          "Aqua Tail",
          "Baton Pass",
          "Double Slap",
          "Fury Cutter",
          "Fury Swipes",
          "Headbutt",
          "Helping Hand",
          "Me First",
          "Mud-Slap",
          "Odor Sleuth",
          "Slash",
          "Soak",
          "Switcheroo",
          "Tail Slap"
        ],
        "tmMoves8": [],
        "trMoves": [],
        "hmMoves": [],
        "transferMoves": [
          "Brine",
          "Captivate",
          "Dig",
          "Dive",
          "Endure",
          "Natural Gift",
          "Power-Up Punch",
          "Rock Smash",
          "Secret Power",
          "Strength"
        ],
        "tmMoves7": [
          "Toxic",
          "Hail",
          "Bulk Up",
          "Hidden Power",
          "Ice Beam",
          "Blizzard",
          "Protect",
          "Rain Dance",
          "Frustration",
          "Return",
          "Brick Break",
          "Double Team",
          "Rock Tomb",
          "Facade",
          "Rest",
          "Attract",
          "Round",
          "Echoed Voice",
          "Scald",
          "Swagger",
          "Sleep Talk",
          "Substitute",
          "Surf",
          "Waterfall",
          "Confide"
        ],
        "tmMoves6": [
          "Toxic",
          "Hail",
          "Bulk Up",
          "Hidden Power",
          "Ice Beam",
          "Blizzard",
          "Protect",
          "Rain Dance",
          "Frustration",
          "Return",
          "Dig",
          "Brick Break",
          "Double Team",
          "Rock Tomb",
          "Facade",
          "Rest",
          "Attract",
          "Round",
          "Echoed Voice",
          "Scald",
          "Swagger",
          "Sleep Talk",
          "Substitute",
          "Secret Power",
          "Power-Up Punch",
          "Confide"
        ],
        "tmMoves5": [
          "Toxic",
          "Hail",
          "Bulk Up",
          "Hidden Power",
          "Ice Beam",
          "Blizzard",
          "Protect",
          "Rain Dance",
          "Frustration",
          "Return",
          "Dig",
          "Brick Break",
          "Double Team",
          "Rock Tomb",
          "Facade",
          "Rest",
          "Attract",
          "Round",
          "Echoed Voice",
          "Scald",
          "Swagger",
          "Substitute",
          "Rock Smash"
        ],
        "tmMoves4": [
          "Focus Punch",
          "Water Pulse",
          "Toxic",
          "Hail",
          "Bulk Up",
          "Hidden Power",
          "Ice Beam",
          "Blizzard",
          "Protect",
          "Rain Dance",
          "Frustration",
          "Iron Tail",
          "Return",
          "Dig",
          "Brick Break",
          "Double Team",
          "Rock Tomb",
          "Facade",
          "Secret Power",
          "Rest",
          "Attract",
          "Brine",
          "Endure",
          "Captivate",
          "Sleep Talk",
          "Natural Gift",
          "Swagger",
          "Substitute"
        ],
        "tmMoves3": [],
        "tmMoves2": [],
        "tmMoves1": [],
        "tmMoves": []
      },
      "abilities": {
        "abilities": [
          "SwiftSwim"
        ],
        "hiddenAbilities": [
          "WaterVeil"
        ]
      },
      "movement": {
        "rideable": false,
        "canFly": false,
        "canSurf": false,
        "canRideShoulder": false
      },
      "aggression": {
        "timid": 80,
        "passive": 0,
        "aggressive": 20
      },
      "battleStats": {
        "hp": 55,
        "attack": 65,
        "defense": 35,
        "specialAttack": 60,
        "specialDefense": 30,
        "speed": 85
      },
      "tags": [],
      "spawn": {
        "baseExp": 75,
        "baseFriendship": 70,
        "spawnLevel": 10,
        "spawnLevelRange": 10,
        "spawnLocations": [
          "LAND"
        ]
      },
      "possibleGenders": [
        "MALE",
        "FEMALE"
      ],
      "genderProperties": [
        {
          "gender": "ALL",
          "palettes": [
            {
              "name": "none",
              "texture": "pixelmon:pokemon/418_buizel/all/base/none/texture.png",
              "sprite": "pixelmon:pokemon/418_buizel/all/base/none/sprite.png",
              "particle": "",
              "modelLocator": {
                "factoryType": "NORMAL",
                "pqc": [
                  "pixelmon:pokemon/418_buizel/all/base/none/model.pqc"
                ]
              },
              "sounds": [
                "pixelmon.mob.buizel"
              ]
            },
            {
              "name": "shiny",
              "texture": "pixelmon:pokemon/418_buizel/all/base/shiny/texture.png",
              "sprite": "pixelmon:pokemon/418_buizel/all/base/shiny/sprite.png",
              "particle": "arcanery:shiny"
            },
			{
              "name": "dream",
              "texture": "pixelmon:pokemon/418_buizel/all/base/custom-dream/texture.png",
              "sprite": "pixelmon:pokemon/418_buizel/all/base/custom-dream/sprite.png",
              "particle": ""
            },
			{
              "name": "summer",
              "texture": "pixelmon:pokemon/418_buizel/all/base/custom-summer/texture.png",
              "sprite": "pixelmon:pokemon/418_buizel/all/base/custom-summer/sprite.png",
              "particle": ""
            },
			{
              "name": "tails",
              "texture": "pixelmon:pokemon/418_buizel/all/base/custom-tails/texture.png",
              "sprite": "pixelmon:pokemon/418_buizel/all/base/custom-tails/sprite.png",
              "particle": ""
            }
          ]
        }
      ],
      "eggGroups": [
        "WATER_ONE",
        "FIELD"
      ],
      "types": [
        "WATER"
      ],
      "preEvolutions": [],
      "defaultBaseForm": "",
      "megaItems": [],
      "megas": [],
      "gigantamax": {
        "canHaveFactor": false,
        "canGigantamax": false
      },
      "eggCycles": 21,
      "weight": 29.5,
      "catchRate": 190,
      "malePercentage": 0,
      "evolutions": [
        {
          "level": 26,
          "to": "Floatzel",
          "conditions": [],
          "evoType": "leveling"
        }
      ],
      "evYields": {
        "speed": 1
      }
    }
  ],
  "generation": 4
}
