{
  "name": "Cherubi",
  "dex": 420,
  "defaultForms": [
    ""
  ],
  "forms": [
    {
      "name": "",
      "experienceGroup": "MEDIUM_FAST",
      "dimensions": {
        "height": 0.4,
        "width": 0.5,
        "length": 1,
        "eyeHeight": 0.4,
        "hoverHeight": 0.4
      },
      "moves": {
        "levelUpMoves": [
          {
            "level": 0,
            "attacks": [
              "Morning Sun",
              "Tackle"
            ]
          },
          {
            "level": 5,
            "attacks": [
              "Leafage"
            ]
          },
          {
            "level": 10,
            "attacks": [
              "Growth"
            ]
          },
          {
            "level": 15,
            "attacks": [
              "Helping Hand"
            ]
          },
          {
            "level": 20,
            "attacks": [
              "Magical Leaf"
            ]
          },
          {
            "level": 26,
            "attacks": [
              "Leech Seed"
            ]
          },
          {
            "level": 30,
            "attacks": [
              "Take Down"
            ]
          },
          {
            "level": 35,
            "attacks": [
              "Petal Blizzard"
            ]
          },
          {
            "level": 40,
            "attacks": [
              "Worry Seed"
            ]
          },
          {
            "level": 45,
            "attacks": [
              "Solar Beam"
            ]
          }
        ],
        "tutorMoves": [
          "Grassy Glide"
        ],
        "eggMoves": [
          "Aromatherapy",
          "Defense Curl",
          "Flower Shield",
          "Heal Pulse",
          "Healing Wish",
          "Nature Power",
          "Razor Leaf",
          "Rollout",
          "Sweet Scent",
          "Tickle"
        ],
        "tmMoves8": [
          "Magical Leaf",
          "Solar Beam",
          "Safeguard",
          "Rest",
          "Snore",
          "Protect",
          "Giga Drain",
          "Attract",
          "Sunny Day",
          "Facade",
          "Helping Hand",
          "Weather Ball",
          "Bullet Seed",
          "Round",
          "Draining Kiss",
          "Grassy Terrain"
        ],
        "trMoves": [
          "Swords Dance",
          "Substitute",
          "Endure",
          "Sleep Talk",
          "Seed Bomb",
          "Energy Ball",
          "Grass Knot",
          "Dazzling Gleam",
          "Pollen Puff"
        ],
        "hmMoves": [],
        "transferMoves": [
          "Captivate",
          "Confide",
          "Double Team",
          "Flash",
          "Frustration",
          "Grass Whistle",
          "Hidden Power",
          "Lucky Chant",
          "Natural Gift",
          "Return",
          "Secret Power",
          "Swagger",
          "Synthesis",
          "Toxic"
        ],
        "tmMoves7": [
          "Toxic",
          "Hidden Power",
          "Sunny Day",
          "Protect",
          "Safeguard",
          "Frustration",
          "Solar Beam",
          "Return",
          "Double Team",
          "Facade",
          "Rest",
          "Attract",
          "Round",
          "Energy Ball",
          "Swords Dance",
          "Grass Knot",
          "Swagger",
          "Sleep Talk",
          "Substitute",
          "Nature Power",
          "Dazzling Gleam",
          "Confide"
        ],
        "tmMoves6": [
          "Toxic",
          "Hidden Power",
          "Sunny Day",
          "Protect",
          "Safeguard",
          "Frustration",
          "Solar Beam",
          "Return",
          "Double Team",
          "Facade",
          "Rest",
          "Attract",
          "Round",
          "Energy Ball",
          "Flash",
          "Swords Dance",
          "Grass Knot",
          "Swagger",
          "Sleep Talk",
          "Substitute",
          "Secret Power",
          "Nature Power",
          "Dazzling Gleam",
          "Confide"
        ],
        "tmMoves5": [
          "Toxic",
          "Hidden Power",
          "Sunny Day",
          "Protect",
          "Safeguard",
          "Frustration",
          "Solar Beam",
          "Return",
          "Double Team",
          "Facade",
          "Rest",
          "Attract",
          "Round",
          "Energy Ball",
          "Flash",
          "Swords Dance",
          "Grass Knot",
          "Swagger",
          "Substitute"
        ],
        "tmMoves4": [
          "Toxic",
          "Bullet Seed",
          "Hidden Power",
          "Sunny Day",
          "Protect",
          "Giga Drain",
          "Safeguard",
          "Frustration",
          "Solar Beam",
          "Return",
          "Double Team",
          "Facade",
          "Secret Power",
          "Rest",
          "Attract",
          "Energy Ball",
          "Endure",
          "Flash",
          "Swords Dance",
          "Captivate",
          "Sleep Talk",
          "Natural Gift",
          "Grass Knot",
          "Swagger",
          "Substitute"
        ],
        "tmMoves3": [],
        "tmMoves2": [],
        "tmMoves1": [],
        "tmMoves": []
      },
      "abilities": {
        "abilities": [
          "Chlorophyll"
        ],
        "hiddenAbilities": []
      },
      "movement": {
        "rideable": false,
        "canFly": false,
        "canSurf": false,
        "canRideShoulder": false
      },
      "aggression": {
        "timid": 80,
        "passive": 0,
        "aggressive": 20
      },
      "battleStats": {
        "hp": 45,
        "attack": 35,
        "defense": 45,
        "specialAttack": 62,
        "specialDefense": 53,
        "speed": 35
      },
      "tags": [],
      "spawn": {
        "baseExp": 68,
        "baseFriendship": 70,
        "spawnLevel": 5,
        "spawnLevelRange": 10,
        "spawnLocations": [
          "LAND"
        ]
      },
      "possibleGenders": [
        "MALE",
        "FEMALE"
      ],
      "genderProperties": [
        {
          "gender": "ALL",
          "palettes": [
            {
              "name": "none",
              "texture": "pixelmon:pokemon/420_cherubi/all/base/none/texture.png",
              "sprite": "pixelmon:pokemon/420_cherubi/all/base/none/sprite.png",
              "particle": "",
              "modelLocator": {
                "factoryType": "NORMAL",
                "pqc": [
                  "pixelmon:pokemon/420_cherubi/all/base/none/model.pqc"
                ]
              },
              "sounds": []
            },
            {
              "name": "shiny",
              "texture": "pixelmon:pokemon/420_cherubi/all/base/shiny/texture.png",
              "sprite": "pixelmon:pokemon/420_cherubi/all/base/shiny/sprite.png",
              "particle": "arcanery:shiny"
            },
			{
              "name": "arctic",
              "texture": "pixelmon:pokemon/420_cherubi/all/base/custom-arctic/texture.png",
              "sprite": "pixelmon:pokemon/420_cherubi/all/base/custom-arctic/sprite.png",
              "particle": ""
            },
			{
              "name": "giftmas 1",
              "texture": "pixelmon:pokemon/420_cherubi/all/base/custom-giftmas1/texture.png",
              "sprite": "pixelmon:pokemon/420_cherubi/all/base/custom-giftmas1/sprite.png",
              "particle": ""
            },
			{
              "name": "giftmas 2",
              "texture": "pixelmon:pokemon/420_cherubi/all/base/custom-giftmas2/texture.png",
              "sprite": "pixelmon:pokemon/420_cherubi/all/base/custom-giftmas2/sprite.png",
              "particle": ""
            },
			{
              "name": "halloween",
              "texture": "pixelmon:pokemon/420_cherubi/all/base/custom-halloween/texture.png",
              "sprite": "pixelmon:pokemon/420_cherubi/all/base/custom-halloween/sprite.png",
              "particle": ""
            }
          ]
        }
      ],
      "eggGroups": [
        "FAIRY",
        "GRASS"
      ],
      "types": [
        "GRASS"
      ],
      "preEvolutions": [],
      "defaultBaseForm": "",
      "megaItems": [],
      "megas": [],
      "gigantamax": {
        "canHaveFactor": false,
        "canGigantamax": false
      },
      "eggCycles": 21,
      "weight": 3.3,
      "catchRate": 190,
      "malePercentage": 0,
      "evolutions": [
        {
          "level": 25,
          "to": "Cherrim",
          "conditions": [],
          "evoType": "leveling",
          "moves": [
            "Sunny Day"
          ]
        }
      ],
      "evYields": {
        "specialAttack": 1
      }
    }
  ],
  "generation": 4
}
