{
  "name": "Drifblim",
  "dex": 426,
  "defaultForms": [
    ""
  ],
  "forms": [
    {
      "name": "",
      "experienceGroup": "FLUCTUATING",
      "dimensions": {
        "height": 1.6,
        "width": 1.3,
        "length": 1,
        "eyeHeight": 1.6,
        "hoverHeight": 1.6
      },
      "moves": {
        "levelUpMoves": [
          {
            "level": 0,
            "attacks": [
              "Astonish",
              "Focus Energy",
              "Gust",
              "Minimize",
              "Phantom Force",
              "Strength Sap"
            ]
          },
          {
            "level": 12,
            "attacks": [
              "Payback"
            ]
          },
          {
            "level": 16,
            "attacks": [
              "Hex"
            ]
          },
          {
            "level": 20,
            "attacks": [
              "Shadow Ball"
            ]
          },
          {
            "level": 24,
            "attacks": [
              "Spit Up",
              "Stockpile",
              "Swallow"
            ]
          },
          {
            "level": 31,
            "attacks": [
              "Self-Destruct"
            ]
          },
          {
            "level": 36,
            "attacks": [
              "Destiny Bond"
            ]
          },
          {
            "level": 42,
            "attacks": [
              "Baton Pass"
            ]
          },
          {
            "level": 48,
            "attacks": [
              "Tailwind"
            ]
          },
          {
            "level": 54,
            "attacks": [
              "Explosion"
            ]
          }
        ],
        "tutorMoves": [

        ],
        "eggMoves": [
          "Clear Smog",
          "Defog",
          "Disable",
          "Haze",
          "Hypnosis",
          "Memento"
        ],
        "tmMoves8": [
          "Fly",
          "Hyper Beam",
          "Giga Impact",
          "Thunder Wave",
          "Self-Destruct",
          "Rest",
          "Thief",
          "Snore",
          "Protect",
          "Icy Wind",
          "Attract",
          "Rain Dance",
          "Sunny Day",
          "Will-O-Wisp",
          "Facade",
          "Swift",
          "Imprison",
          "Weather Ball",
          "Payback",
          "Round",
          "Hex",
          "Acrobatics",
          "Phantom Force",
          "Brutal Swing"
        ],
        "trMoves": [
          "Body Slam",
          "Thunderbolt",
          "Thunder",
          "Psychic",
          "Focus Energy",
          "Amnesia",
          "Substitute",
          "Endure",
          "Sleep Talk",
          "Baton Pass",
          "Shadow Ball",
          "Trick",
          "Skill Swap",
          "Calm Mind",
          "Gyro Ball",
          "Ally Switch"
        ],
        "hmMoves": [

        ],
        "transferMoves": [
          "Air Cutter",
          "Bind",
          "Captivate",
          "Charge Beam",
          "Confide",
          "Constrict",
          "Cut",
          "Double Team",
          "Dream Eater",
          "Embargo",
          "Flash",
          "Frustration",
          "Hidden Power",
          "Knock Off",
          "Magic Coat",
          "Mud-Slap",
          "Natural Gift",
          "Ominous Wind",
          "Pain Split",
          "Psych Up",
          "Recycle",
          "Return",
          "Rollout",
          "Secret Power",
          "Shock Wave",
          "Silver Wind",
          "Spite",
          "Sucker Punch",
          "Swagger",
          "Telekinesis",
          "Toxic"
        ],
        "tmMoves7": [
          "Calm Mind",
          "Toxic",
          "Hidden Power",
          "Sunny Day",
          "Hyper Beam",
          "Protect",
          "Rain Dance",
          "Frustration",
          "Thunderbolt",
          "Thunder",
          "Return",
          "Psychic",
          "Shadow Ball",
          "Double Team",
          "Facade",
          "Rest",
          "Attract",
          "Thief",
          "Round",
          "Charge Beam",
          "Will-O-Wisp",
          "Acrobatics",
          "Embargo",
          "Explosion",
          "Payback",
          "Giga Impact",
          "Thunder Wave",
          "Gyro Ball",
          "Fly",
          "Psych Up",
          "Dream Eater",
          "Swagger",
          "Sleep Talk",
          "Substitute",
          "Confide"
        ],
        "tmMoves6": [
          "Calm Mind",
          "Toxic",
          "Hidden Power",
          "Sunny Day",
          "Hyper Beam",
          "Protect",
          "Rain Dance",
          "Frustration",
          "Thunderbolt",
          "Thunder",
          "Return",
          "Psychic",
          "Shadow Ball",
          "Double Team",
          "Facade",
          "Rest",
          "Attract",
          "Thief",
          "Round",
          "Charge Beam",
          "Will-O-Wisp",
          "Acrobatics",
          "Embargo",
          "Explosion",
          "Payback",
          "Giga Impact",
          "Flash",
          "Thunder Wave",
          "Gyro Ball",
          "Psych Up",
          "Dream Eater",
          "Swagger",
          "Sleep Talk",
          "Substitute",
          "Secret Power",
          "Confide"
        ],
        "tmMoves5": [
          "Calm Mind",
          "Toxic",
          "Hidden Power",
          "Sunny Day",
          "Hyper Beam",
          "Protect",
          "Rain Dance",
          "Telekinesis",
          "Frustration",
          "Thunderbolt",
          "Thunder",
          "Return",
          "Psychic",
          "Shadow Ball",
          "Double Team",
          "Facade",
          "Rest",
          "Attract",
          "Thief",
          "Round",
          "Charge Beam",
          "Will-O-Wisp",
          "Acrobatics",
          "Embargo",
          "Explosion",
          "Payback",
          "Giga Impact",
          "Flash",
          "Thunder Wave",
          "Gyro Ball",
          "Psych Up",
          "Dream Eater",
          "Swagger",
          "Substitute"
        ],
        "tmMoves4": [
          "Calm Mind",
          "Toxic",
          "Hidden Power",
          "Sunny Day",
          "Hyper Beam",
          "Protect",
          "Rain Dance",
          "Frustration",
          "Thunderbolt",
          "Thunder",
          "Return",
          "Psychic",
          "Shadow Ball",
          "Double Team",
          "Shock Wave",
          "Facade",
          "Secret Power",
          "Rest",
          "Attract",
          "Thief",
          "Skill Swap",
          "Charge Beam",
          "Endure",
          "Will-O-Wisp",
          "Silver Wind",
          "Embargo",
          "Explosion",
          "Payback",
          "Recycle",
          "Giga Impact",
          "Flash",
          "Thunder Wave",
          "Gyro Ball",
          "Psych Up",
          "Captivate",
          "Sleep Talk",
          "Natural Gift",
          "Dream Eater",
          "Swagger",
          "Substitute"
        ],
        "tmMoves3": [

        ],
        "tmMoves2": [

        ],
        "tmMoves1": [

        ],
        "tmMoves": [

        ]
      },
      "abilities": {
        "abilities": [
          "Aftermath",
          "Unburden"
        ],
        "hiddenAbilities": [
          "FlareBoost"
        ]
      },
      "movement": {
        "rideable": true,
        "canFly": true,
        "canSurf": false,
        "canRideShoulder": false,
        "ridingOffsets": {
          "standing": {
            "x": 0.0,
            "y": -1.3,
            "z": -0.3
          },
          "moving": {
            "x": 0.0,
            "y": -3.7,
            "z": -0.3
          }
        },
        "flyingParameters": {
          "flyHeightMin": 0,
          "flyHeightMax": 15,
          "flySpeedModifier": 0.3,
          "flyRefreshRateY": 80,
          "flyRefreshRateXZ": 400,
          "flyRefreshRateSpeed": 100,
          "flightTimeMin": 0,
          "flightTimeMax": 20,
          "flapRate": 5,
          "landingMaterials": "LEAVES_AND_GRASS"
        },
        "mountedFlyingParameters": {
          "type": "pixelmon:default",
          "upper_angle_limit": 20,
          "lower_angle_limit": -20,
          "max_fly_speed": 1,
          "deceleration_rate": 0.07,
          "hover_deceleration_rate": 0.09,
          "acceleration_rate": 0.07,
          "strafe_acceleration_rate": 0.08,
          "strafe_roll_conversion": 30,
          "turn_rate": 0.5,
          "pitch_rate": 0.8,
          "stays_horizontal_flying": true,
          "gravity_drop_per_tick": 0.005,
          "continuous_forward_motion": true,
          "continuous_forward_motion_ticks": 5,
          "flying_stamina_charges": 3,
          "hover_ticks": 100
        }
      },
      "aggression": {
        "timid": 80,
        "passive": 0,
        "aggressive": 20
      },
      "battleStats": {
        "hp": 150,
        "attack": 80,
        "defense": 44,
        "specialAttack": 90,
        "specialDefense": 54,
        "speed": 80
      },
      "tags": [

      ],
      "spawn": {
        "baseExp": 204,
        "baseFriendship": 70,
        "spawnLevel": 30,
        "spawnLevelRange": 10,
        "spawnLocations": [
          "AIR_PERSISTENT"
        ]
      },
      "possibleGenders": [
        "MALE",
        "FEMALE"
      ],
      "genderProperties": [
        {
          "gender": "ALL",
          "palettes": [
            {
              "name": "none",
              "texture": "pixelmon:pokemon/426_drifblim/all/base/none/texture.png",
              "sprite": "pixelmon:pokemon/426_drifblim/all/base/none/sprite.png",
              "particle": "",
              "modelLocator": {
                "factoryType": "NORMAL",
                "pqc": [
                  "pixelmon:pokemon/426_drifblim/all/base/none/model.pqc"
                ],
                "animationIncrement": 1.5,
                "movementThreshold": 0.02,
                "yRotation": 23
              },
              "flyingModelLocator": {
                "factoryType": "NORMAL",
                "pqc": [
                  "pixelmon:pokemon/426_drifblim/all/base/none/model.pqc"
                ]
              },
              "sounds": [
                "pixelmon.mob.drifblim"
              ]
            },
            {
              "name": "shiny",
              "texture": "pixelmon:pokemon/426_drifblim/all/base/shiny/texture.png",
              "sprite": "pixelmon:pokemon/426_drifblim/all/base/shiny/sprite.png",
              "particle": "arcanery:shiny"
            },
            {
              "name": "valentine",
              "texture": "pixelmon:pokemon/426_drifblim/all/base/valentine/texture.png",
              "sprite": "pixelmon:pokemon/426_drifblim/all/base/valentine/sprite.png",
              "emissive": "pixelmon:pokemon/426_drifblim/all/base/valentine/emissive.png",
              "particle": ""
            },
			{
              "name": "carnival",
              "texture": "pixelmon:pokemon/426_drifblim/all/base/custom-carnival/texture.png",
              "sprite": "pixelmon:pokemon/426_drifblim/all/base/custom-carnival/sprite.png",
              "particle": ""
            },
			{
              "name": "cny tiger 1",
              "texture": "pixelmon:pokemon/426_drifblim/all/base/custom-cnytiger1/texture.png",
              "sprite": "pixelmon:pokemon/426_drifblim/all/base/custom-cnytiger1/sprite.png",
              "particle": ""
            },
			{
              "name": "cny tiger 2",
              "texture": "pixelmon:pokemon/426_drifblim/all/base/custom-cnytiger2/texture.png",
              "sprite": "pixelmon:pokemon/426_drifblim/all/base/custom-cnytiger2/sprite.png",
              "particle": ""
            },
			{
              "name": "crimson",
              "texture": "pixelmon:pokemon/426_drifblim/all/base/custom-crimson/texture.png",
              "sprite": "pixelmon:pokemon/426_drifblim/all/base/custom-crimson/sprite.png",
              "particle": ""
            },
			{
              "name": "event",
              "texture": "pixelmon:pokemon/426_drifblim/all/base/custom-event/texture.png",
              "sprite": "pixelmon:pokemon/426_drifblim/all/base/custom-event/sprite.png",
              "particle": ""
            },
			{
              "name": "event black",
              "texture": "pixelmon:pokemon/426_drifblim/all/base/custom-event-black/texture.png",
              "sprite": "pixelmon:pokemon/426_drifblim/all/base/custom-event-black/sprite.png",
              "particle": ""
            },
			{
              "name": "event blue 1",
              "texture": "pixelmon:pokemon/426_drifblim/all/base/custom-event-blue1/texture.png",
              "sprite": "pixelmon:pokemon/426_drifblim/all/base/custom-event-blue1/sprite.png",
              "particle": ""
            },
			{
              "name": "event blue 2",
              "texture": "pixelmon:pokemon/426_drifblim/all/base/custom-event-blue2/texture.png",
              "sprite": "pixelmon:pokemon/426_drifblim/all/base/custom-event-blue2/sprite.png",
              "particle": ""
            },{
              "name": "event gold",
              "texture": "pixelmon:pokemon/426_drifblim/all/base/custom-event-gold/texture.png",
              "sprite": "pixelmon:pokemon/426_drifblim/all/base/custom-event-gold/sprite.png",
              "particle": ""
            },
			{
              "name": "event green 1",
              "texture": "pixelmon:pokemon/426_drifblim/all/base/custom-event-green1/texture.png",
              "sprite": "pixelmon:pokemon/426_drifblim/all/base/custom-event-green1/sprite.png",
              "particle": ""
            },
			{
              "name": "event green 2",
              "texture": "pixelmon:pokemon/426_drifblim/all/base/custom-event-green2/texture.png",
              "sprite": "pixelmon:pokemon/426_drifblim/all/base/custom-event-green2/sprite.png",
              "particle": ""
            },
			{
              "name": "event pink 1",
              "texture": "pixelmon:pokemon/426_drifblim/all/base/custom-event-pink1/texture.png",
              "sprite": "pixelmon:pokemon/426_drifblim/all/base/custom-event-pink1/sprite.png",
              "particle": ""
            },
			{
              "name": "event pink 2",
              "texture": "pixelmon:pokemon/426_drifblim/all/base/custom-event-pink2/texture.png",
              "sprite": "pixelmon:pokemon/426_drifblim/all/base/custom-event-pink2/sprite.png",
              "particle": ""
            },
			{
              "name": "event purple",
              "texture": "pixelmon:pokemon/426_drifblim/all/base/custom-event-purple/texture.png",
              "sprite": "pixelmon:pokemon/426_drifblim/all/base/custom-event-purple/sprite.png",
              "particle": ""
            },
			{
              "name": "event red",
              "texture": "pixelmon:pokemon/426_drifblim/all/base/custom-event-red/texture.png",
              "sprite": "pixelmon:pokemon/426_drifblim/all/base/custom-event-red/sprite.png",
              "particle": ""
            },
			{
              "name": "event white",
              "texture": "pixelmon:pokemon/426_drifblim/all/base/custom-event-white/texture.png",
              "sprite": "pixelmon:pokemon/426_drifblim/all/base/custom-event-white/sprite.png",
              "particle": ""
            },
			{
              "name": "event yellow 1",
              "texture": "pixelmon:pokemon/426_drifblim/all/base/custom-event-yellow1/texture.png",
              "sprite": "pixelmon:pokemon/426_drifblim/all/base/custom-event-yellow1/sprite.png",
              "particle": ""
            },
			{
              "name": "event yellow 2",
              "texture": "pixelmon:pokemon/426_drifblim/all/base/custom-event-yellow2/texture.png",
              "sprite": "pixelmon:pokemon/426_drifblim/all/base/custom-event-yellow2/sprite.png",
              "particle": ""
            },
			{
              "name": "halloween 1",
              "texture": "pixelmon:pokemon/426_drifblim/all/base/custom-halloween1/texture.png",
              "sprite": "pixelmon:pokemon/426_drifblim/all/base/custom-halloween1/sprite.png",
              "particle": ""
            },
			{
              "name": "halloween 2",
              "texture": "pixelmon:pokemon/426_drifblim/all/base/custom-halloween2/texture.png",
              "sprite": "pixelmon:pokemon/426_drifblim/all/base/custom-halloween2/sprite.png",
              "particle": ""
            },
			{
              "name": "nintendo",
              "texture": "pixelmon:pokemon/426_drifblim/all/base/custom-nintendo/texture.png",
              "sprite": "pixelmon:pokemon/426_drifblim/all/base/custom-nintendo/sprite.png",
              "particle": ""
            },
			{
              "name": "valentines",
              "texture": "pixelmon:pokemon/426_drifblim/all/base/custom-val/texture.png",
              "emissive": "pixelmon:pokemon/426_drifblim/all/base/custom-val/emissive.png",
              "sprite": "pixelmon:pokemon/426_drifblim/all/base/custom-val/sprite.png",
              "particle": ""
            },
			{
              "name": "withered",
              "texture": "pixelmon:pokemon/426_drifblim/all/base/custom-withered/texture.png",
              "sprite": "pixelmon:pokemon/426_drifblim/all/base/custom-withered/sprite.png",
              "particle": ""
            }
          ]
        }
      ],
      "eggGroups": [
        "AMORPHOUS"
      ],
      "types": [
        "GHOST",
        "FLYING"
      ],
      "preEvolutions": [
        "Drifloon"
      ],
      "defaultBaseForm": "",
      "megaItems": [

      ],
      "megas": [

      ],
      "gigantamax": {
        "canHaveFactor": false,
        "canGigantamax": false
      },
      "eggCycles": 31,
      "weight": 15.0,
      "catchRate": 60,
      "malePercentage": 0,
      "evolutions": [

      ],
      "evYields": {
        "hp": 2
      }
    }
  ],
  "generation": 4
}
