{
  "name": "Buneary",
  "dex": 427,
  "defaultForms": [
    ""
  ],
  "forms": [
    {
      "name": "",
      "experienceGroup": "MEDIUM_FAST",
      "dimensions": {
        "height": 0.6,
        "width": 0.4,
        "length": 1,
        "eyeHeight": 0.6,
        "hoverHeight": 0.6
      },
      "moves": {
        "levelUpMoves": [
          {
            "level": 0,
            "attacks": [
              "Pound",
              "Splash"
            ]
          },
          {
            "level": 4,
            "attacks": [
              "Defense Curl"
            ]
          },
          {
            "level": 8,
            "attacks": [
              "Baby-Doll Eyes"
            ]
          },
          {
            "level": 12,
            "attacks": [
              "After You"
            ]
          },
          {
            "level": 16,
            "attacks": [
              "Quick Attack"
            ]
          },
          {
            "level": 20,
            "attacks": [
              "Double Kick"
            ]
          },
          {
            "level": 24,
            "attacks": [
              "Charm"
            ]
          },
          {
            "level": 28,
            "attacks": [
              "Baton Pass"
            ]
          },
          {
            "level": 32,
            "attacks": [
              "Headbutt"
            ]
          },
          {
            "level": 36,
            "attacks": [
              "Agility"
            ]
          },
          {
            "level": 40,
            "attacks": [
              "Entrainment"
            ]
          },
          {
            "level": 44,
            "attacks": [
              "Flatter"
            ]
          },
          {
            "level": 48,
            "attacks": [
              "Bounce"
            ]
          },
          {
            "level": 52,
            "attacks": [
              "Healing Wish"
            ]
          }
        ],
        "tutorMoves": [
          "Triple Axel"
        ],
        "eggMoves": [
          "Circle Throw",
          "Copycat",
          "Double Hit",
          "Fake Out",
          "Flail",
          "Focus Punch",
          "Sweet Kiss",
          "Switcheroo",
          "Teeter Dance"
        ],
        "tmMoves8": [
          "Mega Punch",
          "Mega Kick",
          "Fire Punch",
          "Ice Punch",
          "Thunder Punch",
          "Solar Beam",
          "Thunder Wave",
          "Dig",
          "Rest",
          "Snore",
          "Protect",
          "Charm",
          "Attract",
          "Rain Dance",
          "Sunny Day",
          "Facade",
          "Swift",
          "Helping Hand",
          "Fake Tears",
          "Bounce",
          "Payback",
          "Assurance",
          "Fling",
          "Drain Punch",
          "Low Sweep",
          "Round",
          "Retaliate"
        ],
        "trMoves": [
          "Ice Beam",
          "Low Kick",
          "Thunderbolt",
          "Agility",
          "Substitute",
          "Endure",
          "Sleep Talk",
          "Baton Pass",
          "Encore",
          "Iron Tail",
          "Shadow Ball",
          "Uproar",
          "Hyper Voice",
          "Cosmic Power",
          "Grass Knot",
          "Work Up",
          "Play Rough"
        ],
        "hmMoves": [],
        "transferMoves": [
          "Captivate",
          "Charge Beam",
          "Confide",
          "Covet",
          "Cut",
          "Dizzy Punch",
          "Double Team",
          "Endeavor",
          "Foresight",
          "Frustration",
          "Heal Bell",
          "Hidden Power",
          "Jump Kick",
          "Last Resort",
          "Magic Coat",
          "Mud Sport",
          "Mud-Slap",
          "Natural Gift",
          "Power-Up Punch",
          "Return",
          "Rock Smash",
          "Secret Power",
          "Shock Wave",
          "Sky Uppercut",
          "Swagger",
          "Toxic",
          "Water Pulse"
        ],
        "tmMoves7": [
          "Work Up",
          "Toxic",
          "Hidden Power",
          "Sunny Day",
          "Ice Beam",
          "Protect",
          "Rain Dance",
          "Frustration",
          "Solar Beam",
          "Thunderbolt",
          "Return",
          "Shadow Ball",
          "Double Team",
          "Facade",
          "Rest",
          "Attract",
          "Round",
          "Fling",
          "Charge Beam",
          "Thunder Wave",
          "Grass Knot",
          "Swagger",
          "Sleep Talk",
          "Substitute",
          "Confide"
        ],
        "tmMoves6": [
          "Toxic",
          "Hidden Power",
          "Sunny Day",
          "Ice Beam",
          "Protect",
          "Rain Dance",
          "Frustration",
          "Solar Beam",
          "Thunderbolt",
          "Return",
          "Dig",
          "Shadow Ball",
          "Double Team",
          "Facade",
          "Rest",
          "Attract",
          "Round",
          "Fling",
          "Charge Beam",
          "Retaliate",
          "Thunder Wave",
          "Grass Knot",
          "Swagger",
          "Sleep Talk",
          "Substitute",
          "Secret Power",
          "Power-Up Punch",
          "Confide"
        ],
        "tmMoves5": [
          "Toxic",
          "Hidden Power",
          "Sunny Day",
          "Ice Beam",
          "Protect",
          "Rain Dance",
          "Frustration",
          "Solar Beam",
          "Thunderbolt",
          "Return",
          "Dig",
          "Shadow Ball",
          "Double Team",
          "Facade",
          "Rest",
          "Attract",
          "Round",
          "Fling",
          "Charge Beam",
          "Retaliate",
          "Thunder Wave",
          "Work Up",
          "Grass Knot",
          "Swagger",
          "Substitute",
          "Rock Smash"
        ],
        "tmMoves4": [
          "Focus Punch",
          "Water Pulse",
          "Toxic",
          "Hidden Power",
          "Sunny Day",
          "Ice Beam",
          "Protect",
          "Rain Dance",
          "Frustration",
          "Solar Beam",
          "Iron Tail",
          "Thunderbolt",
          "Return",
          "Dig",
          "Shadow Ball",
          "Double Team",
          "Shock Wave",
          "Facade",
          "Secret Power",
          "Rest",
          "Attract",
          "Fling",
          "Charge Beam",
          "Endure",
          "Drain Punch",
          "Thunder Wave",
          "Captivate",
          "Sleep Talk",
          "Natural Gift",
          "Grass Knot",
          "Swagger",
          "Substitute"
        ],
        "tmMoves3": [],
        "tmMoves2": [],
        "tmMoves1": [],
        "tmMoves": []
      },
      "abilities": {
        "abilities": [
          "RunAway",
          "Klutz"
        ],
        "hiddenAbilities": [
          "Limber"
        ]
      },
      "movement": {
        "rideable": false,
        "canFly": false,
        "canSurf": false,
        "canRideShoulder": false
      },
      "aggression": {
        "timid": 80,
        "passive": 0,
        "aggressive": 20
      },
      "battleStats": {
        "hp": 55,
        "attack": 66,
        "defense": 44,
        "specialAttack": 44,
        "specialDefense": 56,
        "speed": 85
      },
      "tags": [],
      "spawn": {
        "baseExp": 84,
        "baseFriendship": 0,
        "spawnLevel": 7,
        "spawnLevelRange": 10,
        "spawnLocations": [
          "LAND"
        ]
      },
      "possibleGenders": [
        "MALE",
        "FEMALE"
      ],
      "genderProperties": [
        {
          "gender": "ALL",
          "palettes": [
            {
              "name": "none",
              "texture": "pixelmon:pokemon/427_buneary/all/base/none/texture.png",
              "sprite": "pixelmon:pokemon/427_buneary/all/base/none/sprite.png",
              "particle": "",
              "modelLocator": {
                "factoryType": "NORMAL",
                "pqc": [
                  "pixelmon:pokemon/427_buneary/all/base/none/model.pqc"
                ]
              },
              "sounds": [
                "pixelmon.mob.buneary",
                "pixelmon.mob.buneary",
                "pixelmon.mob.buneary"
              ]
            },
            {
              "name": "shiny",
              "texture": "pixelmon:pokemon/427_buneary/all/base/shiny/texture.png",
              "sprite": "pixelmon:pokemon/427_buneary/all/base/shiny/sprite.png",
              "particle": "arcanery:shiny"
            },
			{
              "name": "arkasian",
              "texture": "pixelmon:pokemon/427_buneary/all/base/custom-arkasian/texture.png",
              "sprite": "pixelmon:pokemon/427_buneary/all/base/custom-arkasian/sprite.png",
              "particle": ""
            },
			{
              "name": "christmas 1",
              "texture": "pixelmon:pokemon/427_buneary/all/base/custom-christmas1/texture.png",
              "sprite": "pixelmon:pokemon/427_buneary/all/base/custom-christmas1/sprite.png",
              "particle": ""
            },
			{
              "name": "christmas 2",
              "texture": "pixelmon:pokemon/427_buneary/all/base/custom-christmas2/texture.png",
              "sprite": "pixelmon:pokemon/427_buneary/all/base/custom-christmas2/sprite.png",
              "particle": ""
            },
			{
              "name": "cosmic 1",
              "texture": "pixelmon:pokemon/427_buneary/all/base/custom-cosmic1/texture.png",
              "sprite": "pixelmon:pokemon/427_buneary/all/base/custom-cosmic1/sprite.png",
              "particle": ""
            },{
              "name": "cosmic 2",
              "texture": "pixelmon:pokemon/427_buneary/all/base/custom-cosmic2/texture.png",
              "sprite": "pixelmon:pokemon/427_buneary/all/base/custom-cosmic2/sprite.png",
              "particle": ""
            },
			{
              "name": "dark",
              "texture": "pixelmon:pokemon/427_buneary/all/base/custom-dark/texture.png",
              "sprite": "pixelmon:pokemon/427_buneary/all/base/custom-dark/sprite.png",
              "particle": ""
            },
			{
              "name": "ditto 1",
              "texture": "pixelmon:pokemon/427_buneary/all/base/custom-ditto1/texture.png",
              "sprite": "pixelmon:pokemon/427_buneary/all/base/custom-ditto1/sprite.png",
              "particle": ""
            },
			{
              "name": "ditto 2",
              "texture": "pixelmon:pokemon/427_buneary/all/base/custom-ditto2/texture.png",
              "sprite": "pixelmon:pokemon/427_buneary/all/base/custom-ditto2/sprite.png",
              "particle": ""
            },
			{
              "name": "easter 1",
              "texture": "pixelmon:pokemon/427_buneary/all/base/custom-easter1/texture.png",
              "sprite": "pixelmon:pokemon/427_buneary/all/base/custom-easter1/sprite.png",
              "particle": ""
            },
			{
              "name": "easter 2",
              "texture": "pixelmon:pokemon/427_buneary/all/base/custom-easter2/texture.png",
              "sprite": "pixelmon:pokemon/427_buneary/all/base/custom-easter2/sprite.png",
              "particle": ""
            },
			{
              "name": "easter 3",
              "texture": "pixelmon:pokemon/427_buneary/all/base/custom-easter3/texture.png",
              "sprite": "pixelmon:pokemon/427_buneary/all/base/custom-easter3/sprite.png",
              "particle": ""
            },
			{
              "name": "easter 4",
              "texture": "pixelmon:pokemon/427_buneary/all/base/custom-easter4/texture.png",
              "sprite": "pixelmon:pokemon/427_buneary/all/base/custom-easter4/sprite.png",
              "particle": ""
            },
			{
              "name": "easter 5",
              "texture": "pixelmon:pokemon/427_buneary/all/base/custom-easter5/texture.png",
              "sprite": "pixelmon:pokemon/427_buneary/all/base/custom-easter5/sprite.png",
              "particle": ""
            },
			{
              "name": "easter 6",
              "texture": "pixelmon:pokemon/427_buneary/all/base/custom-easter6/texture.png",
              "sprite": "pixelmon:pokemon/427_buneary/all/base/custom-easter6/sprite.png",
              "particle": ""
            },
			{
              "name": "easter 7",
              "texture": "pixelmon:pokemon/427_buneary/all/base/custom-easter7/texture.png",
              "sprite": "pixelmon:pokemon/427_buneary/all/base/custom-easter7/sprite.png",
              "particle": ""
            },
			{
              "name": "galaxy",
              "texture": "pixelmon:pokemon/427_buneary/all/base/custom-galaxy/texture.png",
              "sprite": "pixelmon:pokemon/427_buneary/all/base/custom-galaxy/sprite.png",
              "particle": ""
            },
			{
              "name": "halloween 1",
              "texture": "pixelmon:pokemon/427_buneary/all/base/custom-halloween1/texture.png",
              "sprite": "pixelmon:pokemon/427_buneary/all/base/custom-halloween1/sprite.png",
              "particle": ""
            },
			{
              "name": "halloween 2",
              "texture": "pixelmon:pokemon/427_buneary/all/base/custom-halloween2/texture.png",
              "sprite": "pixelmon:pokemon/427_buneary/all/base/custom-halloween2/sprite.png",
              "particle": ""
            },
			{
              "name": "ice",
              "texture": "pixelmon:pokemon/427_buneary/all/base/custom-ice/texture.png",
              "sprite": "pixelmon:pokemon/427_buneary/all/base/custom-ice/sprite.png",
              "particle": ""
            },
			{
              "name": "poison",
              "texture": "pixelmon:pokemon/427_buneary/all/base/custom-poison/texture.png",
              "sprite": "pixelmon:pokemon/427_buneary/all/base/custom-poison/sprite.png",
              "particle": ""
            },
			{
              "name": "toxic",
              "texture": "pixelmon:pokemon/427_buneary/all/base/custom-toxic/texture.png",
              "sprite": "pixelmon:pokemon/427_buneary/all/base/custom-toxic/sprite.png",
              "particle": ""
            },
			{
              "name": "valentines",
              "texture": "pixelmon:pokemon/427_buneary/all/base/custom-val/texture.png",
              "sprite": "pixelmon:pokemon/427_buneary/all/base/custom-val/sprite.png",
              "particle": ""
            },
			{
              "name": "winter 1",
              "texture": "pixelmon:pokemon/427_buneary/all/base/custom-winter1/texture.png",
              "sprite": "pixelmon:pokemon/427_buneary/all/base/custom-winter1/sprite.png",
              "particle": ""
            },
			{
              "name": "winter 2",
              "texture": "pixelmon:pokemon/427_buneary/all/base/custom-winter2/texture.png",
              "sprite": "pixelmon:pokemon/427_buneary/all/base/custom-winter2/sprite.png",
              "particle": ""
            }
          ]
        }
      ],
      "eggGroups": [
        "FIELD",
        "HUMAN_LIKE"
      ],
      "types": [
        "NORMAL"
      ],
      "preEvolutions": [],
      "defaultBaseForm": "",
      "megaItems": [],
      "megas": [],
      "gigantamax": {
        "canHaveFactor": false,
        "canGigantamax": false
      },
      "eggCycles": 21,
      "weight": 5.5,
      "catchRate": 190,
      "malePercentage": 0,
      "evolutions": [
        {
          "to": "Lopunny",
          "conditions": [
            {
              "friendship": 220,
              "evoConditionType": "friendship"
            }
          ],
          "evoType": "leveling"
        }
      ],
      "evYields": {
        "speed": 1
      }
    }
  ],
  "generation": 4
}
