{
  "name": "Honchkrow",
  "dex": 430,
  "defaultForms": [
    ""
  ],
  "forms": [
    {
      "name": "",
      "experienceGroup": "MEDIUM_SLOW",
      "dimensions": {
        "height": 0.9,
        "width": 0.8,
        "length": 1,
        "eyeHeight": 0.9,
        "hoverHeight": 0.9
      },
      "moves": {
        "levelUpMoves": [
          {
            "level": 0,
            "attacks": [
              "Astonish",
              "Haze",
              "Night Slash",
              "Pursuit",
              "Sucker Punch",
              "Wing Attack"
            ]
          },
          {
            "level": 25,
            "attacks": [
              "Swagger"
            ]
          },
          {
            "level": 35,
            "attacks": [
              "Nasty Plot"
            ]
          },
          {
            "level": 45,
            "attacks": [
              "Foul Play"
            ]
          },
          {
            "level": 55,
            "attacks": [
              "Night Slash"
            ]
          },
          {
            "level": 65,
            "attacks": [
              "Quash"
            ]
          },
          {
            "level": 75,
            "attacks": [
              "Dark Pulse"
            ]
          }
        ],
        "tutorMoves": [
          "Defog",
          "Foul Play",
          "Heat Wave",
          "Icy Wind",
          "Sky Attack",
          "Snatch",
          "Snore",
          "Spite",
          "Superpower",
          "Tailwind",
          "Uproar"
        ],
        "eggMoves": [
          "Assurance",
          "Brave Bird",
          "Confuse Ray",
          "Drill Peck",
          "Feather Dance",
          "Feint Attack",
          "Flatter",
          "Mirror Move",
          "Perish Song",
          "Psycho Shift",
          "Punishment",
          "Roost",
          "Screech",
          "Sky Attack",
          "Whirlwind",
          "Wing Attack"
        ],
        "tmMoves8": [

        ],
        "trMoves": [

        ],
        "hmMoves": [

        ],
        "transferMoves": [
          "Air Cutter",
          "Captivate",
          "Curse",
          "Detect",
          "Double-Edge",
          "Endure",
          "Incinerate",
          "Mimic",
          "Mud-Slap",
          "Natural Gift",
          "Nightmare",
          "Ominous Wind",
          "Pluck",
          "Retaliate",
          "Secret Power",
          "Swift",
          "Twister"
        ],
        "tmMoves7": [
          "Calm Mind",
          "Toxic",
          "Hidden Power",
          "Sunny Day",
          "Taunt",
          "Hyper Beam",
          "Protect",
          "Rain Dance",
          "Roost",
          "Frustration",
          "Return",
          "Psychic",
          "Shadow Ball",
          "Double Team",
          "Aerial Ace",
          "Torment",
          "Facade",
          "Rest",
          "Attract",
          "Thief",
          "Round",
          "Steel Wing",
          "Quash",
          "Embargo",
          "Payback",
          "Giga Impact",
          "Thunder Wave",
          "Fly",
          "Psych Up",
          "Dream Eater",
          "Swagger",
          "Sleep Talk",
          "Substitute",
          "Snarl",
          "Dark Pulse",
          "Confide"
        ],
        "tmMoves6": [
          "Calm Mind",
          "Toxic",
          "Hidden Power",
          "Sunny Day",
          "Taunt",
          "Hyper Beam",
          "Protect",
          "Rain Dance",
          "Roost",
          "Frustration",
          "Return",
          "Psychic",
          "Shadow Ball",
          "Double Team",
          "Aerial Ace",
          "Torment",
          "Facade",
          "Rest",
          "Attract",
          "Thief",
          "Round",
          "Steel Wing",
          "Incinerate",
          "Quash",
          "Embargo",
          "Payback",
          "Retaliate",
          "Giga Impact",
          "Thunder Wave",
          "Psych Up",
          "Dream Eater",
          "Swagger",
          "Sleep Talk",
          "Substitute",
          "Secret Power",
          "Snarl",
          "Dark Pulse",
          "Confide"
        ],
        "tmMoves5": [
          "Calm Mind",
          "Toxic",
          "Hidden Power",
          "Sunny Day",
          "Taunt",
          "Hyper Beam",
          "Protect",
          "Rain Dance",
          "Frustration",
          "Return",
          "Psychic",
          "Shadow Ball",
          "Double Team",
          "Aerial Ace",
          "Torment",
          "Facade",
          "Rest",
          "Attract",
          "Thief",
          "Round",
          "Incinerate",
          "Quash",
          "Embargo",
          "Payback",
          "Retaliate",
          "Giga Impact",
          "Thunder Wave",
          "Psych Up",
          "Dream Eater",
          "Swagger",
          "Pluck",
          "Substitute",
          "Snarl"
        ],
        "tmMoves4": [
          "Calm Mind",
          "Toxic",
          "Hidden Power",
          "Sunny Day",
          "Taunt",
          "Hyper Beam",
          "Protect",
          "Rain Dance",
          "Frustration",
          "Return",
          "Psychic",
          "Shadow Ball",
          "Double Team",
          "Aerial Ace",
          "Torment",
          "Facade",
          "Secret Power",
          "Rest",
          "Attract",
          "Thief",
          "Steel Wing",
          "Snatch",
          "Roost",
          "Endure",
          "Embargo",
          "Payback",
          "Giga Impact",
          "Thunder Wave",
          "Psych Up",
          "Captivate",
          "Dark Pulse",
          "Sleep Talk",
          "Natural Gift",
          "Dream Eater",
          "Swagger",
          "Pluck",
          "Substitute"
        ],
        "tmMoves3": [

        ],
        "tmMoves2": [

        ],
        "tmMoves1": [

        ],
        "tmMoves": [

        ]
      },
      "abilities": {
        "abilities": [
          "Insomnia",
          "SuperLuck"
        ],
        "hiddenAbilities": [
          "Moxie"
        ]
      },
      "movement": {
        "rideable": true,
        "canFly": true,
        "canSurf": false,
        "canRideShoulder": false,
        "ridingOffsets": {
          "standing": {
            "x": 0.0,
            "y": -0.9,
            "z": -0.4
          },
          "moving": {
            "x": 0.0,
            "y": -0.8,
            "z": -0.2
          }
        },
        "flyingParameters": {
          "flyHeightMin": 10,
          "flyHeightMax": 25,
          "flySpeedModifier": 1.0,
          "flyRefreshRateY": 80,
          "flyRefreshRateXZ": 100,
          "flyRefreshRateSpeed": 100,
          "flightTimeMin": 0,
          "flightTimeMax": 20,
          "flapRate": 5,
          "landingMaterials": "LEAVES_AND_GRASS"
        },
        "mountedFlyingParameters": {
          "type": "pixelmon:default",
          "upper_angle_limit": 20,
          "lower_angle_limit": -20,
          "max_fly_speed": 1,
          "deceleration_rate": 0.07,
          "hover_deceleration_rate": 0.09,
          "acceleration_rate": 0.07,
          "strafe_acceleration_rate": 0.08,
          "strafe_roll_conversion": 30,
          "turn_rate": 0.5,
          "pitch_rate": 0.8,
          "stays_horizontal_flying": true,
          "gravity_drop_per_tick": 0.005,
          "continuous_forward_motion": true,
          "continuous_forward_motion_ticks": 5,
          "flying_stamina_charges": 3,
          "hover_ticks": 100
        }
      },
      "aggression": {
        "timid": 80,
        "passive": 0,
        "aggressive": 20
      },
      "battleStats": {
        "hp": 100,
        "attack": 125,
        "defense": 52,
        "specialAttack": 105,
        "specialDefense": 52,
        "speed": 71
      },
      "tags": [

      ],
      "spawn": {
        "baseExp": 187,
        "baseFriendship": 35,
        "spawnLevel": 30,
        "spawnLevelRange": 30,
        "spawnLocations": [
          "AIR_PERSISTENT"
        ]
      },
      "possibleGenders": [
        "MALE",
        "FEMALE"
      ],
      "genderProperties": [
        {
          "gender": "ALL",
          "palettes": [
            {
              "name": "none",
              "texture": "pixelmon:pokemon/430_honchkrow/all/base/none/texture.png",
              "sprite": "pixelmon:pokemon/430_honchkrow/all/base/none/sprite.png",
              "particle": "",
              "modelLocator": {
                "factoryType": "NORMAL",
                "pqc": [
                  "pixelmon:pokemon/430_honchkrow/all/base/none/model.pqc"
                ],
                "movementThreshold": 0.02
              },
              "flyingModelLocator": {
                "factoryType": "NORMAL",
                "pqc": [
                  "pixelmon:pokemon/430_honchkrow/all/base/none/flying/model.pqc"
                ],
                "movementThreshold": 0.02
              },
              "sounds": [

              ]
            },
            {
              "name": "shiny",
              "texture": "pixelmon:pokemon/430_honchkrow/all/base/shiny/texture.png",
              "sprite": "pixelmon:pokemon/430_honchkrow/all/base/shiny/sprite.png",
              "particle": "arcanery:shiny"
            },
			{
              "name": "giftmas 1",
              "texture": "pixelmon:pokemon/430_honchkrow/all/base/custom-giftmas1/texture.png",
              "sprite": "pixelmon:pokemon/430_honchkrow/all/base/custom-giftmas1/sprite.png",
              "particle": ""
            },
			{
              "name": "giftmas 2",
              "texture": "pixelmon:pokemon/430_honchkrow/all/base/custom-giftmas2/texture.png",
              "sprite": "pixelmon:pokemon/430_honchkrow/all/base/custom-giftmas2/sprite.png",
              "particle": ""
            },
			{
              "name": "halloween 1",
              "texture": "pixelmon:pokemon/430_honchkrow/all/base/custom-halloween1/texture.png",
              "sprite": "pixelmon:pokemon/430_honchkrow/all/base/custom-halloween1/sprite.png",
              "particle": ""
            },
			{
              "name": "halloween 2",
              "texture": "pixelmon:pokemon/430_honchkrow/all/base/custom-halloween2/texture.png",
              "sprite": "pixelmon:pokemon/430_honchkrow/all/base/custom-halloween2/sprite.png",
              "particle": ""
            },
			{
              "name": "halloween 3",
              "texture": "pixelmon:pokemon/430_honchkrow/all/base/custom-halloween3/texture.png",
              "sprite": "pixelmon:pokemon/430_honchkrow/all/base/custom-halloween3/sprite.png",
              "particle": ""
            },
			{
              "name": "halloween 4",
              "texture": "pixelmon:pokemon/430_honchkrow/all/base/custom-halloween4/texture.png",
              "sprite": "pixelmon:pokemon/430_honchkrow/all/base/custom-halloween4/sprite.png",
              "particle": ""
            },
			{
              "name": "shadow",
              "texture": "pixelmon:pokemon/430_honchkrow/all/base/custom-shadow/texture.png",
              "sprite": "pixelmon:pokemon/430_honchkrow/all/base/custom-shadow/sprite.png",
              "particle": ""
            },
			{
              "name": "wild west",
              "texture": "pixelmon:pokemon/430_honchkrow/all/base/custom-wild-west/texture.png",
              "sprite": "pixelmon:pokemon/430_honchkrow/all/base/custom-wild-west/sprite.png",
              "particle": ""
            }
          ]
        }
      ],
      "eggGroups": [
        "FLYING"
      ],
      "types": [
        "DARK",
        "FLYING"
      ],
      "preEvolutions": [
        "Murkrow"
      ],
      "defaultBaseForm": "",
      "megaItems": [

      ],
      "megas": [

      ],
      "gigantamax": {
        "canHaveFactor": false,
        "canGigantamax": false
      },
      "eggCycles": 21,
      "weight": 27.3,
      "catchRate": 30,
      "malePercentage": 0,
      "evolutions": [

      ],
      "evYields": {
        "attack": 2
      }
    }
  ],
  "generation": 4
}