{
  "name": "Glameow",
  "dex": 431,
  "defaultForms": [
    ""
  ],
  "forms": [
    {
      "name": "",
      "experienceGroup": "FAST",
      "dimensions": {
        "height": 0.8,
        "width": 0.7,
        "length": 1,
        "eyeHeight": 0.8,
        "hoverHeight": 0.8
      },
      "moves": {
        "levelUpMoves": [
          {
            "level": 0,
            "attacks": [
              "Fake Out"
            ]
          },
          {
            "level": 5,
            "attacks": [
              "Scratch"
            ]
          },
          {
            "level": 8,
            "attacks": [
              "Growl"
            ]
          },
          {
            "level": 13,
            "attacks": [
              "Hypnosis"
            ]
          },
          {
            "level": 17,
            "attacks": [
              "Feint Attack"
            ]
          },
          {
            "level": 20,
            "attacks": [
              "Fury Swipes"
            ]
          },
          {
            "level": 25,
            "attacks": [
              "Charm"
            ]
          },
          {
            "level": 29,
            "attacks": [
              "Assist"
            ]
          },
          {
            "level": 32,
            "attacks": [
              "Captivate"
            ]
          },
          {
            "level": 37,
            "attacks": [
              "Slash"
            ]
          },
          {
            "level": 41,
            "attacks": [
              "Sucker Punch"
            ]
          },
          {
            "level": 44,
            "attacks": [
              "Attract"
            ]
          },
          {
            "level": 48,
            "attacks": [
              "Hone Claws"
            ]
          },
          {
            "level": 50,
            "attacks": [
              "Play Rough"
            ]
          }
        ],
        "tutorMoves": [
          "Covet",
          "Foul Play",
          "Hyper Voice",
          "Iron Tail",
          "Knock Off",
          "Last Resort",
          "Shock Wave",
          "Snatch",
          "Snore",
          "Super Fang",
          "Water Pulse"
        ],
        "eggMoves": [
          "Assurance",
          "Bite",
          "Fake Tears",
          "Flail",
          "Last Resort",
          "Quick Attack",
          "Sand Attack",
          "Snatch",
          "Tail Whip",
          "Wake-Up Slap"
        ],
        "tmMoves8": [],
        "trMoves": [],
        "hmMoves": [],
        "transferMoves": [
          "Cut",
          "Dig",
          "Endure",
          "Flash",
          "Fury Cutter",
          "Headbutt",
          "Mud-Slap",
          "Natural Gift",
          "Retaliate",
          "Secret Power",
          "Swift"
        ],
        "tmMoves7": [
          "Work Up",
          "Toxic",
          "Hidden Power",
          "Sunny Day",
          "Taunt",
          "Protect",
          "Rain Dance",
          "Frustration",
          "Thunderbolt",
          "Thunder",
          "Return",
          "Shadow Ball",
          "Double Team",
          "Aerial Ace",
          "Torment",
          "Facade",
          "Rest",
          "Attract",
          "Thief",
          "Round",
          "Echoed Voice",
          "Shadow Claw",
          "Payback",
          "Psych Up",
          "Dream Eater",
          "Swagger",
          "Sleep Talk",
          "U-turn",
          "Substitute",
          "Confide"
        ],
        "tmMoves6": [
          "Hone Claws",
          "Toxic",
          "Hidden Power",
          "Sunny Day",
          "Taunt",
          "Protect",
          "Rain Dance",
          "Frustration",
          "Thunderbolt",
          "Thunder",
          "Return",
          "Dig",
          "Shadow Ball",
          "Double Team",
          "Aerial Ace",
          "Torment",
          "Facade",
          "Rest",
          "Attract",
          "Thief",
          "Round",
          "Echoed Voice",
          "Shadow Claw",
          "Payback",
          "Retaliate",
          "Flash",
          "Psych Up",
          "Dream Eater",
          "Swagger",
          "Sleep Talk",
          "U-turn",
          "Substitute",
          "Secret Power",
          "Confide"
        ],
        "tmMoves5": [
          "Hone Claws",
          "Toxic",
          "Hidden Power",
          "Sunny Day",
          "Taunt",
          "Protect",
          "Rain Dance",
          "Frustration",
          "Thunderbolt",
          "Thunder",
          "Return",
          "Dig",
          "Shadow Ball",
          "Double Team",
          "Aerial Ace",
          "Torment",
          "Facade",
          "Rest",
          "Attract",
          "Thief",
          "Round",
          "Echoed Voice",
          "Shadow Claw",
          "Payback",
          "Retaliate",
          "Flash",
          "Psych Up",
          "Work Up",
          "Dream Eater",
          "Swagger",
          "U-turn",
          "Substitute"
        ],
        "tmMoves4": [
          "Water Pulse",
          "Toxic",
          "Hidden Power",
          "Sunny Day",
          "Taunt",
          "Protect",
          "Rain Dance",
          "Frustration",
          "Iron Tail",
          "Thunderbolt",
          "Thunder",
          "Return",
          "Dig",
          "Shadow Ball",
          "Double Team",
          "Shock Wave",
          "Aerial Ace",
          "Torment",
          "Facade",
          "Secret Power",
          "Rest",
          "Attract",
          "Thief",
          "Snatch",
          "Endure",
          "Shadow Claw",
          "Payback",
          "Flash",
          "Psych Up",
          "Captivate",
          "Sleep Talk",
          "Natural Gift",
          "Dream Eater",
          "Swagger",
          "U-turn",
          "Substitute"
        ],
        "tmMoves3": [],
        "tmMoves2": [],
        "tmMoves1": [],
        "tmMoves": []
      },
      "abilities": {
        "abilities": [
          "Limber",
          "OwnTempo"
        ],
        "hiddenAbilities": [
          "KeenEye"
        ]
      },
      "movement": {
        "rideable": false,
        "canFly": false,
        "canSurf": false,
        "canRideShoulder": false
      },
      "aggression": {
        "timid": 80,
        "passive": 0,
        "aggressive": 20
      },
      "battleStats": {
        "hp": 49,
        "attack": 55,
        "defense": 42,
        "specialAttack": 42,
        "specialDefense": 37,
        "speed": 85
      },
      "tags": [],
      "spawn": {
        "baseExp": 71,
        "baseFriendship": 70,
        "spawnLevel": 20,
        "spawnLevelRange": 17,
        "spawnLocations": [
          "LAND"
        ]
      },
      "possibleGenders": [
        "MALE",
        "FEMALE"
      ],
      "genderProperties": [
        {
          "gender": "ALL",
          "palettes": [
            {
              "name": "none",
              "texture": "pixelmon:pokemon/431_glameow/all/base/none/texture.png",
              "sprite": "pixelmon:pokemon/431_glameow/all/base/none/sprite.png",
              "particle": "",
              "modelLocator": {
                "factoryType": "NORMAL",
                "pqc": [
                  "pixelmon:pokemon/431_glameow/all/base/none/model.pqc"
                ]
              },
              "sounds": [
                "pixelmon.mob.glameow"
              ]
            },
            {
              "name": "shiny",
              "texture": "pixelmon:pokemon/431_glameow/all/base/shiny/texture.png",
              "sprite": "pixelmon:pokemon/431_glameow/all/base/shiny/sprite.png",
              "particle": "arcanery:shiny"
            },
			{
              "name": "anubis",
              "texture": "pixelmon:pokemon/431_glameow/all/base/custom-anubis/texture.png",
              "sprite": "pixelmon:pokemon/431_glameow/all/base/custom-anubis/sprite.png",
              "particle": ""
            },
			{
              "name": "halloween",
              "texture": "pixelmon:pokemon/431_glameow/all/base/custom-halloween/texture.png",
              "sprite": "pixelmon:pokemon/431_glameow/all/base/custom-halloween/sprite.png",
              "particle": ""
            },
			{
              "name": "purified 1",
              "texture": "pixelmon:pokemon/431_glameow/all/base/custom-purified1/texture.png",
              "sprite": "pixelmon:pokemon/431_glameow/all/base/custom-purified1/sprite.png",
              "particle": ""
            },
			{
              "name": "purified 2",
              "texture": "pixelmon:pokemon/431_glameow/all/base/custom-purified2/texture.png",
              "sprite": "pixelmon:pokemon/431_glameow/all/base/custom-purified2/sprite.png",
              "particle": ""
            }
          ]
        }
      ],
      "eggGroups": [
        "FIELD"
      ],
      "types": [
        "NORMAL"
      ],
      "preEvolutions": [],
      "defaultBaseForm": "",
      "megaItems": [],
      "megas": [],
      "gigantamax": {
        "canHaveFactor": false,
        "canGigantamax": false
      },
      "eggCycles": 21,
      "weight": 3.9,
      "catchRate": 190,
      "malePercentage": 0,
      "evolutions": [
        {
          "level": 38,
          "to": "Purugly",
          "conditions": [],
          "evoType": "leveling",
          "moves": [
            "Swagger"
          ]
        }
      ],
      "evYields": {
        "speed": 1
      }
    }
  ],
  "generation": 4
}
