{
  "name": "Purugly",
  "dex": 432,
  "defaultForms": [
    ""
  ],
  "forms": [
    {
      "name": "",
      "experienceGroup": "FAST",
      "dimensions": {
        "height": 1.3,
        "width": 1.2,
        "length": 1,
        "eyeHeight": 1.3,
        "hoverHeight": 1.3
      },
      "moves": {
        "levelUpMoves": [
          {
            "level": 0,
            "attacks": [
              "Fake Out",
              "Growl",
              "Scratch",
              "Swagger"
            ]
          },
          {
            "level": 5,
            "attacks": [
              "Scratch"
            ]
          },
          {
            "level": 8,
            "attacks": [
              "Growl"
            ]
          },
          {
            "level": 13,
            "attacks": [
              "Hypnosis"
            ]
          },
          {
            "level": 17,
            "attacks": [
              "Feint Attack"
            ]
          },
          {
            "level": 20,
            "attacks": [
              "Fury Swipes"
            ]
          },
          {
            "level": 25,
            "attacks": [
              "Charm"
            ]
          },
          {
            "level": 29,
            "attacks": [
              "Assist"
            ]
          },
          {
            "level": 32,
            "attacks": [
              "Captivate"
            ]
          },
          {
            "level": 37,
            "attacks": [
              "Slash"
            ]
          },
          {
            "level": 45,
            "attacks": [
              "Body Slam"
            ]
          },
          {
            "level": 52,
            "attacks": [
              "Attract"
            ]
          },
          {
            "level": 60,
            "attacks": [
              "Hone Claws"
            ]
          }
        ],
        "tutorMoves": [
          "Covet",
          "Foul Play",
          "Hyper Voice",
          "Iron Tail",
          "Knock Off",
          "Last Resort",
          "Shock Wave",
          "Snatch",
          "Snore",
          "Stomping Tantrum",
          "Super Fang",
          "Throat Chop",
          "Water Pulse"
        ],
        "eggMoves": [
          "Assurance",
          "Bite",
          "Fake Tears",
          "Flail",
          "Last Resort",
          "Quick Attack",
          "Sand Attack",
          "Snatch",
          "Tail Whip",
          "Wake-Up Slap"
        ],
        "tmMoves8": [],
        "trMoves": [],
        "hmMoves": [],
        "transferMoves": [
          "Cut",
          "Dig",
          "Endure",
          "Flash",
          "Fury Cutter",
          "Headbutt",
          "Mud-Slap",
          "Natural Gift",
          "Retaliate",
          "Rollout",
          "Secret Power",
          "Swift"
        ],
        "tmMoves7": [
          "Work Up",
          "Roar",
          "Toxic",
          "Hidden Power",
          "Sunny Day",
          "Taunt",
          "Hyper Beam",
          "Protect",
          "Rain Dance",
          "Frustration",
          "Thunderbolt",
          "Thunder",
          "Return",
          "Shadow Ball",
          "Double Team",
          "Aerial Ace",
          "Torment",
          "Facade",
          "Rest",
          "Attract",
          "Thief",
          "Round",
          "Echoed Voice",
          "Shadow Claw",
          "Payback",
          "Giga Impact",
          "Psych Up",
          "Bulldoze",
          "Dream Eater",
          "Swagger",
          "Sleep Talk",
          "U-turn",
          "Substitute",
          "Confide"
        ],
        "tmMoves6": [
          "Hone Claws",
          "Roar",
          "Toxic",
          "Hidden Power",
          "Sunny Day",
          "Taunt",
          "Hyper Beam",
          "Protect",
          "Rain Dance",
          "Frustration",
          "Thunderbolt",
          "Thunder",
          "Return",
          "Dig",
          "Shadow Ball",
          "Double Team",
          "Aerial Ace",
          "Torment",
          "Facade",
          "Rest",
          "Attract",
          "Thief",
          "Round",
          "Echoed Voice",
          "Shadow Claw",
          "Payback",
          "Retaliate",
          "Giga Impact",
          "Flash",
          "Psych Up",
          "Bulldoze",
          "Dream Eater",
          "Swagger",
          "Sleep Talk",
          "U-turn",
          "Substitute",
          "Secret Power",
          "Confide"
        ],
        "tmMoves5": [
          "Hone Claws",
          "Roar",
          "Toxic",
          "Hidden Power",
          "Sunny Day",
          "Taunt",
          "Hyper Beam",
          "Protect",
          "Rain Dance",
          "Frustration",
          "Thunderbolt",
          "Thunder",
          "Return",
          "Dig",
          "Shadow Ball",
          "Double Team",
          "Aerial Ace",
          "Torment",
          "Facade",
          "Rest",
          "Attract",
          "Thief",
          "Round",
          "Echoed Voice",
          "Shadow Claw",
          "Payback",
          "Retaliate",
          "Giga Impact",
          "Flash",
          "Psych Up",
          "Bulldoze",
          "Work Up",
          "Dream Eater",
          "Swagger",
          "U-turn",
          "Substitute"
        ],
        "tmMoves4": [
          "Water Pulse",
          "Roar",
          "Toxic",
          "Hidden Power",
          "Sunny Day",
          "Taunt",
          "Hyper Beam",
          "Protect",
          "Rain Dance",
          "Frustration",
          "Iron Tail",
          "Thunderbolt",
          "Thunder",
          "Return",
          "Dig",
          "Shadow Ball",
          "Double Team",
          "Shock Wave",
          "Aerial Ace",
          "Torment",
          "Facade",
          "Secret Power",
          "Rest",
          "Attract",
          "Thief",
          "Snatch",
          "Endure",
          "Shadow Claw",
          "Payback",
          "Giga Impact",
          "Flash",
          "Psych Up",
          "Captivate",
          "Sleep Talk",
          "Natural Gift",
          "Dream Eater",
          "Swagger",
          "U-turn",
          "Substitute"
        ],
        "tmMoves3": [],
        "tmMoves2": [],
        "tmMoves1": [],
        "tmMoves": []
      },
      "abilities": {
        "abilities": [
          "ThickFat",
          "OwnTempo"
        ],
        "hiddenAbilities": [
          "Defiant"
        ]
      },
      "movement": {
        "rideable": true,
        "canFly": false,
        "canSurf": false,
        "canRideShoulder": false,
        "ridingOffsets": {
          "standing": {
            "x": 0.0,
            "y": -0.4,
            "z": -0.6
          },
          "moving": {
            "x": 0.0,
            "y": -0.4,
            "z": -0.6
          }
        }
      },
      "aggression": {
        "timid": 80,
        "passive": 0,
        "aggressive": 20
      },
      "battleStats": {
        "hp": 71,
        "attack": 82,
        "defense": 64,
        "specialAttack": 64,
        "specialDefense": 59,
        "speed": 112
      },
      "tags": [],
      "spawn": {
        "baseExp": 183,
        "baseFriendship": 70,
        "spawnLevel": 39,
        "spawnLevelRange": 11,
        "spawnLocations": [
          "LAND"
        ]
      },
      "possibleGenders": [
        "MALE",
        "FEMALE"
      ],
      "genderProperties": [
        {
          "gender": "ALL",
          "palettes": [
            {
              "name": "none",
              "texture": "pixelmon:pokemon/432_purugly/all/base/none/texture.png",
              "sprite": "pixelmon:pokemon/432_purugly/all/base/none/sprite.png",
              "particle": "",
              "modelLocator": {
                "factoryType": "NORMAL",
                "pqc": [
                  "pixelmon:pokemon/432_purugly/all/base/none/model.pqc"
                ]
              },
              "sounds": [
                "pixelmon.mob.purugly"
              ]
            },
            {
              "name": "shiny",
              "texture": "pixelmon:pokemon/432_purugly/all/base/shiny/texture.png",
              "sprite": "pixelmon:pokemon/432_purugly/all/base/shiny/sprite.png",
              "particle": "arcanery:shiny"
            },
			{
              "name": "anubis",
              "texture": "pixelmon:pokemon/432_purugly/all/base/custom-anubis/texture.png",
              "sprite": "pixelmon:pokemon/432_purugly/all/base/custom-anubis/sprite.png",
              "particle": ""
            },
			{
              "name": "dark",
              "texture": "pixelmon:pokemon/432_purugly/all/base/custom-dark/texture.png",
              "sprite": "pixelmon:pokemon/432_purugly/all/base/custom-dark/sprite.png",
              "particle": ""
            },
			{
              "name": "halloween",
              "texture": "pixelmon:pokemon/432_purugly/all/base/custom-halloween/texture.png",
              "sprite": "pixelmon:pokemon/432_purugly/all/base/custom-halloween/sprite.png",
              "particle": ""
            },
			{
              "name": "meme 1",
              "texture": "pixelmon:pokemon/432_purugly/all/base/custom-meme1/texture.png",
              "sprite": "pixelmon:pokemon/432_purugly/all/base/custom-meme1/sprite.png",
              "particle": ""
            },
			{
              "name": "meme 2",
              "texture": "pixelmon:pokemon/432_purugly/all/base/custom-meme2/texture.png",
              "sprite": "pixelmon:pokemon/432_purugly/all/base/custom-meme2/sprite.png",
              "particle": ""
            },
			{
              "name": "purified 1",
              "texture": "pixelmon:pokemon/432_purugly/all/base/custom-purified1/texture.png",
              "sprite": "pixelmon:pokemon/432_purugly/all/base/custom-purified1/sprite.png",
              "particle": ""
            },
			{
              "name": "purified 2",
              "texture": "pixelmon:pokemon/432_purugly/all/base/custom-purified2/texture.png",
              "sprite": "pixelmon:pokemon/432_purugly/all/base/custom-purified2/sprite.png",
              "particle": ""
            }
          ]
        }
      ],
      "eggGroups": [
        "FIELD"
      ],
      "types": [
        "NORMAL"
      ],
      "preEvolutions": [
        "Glameow"
      ],
      "defaultBaseForm": "",
      "megaItems": [],
      "megas": [],
      "gigantamax": {
        "canHaveFactor": false,
        "canGigantamax": false
      },
      "eggCycles": 21,
      "weight": 43.8,
      "catchRate": 75,
      "malePercentage": 0,
      "evolutions": [],
      "evYields": {
        "speed": 2
      }
    }
  ],
  "generation": 4
}
