{
  "name": "Chingling",
  "dex": 433,
  "defaultForms": [
    ""
  ],
  "forms": [
    {
      "name": "",
      "experienceGroup": "FAST",
      "dimensions": {
        "height": 0.2,
        "width": 0.2,
        "length": 1,
        "eyeHeight": 0.2,
        "hoverHeight": 0.2
      },
      "moves": {
        "levelUpMoves": [
          {
            "level": 0,
            "attacks": [
              "Wrap"
            ]
          },
          {
            "level": 4,
            "attacks": [
              "Growl"
            ]
          },
          {
            "level": 7,
            "attacks": [
              "Astonish"
            ]
          },
          {
            "level": 10,
            "attacks": [
              "Confusion"
            ]
          },
          {
            "level": 13,
            "attacks": [
              "Yawn"
            ]
          },
          {
            "level": 16,
            "attacks": [
              "Last Resort"
            ]
          },
          {
            "level": 19,
            "attacks": [
              "Entrainment"
            ]
          },
          {
            "level": 32,
            "attacks": [
              "Uproar"
            ]
          }
        ],
        "tutorMoves": [
          "Ally Switch",
          "Bind",
          "Gravity",
          "Heal Bell",
          "Helping Hand",
          "Hyper Voice",
          "Icy Wind",
          "Knock Off",
          "Last Resort",
          "Magic Coat",
          "Recycle",
          "Shock Wave",
          "Signal Beam",
          "Skill Swap",
          "Snatch",
          "Snore",
          "Telekinesis",
          "Trick",
          "Uproar",
          "Zen Headbutt"
        ],
        "eggMoves": [
          "Cosmic Power",
          "Curse",
          "Disable",
          "Future Sight",
          "Hypnosis",
          "Recover",
          "Skill Swap",
          "Stored Power",
          "Wish"
        ],
        "tmMoves8": [],
        "trMoves": [],
        "hmMoves": [],
        "transferMoves": [
          "Captivate",
          "Endure",
          "Flash",
          "Natural Gift",
          "Rollout",
          "Secret Power",
          "Swift"
        ],
        "tmMoves7": [
          "Psyshock",
          "Calm Mind",
          "Toxic",
          "Hidden Power",
          "Sunny Day",
          "Taunt",
          "Light Screen",
          "Protect",
          "Rain Dance",
          "Safeguard",
          "Frustration",
          "Return",
          "Psychic",
          "Shadow Ball",
          "Double Team",
          "Reflect",
          "Torment",
          "Facade",
          "Rest",
          "Attract",
          "Round",
          "Echoed Voice",
          "Charge Beam",
          "Thunder Wave",
          "Psych Up",
          "Dream Eater",
          "Grass Knot",
          "Swagger",
          "Sleep Talk",
          "Substitute",
          "Trick Room",
          "Dazzling Gleam",
          "Confide"
        ],
        "tmMoves6": [
          "Psyshock",
          "Calm Mind",
          "Toxic",
          "Hidden Power",
          "Sunny Day",
          "Taunt",
          "Light Screen",
          "Protect",
          "Rain Dance",
          "Safeguard",
          "Frustration",
          "Return",
          "Psychic",
          "Shadow Ball",
          "Double Team",
          "Reflect",
          "Torment",
          "Facade",
          "Rest",
          "Attract",
          "Round",
          "Echoed Voice",
          "Charge Beam",
          "Flash",
          "Thunder Wave",
          "Psych Up",
          "Dream Eater",
          "Grass Knot",
          "Swagger",
          "Sleep Talk",
          "Substitute",
          "Trick Room",
          "Secret Power",
          "Dazzling Gleam",
          "Confide"
        ],
        "tmMoves5": [
          "Psyshock",
          "Calm Mind",
          "Toxic",
          "Hidden Power",
          "Sunny Day",
          "Taunt",
          "Light Screen",
          "Protect",
          "Rain Dance",
          "Telekinesis",
          "Safeguard",
          "Frustration",
          "Return",
          "Psychic",
          "Shadow Ball",
          "Double Team",
          "Reflect",
          "Torment",
          "Facade",
          "Rest",
          "Attract",
          "Round",
          "Echoed Voice",
          "Charge Beam",
          "Flash",
          "Thunder Wave",
          "Psych Up",
          "Dream Eater",
          "Grass Knot",
          "Swagger",
          "Substitute",
          "Trick Room"
        ],
        "tmMoves4": [
          "Calm Mind",
          "Toxic",
          "Hidden Power",
          "Sunny Day",
          "Taunt",
          "Light Screen",
          "Protect",
          "Rain Dance",
          "Safeguard",
          "Frustration",
          "Return",
          "Psychic",
          "Shadow Ball",
          "Double Team",
          "Reflect",
          "Shock Wave",
          "Torment",
          "Facade",
          "Secret Power",
          "Rest",
          "Attract",
          "Skill Swap",
          "Snatch",
          "Charge Beam",
          "Endure",
          "Recycle",
          "Flash",
          "Thunder Wave",
          "Psych Up",
          "Captivate",
          "Sleep Talk",
          "Natural Gift",
          "Dream Eater",
          "Grass Knot",
          "Swagger",
          "Substitute",
          "Trick Room"
        ],
        "tmMoves3": [],
        "tmMoves2": [],
        "tmMoves1": [],
        "tmMoves": []
      },
      "abilities": {
        "abilities": [
          "Levitate"
        ],
        "hiddenAbilities": []
      },
      "movement": {
        "rideable": false,
        "canFly": false,
        "canSurf": false,
        "canRideShoulder": false
      },
      "aggression": {
        "timid": 80,
        "passive": 0,
        "aggressive": 20
      },
      "battleStats": {
        "hp": 45,
        "attack": 30,
        "defense": 50,
        "specialAttack": 65,
        "specialDefense": 50,
        "speed": 45
      },
      "tags": [],
      "spawn": {
        "baseExp": 74,
        "baseFriendship": 70,
        "spawnLevel": 20,
        "spawnLevelRange": 5,
        "spawnLocations": [
          "LAND"
        ]
      },
      "possibleGenders": [
        "MALE",
        "FEMALE"
      ],
      "genderProperties": [
        {
          "gender": "ALL",
          "palettes": [
            {
              "name": "none",
              "texture": "pixelmon:pokemon/433_chingling/all/base/none/texture.png",
              "sprite": "pixelmon:pokemon/433_chingling/all/base/none/sprite.png",
              "particle": "",
              "modelLocator": {
                "factoryType": "NORMAL",
                "pqc": [
                  "pixelmon:pokemon/433_chingling/all/base/none/model.pqc"
                ],
                "movementThreshold": 0.03
              },
              "sounds": [
                "pixelmon.mob.chingling"
              ]
            },
            {
              "name": "shiny",
              "texture": "pixelmon:pokemon/433_chingling/all/base/shiny/texture.png",
              "sprite": "pixelmon:pokemon/433_chingling/all/base/shiny/sprite.png",
              "particle": "arcanery:shiny"
            },
			{
              "name": "decorakei",
              "texture": "pixelmon:pokemon/433_chingling/all/base/custom-decorakei/texture.png",
              "sprite": "pixelmon:pokemon/433_chingling/all/base/custom-decorakei/sprite.png",
              "particle": ""
            },
			{
              "name": "halloween",
              "texture": "pixelmon:pokemon/433_chingling/all/base/custom-halloween/texture.png",
              "sprite": "pixelmon:pokemon/433_chingling/all/base/custom-halloween/sprite.png",
              "particle": ""
            }
          ]
        }
      ],
      "eggGroups": [
        "AMORPHOUS"
      ],
      "types": [
        "PSYCHIC"
      ],
      "preEvolutions": [],
      "defaultBaseForm": "",
      "megaItems": [],
      "megas": [],
      "gigantamax": {
        "canHaveFactor": false,
        "canGigantamax": false
      },
      "eggCycles": 26,
      "weight": 0.6,
      "catchRate": 120,
      "malePercentage": 0,
      "evolutions": [
        {
          "to": "Chimecho",
          "conditions": [
            {
              "friendship": 220,
              "evoConditionType": "friendship"
            },
            {
              "time": "NIGHT",
              "evoConditionType": "time"
            }
          ],
          "evoType": "leveling"
        }
      ],
      "evYields": {
        "specialAttack": 1
      }
    }
  ],
  "generation": 4
}
