{
  "name": "Happiny",
  "dex": 440,
  "defaultForms": [
    ""
  ],
  "forms": [
    {
      "name": "",
      "experienceGroup": "FAST",
      "dimensions": {
        "height": 0.6,
        "width": 0.5,
        "length": 1,
        "eyeHeight": 0.6,
        "hoverHeight": 0.6
      },
      "moves": {
        "levelUpMoves": [
          {
            "level": 0,
            "attacks": [
              "Copycat",
              "Minimize",
              "Pound"
            ]
          },
          {
            "level": 4,
            "attacks": [
              "Defense Curl"
            ]
          },
          {
            "level": 8,
            "attacks": [
              "Sweet Kiss"
            ]
          },
          {
            "level": 12,
            "attacks": [
              "Disarming Voice"
            ]
          },
          {
            "level": 16,
            "attacks": [
              "Covet"
            ]
          },
          {
            "level": 20,
            "attacks": [
              "Charm"
            ]
          }
        ],
        "tutorMoves": [],
        "eggMoves": [
          "Aromatherapy",
          "Gravity",
          "Present",
          "Seismic Toss"
        ],
        "tmMoves8": [
          "Solar Beam",
          "Thunder Wave",
          "Light Screen",
          "Safeguard",
          "Rest",
          "Snore",
          "Protect",
          "Icy Wind",
          "Charm",
          "Attract",
          "Rain Dance",
          "Sunny Day",
          "Hail",
          "Facade",
          "Helping Hand",
          "Fling",
          "Drain Punch",
          "Round"
        ],
        "trMoves": [
          "Flamethrower",
          "Psychic",
          "Metronome",
          "Fire Blast",
          "Substitute",
          "Endure",
          "Sleep Talk",
          "Shadow Ball",
          "Uproar",
          "Hyper Voice",
          "Zen Headbutt",
          "Grass Knot",
          "Stored Power",
          "Work Up"
        ],
        "hmMoves": [],
        "transferMoves": [
          "Captivate",
          "Confide",
          "Counter",
          "Double Team",
          "Dream Eater",
          "Echoed Voice",
          "Endeavor",
          "Flash",
          "Frustration",
          "Headbutt",
          "Heal Bell",
          "Hidden Power",
          "Incinerate",
          "Last Resort",
          "Mud Bomb",
          "Mud-Slap",
          "Natural Gift",
          "Psych Up",
          "Recycle",
          "Refresh",
          "Return",
          "Rollout",
          "Secret Power",
          "Shock Wave",
          "Swagger",
          "Toxic",
          "Water Pulse"
        ],
        "tmMoves7": [
          "Work Up",
          "Toxic",
          "Hail",
          "Hidden Power",
          "Sunny Day",
          "Light Screen",
          "Protect",
          "Rain Dance",
          "Safeguard",
          "Frustration",
          "Solar Beam",
          "Return",
          "Psychic",
          "Shadow Ball",
          "Double Team",
          "Flamethrower",
          "Fire Blast",
          "Facade",
          "Rest",
          "Attract",
          "Round",
          "Echoed Voice",
          "Fling",
          "Thunder Wave",
          "Psych Up",
          "Dream Eater",
          "Grass Knot",
          "Swagger",
          "Sleep Talk",
          "Substitute",
          "Confide"
        ],
        "tmMoves6": [
          "Toxic",
          "Hail",
          "Hidden Power",
          "Sunny Day",
          "Light Screen",
          "Protect",
          "Rain Dance",
          "Safeguard",
          "Frustration",
          "Solar Beam",
          "Return",
          "Psychic",
          "Shadow Ball",
          "Double Team",
          "Flamethrower",
          "Fire Blast",
          "Facade",
          "Rest",
          "Attract",
          "Round",
          "Echoed Voice",
          "Fling",
          "Incinerate",
          "Flash",
          "Thunder Wave",
          "Psych Up",
          "Dream Eater",
          "Grass Knot",
          "Swagger",
          "Sleep Talk",
          "Substitute",
          "Secret Power",
          "Confide"
        ],
        "tmMoves5": [
          "Toxic",
          "Hail",
          "Hidden Power",
          "Sunny Day",
          "Light Screen",
          "Protect",
          "Rain Dance",
          "Safeguard",
          "Frustration",
          "Solar Beam",
          "Return",
          "Psychic",
          "Shadow Ball",
          "Double Team",
          "Flamethrower",
          "Fire Blast",
          "Facade",
          "Rest",
          "Attract",
          "Round",
          "Echoed Voice",
          "Fling",
          "Incinerate",
          "Flash",
          "Thunder Wave",
          "Psych Up",
          "Work Up",
          "Dream Eater",
          "Grass Knot",
          "Swagger",
          "Substitute"
        ],
        "tmMoves4": [
          "Water Pulse",
          "Toxic",
          "Hail",
          "Hidden Power",
          "Sunny Day",
          "Light Screen",
          "Protect",
          "Rain Dance",
          "Safeguard",
          "Frustration",
          "Solar Beam",
          "Return",
          "Psychic",
          "Shadow Ball",
          "Double Team",
          "Shock Wave",
          "Flamethrower",
          "Fire Blast",
          "Facade",
          "Secret Power",
          "Rest",
          "Attract",
          "Fling",
          "Endure",
          "Drain Punch",
          "Recycle",
          "Flash",
          "Thunder Wave",
          "Psych Up",
          "Captivate",
          "Sleep Talk",
          "Natural Gift",
          "Dream Eater",
          "Grass Knot",
          "Swagger",
          "Substitute"
        ],
        "tmMoves3": [],
        "tmMoves2": [],
        "tmMoves1": [],
        "tmMoves": []
      },
      "abilities": {
        "abilities": [
          "NaturalCure",
          "SereneGrace"
        ],
        "hiddenAbilities": [
          "FriendGuard"
        ]
      },
      "movement": {
        "rideable": false,
        "canFly": false,
        "canSurf": false,
        "canRideShoulder": false
      },
      "aggression": {
        "timid": 80,
        "passive": 0,
        "aggressive": 20
      },
      "battleStats": {
        "hp": 100,
        "attack": 5,
        "defense": 5,
        "specialAttack": 15,
        "specialDefense": 65,
        "speed": 30
      },
      "tags": [],
      "spawn": {
        "baseExp": 255,
        "baseFriendship": 140,
        "spawnLevel": 5,
        "spawnLevelRange": 10,
        "spawnLocations": [
          "LAND"
        ]
      },
      "possibleGenders": [
        "MALE",
        "FEMALE"
      ],
      "genderProperties": [
        {
          "gender": "ALL",
          "palettes": [
            {
              "name": "none",
              "texture": "pixelmon:pokemon/440_happiny/all/base/none/texture.png",
              "sprite": "pixelmon:pokemon/440_happiny/all/base/none/sprite.png",
              "particle": "",
              "modelLocator": {
                "factoryType": "NORMAL",
                "pqc": [
                  "pixelmon:pokemon/440_happiny/all/base/none/model.pqc"
                ]
              },
              "sounds": [
                "pixelmon.mob.happiny",
                "pixelmon.mob.happiny"
              ]
            },
            {
              "name": "shiny",
              "texture": "pixelmon:pokemon/440_happiny/all/base/shiny/texture.png",
              "sprite": "pixelmon:pokemon/440_happiny/all/base/shiny/sprite.png",
              "particle": "arcanery:shiny"
            },
            {
              "name": "valencian",
              "texture": "pixelmon:pokemon/440_happiny/all/base/valencian/texture.png",
              "sprite": "pixelmon:pokemon/440_happiny/all/base/valencian/sprite.png",
              "particle": ""
            },
			{
              "name": "easter 1",
              "texture": "pixelmon:pokemon/440_happiny/all/base/custom-easter1/texture.png",
              "sprite": "pixelmon:pokemon/440_happiny/all/base/custom-easter1/sprite.png",
              "particle": ""
            },
			{
              "name": "easter 2",
              "texture": "pixelmon:pokemon/440_happiny/all/base/custom-easter2/texture.png",
              "sprite": "pixelmon:pokemon/440_happiny/all/base/custom-easter2/sprite.png",
              "particle": ""
            },
			{
              "name": "easter 3",
              "texture": "pixelmon:pokemon/440_happiny/all/base/custom-easter3/texture.png",
              "sprite": "pixelmon:pokemon/440_happiny/all/base/custom-easter3/sprite.png",
              "particle": ""
            },
			{
              "name": "shadow",
              "texture": "pixelmon:pokemon/440_happiny/all/base/custom-shadow/texture.png",
              "sprite": "pixelmon:pokemon/440_happiny/all/base/custom-shadow/sprite.png",
              "particle": ""
            }
          ]
        }
      ],
      "eggGroups": [
        "FAIRY"
      ],
      "types": [
        "NORMAL"
      ],
      "preEvolutions": [],
      "defaultBaseForm": "",
      "megaItems": [],
      "megas": [],
      "gigantamax": {
        "canHaveFactor": false,
        "canGigantamax": false
      },
      "eggCycles": 41,
      "weight": 24.4,
      "catchRate": 130,
      "malePercentage": 0,
      "evolutions": [
        {
          "to": "Chansey",
          "conditions": [
            {
              "item": {
                "itemID": "pixelmon:oval_stone"
              },
              "evoConditionType": "heldItem"
            },
            {
              "time": "DAY",
              "evoConditionType": "time"
            }
          ],
          "evoType": "leveling"
        }
      ],
      "evYields": {
        "hp": 1
      }
    }
  ],
  "generation": 4
}
