{
  "name": "Chatot",
  "dex": 441,
  "defaultForms": [
    ""
  ],
  "forms": [
    {
      "name": "",
      "experienceGroup": "MEDIUM_SLOW",
      "dimensions": {
        "height": 0.55,
        "width": 0.7,
        "length": 1,
        "eyeHeight": 0.55,
        "hoverHeight": 0.55
      },
      "moves": {
        "levelUpMoves": [
          {
            "level": 0,
            "attacks": [
              "Chatter",
              "Confide",
              "Hyper Voice",
              "Peck",
              "Taunt"
            ]
          },
          {
            "level": 5,
            "attacks": [
              "Growl"
            ]
          },
          {
            "level": 9,
            "attacks": [
              "Mirror Move"
            ]
          },
          {
            "level": 13,
            "attacks": [
              "Sing"
            ]
          },
          {
            "level": 17,
            "attacks": [
              "Fury Attack"
            ]
          },
          {
            "level": 21,
            "attacks": [
              "Chatter"
            ]
          },
          {
            "level": 25,
            "attacks": [
              "Taunt"
            ]
          },
          {
            "level": 29,
            "attacks": [
              "Round"
            ]
          },
          {
            "level": 33,
            "attacks": [
              "Mimic"
            ]
          },
          {
            "level": 37,
            "attacks": [
              "Echoed Voice"
            ]
          },
          {
            "level": 41,
            "attacks": [
              "Roost"
            ]
          },
          {
            "level": 45,
            "attacks": [
              "Uproar"
            ]
          },
          {
            "level": 49,
            "attacks": [
              "Synchronoise"
            ]
          },
          {
            "level": 50,
            "attacks": [
              "Feather Dance"
            ]
          },
          {
            "level": 57,
            "attacks": [
              "Hyper Voice"
            ]
          }
        ],
        "tutorMoves": [
          "Defog",
          "Heat Wave",
          "Hyper Voice",
          "Role Play",
          "Sky Attack",
          "Snore",
          "Tailwind",
          "Uproar"
        ],
        "eggMoves": [
          "Agility",
          "Air Cutter",
          "Boomburst",
          "Defog",
          "Encore",
          "Nasty Plot",
          "Night Shade",
          "Sleep Talk",
          "Steel Wing",
          "Supersonic"
        ],
        "tmMoves8": [

        ],
        "trMoves": [

        ],
        "hmMoves": [

        ],
        "transferMoves": [
          "Captivate",
          "Endure",
          "Mud-Slap",
          "Natural Gift",
          "Ominous Wind",
          "Pluck",
          "Secret Power",
          "Swift",
          "Twister"
        ],
        "tmMoves7": [
          "Work Up",
          "Toxic",
          "Hidden Power",
          "Sunny Day",
          "Taunt",
          "Protect",
          "Rain Dance",
          "Roost",
          "Frustration",
          "Return",
          "Double Team",
          "Aerial Ace",
          "Torment",
          "Facade",
          "Rest",
          "Attract",
          "Thief",
          "Round",
          "Echoed Voice",
          "Steel Wing",
          "Fly",
          "Swagger",
          "Sleep Talk",
          "U-turn",
          "Substitute",
          "Confide"
        ],
        "tmMoves6": [
          "Toxic",
          "Hidden Power",
          "Sunny Day",
          "Taunt",
          "Protect",
          "Rain Dance",
          "Roost",
          "Frustration",
          "Return",
          "Double Team",
          "Aerial Ace",
          "Torment",
          "Facade",
          "Rest",
          "Attract",
          "Thief",
          "Round",
          "Echoed Voice",
          "Steel Wing",
          "Swagger",
          "Sleep Talk",
          "U-turn",
          "Substitute",
          "Secret Power",
          "Confide"
        ],
        "tmMoves5": [
          "Toxic",
          "Hidden Power",
          "Sunny Day",
          "Taunt",
          "Protect",
          "Rain Dance",
          "Frustration",
          "Return",
          "Double Team",
          "Aerial Ace",
          "Torment",
          "Facade",
          "Rest",
          "Attract",
          "Thief",
          "Round",
          "Echoed Voice",
          "Work Up",
          "Swagger",
          "Pluck",
          "U-turn",
          "Substitute"
        ],
        "tmMoves4": [
          "Toxic",
          "Hidden Power",
          "Sunny Day",
          "Taunt",
          "Protect",
          "Rain Dance",
          "Frustration",
          "Return",
          "Double Team",
          "Aerial Ace",
          "Torment",
          "Facade",
          "Secret Power",
          "Rest",
          "Attract",
          "Thief",
          "Steel Wing",
          "Roost",
          "Endure",
          "Captivate",
          "Sleep Talk",
          "Natural Gift",
          "Swagger",
          "Pluck",
          "U-turn",
          "Substitute"
        ],
        "tmMoves3": [

        ],
        "tmMoves2": [

        ],
        "tmMoves1": [

        ],
        "tmMoves": [

        ]
      },
      "abilities": {
        "abilities": [
          "KeenEye",
          "TangledFeet"
        ],
        "hiddenAbilities": [
          "BigPecks"
        ]
      },
      "movement": {
        "rideable": true,
        "canFly": true,
        "canSurf": false,
        "canRideShoulder": false,
        "ridingOffsets": {
          "standing": {
            "x": 0.0,
            "y": -0.6,
            "z": -0.3
          },
          "moving": {
            "x": 0.0,
            "y": -2.1,
            "z": 0.0
          }
        },
        "flyingParameters": {
          "flyHeightMin": 0,
          "flyHeightMax": 10,
          "flySpeedModifier": 1.0,
          "flyRefreshRateY": 80,
          "flyRefreshRateXZ": 100,
          "flyRefreshRateSpeed": 100,
          "flightTimeMin": 0,
          "flightTimeMax": 20,
          "flapRate": 5,
          "landingMaterials": "LEAVES_AND_GRASS"
        },
        "mountedFlyingParameters": {
          "type": "pixelmon:default",
          "upper_angle_limit": 20,
          "lower_angle_limit": -20,
          "max_fly_speed": 1,
          "deceleration_rate": 0.07,
          "hover_deceleration_rate": 0.09,
          "acceleration_rate": 0.07,
          "strafe_acceleration_rate": 0.08,
          "strafe_roll_conversion": 30,
          "turn_rate": 0.5,
          "pitch_rate": 0.8,
          "stays_horizontal_flying": true,
          "gravity_drop_per_tick": 0.005,
          "continuous_forward_motion": true,
          "continuous_forward_motion_ticks": 5,
          "flying_stamina_charges": 3,
          "hover_ticks": 100
        }
      },
      "aggression": {
        "timid": 80,
        "passive": 0,
        "aggressive": 20
      },
      "battleStats": {
        "hp": 76,
        "attack": 65,
        "defense": 45,
        "specialAttack": 92,
        "specialDefense": 42,
        "speed": 91
      },
      "tags": [

      ],
      "spawn": {
        "baseExp": 107,
        "baseFriendship": 35,
        "spawnLevel": 5,
        "spawnLevelRange": 25,
        "spawnLocations": [
          "AIR"
        ]
      },
      "possibleGenders": [
        "MALE",
        "FEMALE"
      ],
      "genderProperties": [
        {
          "gender": "ALL",
          "palettes": [
            {
              "name": "none",
              "texture": "pixelmon:pokemon/441_chatot/all/base/none/texture.png",
              "sprite": "pixelmon:pokemon/441_chatot/all/base/none/sprite.png",
              "particle": "",
              "modelLocator": {
                "factoryType": "NORMAL",
                "pqc": [
                  "pixelmon:pokemon/441_chatot/all/base/none/model.pqc"
                ],
                "animationIncrement": 1.5,
                "movementThreshold": 0.02
              },
              "flyingModelLocator": {
                "factoryType": "NORMAL",
                "pqc": [
                  "pixelmon:pokemon/441_chatot/all/base/none/flying/model.pqc"
                ],
                "animationIncrement": 1.5,
                "movementThreshold": 0.02
              },
              "sounds": [
                "pixelmon.mob.chatot"
              ]
            },
            {
              "name": "shiny",
              "texture": "pixelmon:pokemon/441_chatot/all/base/shiny/texture.png",
              "sprite": "pixelmon:pokemon/441_chatot/all/base/shiny/sprite.png",
              "particle": "arcanery:shiny"
            },
			{
              "name": "dream",
              "texture": "pixelmon:pokemon/441_chatot/all/base/custom-dream/texture.png",
			  "emissive": "pixelmon:pokemon/441_chatot/all/base/custom-dream/emissive.png",
              "sprite": "pixelmon:pokemon/441_chatot/all/base/custom-dream/sprite.png",
              "particle": ""
            },
			{
              "name": "halloween",
              "texture": "pixelmon:pokemon/441_chatot/all/base/custom-halloween/texture.png",
              "sprite": "pixelmon:pokemon/441_chatot/all/base/custom-halloween/sprite.png",
              "particle": ""
            }
          ]
        }
      ],
      "eggGroups": [
        "FLYING"
      ],
      "types": [
        "NORMAL",
        "FLYING"
      ],
      "preEvolutions": [

      ],
      "defaultBaseForm": "",
      "megaItems": [

      ],
      "megas": [

      ],
      "gigantamax": {
        "canHaveFactor": false,
        "canGigantamax": false
      },
      "eggCycles": 21,
      "weight": 1.9,
      "catchRate": 30,
      "malePercentage": 0,
      "evolutions": [

      ],
      "evYields": {
        "attack": 1
      }
    }
  ],
  "generation": 4
}
