{
  "name": "Gabite",
  "dex": 444,
  "defaultForms": [
    ""
  ],
  "forms": [
    {
      "name": "",
      "experienceGroup": "SLOW",
      "dimensions": {
        "height": 1.1,
        "width": 1.0,
        "length": 1,
        "eyeHeight": 1.1,
        "hoverHeight": 1.1
      },
      "moves": {
        "levelUpMoves": [
          {
            "level": 0,
            "attacks": [
              "Dragon Breath",
              "Dual Chop",
              "Sand Attack",
              "Sand Tomb",
              "Tackle"
            ]
          },
          {
            "level": 18,
            "attacks": [
              "Bulldoze"
            ]
          },
          {
            "level": 27,
            "attacks": [
              "Bite"
            ]
          },
          {
            "level": 34,
            "attacks": [
              "Slash"
            ]
          },
          {
            "level": 42,
            "attacks": [
              "Dragon Claw"
            ]
          },
          {
            "level": 50,
            "attacks": [
              "Dig"
            ]
          },
          {
            "level": 58,
            "attacks": [
              "Sandstorm"
            ]
          },
          {
            "level": 66,
            "attacks": [
              "Take Down"
            ]
          },
          {
            "level": 74,
            "attacks": [
              "Dragon Rush"
            ]
          }
        ],
        "tutorMoves": [
          "Draco Meteor",
          "Scale Shot",
          "Scorching Sands"
        ],
        "eggMoves": [
          "Body Slam",
          "Double-Edge",
          "Dragon Breath",
          "Iron Head",
          "Iron Tail",
          "Metal Claw",
          "Mud Shot",
          "Outrage",
          "Rock Climb",
          "Sand Tomb",
          "Scary Face",
          "Thrash",
          "Twister"
        ],
        "tmMoves8": [
          "Dig",
          "Rest",
          "Rock Slide",
          "Snore",
          "Protect",
          "Scary Face",
          "Attract",
          "Sandstorm",
          "Rain Dance",
          "Sunny Day",
          "Facade",
          "Swift",
          "Rock Tomb",
          "Sand Tomb",
          "Mud Shot",
          "Shadow Claw",
          "Round",
          "Bulldoze"
        ],
        "trMoves": [
          "Body Slam",
          "Flamethrower",
          "Earthquake",
          "Fire Blast",
          "Substitute",
          "Outrage",
          "Endure",
          "Sleep Talk",
          "Iron Tail",
          "Dragon Claw",
          "Dragon Pulse",
          "Earth Power",
          "Iron Head",
          "Stone Edge",
          "Stealth Rock"
        ],
        "hmMoves": [],
        "transferMoves": [
          "Aerial Ace",
          "Captivate",
          "Confide",
          "Cut",
          "Double Team",
          "Dragon Rage",
          "Frustration",
          "Fury Cutter",
          "Headbutt",
          "Hidden Power",
          "Hone Claws",
          "Incinerate",
          "Laser Focus",
          "Mud-Slap",
          "Natural Gift",
          "Return",
          "Roar",
          "Rock Climb",
          "Rock Smash",
          "Secret Power",
          "Strength",
          "Swagger",
          "Toxic"
        ],
        "tmMoves7": [
          "Dragon Claw",
          "Roar",
          "Toxic",
          "Hidden Power",
          "Sunny Day",
          "Protect",
          "Rain Dance",
          "Frustration",
          "Earthquake",
          "Return",
          "Double Team",
          "Flamethrower",
          "Sandstorm",
          "Fire Blast",
          "Rock Tomb",
          "Aerial Ace",
          "Facade",
          "Rest",
          "Attract",
          "Round",
          "Shadow Claw",
          "Stone Edge",
          "Bulldoze",
          "Rock Slide",
          "Swagger",
          "Sleep Talk",
          "Substitute",
          "Confide"
        ],
        "tmMoves6": [
          "Hone Claws",
          "Dragon Claw",
          "Roar",
          "Toxic",
          "Hidden Power",
          "Sunny Day",
          "Protect",
          "Rain Dance",
          "Frustration",
          "Earthquake",
          "Return",
          "Dig",
          "Double Team",
          "Flamethrower",
          "Sandstorm",
          "Fire Blast",
          "Rock Tomb",
          "Aerial Ace",
          "Facade",
          "Rest",
          "Attract",
          "Round",
          "Incinerate",
          "Shadow Claw",
          "Stone Edge",
          "Bulldoze",
          "Rock Slide",
          "Swagger",
          "Sleep Talk",
          "Substitute",
          "Secret Power",
          "Confide"
        ],
        "tmMoves5": [
          "Hone Claws",
          "Dragon Claw",
          "Roar",
          "Toxic",
          "Hidden Power",
          "Sunny Day",
          "Protect",
          "Rain Dance",
          "Frustration",
          "Earthquake",
          "Return",
          "Dig",
          "Double Team",
          "Flamethrower",
          "Sandstorm",
          "Fire Blast",
          "Rock Tomb",
          "Aerial Ace",
          "Facade",
          "Rest",
          "Attract",
          "Round",
          "Incinerate",
          "Shadow Claw",
          "Stone Edge",
          "Bulldoze",
          "Rock Slide",
          "Swagger",
          "Substitute",
          "Rock Smash"
        ],
        "tmMoves4": [
          "Dragon Claw",
          "Roar",
          "Toxic",
          "Hidden Power",
          "Sunny Day",
          "Protect",
          "Rain Dance",
          "Frustration",
          "Iron Tail",
          "Earthquake",
          "Return",
          "Dig",
          "Double Team",
          "Flamethrower",
          "Sandstorm",
          "Fire Blast",
          "Rock Tomb",
          "Aerial Ace",
          "Facade",
          "Secret Power",
          "Rest",
          "Attract",
          "Endure",
          "Dragon Pulse",
          "Shadow Claw",
          "Stone Edge",
          "Stealth Rock",
          "Captivate",
          "Rock Slide",
          "Sleep Talk",
          "Natural Gift",
          "Swagger",
          "Substitute"
        ],
        "tmMoves3": [],
        "tmMoves2": [],
        "tmMoves1": [],
        "tmMoves": []
      },
      "abilities": {
        "abilities": [
          "SandVeil"
        ],
        "hiddenAbilities": [
          "RoughSkin"
        ]
      },
      "movement": {
        "rideable": true,
        "canFly": false,
        "canSurf": false,
        "canRideShoulder": false,
        "ridingOffsets": {
          "standing": {
            "x": 0.0,
            "y": -1.1,
            "z": -0.22
          },
          "moving": {
            "x": 0.0,
            "y": -1.1,
            "z": -0.22
          }
        }
      },
      "aggression": {
        "timid": 80,
        "passive": 0,
        "aggressive": 20
      },
      "battleStats": {
        "hp": 68,
        "attack": 90,
        "defense": 65,
        "specialAttack": 50,
        "specialDefense": 55,
        "speed": 82
      },
      "tags": [],
      "spawn": {
        "baseExp": 144,
        "baseFriendship": 70,
        "spawnLevel": 25,
        "spawnLevelRange": 17,
        "spawnLocations": [
          "LAND",
          "UNDERGROUND"
        ]
      },
      "possibleGenders": [
        "MALE",
        "FEMALE"
      ],
      "genderProperties": [
        {
          "gender": "ALL",
          "palettes": [
            {
              "name": "none",
              "texture": "pixelmon:pokemon/444_gabite/all/base/none/texture.png",
              "sprite": "pixelmon:pokemon/444_gabite/all/base/none/sprite.png",
              "particle": "",
              "modelLocator": {
                "factoryType": "NORMAL",
                "pqc": [
                  "pixelmon:pokemon/444_gabite/all/base/none/model.pqc"
                ]
              },
              "sounds": [
                "pixelmon.mob.gabite",
                "pixelmon.mob.gabite"
              ]
            },
            {
              "name": "shiny",
              "texture": "pixelmon:pokemon/444_gabite/all/base/shiny/texture.png",
              "sprite": "pixelmon:pokemon/444_gabite/all/base/shiny/sprite.png",
              "particle": "arcanery:shiny"
            },
			{
              "name": "angelic",
              "texture": "pixelmon:pokemon/444_gabite/all/base/custom-angelic/texture.png",
              "sprite": "pixelmon:pokemon/444_gabite/all/base/custom-angelic/sprite.png",
              "particle": ""
            },
			{
              "name": "anubis",
              "texture": "pixelmon:pokemon/444_gabite/all/base/custom-anubis/texture.png",
              "sprite": "pixelmon:pokemon/444_gabite/all/base/custom-anubis/sprite.png",
              "particle": ""
            },
			{
              "name": "arctic",
              "texture": "pixelmon:pokemon/444_gabite/all/base/custom-arctic/texture.png",
              "sprite": "pixelmon:pokemon/444_gabite/all/base/custom-arctic/sprite.png",
              "particle": ""
            },
			{
              "name": "blood",
              "texture": "pixelmon:pokemon/444_gabite/all/base/custom-blood/texture.png",
              "sprite": "pixelmon:pokemon/444_gabite/all/base/custom-blood/sprite.png",
              "particle": ""
            },
			{
              "name": "christmas",
              "texture": "pixelmon:pokemon/444_gabite/all/base/custom-christmas/texture.png",
              "sprite": "pixelmon:pokemon/444_gabite/all/base/custom-christmas/sprite.png",
              "particle": ""
            },
			{
              "name": "ice",
              "texture": "pixelmon:pokemon/444_gabite/all/base/custom-ice/texture.png",
              "sprite": "pixelmon:pokemon/444_gabite/all/base/custom-ice/sprite.png",
              "particle": ""
            },
			{
              "name": "lunar 1",
              "texture": "pixelmon:pokemon/444_gabite/all/base/custom-lunar1/texture.png",
              "sprite": "pixelmon:pokemon/444_gabite/all/base/custom-lunar1/sprite.png",
              "particle": ""
            },
			{
              "name": "lunar 2",
              "texture": "pixelmon:pokemon/444_gabite/all/base/custom-lunar2/texture.png",
              "sprite": "pixelmon:pokemon/444_gabite/all/base/custom-lunar2/sprite.png",
              "particle": ""
            },
			{
              "name": "magma",
              "texture": "pixelmon:pokemon/444_gabite/all/base/custom-magma/texture.png",
              "sprite": "pixelmon:pokemon/444_gabite/all/base/custom-magma/sprite.png",
              "particle": ""
            },
			{
              "name": "rainbow",
              "texture": "pixelmon:pokemon/444_gabite/all/base/custom-rainbow/texture.png",
              "sprite": "pixelmon:pokemon/444_gabite/all/base/custom-rainbow/sprite.png",
              "particle": ""
            },
			{
              "name": "rgb",
              "texture": "pixelmon:pokemon/444_gabite/all/base/custom-rgb/texture.png",
              "sprite": "pixelmon:pokemon/444_gabite/all/base/custom-rgb/sprite.png",
              "particle": ""
            }
          ]
        }
      ],
      "eggGroups": [
        "MONSTER",
        "DRAGON"
      ],
      "types": [
        "DRAGON",
        "GROUND"
      ],
      "preEvolutions": [
        "Gible"
      ],
      "defaultBaseForm": "",
      "megaItems": [],
      "megas": [],
      "gigantamax": {
        "canHaveFactor": false,
        "canGigantamax": false
      },
      "eggCycles": 41,
      "weight": 56.0,
      "catchRate": 45,
      "malePercentage": 0,
      "evolutions": [
        {
          "level": 48,
          "to": "Garchomp",
          "conditions": [],
          "evoType": "leveling",
          "moves": [
            "Crunch"
          ]
        }
      ],
      "evYields": {
        "attack": 2
      }
    }
  ],
  "generation": 4
}
