{
  "name": "Carnivine",
  "dex": 455,
  "defaultForms": [
    ""
  ],
  "forms": [
    {
      "name": "",
      "experienceGroup": "SLOW",
      "dimensions": {
        "height": 1.3,
        "width": 1.0,
        "length": 1,
        "eyeHeight": 1.3,
        "hoverHeight": 1.3
      },
      "moves": {
        "levelUpMoves": [
          {
            "level": 0,
            "attacks": [
              "Bind",
              "Growth"
            ]
          },
          {
            "level": 7,
            "attacks": [
              "Bite"
            ]
          },
          {
            "level": 11,
            "attacks": [
              "Vine Whip"
            ]
          },
          {
            "level": 17,
            "attacks": [
              "Sweet Scent"
            ]
          },
          {
            "level": 21,
            "attacks": [
              "Ingrain"
            ]
          },
          {
            "level": 27,
            "attacks": [
              "Feint Attack"
            ]
          },
          {
            "level": 31,
            "attacks": [
              "Leaf Tornado"
            ]
          },
          {
            "level": 37,
            "attacks": [
              "Spit Up",
              "Stockpile",
              "Swallow"
            ]
          },
          {
            "level": 41,
            "attacks": [
              "Crunch"
            ]
          },
          {
            "level": 47,
            "attacks": [
              "Wring Out"
            ]
          },
          {
            "level": 50,
            "attacks": [
              "Power Whip"
            ]
          }
        ],
        "tutorMoves": [
          "Bind",
          "Bug Bite",
          "Defog",
          "Gastro Acid",
          "Giga Drain",
          "Knock Off",
          "Seed Bomb",
          "Snore",
          "Synthesis",
          "Throat Chop",
          "Worry Seed"
        ],
        "eggMoves": [
          "Acid Spray",
          "Giga Drain",
          "Grass Whistle",
          "Leech Seed",
          "Magical Leaf",
          "Rage Powder",
          "Razor Leaf",
          "Slam",
          "Sleep Powder",
          "Stun Spore",
          "Synthesis",
          "Worry Seed"
        ],
        "tmMoves8": [],
        "trMoves": [],
        "hmMoves": [],
        "transferMoves": [
          "Bullet Seed",
          "Captivate",
          "Cut",
          "Endure",
          "Flash",
          "Fury Cutter",
          "Mud-Slap",
          "Natural Gift",
          "Secret Power"
        ],
        "tmMoves7": [
          "Toxic",
          "Hidden Power",
          "Sunny Day",
          "Hyper Beam",
          "Protect",
          "Frustration",
          "Solar Beam",
          "Return",
          "Double Team",
          "Sludge Bomb",
          "Facade",
          "Rest",
          "Attract",
          "Thief",
          "Round",
          "Energy Ball",
          "Fling",
          "Payback",
          "Giga Impact",
          "Swords Dance",
          "Infestation",
          "Grass Knot",
          "Swagger",
          "Sleep Talk",
          "Substitute",
          "Nature Power",
          "Confide"
        ],
        "tmMoves6": [
          "Toxic",
          "Hidden Power",
          "Sunny Day",
          "Hyper Beam",
          "Protect",
          "Frustration",
          "Solar Beam",
          "Return",
          "Double Team",
          "Sludge Bomb",
          "Facade",
          "Rest",
          "Attract",
          "Thief",
          "Round",
          "Energy Ball",
          "Fling",
          "Payback",
          "Giga Impact",
          "Flash",
          "Swords Dance",
          "Infestation",
          "Grass Knot",
          "Swagger",
          "Sleep Talk",
          "Substitute",
          "Secret Power",
          "Nature Power",
          "Confide"
        ],
        "tmMoves5": [
          "Toxic",
          "Hidden Power",
          "Sunny Day",
          "Hyper Beam",
          "Protect",
          "Frustration",
          "Solar Beam",
          "Return",
          "Double Team",
          "Sludge Bomb",
          "Facade",
          "Rest",
          "Attract",
          "Thief",
          "Round",
          "Energy Ball",
          "Fling",
          "Payback",
          "Giga Impact",
          "Flash",
          "Swords Dance",
          "Grass Knot",
          "Swagger",
          "Substitute"
        ],
        "tmMoves4": [
          "Toxic",
          "Bullet Seed",
          "Hidden Power",
          "Sunny Day",
          "Hyper Beam",
          "Protect",
          "Giga Drain",
          "Frustration",
          "Solar Beam",
          "Return",
          "Double Team",
          "Sludge Bomb",
          "Facade",
          "Secret Power",
          "Rest",
          "Attract",
          "Thief",
          "Energy Ball",
          "Fling",
          "Endure",
          "Payback",
          "Giga Impact",
          "Flash",
          "Swords Dance",
          "Captivate",
          "Sleep Talk",
          "Natural Gift",
          "Grass Knot",
          "Swagger",
          "Substitute"
        ],
        "tmMoves3": [],
        "tmMoves2": [],
        "tmMoves1": [],
        "tmMoves": []
      },
      "abilities": {
        "abilities": [
          "Levitate"
        ],
        "hiddenAbilities": []
      },
      "movement": {
        "rideable": false,
        "canFly": false,
        "canSurf": false,
        "canRideShoulder": false
      },
      "aggression": {
        "timid": 80,
        "passive": 0,
        "aggressive": 20
      },
      "battleStats": {
        "hp": 74,
        "attack": 100,
        "defense": 72,
        "specialAttack": 90,
        "specialDefense": 72,
        "speed": 46
      },
      "tags": [],
      "spawn": {
        "baseExp": 164,
        "baseFriendship": 70,
        "spawnLevel": 21,
        "spawnLevelRange": 11,
        "spawnLocations": [
          "LAND"
        ]
      },
      "possibleGenders": [
        "MALE",
        "FEMALE"
      ],
      "genderProperties": [
        {
          "gender": "ALL",
          "palettes": [
            {
              "name": "none",
              "texture": "pixelmon:pokemon/455_carnivine/all/base/none/texture.png",
              "sprite": "pixelmon:pokemon/455_carnivine/all/base/none/sprite.png",
              "particle": "",
              "modelLocator": {
                "factoryType": "NORMAL",
                "pqc": [
                  "pixelmon:pokemon/455_carnivine/all/base/none/model.pqc"
                ]
              },
              "sounds": []
            },
            {
              "name": "shiny",
              "texture": "pixelmon:pokemon/455_carnivine/all/base/shiny/texture.png",
              "sprite": "pixelmon:pokemon/455_carnivine/all/base/shiny/sprite.png",
              "particle": "arcanery:shiny"
            }
          ]
        }
      ],
      "eggGroups": [
        "GRASS"
      ],
      "types": [
        "GRASS"
      ],
      "preEvolutions": [],
      "defaultBaseForm": "",
      "megaItems": [],
      "megas": [],
      "gigantamax": {
        "canHaveFactor": false,
        "canGigantamax": false
      },
      "eggCycles": 26,
      "weight": 27.0,
      "catchRate": 200,
      "malePercentage": 0,
      "evolutions": [],
      "evYields": {
        "attack": 2
      }
    }
  ],
  "generation": 4
}
