{
  "name": "Magnezone",
  "dex": 462,
  "defaultForms": [
    ""
  ],
  "forms": [
    {
      "name": "",
      "experienceGroup": "MEDIUM_FAST",
      "dimensions": {
        "height": 1.2,
        "width": 1.4,
        "length": 1,
        "eyeHeight": 1.2,
        "hoverHeight": 1.2
      },
      "moves": {
        "levelUpMoves": [
          {
            "level": 0,
            "attacks": [
              "Electric Terrain",
              "Magnetic Flux",
              "Mirror Coat",
              "Supersonic",
              "Tackle",
              "Thunder Shock",
              "Thunder Wave",
              "Tri Attack"
            ]
          },
          {
            "level": 12,
            "attacks": [
              "Electro Ball"
            ]
          },
          {
            "level": 16,
            "attacks": [
              "Gyro Ball"
            ]
          },
          {
            "level": 20,
            "attacks": [
              "Spark"
            ]
          },
          {
            "level": 24,
            "attacks": [
              "Screech"
            ]
          },
          {
            "level": 28,
            "attacks": [
              "Magnet Rise"
            ]
          },
          {
            "level": 34,
            "attacks": [
              "Flash Cannon"
            ]
          },
          {
            "level": 40,
            "attacks": [
              "Discharge"
            ]
          },
          {
            "level": 46,
            "attacks": [
              "Metal Sound"
            ]
          },
          {
            "level": 52,
            "attacks": [
              "Light Screen"
            ]
          },
          {
            "level": 58,
            "attacks": [
              "Lock-On"
            ]
          },
          {
            "level": 64,
            "attacks": [
              "Zap Cannon"
            ]
          }
        ],
        "tutorMoves": [
          "Rising Voltage",
          "Steel Beam",
          "Steel Roller"
        ],
        "eggMoves": [

        ],
        "tmMoves8": [
          "Hyper Beam",
          "Giga Impact",
          "Thunder Wave",
          "Screech",
          "Light Screen",
          "Reflect",
          "Self-Destruct",
          "Rest",
          "Snore",
          "Protect",
          "Rain Dance",
          "Sunny Day",
          "Facade",
          "Swift",
          "Round",
          "Volt Switch",
          "Electroweb",
          "Electric Terrain"
        ],
        "trMoves": [
          "Thunderbolt",
          "Thunder",
          "Tri Attack",
          "Substitute",
          "Endure",
          "Sleep Talk",
          "Iron Defense",
          "Gyro Ball",
          "Flash Cannon",
          "Iron Head",
          "Heavy Slam",
          "Electro Ball",
          "Ally Switch",
          "Wild Charge",
          "Body Press"
        ],
        "hmMoves": [

        ],
        "transferMoves": [
          "Barrier",
          "Bide",
          "Charge Beam",
          "Confide",
          "Curse",
          "Double Team",
          "Double-Edge",
          "Explosion",
          "Flash",
          "Frustration",
          "Gravity",
          "Headbutt",
          "Hidden Power",
          "Magic Coat",
          "Magnet Bomb",
          "Mimic",
          "Mirror Shot",
          "Natural Gift",
          "Psych Up",
          "Rage",
          "Recycle",
          "Refresh",
          "Return",
          "Rollout",
          "Secret Power",
          "Shock Wave",
          "Signal Beam",
          "Sonic Boom",
          "Swagger",
          "Take Down",
          "Teleport",
          "Toxic"
        ],
        "tmMoves7": [
          "Toxic",
          "Hidden Power",
          "Sunny Day",
          "Hyper Beam",
          "Light Screen",
          "Protect",
          "Rain Dance",
          "Frustration",
          "Thunderbolt",
          "Thunder",
          "Return",
          "Double Team",
          "Reflect",
          "Facade",
          "Rest",
          "Round",
          "Charge Beam",
          "Explosion",
          "Giga Impact",
          "Volt Switch",
          "Thunder Wave",
          "Gyro Ball",
          "Psych Up",
          "Swagger",
          "Sleep Talk",
          "Substitute",
          "Flash Cannon",
          "Wild Charge",
          "Confide"
        ],
        "tmMoves6": [
          "Toxic",
          "Hidden Power",
          "Sunny Day",
          "Hyper Beam",
          "Light Screen",
          "Protect",
          "Rain Dance",
          "Frustration",
          "Thunderbolt",
          "Thunder",
          "Return",
          "Double Team",
          "Reflect",
          "Facade",
          "Rest",
          "Round",
          "Charge Beam",
          "Explosion",
          "Giga Impact",
          "Flash",
          "Volt Switch",
          "Thunder Wave",
          "Gyro Ball",
          "Psych Up",
          "Swagger",
          "Sleep Talk",
          "Substitute",
          "Flash Cannon",
          "Wild Charge",
          "Secret Power",
          "Confide"
        ],
        "tmMoves5": [
          "Toxic",
          "Hidden Power",
          "Sunny Day",
          "Hyper Beam",
          "Light Screen",
          "Protect",
          "Rain Dance",
          "Frustration",
          "Thunderbolt",
          "Thunder",
          "Return",
          "Double Team",
          "Reflect",
          "Facade",
          "Rest",
          "Round",
          "Charge Beam",
          "Explosion",
          "Giga Impact",
          "Flash",
          "Volt Switch",
          "Thunder Wave",
          "Gyro Ball",
          "Psych Up",
          "Swagger",
          "Substitute",
          "Flash Cannon",
          "Wild Charge"
        ],
        "tmMoves4": [
          "Toxic",
          "Hidden Power",
          "Sunny Day",
          "Hyper Beam",
          "Light Screen",
          "Protect",
          "Rain Dance",
          "Frustration",
          "Thunderbolt",
          "Thunder",
          "Return",
          "Double Team",
          "Reflect",
          "Shock Wave",
          "Facade",
          "Secret Power",
          "Rest",
          "Charge Beam",
          "Endure",
          "Explosion",
          "Recycle",
          "Giga Impact",
          "Flash",
          "Thunder Wave",
          "Gyro Ball",
          "Psych Up",
          "Sleep Talk",
          "Natural Gift",
          "Swagger",
          "Substitute",
          "Flash Cannon"
        ],
        "tmMoves3": [

        ],
        "tmMoves2": [

        ],
        "tmMoves1": [

        ],
        "tmMoves": [

        ]
      },
      "abilities": {
        "abilities": [
          "MagnetPull",
          "Sturdy"
        ],
        "hiddenAbilities": [
          "Analytic"
        ]
      },
      "movement": {
        "rideable": true,
        "canFly": true,
        "canSurf": false,
        "canRideShoulder": false,
        "ridingOffsets": {
          "standing": {
            "x": 0.0,
            "y": -0.4,
            "z": -0.6
          },
          "moving": {
            "x": 0.0,
            "y": -0.4,
            "z": -0.3
          }
        },
        "flyingParameters": {
          "flyHeightMin": 0,
          "flyHeightMax": 0,
          "flySpeedModifier": 1.0,
          "flyRefreshRateY": 0,
          "flyRefreshRateXZ": 0,
          "flyRefreshRateSpeed": 0,
          "flightTimeMin": 0,
          "flightTimeMax": 0,
          "flapRate": 0,
          "landingMaterials": "LEAVES_AND_GRASS"
        },
        "mountedFlyingParameters": {
          "type": "pixelmon:default",
          "upper_angle_limit": 20,
          "lower_angle_limit": -20,
          "max_fly_speed": 1,
          "deceleration_rate": 0.07,
          "hover_deceleration_rate": 0.09,
          "acceleration_rate": 0.07,
          "strafe_acceleration_rate": 0.08,
          "strafe_roll_conversion": 30,
          "turn_rate": 0.5,
          "pitch_rate": 0.8,
          "stays_horizontal_flying": true,
          "gravity_drop_per_tick": 0.005,
          "continuous_forward_motion": true,
          "continuous_forward_motion_ticks": 5,
          "flying_stamina_charges": 3,
          "hover_ticks": 100
        }
      },
      "aggression": {
        "timid": 80,
        "passive": 0,
        "aggressive": 20
      },
      "battleStats": {
        "hp": 70,
        "attack": 70,
        "defense": 115,
        "specialAttack": 130,
        "specialDefense": 90,
        "speed": 60
      },
      "tags": [

      ],
      "spawn": {
        "baseExp": 211,
        "baseFriendship": 70,
        "spawnLevel": 35,
        "spawnLevelRange": 15,
        "spawnLocations": [
          "LAND"
        ]
      },
      "possibleGenders": [
        "MALE",
        "FEMALE"
      ],
      "genderProperties": [
        {
          "gender": "ALL",
          "palettes": [
            {
              "name": "none",
              "texture": "pixelmon:pokemon/462_magnezone/all/base/none/texture.png",
              "sprite": "pixelmon:pokemon/462_magnezone/all/base/none/sprite.png",
              "particle": "",
              "modelLocator": {
                "factoryType": "NORMAL",
                "pqc": [
                  "pixelmon:pokemon/462_magnezone/all/base/none/model.pqc"
                ]
              },
              "sounds": [
                "pixelmon.mob.magnezone",
                "pixelmon.mob.magnezone"
              ]
            },
            {
              "name": "shiny",
              "texture": "pixelmon:pokemon/462_magnezone/all/base/shiny/texture.png",
              "sprite": "pixelmon:pokemon/462_magnezone/all/base/shiny/sprite.png",
              "particle": "arcanery:shiny"
            },
			{
              "name": "black and white",
              "texture": "pixelmon:pokemon/462_magnezone/all/base/custom-black-white/texture.png",
              "sprite": "pixelmon:pokemon/462_magnezone/all/base/custom-black-white/sprite.png",
              "particle": ""
            },
			{
              "name": "deep sea",
              "texture": "pixelmon:pokemon/462_magnezone/all/base/custom-deepsea/texture.png",
              "sprite": "pixelmon:pokemon/462_magnezone/all/base/custom-deepsea/sprite.png",
              "particle": ""
            },
			{
              "name": "demonic",
              "texture": "pixelmon:pokemon/462_magnezone/all/base/custom-demonic/texture.png",
              "sprite": "pixelmon:pokemon/462_magnezone/all/base/custom-demonic/sprite.png",
              "particle": ""
            },
			{
              "name": "ditto 1",
              "texture": "pixelmon:pokemon/462_magnezone/all/base/custom-ditto1/texture.png",
              "sprite": "pixelmon:pokemon/462_magnezone/all/base/custom-ditto1/sprite.png",
              "particle": ""
            },
			{
              "name": "ditto 2",
              "texture": "pixelmon:pokemon/462_magnezone/all/base/custom-ditto2/texture.png",
              "sprite": "pixelmon:pokemon/462_magnezone/all/base/custom-ditto2/sprite.png",
              "particle": ""
            },
			{
              "name": "halloween",
              "texture": "pixelmon:pokemon/462_magnezone/all/base/custom-halloween/texture.png",
              "sprite": "pixelmon:pokemon/462_magnezone/all/base/custom-halloween/sprite.png",
              "particle": ""
            },
			{
              "name": "norse",
              "texture": "pixelmon:pokemon/462_magnezone/all/base/custom-norse/texture.png",
              "sprite": "pixelmon:pokemon/462_magnezone/all/base/custom-norse/sprite.png",
              "particle": ""
            },
			{
              "name": "shadow",
              "texture": "pixelmon:pokemon/462_magnezone/all/base/custom-shadow/texture.png",
              "sprite": "pixelmon:pokemon/462_magnezone/all/base/custom-shadow/sprite.png",
              "particle": ""
            }
          ]
        }
      ],
      "eggGroups": [
        "MINERAL"
      ],
      "types": [
        "ELECTRIC",
        "STEEL"
      ],
      "preEvolutions": [
        "Magneton",
        "Magnemite"
      ],
      "defaultBaseForm": "",
      "megaItems": [

      ],
      "megas": [

      ],
      "gigantamax": {
        "canHaveFactor": false,
        "canGigantamax": false
      },
      "eggCycles": 21,
      "weight": 180.0,
      "catchRate": 30,
      "malePercentage": 0,
      "evolutions": [

      ],
      "evYields": {
        "specialAttack": 3
      }
    }
  ],
  "generation": 4
}
