{
  "name": "Lickilicky",
  "dex": 463,
  "defaultForms": [
    ""
  ],
  "forms": [
    {
      "name": "",
      "experienceGroup": "MEDIUM_FAST",
      "dimensions": {
        "height": 1.7,
        "width": 1.4,
        "length": 1,
        "eyeHeight": 1.7,
        "hoverHeight": 1.7
      },
      "moves": {
        "levelUpMoves": [
          {
            "level": 0,
            "attacks": [
              "Defense Curl",
              "Lick",
              "Rollout",
              "Supersonic"
            ]
          },
          {
            "level": 18,
            "attacks": [
              "Wrap"
            ]
          },
          {
            "level": 24,
            "attacks": [
              "Disable"
            ]
          },
          {
            "level": 30,
            "attacks": [
              "Stomp"
            ]
          },
          {
            "level": 36,
            "attacks": [
              "Knock Off"
            ]
          },
          {
            "level": 42,
            "attacks": [
              "Screech"
            ]
          },
          {
            "level": 48,
            "attacks": [
              "Slam"
            ]
          },
          {
            "level": 54,
            "attacks": [
              "Power Whip"
            ]
          },
          {
            "level": 60,
            "attacks": [
              "Belly Drum"
            ]
          }
        ],
        "tutorMoves": [
          "Steel Roller",
          "Terrain Pulse"
        ],
        "eggMoves": [
          "Belch",
          "Curse",
          "Hammer Arm",
          "Thrash"
        ],
        "tmMoves8": [
          "Mega Punch",
          "Mega Kick",
          "Fire Punch",
          "Ice Punch",
          "Thunder Punch",
          "Hyper Beam",
          "Giga Impact",
          "Solar Beam",
          "Dig",
          "Screech",
          "Self-Destruct",
          "Rest",
          "Rock Slide",
          "Thief",
          "Snore",
          "Protect",
          "Icy Wind",
          "Attract",
          "Sandstorm",
          "Rain Dance",
          "Sunny Day",
          "Whirlpool",
          "Facade",
          "Helping Hand",
          "Brick Break",
          "Rock Tomb",
          "Fling",
          "Round",
          "Retaliate",
          "Bulldoze",
          "Brutal Swing",
          "Stomping Tantrum"
        ],
        "trMoves": [
          "Swords Dance",
          "Body Slam",
          "Flamethrower",
          "Hydro Pump",
          "Surf",
          "Ice Beam",
          "Blizzard",
          "Thunderbolt",
          "Thunder",
          "Earthquake",
          "Fire Blast",
          "Amnesia",
          "Substitute",
          "Endure",
          "Sleep Talk",
          "Iron Tail",
          "Shadow Ball",
          "Muddy Water",
          "Gyro Ball",
          "Focus Blast",
          "Zen Headbutt",
          "Power Whip",
          "Work Up",
          "Body Press"
        ],
        "hmMoves": [],
        "transferMoves": [
          "Acid",
          "Aqua Tail",
          "Bide",
          "Bind",
          "Block",
          "Bubble Beam",
          "Captivate",
          "Chip Away",
          "Counter",
          "Confide",
          "Cut",
          "Double Team",
          "Double-Edge",
          "Dragon Tail",
          "Dream Eater",
          "Dynamic Punch",
          "Explosion",
          "Focus Punch",
          "Fissure",
          "Frustration",
          "Headbutt",
          "Heal Bell",
          "Hidden Power",
          "Incinerate",
          "Magnitude",
          "Me First",
          "Mud-Slap",
          "Natural Gift",
          "Nightmare",
          "Power-Up Punch",
          "Psych Up",
          "Rage",
          "Refresh",
          "Return",
          "Rock Climb",
          "Rock Smash",
          "Secret Power",
          "Shock Wave",
          "Skull Bash",
          "Smelling Salts",
          "Strength",
          "Submission",
          "Swagger",
          "Take Down",
          "Toxic",
          "Water Gun",
          "Water Pulse",
          "Wish",
          "Wring Out"
        ],
        "tmMoves7": [
          "Work Up",
          "Toxic",
          "Hidden Power",
          "Sunny Day",
          "Ice Beam",
          "Blizzard",
          "Hyper Beam",
          "Protect",
          "Rain Dance",
          "Frustration",
          "Solar Beam",
          "Thunderbolt",
          "Thunder",
          "Earthquake",
          "Return",
          "Shadow Ball",
          "Brick Break",
          "Double Team",
          "Flamethrower",
          "Sandstorm",
          "Fire Blast",
          "Rock Tomb",
          "Facade",
          "Rest",
          "Attract",
          "Thief",
          "Round",
          "Focus Blast",
          "Fling",
          "Brutal Swing",
          "Explosion",
          "Giga Impact",
          "Gyro Ball",
          "Swords Dance",
          "Psych Up",
          "Bulldoze",
          "Rock Slide",
          "Dragon Tail",
          "Dream Eater",
          "Swagger",
          "Sleep Talk",
          "Substitute",
          "Surf",
          "Confide"
        ],
        "tmMoves6": [
          "Toxic",
          "Hidden Power",
          "Sunny Day",
          "Ice Beam",
          "Blizzard",
          "Hyper Beam",
          "Protect",
          "Rain Dance",
          "Frustration",
          "Solar Beam",
          "Thunderbolt",
          "Thunder",
          "Earthquake",
          "Return",
          "Dig",
          "Shadow Ball",
          "Brick Break",
          "Double Team",
          "Flamethrower",
          "Sandstorm",
          "Fire Blast",
          "Rock Tomb",
          "Facade",
          "Rest",
          "Attract",
          "Thief",
          "Round",
          "Focus Blast",
          "Fling",
          "Incinerate",
          "Explosion",
          "Retaliate",
          "Giga Impact",
          "Gyro Ball",
          "Swords Dance",
          "Psych Up",
          "Bulldoze",
          "Rock Slide",
          "Dragon Tail",
          "Dream Eater",
          "Swagger",
          "Sleep Talk",
          "Substitute",
          "Secret Power",
          "Power-Up Punch",
          "Confide"
        ],
        "tmMoves5": [
          "Toxic",
          "Hidden Power",
          "Sunny Day",
          "Ice Beam",
          "Blizzard",
          "Hyper Beam",
          "Protect",
          "Rain Dance",
          "Frustration",
          "Solar Beam",
          "Thunderbolt",
          "Thunder",
          "Earthquake",
          "Return",
          "Dig",
          "Shadow Ball",
          "Brick Break",
          "Double Team",
          "Flamethrower",
          "Sandstorm",
          "Fire Blast",
          "Rock Tomb",
          "Facade",
          "Rest",
          "Attract",
          "Thief",
          "Round",
          "Focus Blast",
          "Fling",
          "Incinerate",
          "Explosion",
          "Retaliate",
          "Giga Impact",
          "Gyro Ball",
          "Swords Dance",
          "Psych Up",
          "Bulldoze",
          "Rock Slide",
          "Dragon Tail",
          "Work Up",
          "Dream Eater",
          "Swagger",
          "Substitute",
          "Rock Smash"
        ],
        "tmMoves4": [
          "Focus Punch",
          "Water Pulse",
          "Toxic",
          "Hidden Power",
          "Sunny Day",
          "Ice Beam",
          "Blizzard",
          "Hyper Beam",
          "Protect",
          "Rain Dance",
          "Frustration",
          "Solar Beam",
          "Iron Tail",
          "Thunderbolt",
          "Thunder",
          "Earthquake",
          "Return",
          "Dig",
          "Shadow Ball",
          "Brick Break",
          "Double Team",
          "Shock Wave",
          "Flamethrower",
          "Sandstorm",
          "Fire Blast",
          "Rock Tomb",
          "Facade",
          "Secret Power",
          "Rest",
          "Attract",
          "Thief",
          "Focus Blast",
          "Fling",
          "Endure",
          "Explosion",
          "Giga Impact",
          "Gyro Ball",
          "Swords Dance",
          "Psych Up",
          "Captivate",
          "Rock Slide",
          "Sleep Talk",
          "Natural Gift",
          "Dream Eater",
          "Swagger",
          "Substitute"
        ],
        "tmMoves3": [],
        "tmMoves2": [],
        "tmMoves1": [],
        "tmMoves": []
      },
      "abilities": {
        "abilities": [
          "OwnTempo",
          "Oblivious"
        ],
        "hiddenAbilities": [
          "CloudNine"
        ]
      },
      "movement": {
        "rideable": true,
        "canFly": false,
        "canSurf": false,
        "canRideShoulder": false,
        "ridingOffsets": {
          "standing": {
            "x": 0.0,
            "y": -0.6,
            "z": -0.3
          },
          "moving": {
            "x": 0.0,
            "y": -0.6,
            "z": -0.3
          }
        }
      },
      "aggression": {
        "timid": 80,
        "passive": 0,
        "aggressive": 20
      },
      "battleStats": {
        "hp": 110,
        "attack": 85,
        "defense": 95,
        "specialAttack": 80,
        "specialDefense": 95,
        "speed": 50
      },
      "tags": [],
      "spawn": {
        "baseExp": 193,
        "baseFriendship": 70,
        "spawnLevel": 48,
        "spawnLevelRange": 8,
        "spawnLocations": [
          "LAND"
        ]
      },
      "possibleGenders": [
        "MALE",
        "FEMALE"
      ],
      "genderProperties": [
        {
          "gender": "ALL",
          "palettes": [
            {
              "name": "none",
              "texture": "pixelmon:pokemon/463_lickilicky/all/base/none/texture.png",
              "sprite": "pixelmon:pokemon/463_lickilicky/all/base/none/sprite.png",
              "particle": "",
              "modelLocator": {
                "factoryType": "NORMAL",
                "pqc": [
                  "pixelmon:pokemon/463_lickilicky/all/base/none/model.pqc"
                ]
              },
              "sounds": []
            },
            {
              "name": "shiny",
              "texture": "pixelmon:pokemon/463_lickilicky/all/base/shiny/texture.png",
              "sprite": "pixelmon:pokemon/463_lickilicky/all/base/shiny/sprite.png",
              "particle": "arcanery:shiny"
            },
			{
              "name": "cosplay",
              "texture": "pixelmon:pokemon/463_lickilicky/all/base/custom-cosplay/texture.png",
              "sprite": "pixelmon:pokemon/463_lickilicky/all/base/custom-cosplay/sprite.png",
              "particle": ""
            },
			{
              "name": "fusion 1",
              "texture": "pixelmon:pokemon/463_lickilicky/all/base/custom-fusion1/texture.png",
              "sprite": "pixelmon:pokemon/463_lickilicky/all/base/custom-fusion1/sprite.png",
              "particle": ""
            },
			{
              "name": "fusion 2",
              "texture": "pixelmon:pokemon/463_lickilicky/all/base/custom-fusion2/texture.png",
              "sprite": "pixelmon:pokemon/463_lickilicky/all/base/custom-fusion2/sprite.png",
              "particle": ""
            },
			{
              "name": "halloween",
              "texture": "pixelmon:pokemon/463_lickilicky/all/base/custom-halloween/texture.png",
              "sprite": "pixelmon:pokemon/463_lickilicky/all/base/custom-halloween/sprite.png",
              "particle": ""
            },
			{
              "name": "shadow",
              "texture": "pixelmon:pokemon/463_lickilicky/all/base/custom-shadow/texture.png",
              "sprite": "pixelmon:pokemon/463_lickilicky/all/base/custom-shadow/sprite.png",
              "particle": ""
            },
			{
              "name": "soulfire",
              "texture": "pixelmon:pokemon/463_lickilicky/all/base/custom-soulfire/texture.png",
              "sprite": "pixelmon:pokemon/463_lickilicky/all/base/custom-soulfire/sprite.png",
              "particle": ""
            },
			{
              "name": "winter 1",
              "texture": "pixelmon:pokemon/463_lickilicky/all/base/custom-winter1/texture.png",
              "sprite": "pixelmon:pokemon/463_lickilicky/all/base/custom-winter1/sprite.png",
              "particle": ""
            },
			{
              "name": "winter 2",
              "texture": "pixelmon:pokemon/463_lickilicky/all/base/custom-winter2/texture.png",
              "sprite": "pixelmon:pokemon/463_lickilicky/all/base/custom-winter2/sprite.png",
              "particle": ""
            }
          ]
        }
      ],
      "eggGroups": [
        "MONSTER"
      ],
      "types": [
        "NORMAL"
      ],
      "preEvolutions": [
        "Lickitung"
      ],
      "defaultBaseForm": "",
      "megaItems": [],
      "megas": [],
      "gigantamax": {
        "canHaveFactor": false,
        "canGigantamax": false
      },
      "eggCycles": 21,
      "weight": 140.0,
      "catchRate": 30,
      "malePercentage": 0,
      "evolutions": [],
      "evYields": {
        "hp": 3
      }
    }
  ],
  "generation": 4
}
