{
  "name": "Togekiss",
  "dex": 468,
  "defaultForms": [
    ""
  ],
  "forms": [
    {
      "name": "",
      "experienceGroup": "FAST",
      "dimensions": {
        "height": 1.4,
        "width": 1.2,
        "length": 1,
        "eyeHeight": 1.4,
        "hoverHeight": 1.4
      },
      "moves": {
        "levelUpMoves": [
          {
            "level": 0,
            "attacks": [
              "After You",
              "Air Slash",
              "Ancient Power",
              "Aura Sphere",
              "Baton Pass",
              "Charm",
              "Double-Edge",
              "Extreme Speed",
              "Fairy Wind",
              "Follow Me",
              "Growl",
              "Last Resort",
              "Life Dew",
              "Metronome",
              "Pound",
              "Safeguard",
              "Sky Attack",
              "Sweet Kiss",
              "Tri Attack",
              "Wish",
              "Yawn"
            ]
          }
        ],
        "tutorMoves": [
          "Dual Wingbeat"
        ],
        "eggMoves": [
          "Aerial Ace",
          "Extrasensory",
          "Morning Sun",
          "Peck",
          "Present",
          "Psycho Shift"
        ],
        "tmMoves8": [
          "Mega Punch",
          "Mega Kick",
          "Fly",
          "Hyper Beam",
          "Giga Impact",
          "Magical Leaf",
          "Solar Beam",
          "Thunder Wave",
          "Light Screen",
          "Reflect",
          "Safeguard",
          "Rest",
          "Snore",
          "Protect",
          "Charm",
          "Steel Wing",
          "Attract",
          "Rain Dance",
          "Sunny Day",
          "Facade",
          "Swift",
          "Helping Hand",
          "Brick Break",
          "Imprison",
          "Fling",
          "Drain Punch",
          "Round",
          "Retaliate",
          "Draining Kiss",
          "Mystical Fire",
          "Air Slash",
          "Smart Strike"
        ],
        "trMoves": [
          "Body Slam",
          "Flamethrower",
          "Psychic",
          "Metronome",
          "Fire Blast",
          "Amnesia",
          "Tri Attack",
          "Substitute",
          "Psyshock",
          "Endure",
          "Sleep Talk",
          "Baton Pass",
          "Encore",
          "Shadow Ball",
          "Future Sight",
          "Uproar",
          "Heat Wave",
          "Trick",
          "Hyper Voice",
          "Aura Sphere",
          "Nasty Plot",
          "Zen Headbutt",
          "Grass Knot",
          "Stored Power",
          "Ally Switch",
          "Work Up",
          "Play Rough",
          "Dazzling Gleam"
        ],
        "hmMoves": [

        ],
        "transferMoves": [
          "Air Cutter",
          "Bestow",
          "Captivate",
          "Confide",
          "Counter",
          "Covet",
          "Curse",
          "Defense Curl",
          "Defog",
          "Detect",
          "Double Team",
          "Dream Eater",
          "Echoed Voice",
          "Endeavor",
          "Flash",
          "Focus Punch",
          "Foresight",
          "Frustration",
          "Headbutt",
          "Heal Bell",
          "Hidden Power",
          "Incinerate",
          "Laser Focus",
          "Lucky Chant",
          "Magic Coat",
          "Mimic",
          "Mirror Move",
          "Mud-Slap",
          "Natural Gift",
          "Ominous Wind",
          "Pluck",
          "Psych Up",
          "Return",
          "Rock Smash",
          "Rollout",
          "Roost",
          "Secret Power",
          "Seismic Toss",
          "Shock Wave",
          "Signal Beam",
          "Silver Wind",
          "Soft-Boiled",
          "Swagger",
          "Tailwind",
          "Telekinesis",
          "Toxic",
          "Twister",
          "Water Pulse",
          "Zap Cannon"
        ],
        "tmMoves7": [
          "Work Up",
          "Psyshock",
          "Toxic",
          "Hidden Power",
          "Sunny Day",
          "Hyper Beam",
          "Light Screen",
          "Protect",
          "Rain Dance",
          "Roost",
          "Safeguard",
          "Frustration",
          "Solar Beam",
          "Return",
          "Psychic",
          "Shadow Ball",
          "Brick Break",
          "Double Team",
          "Reflect",
          "Flamethrower",
          "Fire Blast",
          "Aerial Ace",
          "Facade",
          "Rest",
          "Attract",
          "Round",
          "Echoed Voice",
          "Steel Wing",
          "Fling",
          "Giga Impact",
          "Thunder Wave",
          "Fly",
          "Psych Up",
          "Dream Eater",
          "Grass Knot",
          "Swagger",
          "Sleep Talk",
          "Substitute",
          "Dazzling Gleam",
          "Confide"
        ],
        "tmMoves6": [
          "Psyshock",
          "Toxic",
          "Hidden Power",
          "Sunny Day",
          "Hyper Beam",
          "Light Screen",
          "Protect",
          "Rain Dance",
          "Roost",
          "Safeguard",
          "Frustration",
          "Solar Beam",
          "Return",
          "Psychic",
          "Shadow Ball",
          "Brick Break",
          "Double Team",
          "Reflect",
          "Flamethrower",
          "Fire Blast",
          "Aerial Ace",
          "Facade",
          "Rest",
          "Attract",
          "Round",
          "Echoed Voice",
          "Steel Wing",
          "Fling",
          "Incinerate",
          "Retaliate",
          "Giga Impact",
          "Flash",
          "Thunder Wave",
          "Psych Up",
          "Dream Eater",
          "Grass Knot",
          "Swagger",
          "Sleep Talk",
          "Substitute",
          "Secret Power",
          "Dazzling Gleam",
          "Confide"
        ],
        "tmMoves5": [
          "Psyshock",
          "Toxic",
          "Hidden Power",
          "Sunny Day",
          "Hyper Beam",
          "Light Screen",
          "Protect",
          "Rain Dance",
          "Telekinesis",
          "Safeguard",
          "Frustration",
          "Solar Beam",
          "Return",
          "Psychic",
          "Shadow Ball",
          "Brick Break",
          "Double Team",
          "Reflect",
          "Flamethrower",
          "Fire Blast",
          "Aerial Ace",
          "Facade",
          "Rest",
          "Attract",
          "Round",
          "Echoed Voice",
          "Fling",
          "Incinerate",
          "Retaliate",
          "Giga Impact",
          "Flash",
          "Thunder Wave",
          "Psych Up",
          "Work Up",
          "Dream Eater",
          "Grass Knot",
          "Swagger",
          "Pluck",
          "Substitute",
          "Rock Smash"
        ],
        "tmMoves4": [
          "Focus Punch",
          "Water Pulse",
          "Toxic",
          "Hidden Power",
          "Sunny Day",
          "Hyper Beam",
          "Light Screen",
          "Protect",
          "Rain Dance",
          "Safeguard",
          "Frustration",
          "Solar Beam",
          "Return",
          "Psychic",
          "Shadow Ball",
          "Brick Break",
          "Double Team",
          "Reflect",
          "Shock Wave",
          "Flamethrower",
          "Fire Blast",
          "Aerial Ace",
          "Facade",
          "Secret Power",
          "Rest",
          "Attract",
          "Steel Wing",
          "Roost",
          "Fling",
          "Endure",
          "Drain Punch",
          "Silver Wind",
          "Giga Impact",
          "Flash",
          "Thunder Wave",
          "Psych Up",
          "Captivate",
          "Sleep Talk",
          "Natural Gift",
          "Dream Eater",
          "Grass Knot",
          "Swagger",
          "Pluck",
          "Substitute"
        ],
        "tmMoves3": [

        ],
        "tmMoves2": [

        ],
        "tmMoves1": [

        ],
        "tmMoves": [

        ]
      },
      "abilities": {
        "abilities": [
          "Hustle",
          "SereneGrace"
        ],
        "hiddenAbilities": [
          "SuperLuck"
        ]
      },
      "movement": {
        "rideable": true,
        "canFly": true,
        "canSurf": false,
        "canRideShoulder": false,
        "ridingOffsets": {
          "standing": {
            "x": 0.0,
            "y": -1.0,
            "z": 0.0
          },
          "moving": {
            "x": 0,
            "y": 0,
            "z": 0
          }
        },
        "flyingParameters": {
          "flyHeightMin": 5,
          "flyHeightMax": 25,
          "flySpeedModifier": 1.4,
          "flyRefreshRateY": 100,
          "flyRefreshRateXZ": 100,
          "flyRefreshRateSpeed": 100,
          "flightTimeMin": 0,
          "flightTimeMax": 20,
          "flapRate": 5,
          "landingMaterials": "LEAVES_AND_GRASS"
        },
        "mountedFlyingParameters": {
          "type": "pixelmon:default",
          "upper_angle_limit": 20,
          "lower_angle_limit": -20,
          "max_fly_speed": 1,
          "deceleration_rate": 0.07,
          "hover_deceleration_rate": 0.09,
          "acceleration_rate": 0.07,
          "strafe_acceleration_rate": 0.08,
          "strafe_roll_conversion": 30,
          "turn_rate": 0.5,
          "pitch_rate": 0.8,
          "stays_horizontal_flying": true,
          "gravity_drop_per_tick": 0.005,
          "continuous_forward_motion": true,
          "continuous_forward_motion_ticks": 5,
          "flying_stamina_charges": 3,
          "hover_ticks": 100
        }
      },
      "aggression": {
        "timid": 80,
        "passive": 0,
        "aggressive": 20
      },
      "battleStats": {
        "hp": 85,
        "attack": 50,
        "defense": 95,
        "specialAttack": 120,
        "specialDefense": 115,
        "speed": 80
      },
      "tags": [

      ],
      "spawn": {
        "baseExp": 220,
        "baseFriendship": 70,
        "spawnLevel": 45,
        "spawnLevelRange": 20,
        "spawnLocations": [
          "AIR_PERSISTENT"
        ]
      },
      "possibleGenders": [
        "MALE",
        "FEMALE"
      ],
      "genderProperties": [
        {
          "gender": "ALL",
          "palettes": [
            {
              "name": "none",
              "texture": "pixelmon:pokemon/468_togekiss/all/base/none/texture.png",
              "sprite": "pixelmon:pokemon/468_togekiss/all/base/none/sprite.png",
              "particle": "",
              "modelLocator": {
                "factoryType": "NORMAL",
                "pqc": [
                  "pixelmon:pokemon/468_togekiss/all/base/none/model.pqc"
                ],
                "movementThreshold": 0.03,
                "yRotation": 28
              },
              "flyingModelLocator": {
                "factoryType": "NORMAL",
                "pqc": [
                  "pixelmon:pokemon/468_togekiss/all/base/none/model.pqc"
                ],
                "movementThreshold": 0.03,
                "yRotation": 28
              },
              "sounds": [

              ]
            },
            {
              "name": "shiny",
              "texture": "pixelmon:pokemon/468_togekiss/all/base/shiny/texture.png",
              "sprite": "pixelmon:pokemon/468_togekiss/all/base/shiny/sprite.png",
              "particle": "arcanery:shiny"
            },
            {
              "name": "valentine",
              "texture": "pixelmon:pokemon/468_togekiss/all/base/valentine/texture.png",
              "sprite": "pixelmon:pokemon/468_togekiss/all/base/valentine/sprite.png",
              "particle": ""
            },
			{
              "name": "abyss",
              "texture": "pixelmon:pokemon/468_togekiss/all/base/custom-abyss/texture.png",
              "sprite": "pixelmon:pokemon/468_togekiss/all/base/custom-abyss/sprite.png",
              "particle": ""
            },
			{
              "name": "easter 1",
              "texture": "pixelmon:pokemon/468_togekiss/all/base/custom-easter1/texture.png",
              "sprite": "pixelmon:pokemon/468_togekiss/all/base/custom-easter1/sprite.png",
              "particle": ""
            },
			{
              "name": "easter 2",
              "texture": "pixelmon:pokemon/468_togekiss/all/base/custom-easter2/texture.png",
              "sprite": "pixelmon:pokemon/468_togekiss/all/base/custom-easter2/sprite.png",
              "particle": ""
            },
			{
              "name": "easter 3",
              "texture": "pixelmon:pokemon/468_togekiss/all/base/custom-easter3/texture.png",
              "sprite": "pixelmon:pokemon/468_togekiss/all/base/custom-easter3/sprite.png",
              "particle": ""
            },
			{
              "name": "floral",
              "texture": "pixelmon:pokemon/468_togekiss/all/base/custom-floral/texture.png",
              "sprite": "pixelmon:pokemon/468_togekiss/all/base/custom-floral/sprite.png",
              "particle": ""
            },
			{
              "name": "glass",
              "texture": "pixelmon:pokemon/468_togekiss/all/base/custom-glass/texture.png",
              "sprite": "pixelmon:pokemon/468_togekiss/all/base/custom-glass/sprite.png",
              "particle": ""
            },
			{
              "name": "halloween 1",
              "texture": "pixelmon:pokemon/468_togekiss/all/base/custom-halloween1/texture.png",
              "sprite": "pixelmon:pokemon/468_togekiss/all/base/custom-halloween1/sprite.png",
              "particle": ""
            },
			{
              "name": "halloween 2",
              "texture": "pixelmon:pokemon/468_togekiss/all/base/custom-halloween2/texture.png",
              "sprite": "pixelmon:pokemon/468_togekiss/all/base/custom-halloween2/sprite.png",
              "particle": ""
            },
			{
              "name": "halloween 3",
              "texture": "pixelmon:pokemon/468_togekiss/all/base/custom-halloween3/texture.png",
              "sprite": "pixelmon:pokemon/468_togekiss/all/base/custom-halloween3/sprite.png",
              "particle": ""
            },
			{
              "name": "halloween 4",
              "texture": "pixelmon:pokemon/468_togekiss/all/base/custom-halloween4/texture.png",
              "sprite": "pixelmon:pokemon/468_togekiss/all/base/custom-halloween4/sprite.png",
              "particle": ""
            },
			{
              "name": "midnight",
              "texture": "pixelmon:pokemon/468_togekiss/all/base/custom-midnight/texture.png",
              "sprite": "pixelmon:pokemon/468_togekiss/all/base/custom-midnight/sprite.png",
              "particle": ""
            },
			{
              "name": "purple haze",
              "texture": "pixelmon:pokemon/468_togekiss/all/base/custom-purplehaze/texture.png",
              "sprite": "pixelmon:pokemon/468_togekiss/all/base/custom-purplehaze/sprite.png",
              "particle": ""
            },
			{
              "name": "rainbow",
              "texture": "pixelmon:pokemon/468_togekiss/all/base/custom-rainbow/texture.png",
              "sprite": "pixelmon:pokemon/468_togekiss/all/base/custom-rainbow/sprite.png",
              "particle": ""
            },
			{
              "name": "shadow",
              "texture": "pixelmon:pokemon/468_togekiss/all/base/custom-shadow/texture.png",
              "sprite": "pixelmon:pokemon/468_togekiss/all/base/custom-shadow/sprite.png",
              "particle": ""
            },
			{
              "name": "valentines 1",
              "texture": "pixelmon:pokemon/468_togekiss/all/base/custom-val1/texture.png",
              "sprite": "pixelmon:pokemon/468_togekiss/all/base/custom-val1/sprite.png",
              "particle": ""
            },
			{
              "name": "valentines 2",
              "texture": "pixelmon:pokemon/468_togekiss/all/base/custom-val2/texture.png",
              "emissive": "pixelmon:pokemon/468_togekiss/all/base/custom-val2/emissive.png",
              "sprite": "pixelmon:pokemon/468_togekiss/all/base/custom-val2/sprite.png",
              "particle": ""
            }
          ]
        }
      ],
      "eggGroups": [
        "FLYING",
        "FAIRY"
      ],
      "types": [
        "FAIRY",
        "FLYING"
      ],
      "preEvolutions": [
        "Togetic",
        "Togepi"
      ],
      "defaultBaseForm": "",
      "megaItems": [

      ],
      "megas": [

      ],
      "gigantamax": {
        "canHaveFactor": false,
        "canGigantamax": false
      },
      "eggCycles": 11,
      "weight": 38.0,
      "catchRate": 30,
      "malePercentage": 0,
      "evolutions": [

      ],
      "evYields": {
        "specialAttack": 2,
        "specialDefense": 1
      }
    },
    {
      "name": "advance",
      "experienceGroup": "FAST",
      "dimensions": {
        "height": 1.4,
        "width": 1.2,
        "length": 1,
        "eyeHeight": 1.4,
        "hoverHeight": 1.4
      },
      "genderProperties": [
        {
          "gender": "ALL",
          "palettes": [
            {
              "name": "none",
              "texture": "pixelmon:pokemon/468_togekiss/all/advance/none/texture.png",
              "sprite": "pixelmon:pokemon/468_togekiss/all/advance/none/sprite.png",
              "particle": "",
              "modelLocator": {
                "factoryType": "NORMAL",
                "pqc": [
                  "pixelmon:pokemon/468_togekiss/all/advance/none/model.pqc"
                ],
                "movementThreshold": 0.03,
                "yRotation": 28
              },
              "flyingModelLocator": {
                "factoryType": "NORMAL",
                "pqc": [
                  "pixelmon:pokemon/468_togekiss/all/advance/none/model.pqc"
                ],
                "movementThreshold": 0.03,
                "yRotation": 28
              },
              "sounds": [

              ]
            },
            {
              "name": "shiny",
              "texture": "pixelmon:pokemon/468_togekiss/all/advance/shiny/texture.png",
              "sprite": "pixelmon:pokemon/468_togekiss/all/advance/shiny/sprite.png",
              "particle": "arcanery:shiny"
            }
          ]
		}
	  ]	
	}
  ],
  "generation": 4
}
