{
  "name": "Yanmega",
  "dex": 469,
  "defaultForms": [
    ""
  ],
  "forms": [
    {
      "name": "",
      "experienceGroup": "MEDIUM_FAST",
      "dimensions": {
        "height": 0.8,
        "width": 1.8,
        "length": 1,
        "eyeHeight": 0.8,
        "hoverHeight": 0.8
      },
      "moves": {
        "levelUpMoves": [
          {
            "level": 0,
            "attacks": [
              "Air Slash",
              "Bug Bite",
              "Bug Buzz",
              "Double Team",
              "Foresight",
              "Night Slash",
              "Quick Attack",
              "Tackle"
            ]
          },
          {
            "level": 6,
            "attacks": [
              "Quick Attack"
            ]
          },
          {
            "level": 11,
            "attacks": [
              "Double Team"
            ]
          },
          {
            "level": 14,
            "attacks": [
              "Sonic Boom"
            ]
          },
          {
            "level": 17,
            "attacks": [
              "Detect"
            ]
          },
          {
            "level": 22,
            "attacks": [
              "Supersonic"
            ]
          },
          {
            "level": 27,
            "attacks": [
              "Uproar"
            ]
          },
          {
            "level": 30,
            "attacks": [
              "Pursuit"
            ]
          },
          {
            "level": 33,
            "attacks": [
              "Ancient Power"
            ]
          },
          {
            "level": 38,
            "attacks": [
              "Feint"
            ]
          },
          {
            "level": 43,
            "attacks": [
              "Slash"
            ]
          },
          {
            "level": 46,
            "attacks": [
              "Screech"
            ]
          },
          {
            "level": 49,
            "attacks": [
              "U-turn"
            ]
          },
          {
            "level": 54,
            "attacks": [
              "Air Slash"
            ]
          },
          {
            "level": 57,
            "attacks": [
              "Bug Buzz"
            ]
          }
        ],
        "tutorMoves": [
          "Bug Bite",
          "Defog",
          "Giga Drain",
          "Laser Focus",
          "Signal Beam",
          "Snore",
          "Tailwind",
          "Uproar"
        ],
        "eggMoves": [
          "Double-Edge",
          "Feint",
          "Feint Attack",
          "Leech Life",
          "Pursuit",
          "Reversal",
          "Secret Power",
          "Signal Beam",
          "Silver Wind",
          "Whirlwind"
        ],
        "tmMoves8": [

        ],
        "trMoves": [

        ],
        "hmMoves": [

        ],
        "transferMoves": [
          "Air Cutter",
          "Captivate",
          "Curse",
          "Endure",
          "Flash",
          "Headbutt",
          "Mimic",
          "Mud-Slap",
          "Natural Gift",
          "Ominous Wind",
          "String Shot",
          "Struggle Bug",
          "Swift"
        ],
        "tmMoves7": [
          "Toxic",
          "Hidden Power",
          "Sunny Day",
          "Hyper Beam",
          "Protect",
          "Roost",
          "Frustration",
          "Solar Beam",
          "Return",
          "Leech Life",
          "Psychic",
          "Shadow Ball",
          "Double Team",
          "Aerial Ace",
          "Facade",
          "Rest",
          "Attract",
          "Thief",
          "Round",
          "Steel Wing",
          "Giga Impact",
          "Psych Up",
          "Dream Eater",
          "Swagger",
          "Sleep Talk",
          "U-turn",
          "Substitute",
          "Confide"
        ],
        "tmMoves6": [
          "Toxic",
          "Hidden Power",
          "Sunny Day",
          "Hyper Beam",
          "Protect",
          "Roost",
          "Frustration",
          "Solar Beam",
          "Return",
          "Psychic",
          "Shadow Ball",
          "Double Team",
          "Aerial Ace",
          "Facade",
          "Rest",
          "Attract",
          "Thief",
          "Round",
          "Steel Wing",
          "Giga Impact",
          "Flash",
          "Struggle Bug",
          "Psych Up",
          "Dream Eater",
          "Swagger",
          "Sleep Talk",
          "U-turn",
          "Substitute",
          "Secret Power",
          "Confide"
        ],
        "tmMoves5": [
          "Toxic",
          "Hidden Power",
          "Sunny Day",
          "Hyper Beam",
          "Protect",
          "Frustration",
          "Solar Beam",
          "Return",
          "Psychic",
          "Shadow Ball",
          "Double Team",
          "Aerial Ace",
          "Facade",
          "Rest",
          "Attract",
          "Thief",
          "Round",
          "Giga Impact",
          "Flash",
          "Struggle Bug",
          "Psych Up",
          "Dream Eater",
          "Swagger",
          "U-turn",
          "Substitute"
        ],
        "tmMoves4": [
          "Toxic",
          "Hidden Power",
          "Sunny Day",
          "Hyper Beam",
          "Protect",
          "Giga Drain",
          "Frustration",
          "Solar Beam",
          "Return",
          "Psychic",
          "Shadow Ball",
          "Double Team",
          "Aerial Ace",
          "Facade",
          "Secret Power",
          "Rest",
          "Attract",
          "Thief",
          "Steel Wing",
          "Roost",
          "Endure",
          "Silver Wind",
          "Giga Impact",
          "Flash",
          "Psych Up",
          "Captivate",
          "Sleep Talk",
          "Natural Gift",
          "Dream Eater",
          "Swagger",
          "U-turn",
          "Substitute"
        ],
        "tmMoves3": [

        ],
        "tmMoves2": [

        ],
        "tmMoves1": [

        ],
        "tmMoves": [

        ]
      },
      "abilities": {
        "abilities": [
          "SpeedBoost",
          "TintedLens"
        ],
        "hiddenAbilities": [
          "Frisk"
        ]
      },
      "movement": {
        "rideable": true,
        "canFly": true,
        "canSurf": false,
        "canRideShoulder": false,
        "ridingOffsets": {
          "standing": {
            "x": 0.0,
            "y": 0.0,
            "z": -0.6
          },
          "moving": {
            "x": 0.0,
            "y": 0.0,
            "z": -0.6
          }
        },
        "flyingParameters": {
          "flyHeightMin": 5,
          "flyHeightMax": 20,
          "flySpeedModifier": 1.4,
          "flyRefreshRateY": 100,
          "flyRefreshRateXZ": 100,
          "flyRefreshRateSpeed": 100,
          "flightTimeMin": 0,
          "flightTimeMax": 20,
          "flapRate": 5,
          "landingMaterials": "LEAVES_AND_GRASS"
        },
        "mountedFlyingParameters": {
          "type": "pixelmon:default",
          "upper_angle_limit": 20,
          "lower_angle_limit": -20,
          "max_fly_speed": 1,
          "deceleration_rate": 0.07,
          "hover_deceleration_rate": 0.09,
          "acceleration_rate": 0.07,
          "strafe_acceleration_rate": 0.08,
          "strafe_roll_conversion": 30,
          "turn_rate": 0.5,
          "pitch_rate": 0.8,
          "stays_horizontal_flying": true,
          "gravity_drop_per_tick": 0.005,
          "continuous_forward_motion": true,
          "continuous_forward_motion_ticks": 5,
          "flying_stamina_charges": 3,
          "hover_ticks": 100
        }
      },
      "aggression": {
        "timid": 80,
        "passive": 0,
        "aggressive": 20
      },
      "battleStats": {
        "hp": 86,
        "attack": 76,
        "defense": 86,
        "specialAttack": 116,
        "specialDefense": 56,
        "speed": 95
      },
      "tags": [

      ],
      "spawn": {
        "baseExp": 198,
        "baseFriendship": 70,
        "spawnLevel": 34,
        "spawnLevelRange": 11,
        "spawnLocations": [
          "AIR_PERSISTENT"
        ]
      },
      "possibleGenders": [
        "MALE",
        "FEMALE"
      ],
      "genderProperties": [
        {
          "gender": "ALL",
          "palettes": [
            {
              "name": "none",
              "texture": "pixelmon:pokemon/469_yanmega/all/base/none/texture.png",
              "sprite": "pixelmon:pokemon/469_yanmega/all/base/none/sprite.png",
              "particle": "",
              "modelLocator": {
                "factoryType": "NORMAL",
                "pqc": [
                  "pixelmon:pokemon/469_yanmega/all/base/none/model.pqc"
                ]
              },
              "flyingModelLocator": {
                "factoryType": "NORMAL",
                "pqc": [
                  "pixelmon:pokemon/469_yanmega/all/base/none/model.pqc"
                ]
              },
              "sounds": [
                "pixelmon.mob.yanmega"
              ]
            },
            {
              "name": "shiny",
              "texture": "pixelmon:pokemon/469_yanmega/all/base/shiny/texture.png",
              "sprite": "pixelmon:pokemon/469_yanmega/all/base/shiny/sprite.png",
              "particle": "arcanery:shiny"
            },
			{
              "name": "aquatic",
              "texture": "pixelmon:pokemon/469_yanmega/all/base/custom-aquatic/texture.png",
              "sprite": "pixelmon:pokemon/469_yanmega/all/base/custom-aquatic/sprite.png",
              "particle": ""
            },
			{
              "name": "arctic",
              "texture": "pixelmon:pokemon/469_yanmega/all/base/custom-arctic/texture.png",
              "sprite": "pixelmon:pokemon/469_yanmega/all/base/custom-arctic/sprite.png",
              "particle": ""
            },
			{
              "name": "black and white",
              "texture": "pixelmon:pokemon/469_yanmega/all/base/custom-black-white/texture.png",
              "sprite": "pixelmon:pokemon/469_yanmega/all/base/custom-black-white/sprite.png",
              "particle": ""
            },
			{
              "name": "dark",
              "texture": "pixelmon:pokemon/469_yanmega/all/base/custom-dark/texture.png",
              "sprite": "pixelmon:pokemon/469_yanmega/all/base/custom-dark/sprite.png",
              "particle": ""
            },
			{
              "name": "shadow",
              "texture": "pixelmon:pokemon/469_yanmega/all/base/custom-shadow/texture.png",
              "sprite": "pixelmon:pokemon/469_yanmega/all/base/custom-shadow/sprite.png",
              "particle": ""
            }
          ]
        }
      ],
      "eggGroups": [
        "BUG"
      ],
      "types": [
        "BUG",
        "FLYING"
      ],
      "preEvolutions": [
        "Yanma"
      ],
      "defaultBaseForm": "",
      "megaItems": [

      ],
      "megas": [

      ],
      "gigantamax": {
        "canHaveFactor": false,
        "canGigantamax": false
      },
      "eggCycles": 21,
      "weight": 51.5,
      "catchRate": 30,
      "malePercentage": 0,
      "evolutions": [

      ],
      "evYields": {
        "attack": 2
      }
    }
  ],
  "generation": 4
}
