{
  "name": "Glaceon",
  "dex": 471,
  "defaultForms": [
    ""
  ],
  "forms": [
    {
      "name": "",
      "experienceGroup": "MEDIUM_FAST",
      "dimensions": {
        "height": 1.4,
        "width": 1.4,
        "length": 1,
        "eyeHeight": 1.4,
        "hoverHeight": 1.4
      },
      "moves": {
        "levelUpMoves": [
          {
            "level": 0,
            "attacks": [
              "Baton Pass",
              "Charm",
              "Copycat",
              "Covet",
              "Double-Edge",
              "Growl",
              "Helping Hand",
              "Icy Wind",
              "Swift",
              "Tackle",
              "Tail Whip",
              "Take Down"
            ]
          },
          {
            "level": 5,
            "attacks": [
              "Sand Attack"
            ]
          },
          {
            "level": 10,
            "attacks": [
              "Quick Attack"
            ]
          },
          {
            "level": 15,
            "attacks": [
              "Baby-Doll Eyes"
            ]
          },
          {
            "level": 20,
            "attacks": [
              "Ice Shard"
            ]
          },
          {
            "level": 25,
            "attacks": [
              "Bite"
            ]
          },
          {
            "level": 30,
            "attacks": [
              "Ice Fang"
            ]
          },
          {
            "level": 35,
            "attacks": [
              "Hail"
            ]
          },
          {
            "level": 40,
            "attacks": [
              "Freeze-Dry"
            ]
          },
          {
            "level": 45,
            "attacks": [
              "Mirror Coat"
            ]
          },
          {
            "level": 50,
            "attacks": [
              "Blizzard"
            ]
          },
          {
            "level": 55,
            "attacks": [
              "Last Resort"
            ]
          }
        ],
        "tutorMoves": [
          "Celebrate",
          "Triple Axel"
        ],
        "eggMoves": [
          "Curse",
          "Detect",
          "Double Kick",
          "Flail",
          "Mud-Slap",
          "Tickle",
          "Wish",
          "Yawn"
        ],
        "tmMoves8": [
          "Pay Day",
          "Hyper Beam",
          "Giga Impact",
          "Dig",
          "Rest",
          "Snore",
          "Protect",
          "Icy Wind",
          "Charm",
          "Attract",
          "Rain Dance",
          "Sunny Day",
          "Hail",
          "Facade",
          "Swift",
          "Helping Hand",
          "Weather Ball",
          "Fake Tears",
          "Icicle Spear",
          "Avalanche",
          "Ice Fang",
          "Round",
          "Retaliate"
        ],
        "trMoves": [
          "Body Slam",
          "Ice Beam",
          "Blizzard",
          "Focus Energy",
          "Substitute",
          "Endure",
          "Sleep Talk",
          "Baton Pass",
          "Iron Tail",
          "Shadow Ball",
          "Hyper Voice",
          "Stored Power",
          "Work Up"
        ],
        "hmMoves": [],
        "transferMoves": [
          "Aqua Tail",
          "Aurora Veil",
          "Barrier",
          "Bide",
          "Captivate",
          "Confide",
          "Double Team",
          "Echoed Voice",
          "Frost Breath",
          "Frustration",
          "Headbutt",
          "Heal Bell",
          "Hidden Power",
          "Laser Focus",
          "Mimic",
          "Natural Gift",
          "Rage",
          "Reflect",
          "Refresh",
          "Return",
          "Roar",
          "Rock Smash",
          "Secret Power",
          "Signal Beam",
          "Sing",
          "Skull Bash",
          "Strength",
          "Swagger",
          "Synchronoise",
          "Toxic",
          "Trump Card",
          "Water Pulse"
        ],
        "tmMoves7": [
          "Work Up",
          "Roar",
          "Toxic",
          "Hail",
          "Hidden Power",
          "Sunny Day",
          "Ice Beam",
          "Blizzard",
          "Hyper Beam",
          "Protect",
          "Rain Dance",
          "Frustration",
          "Return",
          "Shadow Ball",
          "Double Team",
          "Facade",
          "Rest",
          "Attract",
          "Round",
          "Echoed Voice",
          "Giga Impact",
          "Aurora Veil",
          "Frost Breath",
          "Swagger",
          "Sleep Talk",
          "Substitute",
          "Confide"
        ],
        "tmMoves6": [
          "Roar",
          "Toxic",
          "Hail",
          "Hidden Power",
          "Sunny Day",
          "Ice Beam",
          "Blizzard",
          "Hyper Beam",
          "Protect",
          "Rain Dance",
          "Frustration",
          "Return",
          "Dig",
          "Shadow Ball",
          "Double Team",
          "Facade",
          "Rest",
          "Attract",
          "Round",
          "Echoed Voice",
          "Retaliate",
          "Giga Impact",
          "Frost Breath",
          "Swagger",
          "Sleep Talk",
          "Substitute",
          "Secret Power",
          "Confide"
        ],
        "tmMoves5": [
          "Roar",
          "Toxic",
          "Hail",
          "Hidden Power",
          "Sunny Day",
          "Ice Beam",
          "Blizzard",
          "Hyper Beam",
          "Protect",
          "Rain Dance",
          "Frustration",
          "Return",
          "Dig",
          "Shadow Ball",
          "Double Team",
          "Facade",
          "Rest",
          "Attract",
          "Round",
          "Echoed Voice",
          "Retaliate",
          "Giga Impact",
          "Frost Breath",
          "Work Up",
          "Swagger",
          "Substitute",
          "Rock Smash"
        ],
        "tmMoves4": [
          "Water Pulse",
          "Roar",
          "Toxic",
          "Hail",
          "Hidden Power",
          "Sunny Day",
          "Ice Beam",
          "Blizzard",
          "Hyper Beam",
          "Protect",
          "Rain Dance",
          "Frustration",
          "Iron Tail",
          "Return",
          "Dig",
          "Shadow Ball",
          "Double Team",
          "Facade",
          "Secret Power",
          "Rest",
          "Attract",
          "Endure",
          "Giga Impact",
          "Avalanche",
          "Captivate",
          "Sleep Talk",
          "Natural Gift",
          "Swagger",
          "Substitute"
        ],
        "tmMoves3": [],
        "tmMoves2": [],
        "tmMoves1": [],
        "tmMoves": []
      },
      "abilities": {
        "abilities": [
          "SnowCloak"
        ],
        "hiddenAbilities": [
          "IceBody"
        ]
      },
      "movement": {
        "rideable": true,
        "canFly": false,
        "canSurf": false,
        "canRideShoulder": false,
        "ridingOffsets": {
          "standing": {
            "x": 0.0,
            "y": -0.45,
            "z": -0.3
          },
          "moving": {
            "x": 0.0,
            "y": -0.45,
            "z": -0.3
          }
        }
      },
      "aggression": {
        "timid": 80,
        "passive": 0,
        "aggressive": 20
      },
      "battleStats": {
        "hp": 65,
        "attack": 60,
        "defense": 110,
        "specialAttack": 130,
        "specialDefense": 95,
        "speed": 65
      },
      "tags": [],
      "spawn": {
        "baseExp": 184,
        "baseFriendship": 35,
        "spawnLevel": 45,
        "spawnLevelRange": 5,
        "spawnLocations": [
          "LAND"
        ]
      },
      "possibleGenders": [
        "MALE",
        "FEMALE"
      ],
      "genderProperties": [
        {
          "gender": "ALL",
          "palettes": [
            {
              "name": "none",
              "texture": "pixelmon:pokemon/471_glaceon/all/base/none/texture.png",
              "sprite": "pixelmon:pokemon/471_glaceon/all/base/none/sprite.png",
              "particle": "",
              "modelLocator": {
                "factoryType": "NORMAL",
                "pqc": [
                  "pixelmon:pokemon/471_glaceon/all/base/none/model.pqc"
                ]
              },
              "sounds": [
                "pixelmon.mob.glaceon",
                "pixelmon.mob.glaceon",
                "pixelmon.mob.glaceon"
              ]
            },
            {
              "name": "shiny",
              "texture": "pixelmon:pokemon/471_glaceon/all/base/shiny/texture.png",
              "sprite": "pixelmon:pokemon/471_glaceon/all/base/shiny/sprite.png",
              "particle": "arcanery:shiny"
            },
            {
              "name": "spirit",
              "texture": "pixelmon:pokemon/471_glaceon/all/base/spirit/texture.png",
              "sprite": "pixelmon:pokemon/471_glaceon/all/base/spirit/sprite.png",
              "particle": ""
            },
			{
              "name": "alternative",
              "texture": "pixelmon:pokemon/471_glaceon/all/base/custom-alternative/texture.png",
              "sprite": "pixelmon:pokemon/471_glaceon/all/base/custom-alternative/sprite.png",
              "particle": ""
            },
			{
              "name": "angelic",
              "texture": "pixelmon:pokemon/471_glaceon/all/base/custom-angelic/texture.png",
              "sprite": "pixelmon:pokemon/471_glaceon/all/base/custom-angelic/sprite.png",
              "particle": ""
            },
			{
              "name": "anniversary",
              "texture": "pixelmon:pokemon/471_glaceon/all/base/custom-anniversary/texture.png",
              "sprite": "pixelmon:pokemon/471_glaceon/all/base/custom-anniversary/sprite.png",
              "particle": ""
            },
			{
              "name": "anubis",
              "texture": "pixelmon:pokemon/471_glaceon/all/base/custom-anubis/texture.png",
              "sprite": "pixelmon:pokemon/471_glaceon/all/base/custom-anubis/sprite.png",
              "particle": ""
            },
			{
              "name": "arctic",
              "texture": "pixelmon:pokemon/471_glaceon/all/base/custom-arctic/texture.png",
              "sprite": "pixelmon:pokemon/471_glaceon/all/base/custom-arctic/sprite.png",
              "particle": ""
            },
			{
              "name": "black and white",
              "texture": "pixelmon:pokemon/471_glaceon/all/base/custom-black-white/texture.png",
              "sprite": "pixelmon:pokemon/471_glaceon/all/base/custom-black-white/sprite.png",
              "particle": ""
            },
			{
              "name": "chocolate",
              "texture": "pixelmon:pokemon/471_glaceon/all/base/custom-chocolate/texture.png",
              "sprite": "pixelmon:pokemon/471_glaceon/all/base/custom-chocolate/sprite.png",
              "particle": ""
            },
			{
              "name": "ditto",
              "texture": "pixelmon:pokemon/471_glaceon/all/base/custom-ditto/texture.png",
              "sprite": "pixelmon:pokemon/471_glaceon/all/base/custom-ditto/sprite.png",
              "particle": ""
            },
			{
              "name": "festive",
              "texture": "pixelmon:pokemon/471_glaceon/all/base/custom-festive/texture.png",
              "sprite": "pixelmon:pokemon/471_glaceon/all/base/custom-festive/sprite.png",
              "particle": ""
            },
			{
              "name": "galaxy 1",
              "texture": "pixelmon:pokemon/471_glaceon/all/base/custom-galaxy1/texture.png",
              "sprite": "pixelmon:pokemon/471_glaceon/all/base/custom-galaxy1/sprite.png",
              "particle": ""
            },
			{
              "name": "galaxy 2",
              "texture": "pixelmon:pokemon/471_glaceon/all/base/custom-galaxy2/texture.png",
              "sprite": "pixelmon:pokemon/471_glaceon/all/base/custom-galaxy2/sprite.png",
              "particle": ""
            },
			{
              "name": "neon",
              "texture": "pixelmon:pokemon/471_glaceon/all/base/custom-neon/texture.png",
              "sprite": "pixelmon:pokemon/471_glaceon/all/base/custom-neon/sprite.png",
              "particle": ""
            },
			{
              "name": "otaku",
              "texture": "pixelmon:pokemon/471_glaceon/all/base/custom-otaku/texture.png",
              "sprite": "pixelmon:pokemon/471_glaceon/all/base/custom-otaku/sprite.png",
              "particle": ""
            },
			{
              "name": "purple haze",
              "texture": "pixelmon:pokemon/471_glaceon/all/base/custom-purplehaze/texture.png",
              "sprite": "pixelmon:pokemon/471_glaceon/all/base/custom-purplehaze/sprite.png",
              "particle": ""
            },
			{
              "name": "rangos",
              "texture": "pixelmon:pokemon/471_glaceon/all/base/custom-rangos/texture.png",
              "sprite": "pixelmon:pokemon/471_glaceon/all/base/custom-rangos/sprite.png",
              "particle": ""
            },
			{
              "name": "rocket",
              "texture": "pixelmon:pokemon/471_glaceon/all/base/custom-rocket/texture.png",
              "sprite": "pixelmon:pokemon/471_glaceon/all/base/custom-rocket/sprite.png",
              "particle": ""
            },
			{
              "name": "shadow",
              "texture": "pixelmon:pokemon/471_glaceon/all/base/custom-shadow/texture.png",
              "sprite": "pixelmon:pokemon/471_glaceon/all/base/custom-shadow/sprite.png",
              "particle": ""
            },
			{
              "name": "valentines 1",
              "texture": "pixelmon:pokemon/471_glaceon/all/base/custom-val1/texture.png",
              "sprite": "pixelmon:pokemon/471_glaceon/all/base/custom-val1/sprite.png",
              "particle": ""
            },
			{
              "name": "valentines 2",
              "texture": "pixelmon:pokemon/471_glaceon/all/base/custom-val2/texture.png",
              "sprite": "pixelmon:pokemon/471_glaceon/all/base/custom-val2/sprite.png",
              "particle": ""
            }
          ]
        }
      ],
      "eggGroups": [
        "FIELD"
      ],
      "types": [
        "ICE"
      ],
      "preEvolutions": [
        "Eevee"
      ],
      "defaultBaseForm": "",
      "megaItems": [],
      "megas": [],
      "gigantamax": {
        "canHaveFactor": false,
        "canGigantamax": false
      },
      "eggCycles": 36,
      "weight": 25.9,
      "catchRate": 45,
      "malePercentage": 0,
      "evolutions": [],
      "evYields": {
        "specialAttack": 2
      }
    }
  ],
  "generation": 4
}
