{
  "name": "Gliscor",
  "dex": 472,
  "defaultForms": [
    ""
  ],
  "forms": [
    {
      "name": "",
      "experienceGroup": "MEDIUM_SLOW",
      "dimensions": {
        "height": 2.0,
        "width": 1.0,
        "length": 1,
        "eyeHeight": 2.0,
        "hoverHeight": 2.0
      },
      "moves": {
        "levelUpMoves": [
          {
            "level": 0,
            "attacks": [
              "Fire Fang",
              "Guillotine",
              "Harden",
              "Ice Fang",
              "Knock Off",
              "Poison Jab",
              "Sand Attack",
              "Thunder Fang"
            ]
          },
          {
            "level": 4,
            "attacks": [
              "Sand Attack"
            ]
          },
          {
            "level": 7,
            "attacks": [
              "Harden"
            ]
          },
          {
            "level": 10,
            "attacks": [
              "Knock Off"
            ]
          },
          {
            "level": 13,
            "attacks": [
              "Quick Attack"
            ]
          },
          {
            "level": 16,
            "attacks": [
              "Fury Cutter"
            ]
          },
          {
            "level": 19,
            "attacks": [
              "Feint Attack"
            ]
          },
          {
            "level": 22,
            "attacks": [
              "Acrobatics"
            ]
          },
          {
            "level": 27,
            "attacks": [
              "Night Slash"
            ]
          },
          {
            "level": 30,
            "attacks": [
              "U-turn"
            ]
          },
          {
            "level": 35,
            "attacks": [
              "Screech"
            ]
          },
          {
            "level": 40,
            "attacks": [
              "X-Scissor"
            ]
          },
          {
            "level": 45,
            "attacks": [
              "Sky Uppercut"
            ]
          },
          {
            "level": 50,
            "attacks": [
              "Swords Dance"
            ]
          },
          {
            "level": 55,
            "attacks": [
              "Guillotine"
            ]
          }
        ],
        "tutorMoves": [
          "Aqua Tail",
          "Bug Bite",
          "Defog",
          "Earth Power",
          "Iron Tail",
          "Knock Off",
          "Sky Attack",
          "Snore",
          "Stealth Rock",
          "Tailwind",
          "Throat Chop"
        ],
        "eggMoves": [
          "Agility",
          "Baton Pass",
          "Counter",
          "Cross Poison",
          "Double-Edge",
          "Feint",
          "Metal Claw",
          "Night Slash",
          "Poison Tail",
          "Power Trick",
          "Razor Wind",
          "Rock Climb",
          "Sand Tomb",
          "Wing Attack"
        ],
        "tmMoves8": [

        ],
        "trMoves": [

        ],
        "hmMoves": [

        ],
        "transferMoves": [
          "Captivate",
          "Curse",
          "Cut",
          "Detect",
          "Dig",
          "Dream Eater",
          "Endure",
          "Headbutt",
          "Hone Claws",
          "Mimic",
          "Mud-Slap",
          "Natural Gift",
          "Rock Smash",
          "Secret Power",
          "Strength",
          "Struggle Bug",
          "Swift"
        ],
        "tmMoves7": [
          "Toxic",
          "Venoshock",
          "Hidden Power",
          "Sunny Day",
          "Taunt",
          "Hyper Beam",
          "Protect",
          "Rain Dance",
          "Roost",
          "Frustration",
          "Earthquake",
          "Return",
          "Brick Break",
          "Double Team",
          "Sludge Bomb",
          "Sandstorm",
          "Rock Tomb",
          "Aerial Ace",
          "Torment",
          "Facade",
          "Rest",
          "Attract",
          "Thief",
          "Round",
          "Steel Wing",
          "False Swipe",
          "Fling",
          "Brutal Swing",
          "Acrobatics",
          "Payback",
          "Giga Impact",
          "Rock Polish",
          "Stone Edge",
          "Swords Dance",
          "Bulldoze",
          "Rock Slide",
          "X-Scissor",
          "Poison Jab",
          "Swagger",
          "Sleep Talk",
          "U-turn",
          "Substitute",
          "Dark Pulse",
          "Confide"
        ],
        "tmMoves6": [
          "Hone Claws",
          "Toxic",
          "Venoshock",
          "Hidden Power",
          "Sunny Day",
          "Taunt",
          "Hyper Beam",
          "Protect",
          "Rain Dance",
          "Roost",
          "Frustration",
          "Earthquake",
          "Return",
          "Dig",
          "Brick Break",
          "Double Team",
          "Sludge Bomb",
          "Sandstorm",
          "Rock Tomb",
          "Aerial Ace",
          "Torment",
          "Facade",
          "Rest",
          "Attract",
          "Thief",
          "Round",
          "Steel Wing",
          "False Swipe",
          "Fling",
          "Acrobatics",
          "Payback",
          "Giga Impact",
          "Rock Polish",
          "Stone Edge",
          "Swords Dance",
          "Struggle Bug",
          "Bulldoze",
          "Rock Slide",
          "X-Scissor",
          "Poison Jab",
          "Swagger",
          "Sleep Talk",
          "U-turn",
          "Substitute",
          "Secret Power",
          "Dark Pulse",
          "Confide"
        ],
        "tmMoves5": [
          "Hone Claws",
          "Toxic",
          "Venoshock",
          "Hidden Power",
          "Sunny Day",
          "Taunt",
          "Hyper Beam",
          "Protect",
          "Rain Dance",
          "Frustration",
          "Earthquake",
          "Return",
          "Dig",
          "Brick Break",
          "Double Team",
          "Sludge Bomb",
          "Sandstorm",
          "Rock Tomb",
          "Aerial Ace",
          "Torment",
          "Facade",
          "Rest",
          "Attract",
          "Thief",
          "Round",
          "False Swipe",
          "Fling",
          "Acrobatics",
          "Payback",
          "Giga Impact",
          "Rock Polish",
          "Stone Edge",
          "Swords Dance",
          "Struggle Bug",
          "Bulldoze",
          "Rock Slide",
          "X-Scissor",
          "Poison Jab",
          "Swagger",
          "U-turn",
          "Substitute",
          "Rock Smash"
        ],
        "tmMoves4": [
          "Toxic",
          "Hidden Power",
          "Sunny Day",
          "Taunt",
          "Hyper Beam",
          "Protect",
          "Rain Dance",
          "Frustration",
          "Iron Tail",
          "Earthquake",
          "Return",
          "Dig",
          "Brick Break",
          "Double Team",
          "Sludge Bomb",
          "Sandstorm",
          "Rock Tomb",
          "Aerial Ace",
          "Torment",
          "Facade",
          "Secret Power",
          "Rest",
          "Attract",
          "Thief",
          "Steel Wing",
          "Roost",
          "False Swipe",
          "Fling",
          "Endure",
          "Payback",
          "Giga Impact",
          "Rock Polish",
          "Stone Edge",
          "Swords Dance",
          "Stealth Rock",
          "Captivate",
          "Dark Pulse",
          "Rock Slide",
          "X-Scissor",
          "Sleep Talk",
          "Natural Gift",
          "Poison Jab",
          "Swagger",
          "U-turn",
          "Substitute"
        ],
        "tmMoves3": [

        ],
        "tmMoves2": [

        ],
        "tmMoves1": [

        ],
        "tmMoves": [

        ]
      },
      "abilities": {
        "abilities": [
          "HyperCutter",
          "SandVeil"
        ],
        "hiddenAbilities": [
          "PoisonHeal"
        ]
      },
      "movement": {
        "rideable": true,
        "canFly": true,
        "canSurf": false,
        "canRideShoulder": false,
        "ridingOffsets": {
          "standing": {
            "x": 0.0,
            "y": 0.0,
            "z": 0.0
          },
          "moving": {
            "x": 0.0,
            "y": 0.3,
            "z": 0.0
          }
        },
        "flyingParameters": {
          "flyHeightMin": 0,
          "flyHeightMax": 0,
          "flySpeedModifier": 1.0,
          "flyRefreshRateY": 0,
          "flyRefreshRateXZ": 0,
          "flyRefreshRateSpeed": 0,
          "flightTimeMin": 0,
          "flightTimeMax": 0,
          "flapRate": 0,
          "landingMaterials": "LEAVES_AND_GRASS"
        },
        "mountedFlyingParameters": {
          "type": "pixelmon:default",
          "upper_angle_limit": 20,
          "lower_angle_limit": -20,
          "max_fly_speed": 1,
          "deceleration_rate": 0.07,
          "hover_deceleration_rate": 0.09,
          "acceleration_rate": 0.07,
          "strafe_acceleration_rate": 0.08,
          "strafe_roll_conversion": 30,
          "turn_rate": 0.5,
          "pitch_rate": 0.8,
          "stays_horizontal_flying": true,
          "gravity_drop_per_tick": 0.005,
          "continuous_forward_motion": true,
          "continuous_forward_motion_ticks": 5,
          "flying_stamina_charges": 3,
          "hover_ticks": 100
        }
      },
      "aggression": {
        "timid": 0,
        "passive": 50,
        "aggressive": 50
      },
      "battleStats": {
        "hp": 75,
        "attack": 95,
        "defense": 125,
        "specialAttack": 45,
        "specialDefense": 75,
        "speed": 95
      },
      "tags": [

      ],
      "spawn": {
        "baseExp": 192,
        "baseFriendship": 70,
        "spawnLevel": 30,
        "spawnLevelRange": 15,
        "spawnLocations": [
          "AIR"
        ]
      },
      "possibleGenders": [
        "MALE",
        "FEMALE"
      ],
      "genderProperties": [
        {
          "gender": "ALL",
          "palettes": [
            {
              "name": "none",
              "texture": "pixelmon:pokemon/472_gliscor/all/base/none/texture.png",
              "sprite": "pixelmon:pokemon/472_gliscor/all/base/none/sprite.png",
              "particle": "",
              "modelLocator": {
                "factoryType": "NORMAL",
                "pqc": [
                  "pixelmon:pokemon/472_gliscor/all/base/none/model.pqc"
                ]
              },
              "sounds": [
                "pixelmon.mob.gliscor",
                "pixelmon.mob.gliscor",
                "pixelmon.mob.gliscor"
              ]
            },
            {
              "name": "shiny",
              "texture": "pixelmon:pokemon/472_gliscor/all/base/shiny/texture.png",
              "sprite": "pixelmon:pokemon/472_gliscor/all/base/shiny/sprite.png",
              "particle": "arcanery:shiny"
            },
			{
              "name": "anubis",
              "texture": "pixelmon:pokemon/472_gliscor/all/base/custom-anubis/texture.png",
              "sprite": "pixelmon:pokemon/472_gliscor/all/base/custom-anubis/sprite.png",
              "particle": ""
            },
			{
              "name": "crimson",
              "texture": "pixelmon:pokemon/472_gliscor/all/base/custom-crimson/texture.png",
              "sprite": "pixelmon:pokemon/472_gliscor/all/base/custom-crimson/sprite.png",
              "particle": ""
            },
			{
              "name": "easter",
              "texture": "pixelmon:pokemon/472_gliscor/all/base/custom-easter/texture.png",
              "sprite": "pixelmon:pokemon/472_gliscor/all/base/custom-easter/sprite.png",
              "particle": ""
            },
			{
              "name": "elemental",
              "texture": "pixelmon:pokemon/472_gliscor/all/base/custom-elemental/texture.png",
			  "emissive": "pixelmon:pokemon/472_gliscor/all/base/custom-elemental/emissive.png",
              "sprite": "pixelmon:pokemon/472_gliscor/all/base/custom-elemental/sprite.png",
              "particle": ""
            },
			{
              "name": "fusion",
              "texture": "pixelmon:pokemon/472_gliscor/all/base/custom-fusion/texture.png",
              "sprite": "pixelmon:pokemon/472_gliscor/all/base/custom-fusion/sprite.png",
              "particle": ""
            },
			{
              "name": "gamma",
              "texture": "pixelmon:pokemon/472_gliscor/all/base/custom-gamma/texture.png",
              "sprite": "pixelmon:pokemon/472_gliscor/all/base/custom-gamma/sprite.png",
              "particle": ""
            },
			{
              "name": "halloween 1",
              "texture": "pixelmon:pokemon/472_gliscor/all/base/custom-halloween1/texture.png",
              "sprite": "pixelmon:pokemon/472_gliscor/all/base/custom-halloween1/sprite.png",
              "particle": ""
            },
			{
              "name": "halloween 2",
              "texture": "pixelmon:pokemon/472_gliscor/all/base/custom-halloween2/texture.png",
              "sprite": "pixelmon:pokemon/472_gliscor/all/base/custom-halloween2/sprite.png",
              "particle": ""
            },
			{
              "name": "halloween 3",
              "texture": "pixelmon:pokemon/472_gliscor/all/base/custom-halloween3/texture.png",
              "sprite": "pixelmon:pokemon/472_gliscor/all/base/custom-halloween3/sprite.png",
              "particle": ""
            },
			{
              "name": "hunter",
              "texture": "pixelmon:pokemon/472_gliscor/all/base/custom-hunter/texture.png",
              "sprite": "pixelmon:pokemon/472_gliscor/all/base/custom-hunter/sprite.png",
              "particle": ""
            },
			{
              "name": "insectoid",
              "texture": "pixelmon:pokemon/472_gliscor/all/base/custom-insectoid/texture.png",
              "sprite": "pixelmon:pokemon/472_gliscor/all/base/custom-insectoid/sprite.png",
              "particle": ""
            },
			{
              "name": "nippon",
              "texture": "pixelmon:pokemon/472_gliscor/all/base/custom-nippon/texture.png",
              "sprite": "pixelmon:pokemon/472_gliscor/all/base/custom-nippon/sprite.png",
              "particle": ""
            },
			{
              "name": "soulfire",
              "texture": "pixelmon:pokemon/472_gliscor/all/base/custom-soulfire/texture.png",
              "sprite": "pixelmon:pokemon/472_gliscor/all/base/custom-soulfire/sprite.png",
              "particle": ""
            },
			{
              "name": "valentines",
              "texture": "pixelmon:pokemon/472_gliscor/all/base/custom-val/texture.png",
              "sprite": "pixelmon:pokemon/472_gliscor/all/base/custom-val/sprite.png",
              "particle": ""
            },
			{
              "name": "vampire",
              "texture": "pixelmon:pokemon/472_gliscor/all/base/custom-vampire/texture.png",
              "sprite": "pixelmon:pokemon/472_gliscor/all/base/custom-vampire/sprite.png",
              "particle": ""
            }
          ]
        }
      ],
      "eggGroups": [
        "BUG"
      ],
      "types": [
        "GROUND",
        "FLYING"
      ],
      "preEvolutions": [
        "Gligar"
      ],
      "defaultBaseForm": "",
      "megaItems": [

      ],
      "megas": [

      ],
      "gigantamax": {
        "canHaveFactor": false,
        "canGigantamax": false
      },
      "eggCycles": 21,
      "weight": 42.5,
      "catchRate": 30,
      "malePercentage": 0,
      "evolutions": [

      ],
      "evYields": {
        "defense": 2
      }
    }
  ],
  "generation": 4
}
