{
  "name": "Uxie",
  "dex": 480,
  "defaultForms": [
    ""
  ],
  "forms": [
    {
      "name": "",
      "experienceGroup": "SLOW",
      "dimensions": {
        "height": 0.5,
        "width": 0.5,
        "length": 1,
        "eyeHeight": 0.5,
        "hoverHeight": 0.5
      },
      "moves": {
        "levelUpMoves": [
          {
            "level": 0,
            "attacks": [
              "Confusion",
              "Rest"
            ]
          },
          {
            "level": 7,
            "attacks": [
              "Swift"
            ]
          },
          {
            "level": 14,
            "attacks": [
              "Endure"
            ]
          },
          {
            "level": 21,
            "attacks": [
              "Psybeam"
            ]
          },
          {
            "level": 28,
            "attacks": [
              "Imprison"
            ]
          },
          {
            "level": 35,
            "attacks": [
              "Extrasensory"
            ]
          },
          {
            "level": 42,
            "attacks": [
              "Amnesia"
            ]
          },
          {
            "level": 49,
            "attacks": [
              "Psychic"
            ]
          },
          {
            "level": 56,
            "attacks": [
              "Yawn"
            ]
          },
          {
            "level": 63,
            "attacks": [
              "Future Sight"
            ]
          },
          {
            "level": 70,
            "attacks": [
              "Flail"
            ]
          },
          {
            "level": 77,
            "attacks": [
              "Memento"
            ]
          }
        ],
        "tutorMoves": [
          "Expanding Force"
        ],
        "eggMoves": [],
        "tmMoves8": [
          "Fire Punch",
          "Ice Punch",
          "Thunder Punch",
          "Hyper Beam",
          "Giga Impact",
          "Solar Beam",
          "Thunder Wave",
          "Light Screen",
          "Reflect",
          "Safeguard",
          "Rest",
          "Snore",
          "Protect",
          "Giga Drain",
          "Sandstorm",
          "Rain Dance",
          "Sunny Day",
          "Facade",
          "Swift",
          "Helping Hand",
          "Imprison",
          "U-turn",
          "Fling",
          "Drain Punch",
          "Psycho Cut",
          "Trick Room",
          "Wonder Room",
          "Magic Room",
          "Round",
          "Acrobatics",
          "Draining Kiss"
        ],
        "trMoves": [
          "Thunderbolt",
          "Thunder",
          "Psychic",
          "Metronome",
          "Amnesia",
          "Tri Attack",
          "Substitute",
          "Psyshock",
          "Endure",
          "Sleep Talk",
          "Baton Pass",
          "Encore",
          "Iron Tail",
          "Shadow Ball",
          "Future Sight",
          "Trick",
          "Skill Swap",
          "Calm Mind",
          "Energy Ball",
          "Nasty Plot",
          "Zen Headbutt",
          "Stealth Rock",
          "Grass Knot",
          "Foul Play",
          "Stored Power",
          "Ally Switch",
          "Play Rough",
          "Dazzling Gleam"
        ],
        "hmMoves": [],
        "transferMoves": [
          "Charge Beam",
          "Confide",
          "Double Team",
          "Dream Eater",
          "Flash",
          "Frustration",
          "Headbutt",
          "Heal Bell",
          "Hidden Power",
          "Knock Off",
          "Laser Focus",
          "Magic Coat",
          "Mud-Slap",
          "Natural Gift",
          "Power-Up Punch",
          "Psych Up",
          "Recycle",
          "Return",
          "Role Play",
          "Secret Power",
          "Shock Wave",
          "Signal Beam",
          "Swagger",
          "Telekinesis",
          "Toxic",
          "Water Pulse"
        ],
        "tmMoves7": [
          "Psyshock",
          "Calm Mind",
          "Toxic",
          "Hidden Power",
          "Sunny Day",
          "Hyper Beam",
          "Light Screen",
          "Protect",
          "Rain Dance",
          "Safeguard",
          "Frustration",
          "Solar Beam",
          "Thunderbolt",
          "Thunder",
          "Return",
          "Psychic",
          "Shadow Ball",
          "Double Team",
          "Reflect",
          "Sandstorm",
          "Facade",
          "Rest",
          "Round",
          "Energy Ball",
          "Fling",
          "Charge Beam",
          "Acrobatics",
          "Giga Impact",
          "Thunder Wave",
          "Psych Up",
          "Dream Eater",
          "Grass Knot",
          "Swagger",
          "Sleep Talk",
          "U-turn",
          "Substitute",
          "Trick Room",
          "Dazzling Gleam",
          "Confide"
        ],
        "tmMoves6": [
          "Psyshock",
          "Calm Mind",
          "Toxic",
          "Hidden Power",
          "Sunny Day",
          "Hyper Beam",
          "Light Screen",
          "Protect",
          "Rain Dance",
          "Safeguard",
          "Frustration",
          "Solar Beam",
          "Thunderbolt",
          "Thunder",
          "Return",
          "Psychic",
          "Shadow Ball",
          "Double Team",
          "Reflect",
          "Sandstorm",
          "Facade",
          "Rest",
          "Round",
          "Energy Ball",
          "Fling",
          "Charge Beam",
          "Acrobatics",
          "Giga Impact",
          "Flash",
          "Thunder Wave",
          "Psych Up",
          "Dream Eater",
          "Grass Knot",
          "Swagger",
          "Sleep Talk",
          "U-turn",
          "Substitute",
          "Trick Room",
          "Secret Power",
          "Power-Up Punch",
          "Dazzling Gleam",
          "Confide"
        ],
        "tmMoves5": [
          "Psyshock",
          "Calm Mind",
          "Toxic",
          "Hidden Power",
          "Sunny Day",
          "Hyper Beam",
          "Light Screen",
          "Protect",
          "Rain Dance",
          "Telekinesis",
          "Safeguard",
          "Frustration",
          "Solar Beam",
          "Thunderbolt",
          "Thunder",
          "Return",
          "Psychic",
          "Shadow Ball",
          "Double Team",
          "Reflect",
          "Sandstorm",
          "Facade",
          "Rest",
          "Round",
          "Energy Ball",
          "Fling",
          "Charge Beam",
          "Acrobatics",
          "Giga Impact",
          "Flash",
          "Thunder Wave",
          "Psych Up",
          "Dream Eater",
          "Grass Knot",
          "Swagger",
          "U-turn",
          "Substitute",
          "Trick Room"
        ],
        "tmMoves4": [
          "Water Pulse",
          "Calm Mind",
          "Toxic",
          "Hidden Power",
          "Sunny Day",
          "Hyper Beam",
          "Light Screen",
          "Protect",
          "Rain Dance",
          "Giga Drain",
          "Safeguard",
          "Frustration",
          "Solar Beam",
          "Iron Tail",
          "Thunderbolt",
          "Thunder",
          "Return",
          "Psychic",
          "Shadow Ball",
          "Double Team",
          "Reflect",
          "Shock Wave",
          "Sandstorm",
          "Facade",
          "Secret Power",
          "Rest",
          "Skill Swap",
          "Energy Ball",
          "Fling",
          "Charge Beam",
          "Endure",
          "Recycle",
          "Giga Impact",
          "Flash",
          "Thunder Wave",
          "Stealth Rock",
          "Psych Up",
          "Sleep Talk",
          "Natural Gift",
          "Dream Eater",
          "Grass Knot",
          "Swagger",
          "U-turn",
          "Substitute",
          "Trick Room"
        ],
        "tmMoves3": [],
        "tmMoves2": [],
        "tmMoves1": [],
        "tmMoves": []
      },
      "abilities": {
        "abilities": [
          "Levitate"
        ],
        "hiddenAbilities": []
      },
      "movement": {
        "rideable": false,
        "canFly": false,
        "canSurf": false,
        "canRideShoulder": false
      },
      "aggression": {
        "timid": 80,
        "passive": 0,
        "aggressive": 20
      },
      "battleStats": {
        "hp": 75,
        "attack": 75,
        "defense": 130,
        "specialAttack": 75,
        "specialDefense": 130,
        "speed": 95
      },
      "tags": [
        "legendary"
      ],
      "spawn": {
        "baseExp": 210,
        "baseFriendship": 140,
        "spawnLevel": 50,
        "spawnLevelRange": 0,
        "spawnLocations": [
          "WATER"
        ]
      },
      "possibleGenders": [
        "MALE",
        "FEMALE"
      ],
      "genderProperties": [
        {
          "gender": "ALL",
          "palettes": [
            {
              "name": "none",
              "texture": "pixelmon:pokemon/480_uxie/all/base/none/texture.png",
              "sprite": "pixelmon:pokemon/480_uxie/all/base/none/sprite.png",
              "particle": "",
              "modelLocator": {
                "factoryType": "NORMAL",
                "pqc": [
                  "pixelmon:pokemon/480_uxie/all/base/none/model.pqc"
                ],
                "yRotation": 23.9
              },
              "sounds": []
            },
            {
              "name": "shiny",
              "texture": "pixelmon:pokemon/480_uxie/all/base/shiny/texture.png",
              "sprite": "pixelmon:pokemon/480_uxie/all/base/shiny/sprite.png",
              "particle": "arcanery:shiny"
            },
			{
              "name": "blood",
              "texture": "pixelmon:pokemon/480_uxie/all/base/custom-blood/texture.png",
              "sprite": "pixelmon:pokemon/480_uxie/all/base/custom-blood/sprite.png",
              "particle": ""
            },
			{
              "name": "crimson",
              "texture": "pixelmon:pokemon/480_uxie/all/base/custom-crimson/texture.png",
              "sprite": "pixelmon:pokemon/480_uxie/all/base/custom-crimson/sprite.png",
              "particle": ""
            },
			{
              "name": "halloween",
              "texture": "pixelmon:pokemon/480_uxie/all/base/custom-halloween/texture.png",
              "sprite": "pixelmon:pokemon/480_uxie/all/base/custom-halloween/sprite.png",
              "particle": ""
            },
			{
              "name": "hero",
              "texture": "pixelmon:pokemon/480_uxie/all/base/custom-hero/texture.png",
              "sprite": "pixelmon:pokemon/480_uxie/all/base/custom-hero/sprite.png",
              "particle": ""
            }
          ]
        }
      ],
      "eggGroups": [
        "FAIRY"
      ],
      "types": [
        "PSYCHIC"
      ],
      "preEvolutions": [],
      "defaultBaseForm": "",
      "megaItems": [],
      "megas": [],
      "gigantamax": {
        "canHaveFactor": false,
        "canGigantamax": false
      },
      "eggCycles": 81,
      "weight": 0.3,
      "catchRate": 3,
      "malePercentage": 0,
      "evolutions": [],
      "evYields": {
        "defense": 2,
        "specialDefense": 1
      }
    }
  ],
  "generation": 4
}
