{
  "name": "Azelf",
  "dex": 482,
  "defaultForms": [
    ""
  ],
  "forms": [
    {
      "name": "",
      "experienceGroup": "SLOW",
      "dimensions": {
        "height": 0.5,
        "width": 0.5,
        "length": 1,
        "eyeHeight": 0.5,
        "hoverHeight": 0.5
      },
      "moves": {
        "levelUpMoves": [
          {
            "level": 0,
            "attacks": [
              "Confusion",
              "Rest"
            ]
          },
          {
            "level": 7,
            "attacks": [
              "Swift"
            ]
          },
          {
            "level": 14,
            "attacks": [
              "Detect"
            ]
          },
          {
            "level": 21,
            "attacks": [
              "Psybeam"
            ]
          },
          {
            "level": 28,
            "attacks": [
              "Imprison"
            ]
          },
          {
            "level": 35,
            "attacks": [
              "Extrasensory"
            ]
          },
          {
            "level": 42,
            "attacks": [
              "Nasty Plot"
            ]
          },
          {
            "level": 49,
            "attacks": [
              "Psychic"
            ]
          },
          {
            "level": 56,
            "attacks": [
              "Uproar"
            ]
          },
          {
            "level": 63,
            "attacks": [
              "Future Sight"
            ]
          },
          {
            "level": 70,
            "attacks": [
              "Last Resort"
            ]
          },
          {
            "level": 77,
            "attacks": [
              "Explosion"
            ]
          }
        ],
        "tutorMoves": [
          "Expanding Force"
        ],
        "eggMoves": [],
        "tmMoves8": [
          "Fire Punch",
          "Ice Punch",
          "Thunder Punch",
          "Hyper Beam",
          "Giga Impact",
          "Thunder Wave",
          "Light Screen",
          "Reflect",
          "Safeguard",
          "Self-Destruct",
          "Rest",
          "Snore",
          "Protect",
          "Sandstorm",
          "Rain Dance",
          "Sunny Day",
          "Facade",
          "Swift",
          "Helping Hand",
          "Imprison",
          "U-turn",
          "Payback",
          "Assurance",
          "Fling",
          "Drain Punch",
          "Psycho Cut",
          "Trick Room",
          "Wonder Room",
          "Magic Room",
          "Round",
          "Acrobatics",
          "Draining Kiss"
        ],
        "trMoves": [
          "Flamethrower",
          "Thunderbolt",
          "Thunder",
          "Psychic",
          "Metronome",
          "Fire Blast",
          "Tri Attack",
          "Substitute",
          "Psyshock",
          "Endure",
          "Sleep Talk",
          "Baton Pass",
          "Encore",
          "Iron Tail",
          "Shadow Ball",
          "Future Sight",
          "Uproar",
          "Taunt",
          "Trick",
          "Skill Swap",
          "Calm Mind",
          "Energy Ball",
          "Nasty Plot",
          "Zen Headbutt",
          "Stealth Rock",
          "Grass Knot",
          "Stored Power",
          "Ally Switch",
          "Play Rough",
          "Dazzling Gleam"
        ],
        "hmMoves": [],
        "transferMoves": [
          "Charge Beam",
          "Confide",
          "Double Team",
          "Dream Eater",
          "Flash",
          "Frustration",
          "Headbutt",
          "Hidden Power",
          "Incinerate",
          "Knock Off",
          "Laser Focus",
          "Magic Coat",
          "Mud-Slap",
          "Natural Gift",
          "Power-Up Punch",
          "Psych Up",
          "Recycle",
          "Return",
          "Role Play",
          "Secret Power",
          "Shock Wave",
          "Signal Beam",
          "Swagger",
          "Telekinesis",
          "Torment",
          "Toxic",
          "Water Pulse"
        ],
        "tmMoves7": [
          "Psyshock",
          "Calm Mind",
          "Toxic",
          "Hidden Power",
          "Sunny Day",
          "Taunt",
          "Hyper Beam",
          "Light Screen",
          "Protect",
          "Rain Dance",
          "Safeguard",
          "Frustration",
          "Thunderbolt",
          "Thunder",
          "Return",
          "Psychic",
          "Shadow Ball",
          "Double Team",
          "Reflect",
          "Flamethrower",
          "Sandstorm",
          "Fire Blast",
          "Torment",
          "Facade",
          "Rest",
          "Round",
          "Energy Ball",
          "Fling",
          "Charge Beam",
          "Acrobatics",
          "Explosion",
          "Payback",
          "Giga Impact",
          "Thunder Wave",
          "Psych Up",
          "Dream Eater",
          "Grass Knot",
          "Swagger",
          "Sleep Talk",
          "U-turn",
          "Substitute",
          "Trick Room",
          "Dazzling Gleam",
          "Confide"
        ],
        "tmMoves6": [
          "Psyshock",
          "Calm Mind",
          "Toxic",
          "Hidden Power",
          "Sunny Day",
          "Taunt",
          "Hyper Beam",
          "Light Screen",
          "Protect",
          "Rain Dance",
          "Safeguard",
          "Frustration",
          "Thunderbolt",
          "Thunder",
          "Return",
          "Psychic",
          "Shadow Ball",
          "Double Team",
          "Reflect",
          "Flamethrower",
          "Sandstorm",
          "Fire Blast",
          "Torment",
          "Facade",
          "Rest",
          "Round",
          "Energy Ball",
          "Fling",
          "Charge Beam",
          "Incinerate",
          "Acrobatics",
          "Explosion",
          "Payback",
          "Giga Impact",
          "Flash",
          "Thunder Wave",
          "Psych Up",
          "Dream Eater",
          "Grass Knot",
          "Swagger",
          "Sleep Talk",
          "U-turn",
          "Substitute",
          "Trick Room",
          "Secret Power",
          "Power-Up Punch",
          "Dazzling Gleam",
          "Confide"
        ],
        "tmMoves5": [
          "Psyshock",
          "Calm Mind",
          "Toxic",
          "Hidden Power",
          "Sunny Day",
          "Taunt",
          "Hyper Beam",
          "Light Screen",
          "Protect",
          "Rain Dance",
          "Telekinesis",
          "Safeguard",
          "Frustration",
          "Thunderbolt",
          "Thunder",
          "Return",
          "Psychic",
          "Shadow Ball",
          "Double Team",
          "Reflect",
          "Flamethrower",
          "Sandstorm",
          "Fire Blast",
          "Torment",
          "Facade",
          "Rest",
          "Round",
          "Energy Ball",
          "Fling",
          "Charge Beam",
          "Incinerate",
          "Acrobatics",
          "Explosion",
          "Payback",
          "Giga Impact",
          "Flash",
          "Thunder Wave",
          "Psych Up",
          "Dream Eater",
          "Grass Knot",
          "Swagger",
          "U-turn",
          "Substitute",
          "Trick Room"
        ],
        "tmMoves4": [
          "Water Pulse",
          "Calm Mind",
          "Toxic",
          "Hidden Power",
          "Sunny Day",
          "Taunt",
          "Hyper Beam",
          "Light Screen",
          "Protect",
          "Rain Dance",
          "Safeguard",
          "Frustration",
          "Iron Tail",
          "Thunderbolt",
          "Thunder",
          "Return",
          "Psychic",
          "Shadow Ball",
          "Double Team",
          "Reflect",
          "Shock Wave",
          "Flamethrower",
          "Sandstorm",
          "Fire Blast",
          "Torment",
          "Facade",
          "Secret Power",
          "Rest",
          "Skill Swap",
          "Energy Ball",
          "Fling",
          "Charge Beam",
          "Endure",
          "Explosion",
          "Payback",
          "Recycle",
          "Giga Impact",
          "Flash",
          "Thunder Wave",
          "Stealth Rock",
          "Psych Up",
          "Sleep Talk",
          "Natural Gift",
          "Dream Eater",
          "Grass Knot",
          "Swagger",
          "U-turn",
          "Substitute",
          "Trick Room"
        ],
        "tmMoves3": [],
        "tmMoves2": [],
        "tmMoves1": [],
        "tmMoves": []
      },
      "abilities": {
        "abilities": [
          "Levitate"
        ],
        "hiddenAbilities": []
      },
      "movement": {
        "rideable": false,
        "canFly": false,
        "canSurf": false,
        "canRideShoulder": false,
        "swimmingParameters": {
          "depthRangeStart": -1,
          "depthRangeEnd": 0,
          "swimSpeed": 0,
          "decayRate": 0.99,
          "refreshRate": 100
        }
      },
      "aggression": {
        "timid": 80,
        "passive": 0,
        "aggressive": 20
      },
      "battleStats": {
        "hp": 75,
        "attack": 125,
        "defense": 70,
        "specialAttack": 125,
        "specialDefense": 70,
        "speed": 115
      },
      "tags": [
        "legendary"
      ],
      "spawn": {
        "baseExp": 210,
        "baseFriendship": 140,
        "spawnLevel": 50,
        "spawnLevelRange": 0,
        "spawnLocations": [
          "WATER"
        ]
      },
      "possibleGenders": [
        "MALE",
        "FEMALE"
      ],
      "genderProperties": [
        {
          "gender": "ALL",
          "palettes": [
            {
              "name": "none",
              "texture": "pixelmon:pokemon/482_azelf/all/base/none/texture.png",
              "sprite": "pixelmon:pokemon/482_azelf/all/base/none/sprite.png",
              "particle": "",
              "modelLocator": {
                "factoryType": "NORMAL",
                "pqc": [
                  "pixelmon:pokemon/482_azelf/all/base/none/model.pqc"
                ],
                "yRotation": 28
              },
              "sounds": []
            },
            {
              "name": "shiny",
              "texture": "pixelmon:pokemon/482_azelf/all/base/shiny/texture.png",
              "sprite": "pixelmon:pokemon/482_azelf/all/base/shiny/sprite.png",
              "particle": "arcanery:shiny"
            },
			{
              "name": "blood",
              "texture": "pixelmon:pokemon/482_azelf/all/base/custom-blood/texture.png",
              "sprite": "pixelmon:pokemon/482_azelf/all/base/custom-blood/sprite.png",
              "particle": ""
            },
			{
              "name": "crimson",
              "texture": "pixelmon:pokemon/482_azelf/all/base/custom-crimson/texture.png",
              "sprite": "pixelmon:pokemon/482_azelf/all/base/custom-crimson/sprite.png",
              "particle": ""
            },
			{
              "name": "galaxy",
              "texture": "pixelmon:pokemon/482_azelf/all/base/custom-galaxy/texture.png",
              "sprite": "pixelmon:pokemon/482_azelf/all/base/custom-galaxy/sprite.png",
              "particle": ""
            },
			{
              "name": "hero",
              "texture": "pixelmon:pokemon/482_azelf/all/base/custom-hero/texture.png",
              "sprite": "pixelmon:pokemon/482_azelf/all/base/custom-hero/sprite.png",
              "particle": ""
            }
          ]
        }
      ],
      "eggGroups": [
        "FAIRY"
      ],
      "types": [
        "PSYCHIC"
      ],
      "preEvolutions": [],
      "defaultBaseForm": "",
      "megaItems": [],
      "megas": [],
      "gigantamax": {
        "canHaveFactor": false,
        "canGigantamax": false
      },
      "eggCycles": 81,
      "weight": 0.3,
      "catchRate": 3,
      "malePercentage": 0,
      "evolutions": [],
      "evYields": {
        "attack": 2,
        "specialAttack": 1
      }
    }
  ],
  "generation": 4
}
