{
  "name": "Dialga",
  "dex": 483,
  "defaultForms": [
    ""
  ],
  "forms": [
    {
      "name": "",
      "experienceGroup": "SLOW",
      "dimensions": {
        "height": 3.2,
        "width": 2.5,
        "length": 1,
        "eyeHeight": 3.2,
        "hoverHeight": 3.2
      },
      "moves": {
        "levelUpMoves": [
          {
            "level": 0,
            "attacks": [
              "Metal Claw",
              "Scary Face"
            ]
          },
          {
            "level": 8,
            "attacks": [
              "Dragon Breath"
            ]
          },
          {
            "level": 16,
            "attacks": [
              "Ancient Power"
            ]
          },
          {
            "level": 24,
            "attacks": [
              "Slash"
            ]
          },
          {
            "level": 32,
            "attacks": [
              "Flash Cannon"
            ]
          },
          {
            "level": 40,
            "attacks": [
              "Dragon Claw"
            ]
          },
          {
            "level": 48,
            "attacks": [
              "Aura Sphere"
            ]
          },
          {
            "level": 56,
            "attacks": [
              "Power Gem"
            ]
          },
          {
            "level": 64,
            "attacks": [
              "Metal Burst"
            ]
          },
          {
            "level": 72,
            "attacks": [
              "Earth Power"
            ]
          },
          {
            "level": 80,
            "attacks": [
              "Iron Tail"
            ]
          },
          {
            "level": 88,
            "attacks": [
              "Roar of Time"
            ]
          }
        ],
        "tutorMoves": [
          "Draco Meteor",
          "Scale Shot",
          "Steel Beam"
        ],
        "eggMoves": [

        ],
        "tmMoves8": [
          "Hyper Beam",
          "Giga Impact",
          "Thunder Wave",
          "Safeguard",
          "Rest",
          "Rock Slide",
          "Snore",
          "Protect",
          "Scary Face",
          "Sandstorm",
          "Rain Dance",
          "Sunny Day",
          "Facade",
          "Swift",
          "Brick Break",
          "Rock Tomb",
          "Shadow Claw",
          "Trick Room",
          "Round",
          "Bulldoze",
          "Stomping Tantrum",
          "Breaking Swipe"
        ],
        "trMoves": [
          "Body Slam",
          "Flamethrower",
          "Ice Beam",
          "Blizzard",
          "Thunderbolt",
          "Thunder",
          "Earthquake",
          "Fire Blast",
          "Substitute",
          "Outrage",
          "Endure",
          "Sleep Talk",
          "Iron Tail",
          "Hyper Voice",
          "Overheat",
          "Iron Defense",
          "Dragon Claw",
          "Bulk Up",
          "Aura Sphere",
          "Dragon Pulse",
          "Power Gem",
          "Earth Power",
          "Flash Cannon",
          "Iron Head",
          "Stone Edge",
          "Stealth Rock",
          "Heavy Slam",
          "Body Press"
        ],
        "hmMoves": [

        ],
        "transferMoves": [
          "Aerial Ace",
          "Confide",
          "Cut",
          "Double Team",
          "Dragon Tail",
          "Echoed Voice",
          "Flash",
          "Frustration",
          "Fury Cutter",
          "Gravity",
          "Headbutt",
          "Heal Block",
          "Hidden Power",
          "Hone Claws",
          "Incinerate",
          "Magnet Rise",
          "Mud-Slap",
          "Natural Gift",
          "Psych Up",
          "Return",
          "Roar",
          "Rock Smash",
          "Secret Power",
          "Shock Wave",
          "Strength",
          "Swagger",
          "Toxic",
          "Twister"
        ],
        "tmMoves7": [
          "Dragon Claw",
          "Roar",
          "Toxic",
          "Bulk Up",
          "Hidden Power",
          "Sunny Day",
          "Ice Beam",
          "Blizzard",
          "Hyper Beam",
          "Protect",
          "Rain Dance",
          "Safeguard",
          "Frustration",
          "Thunderbolt",
          "Thunder",
          "Earthquake",
          "Return",
          "Brick Break",
          "Double Team",
          "Flamethrower",
          "Sandstorm",
          "Fire Blast",
          "Rock Tomb",
          "Aerial Ace",
          "Facade",
          "Rest",
          "Round",
          "Echoed Voice",
          "Overheat",
          "Shadow Claw",
          "Giga Impact",
          "Stone Edge",
          "Thunder Wave",
          "Psych Up",
          "Bulldoze",
          "Rock Slide",
          "Dragon Tail",
          "Swagger",
          "Sleep Talk",
          "Substitute",
          "Flash Cannon",
          "Trick Room",
          "Confide"
        ],
        "tmMoves6": [
          "Hone Claws",
          "Dragon Claw",
          "Roar",
          "Toxic",
          "Bulk Up",
          "Hidden Power",
          "Sunny Day",
          "Ice Beam",
          "Blizzard",
          "Hyper Beam",
          "Protect",
          "Rain Dance",
          "Safeguard",
          "Frustration",
          "Thunderbolt",
          "Thunder",
          "Earthquake",
          "Return",
          "Brick Break",
          "Double Team",
          "Flamethrower",
          "Sandstorm",
          "Fire Blast",
          "Rock Tomb",
          "Aerial Ace",
          "Facade",
          "Rest",
          "Round",
          "Echoed Voice",
          "Overheat",
          "Incinerate",
          "Shadow Claw",
          "Giga Impact",
          "Flash",
          "Stone Edge",
          "Thunder Wave",
          "Psych Up",
          "Bulldoze",
          "Rock Slide",
          "Dragon Tail",
          "Swagger",
          "Sleep Talk",
          "Substitute",
          "Flash Cannon",
          "Trick Room",
          "Secret Power",
          "Confide"
        ],
        "tmMoves5": [
          "Hone Claws",
          "Dragon Claw",
          "Roar",
          "Toxic",
          "Bulk Up",
          "Hidden Power",
          "Sunny Day",
          "Ice Beam",
          "Blizzard",
          "Hyper Beam",
          "Protect",
          "Rain Dance",
          "Safeguard",
          "Frustration",
          "Thunderbolt",
          "Thunder",
          "Earthquake",
          "Return",
          "Brick Break",
          "Double Team",
          "Flamethrower",
          "Sandstorm",
          "Fire Blast",
          "Rock Tomb",
          "Aerial Ace",
          "Facade",
          "Rest",
          "Round",
          "Echoed Voice",
          "Overheat",
          "Incinerate",
          "Shadow Claw",
          "Giga Impact",
          "Flash",
          "Stone Edge",
          "Thunder Wave",
          "Psych Up",
          "Bulldoze",
          "Rock Slide",
          "Dragon Tail",
          "Swagger",
          "Substitute",
          "Flash Cannon",
          "Trick Room",
          "Rock Smash"
        ],
        "tmMoves4": [
          "Dragon Claw",
          "Roar",
          "Toxic",
          "Bulk Up",
          "Hidden Power",
          "Sunny Day",
          "Ice Beam",
          "Blizzard",
          "Hyper Beam",
          "Protect",
          "Rain Dance",
          "Safeguard",
          "Frustration",
          "Iron Tail",
          "Thunderbolt",
          "Thunder",
          "Earthquake",
          "Return",
          "Brick Break",
          "Double Team",
          "Shock Wave",
          "Flamethrower",
          "Sandstorm",
          "Fire Blast",
          "Rock Tomb",
          "Aerial Ace",
          "Facade",
          "Secret Power",
          "Rest",
          "Overheat",
          "Endure",
          "Dragon Pulse",
          "Shadow Claw",
          "Giga Impact",
          "Flash",
          "Stone Edge",
          "Thunder Wave",
          "Stealth Rock",
          "Psych Up",
          "Rock Slide",
          "Sleep Talk",
          "Natural Gift",
          "Swagger",
          "Substitute",
          "Flash Cannon",
          "Trick Room"
        ],
        "tmMoves3": [

        ],
        "tmMoves2": [

        ],
        "tmMoves1": [

        ],
        "tmMoves": [

        ]
      },
      "abilities": {
        "abilities": [
          "Pressure"
        ],
        "hiddenAbilities": [
          "Telepathy"
        ]
      },
      "movement": {
        "rideable": true,
        "canFly": true,
        "canSurf": false,
        "canRideShoulder": false,
        "ridingOffsets": {
          "standing": {
            "x": 0.0,
            "y": -0.5,
            "z": -0.6
          },
          "moving": {
            "x": 0.0,
            "y": -0.5,
            "z": -0.1
          }
        },
        "flyingParameters": {
          "flyHeightMin": 0,
          "flyHeightMax": 0,
          "flySpeedModifier": 1.0,
          "flyRefreshRateY": 0,
          "flyRefreshRateXZ": 0,
          "flyRefreshRateSpeed": 0,
          "flightTimeMin": 0,
          "flightTimeMax": 0,
          "flapRate": 0,
          "landingMaterials": "LEAVES_AND_GRASS"
        },
        "mountedFlyingParameters": {
          "type": "pixelmon:default",
          "upper_angle_limit": 20,
          "lower_angle_limit": -20,
          "max_fly_speed": 1,
          "deceleration_rate": 0.07,
          "hover_deceleration_rate": 0.09,
          "acceleration_rate": 0.07,
          "strafe_acceleration_rate": 0.08,
          "strafe_roll_conversion": 30,
          "turn_rate": 0.5,
          "pitch_rate": 0.8,
          "stays_horizontal_flying": true,
          "gravity_drop_per_tick": 0.005,
          "continuous_forward_motion": true,
          "continuous_forward_motion_ticks": 5,
          "flying_stamina_charges": 3,
          "hover_ticks": 100
        }
      },
      "aggression": {
        "timid": 80,
        "passive": 0,
        "aggressive": 20
      },
      "battleStats": {
        "hp": 100,
        "attack": 120,
        "defense": 120,
        "specialAttack": 150,
        "specialDefense": 100,
        "speed": 90
      },
      "tags": [
        "legendary"
      ],
      "spawn": {
        "baseExp": 220,
        "baseFriendship": 0,
        "spawnLevel": 70,
        "spawnLevelRange": 0,
        "spawnLocations": [
          "LAND"
        ]
      },
      "possibleGenders": [
        "MALE",
        "FEMALE"
      ],
      "genderProperties": [
        {
          "gender": "ALL",
          "palettes": [
            {
              "name": "none",
              "texture": "pixelmon:pokemon/483_dialga/all/base/none/texture.png",
              "sprite": "pixelmon:pokemon/483_dialga/all/base/none/sprite.png",
              "particle": "",
              "modelLocator": {
                "factoryType": "NORMAL",
                "pqc": [
                  "pixelmon:pokemon/483_dialga/all/base/none/model.pqc"
                ]
              },
              "sounds": [
                "pixelmon.mob.dialga",
                "pixelmon.mob.dialga",
                "pixelmon.mob.dialga",
                "pixelmon.mob.dialga"
              ]
            },
            {
              "name": "shiny",
              "texture": "pixelmon:pokemon/483_dialga/all/base/shiny/texture.png",
              "sprite": "pixelmon:pokemon/483_dialga/all/base/shiny/sprite.png",
              "particle": "arcanery:shiny"
            },
			{
              "name": "blood",
              "texture": "pixelmon:pokemon/483_dialga/all/base/custom-blood/texture.png",
              "sprite": "pixelmon:pokemon/483_dialga/all/base/custom-blood/sprite.png",
              "particle": ""
            },
			{
              "name": "crimson",
              "texture": "pixelmon:pokemon/483_dialga/all/base/custom-crimson/texture.png",
              "sprite": "pixelmon:pokemon/483_dialga/all/base/custom-crimson/sprite.png",
              "particle": ""
            },
			{
              "name": "demonic",
              "texture": "pixelmon:pokemon/483_dialga/all/base/custom-demonic/texture.png",
              "sprite": "pixelmon:pokemon/483_dialga/all/base/custom-demonic/sprite.png",
              "particle": ""
            },
			{
              "name": "galaxy",
              "texture": "pixelmon:pokemon/483_dialga/all/base/custom-galaxy/texture.png",
              "sprite": "pixelmon:pokemon/483_dialga/all/base/custom-galaxy/sprite.png",
              "particle": ""
            },
			{
              "name": "meadownian 1",
              "texture": "pixelmon:pokemon/483_dialga/all/base/custom-meadownian1/texture.png",
              "sprite": "pixelmon:pokemon/483_dialga/all/base/custom-meadownian1/sprite.png",
              "particle": ""
            },
			{
              "name": "meadownian 2",
              "texture": "pixelmon:pokemon/483_dialga/all/base/custom-meadownian2/texture.png",
              "sprite": "pixelmon:pokemon/483_dialga/all/base/custom-meadownian2/sprite.png",
              "particle": ""
            },
			{
              "name": "oblivion",
              "texture": "pixelmon:pokemon/483_dialga/all/base/custom-oblivion/texture.png",
              "sprite": "pixelmon:pokemon/483_dialga/all/base/custom-oblivion/sprite.png",
              "particle": ""
            },
			{
              "name": "poison",
              "texture": "pixelmon:pokemon/483_dialga/all/base/custom-poison/texture.png",
              "sprite": "pixelmon:pokemon/483_dialga/all/base/custom-poison/sprite.png",
              "particle": ""
            },
			{
              "name": "primal 1",
              "texture": "pixelmon:pokemon/483_dialga/all/base/custom-primal1/texture.png",
              "sprite": "pixelmon:pokemon/483_dialga/all/base/custom-primal1/sprite.png",
              "particle": ""
            },
			{
              "name": "primal 2",
              "texture": "pixelmon:pokemon/483_dialga/all/base/custom-primal2/texture.png",
              "sprite": "pixelmon:pokemon/483_dialga/all/base/custom-primal2/sprite.png",
              "particle": ""
            },
			{
              "name": "primal 3",
              "texture": "pixelmon:pokemon/483_dialga/all/base/custom-primal3/texture.png",
              "sprite": "pixelmon:pokemon/483_dialga/all/base/custom-primal3/sprite.png",
              "particle": ""
            },
			{
              "name": "toxic",
              "texture": "pixelmon:pokemon/483_dialga/all/base/custom-toxic/texture.png",
              "sprite": "pixelmon:pokemon/483_dialga/all/base/custom-toxic/sprite.png",
              "particle": ""
            }
          ]
        }
      ],
      "eggGroups": [
        "DRAGON",
        "MONSTER"
      ],
      "types": [
        "STEEL",
        "DRAGON"
      ],
      "preEvolutions": [

      ],
      "defaultBaseForm": "",
      "megaItems": [

      ],
      "megas": [

      ],
      "gigantamax": {
        "canHaveFactor": false,
        "canGigantamax": false
      },
      "eggCycles": 121,
      "weight": 683.0,
      "catchRate": 3,
      "malePercentage": 0,
      "evolutions": [

      ],
      "evYields": {
        "specialAttack": 3
      }
    },
    {
      "name": "origin",
      "experienceGroup": "SLOW",
      "dimensions": {
        "height": 7.0,
        "width": 2.5,
        "length": 1,
        "eyeHeight": 3.2,
        "hoverHeight": 3.2
      },
      "moves": {
        "levelUpMoves": [
          {
            "level": 1,
            "attacks": [
              "Twister"
            ]
          },
          {
            "level": 6,
            "attacks": [
              "Ancient Power"
            ]
          },
          {
            "level": 12,
            "attacks": [
              "Slash"
            ]
          },
          {
            "level": 19,
            "attacks": [
              "Dragon Claw"
            ]
          },
          {
            "level": 27,
            "attacks": [
              "Power Gem"
            ]
          },
          {
            "level": 36,
            "attacks": [
              "Dragon Pulse"
            ]
          },
          {
            "level": 42,
            "attacks": [
              "Earth Power"
            ]
          },
          {
            "level": 47,
            "attacks": [
              "Iron Tail"
            ]
          },
          {
            "level": 55,
            "attacks": [
              "Flash Cannon"
            ]
          },
          {
            "level": 60,
            "attacks": [
              "Roar of Time"
            ]
          }
        ],
        "tutorMoves": [
          "Aerial Ace",
          "Bulk Up",
          "Bulldoze",
          "Draco Meteor",
          "Earth Power",
          "Flamethrower",
          "Flash Cannon",
          "Giga Impact",
          "Hyper Beam",
          "Ice Beam",
          "Iron Head",
          "Iron Tail",
          "Outrage",
          "Rest",
          "Rock Slide",
          "Rock Smash",
          "Shadow Claw",
          "Stealth Rock",
          "Stone Edge",
          "Steel Beam",
          "Swift",
          "Thunderbolt"
        ],
        "eggMoves": [

        ],
        "tmMoves8": [

        ],
        "trMoves": [

        ],
        "hmMoves": [

        ],
        "transferMoves": [

        ],
        "tmMoves7": [

        ],
        "tmMoves6": [

        ],
        "tmMoves5": [

        ],
        "tmMoves4": [

        ],
        "tmMoves3": [

        ],
        "tmMoves2": [

        ],
        "tmMoves1": [

        ],
        "tmMoves": [

        ]
      },
      "abilities": {
        "abilities": [
          "Pressure"
        ],
        "hiddenAbilities": [
          "Telepathy"
        ]
      },
      "movement": {
        "rideable": true,
        "canFly": true,
        "canSurf": false,
        "canRideShoulder": false,
        "ridingOffsets": {
          "standing": {
            "x": 0.0,
            "y": -0.5,
            "z": -0.6
          },
          "moving": {
            "x": 0.0,
            "y": -0.5,
            "z": -0.1
          }
        },
        "flyingParameters": {
          "flyHeightMin": 0,
          "flyHeightMax": 0,
          "flySpeedModifier": 1.0,
          "flyRefreshRateY": 0,
          "flyRefreshRateXZ": 0,
          "flyRefreshRateSpeed": 0,
          "flightTimeMin": 0,
          "flightTimeMax": 0,
          "flapRate": 0,
          "landingMaterials": "LEAVES_AND_GRASS"
        },
        "mountedFlyingParameters": {
          "type": "pixelmon:default",
          "upper_angle_limit": 20,
          "lower_angle_limit": -20,
          "max_fly_speed": 1,
          "deceleration_rate": 0.07,
          "hover_deceleration_rate": 0.09,
          "acceleration_rate": 0.07,
          "strafe_acceleration_rate": 0.08,
          "strafe_roll_conversion": 30,
          "turn_rate": 0.5,
          "pitch_rate": 0.8,
          "stays_horizontal_flying": true,
          "gravity_drop_per_tick": 0.005,
          "continuous_forward_motion": true,
          "continuous_forward_motion_ticks": 5,
          "flying_stamina_charges": 3,
          "hover_ticks": 100
        }
      },
      "aggression": {
        "timid": 80,
        "passive": 0,
        "aggressive": 20
      },
      "battleStats": {
        "hp": 100,
        "attack": 100,
        "defense": 120,
        "specialAttack": 150,
        "specialDefense": 120,
        "speed": 90
      },
      "tags": [
        "legendary"
      ],
      "spawn": {
        "baseExp": 220,
        "baseFriendship": 0,
        "spawnLevel": 70,
        "spawnLevelRange": 0,
        "spawnLocations": [
          "LAND"
        ]
      },
      "possibleGenders": [
        "MALE",
        "FEMALE"
      ],
      "genderProperties": [
        {
          "gender": "ALL",
          "palettes": [
            {
              "name": "none",
              "texture": "pixelmon:pokemon/483_dialga/all/origin/none/texture.png",
              "sprite": "pixelmon:pokemon/483_dialga/all/origin/none/sprite.png",
              "particle": "",
              "modelLocator": {
                "factoryType": "NORMAL",
                "pqc": [
                  "pixelmon:pokemon/483_dialga/all/origin/none/model.pqc"
                ]
              },
              "sounds": [
                "pixelmon.mob.dialga",
                "pixelmon.mob.dialga",
                "pixelmon.mob.dialga",
                "pixelmon.mob.dialga"
              ]
            },
            {
              "name": "shiny",
              "texture": "pixelmon:pokemon/483_dialga/all/origin/shiny/texture.png",
              "sprite": "pixelmon:pokemon/483_dialga/all/origin/shiny/sprite.png",
              "particle": "arcanery:shiny"
            }
          ]
        }
      ],
      "eggGroups": [
        "UNDISCOVERED"
      ],
      "types": [
        "STEEL",
        "DRAGON"
      ],
      "preEvolutions": [

      ],
      "defaultBaseForm": "",
      "megaItems": [

      ],
      "megas": [

      ],
      "gigantamax": {
        "canHaveFactor": false,
        "canGigantamax": false
      },
      "eggCycles": 121,
      "weight": 850.0,
      "catchRate": 3,
      "malePercentage": -1,
      "evolutions": [

      ],
      "evYields": {
        "specialAttack": 3
      }
    },
    {
      "name": "baby",
      "experienceGroup": "SLOW",
      "dimensions": {
        "height": 3.2,
        "width": 2.5,
        "length": 1,
        "eyeHeight": 3.2,
        "hoverHeight": 3.2
      },	
        {
          "gender": "ALL",
          "palettes": [
            {
              "name": "none",
              "texture": "pixelmon:pokemon/483_dialga/all/baby/none/texture.png",
              "sprite": "pixelmon:pokemon/483_dialga/all/baby/none/sprite.png",
              "particle": "",
              "modelLocator": {
                "factoryType": "NORMAL",
                "pqc": [
                  "pixelmon:pokemon/483_dialga/all/baby/none/model.pqc"
                ]
              },
              "sounds": [
                "pixelmon.mob.dialga",
                "pixelmon.mob.dialga",
                "pixelmon.mob.dialga",
                "pixelmon.mob.dialga"
              ]
            }
          ]
		}
	  ]
	},		
    {
      "name": "advance",
      "experienceGroup": "SLOW",
      "dimensions": {
        "height": 3.2,
        "width": 2.5,
        "length": 1,
        "eyeHeight": 3.2,
        "hoverHeight": 3.2
      },	
        {
          "gender": "ALL",
          "palettes": [
            {
              "name": "none",
              "texture": "pixelmon:pokemon/483_dialga/all/advance/none/texture.png",
              "sprite": "pixelmon:pokemon/483_dialga/all/advance/none/sprite.png",
              "particle": "",
              "modelLocator": {
                "factoryType": "NORMAL",
                "pqc": [
                  "pixelmon:pokemon/483_dialga/all/advance/none/model.pqc"
                ]
              },
              "sounds": [
                "pixelmon.mob.dialga",
                "pixelmon.mob.dialga",
                "pixelmon.mob.dialga",
                "pixelmon.mob.dialga"
              ]
            },
            {
              "name": "shiny",
              "texture": "pixelmon:pokemon/483_dialga/all/advance/shiny/texture.png",
              "sprite": "pixelmon:pokemon/483_dialga/all/advance/shiny/sprite.png",
              "particle": "arcanery:shiny"
            }
          ]
		}
	  ]	
	}
  ],
  "generation": 4
}
