{
  "name": "Regigigas",
  "dex": 486,
  "defaultForms": [
    ""
  ],
  "forms": [
    {
      "name": "",
      "experienceGroup": "SLOW",
      "dimensions": {
        "height": 2.8,
        "width": 2.0,
        "length": 1,
        "eyeHeight": 2.8,
        "hoverHeight": 2.8
      },
      "moves": {
        "levelUpMoves": [
          {
            "level": 0,
            "attacks": [
              "Confuse Ray",
              "Pound"
            ]
          },
          {
            "level": 6,
            "attacks": [
              "Payback"
            ]
          },
          {
            "level": 12,
            "attacks": [
              "Revenge"
            ]
          },
          {
            "level": 18,
            "attacks": [
              "Stomp"
            ]
          },
          {
            "level": 24,
            "attacks": [
              "Protect"
            ]
          },
          {
            "level": 30,
            "attacks": [
              "Knock Off"
            ]
          },
          {
            "level": 36,
            "attacks": [
              "Mega Punch"
            ]
          },
          {
            "level": 42,
            "attacks": [
              "Body Press"
            ]
          },
          {
            "level": 48,
            "attacks": [
              "Wide Guard"
            ]
          },
          {
            "level": 54,
            "attacks": [
              "Zen Headbutt"
            ]
          },
          {
            "level": 60,
            "attacks": [
              "Heavy Slam"
            ]
          },
          {
            "level": 66,
            "attacks": [
              "Hammer Arm"
            ]
          },
          {
            "level": 72,
            "attacks": [
              "Giga Impact"
            ]
          },
          {
            "level": 78,
            "attacks": [
              "Crush Grip"
            ]
          }
        ],
        "tutorMoves": [
          "Terrain Pulse"
        ],
        "eggMoves": [],
        "tmMoves8": [
          "Mega Punch",
          "Mega Kick",
          "Fire Punch",
          "Ice Punch",
          "Thunder Punch",
          "Hyper Beam",
          "Giga Impact",
          "Thunder Wave",
          "Safeguard",
          "Rest",
          "Rock Slide",
          "Snore",
          "Protect",
          "Icy Wind",
          "Rain Dance",
          "Sunny Day",
          "Facade",
          "Revenge",
          "Brick Break",
          "Rock Tomb",
          "Payback",
          "Fling",
          "Drain Punch",
          "Avalanche",
          "Round",
          "Retaliate",
          "Bulldoze",
          "Stomping Tantrum"
        ],
        "trMoves": [
          "Body Slam",
          "Thunderbolt",
          "Thunder",
          "Earthquake",
          "Substitute",
          "Endure",
          "Sleep Talk",
          "Superpower",
          "Focus Blast",
          "Earth Power",
          "Zen Headbutt",
          "Iron Head",
          "Stone Edge",
          "Heavy Slam",
          "Heat Crash",
          "Darkest Lariat",
          "High Horsepower",
          "Body Press"
        ],
        "hmMoves": [],
        "transferMoves": [
          "Aerial Ace",
          "Ancient Power",
          "Block",
          "Confide",
          "Dizzy Punch",
          "Double Team",
          "Focus Punch",
          "Foresight",
          "Frustration",
          "Gravity",
          "Headbutt",
          "Hidden Power",
          "Mud-Slap",
          "Natural Gift",
          "Nature Power",
          "Power-Up Punch",
          "Psych Up",
          "Return",
          "Rock Polish",
          "Rock Smash",
          "Secret Power",
          "Shock Wave",
          "Smack Down",
          "Strength",
          "Swagger",
          "Toxic"
        ],
        "tmMoves7": [
          "Toxic",
          "Hidden Power",
          "Sunny Day",
          "Hyper Beam",
          "Rain Dance",
          "Safeguard",
          "Frustration",
          "Smack Down",
          "Thunderbolt",
          "Thunder",
          "Earthquake",
          "Return",
          "Brick Break",
          "Double Team",
          "Rock Tomb",
          "Aerial Ace",
          "Facade",
          "Round",
          "Focus Blast",
          "Fling",
          "Payback",
          "Giga Impact",
          "Rock Polish",
          "Stone Edge",
          "Thunder Wave",
          "Psych Up",
          "Bulldoze",
          "Rock Slide",
          "Swagger",
          "Sleep Talk",
          "Substitute",
          "Nature Power",
          "Confide"
        ],
        "tmMoves6": [
          "Toxic",
          "Hidden Power",
          "Sunny Day",
          "Hyper Beam",
          "Rain Dance",
          "Safeguard",
          "Frustration",
          "Smack Down",
          "Thunderbolt",
          "Thunder",
          "Earthquake",
          "Return",
          "Brick Break",
          "Double Team",
          "Rock Tomb",
          "Aerial Ace",
          "Facade",
          "Round",
          "Focus Blast",
          "Fling",
          "Payback",
          "Retaliate",
          "Giga Impact",
          "Rock Polish",
          "Stone Edge",
          "Thunder Wave",
          "Psych Up",
          "Bulldoze",
          "Rock Slide",
          "Swagger",
          "Sleep Talk",
          "Substitute",
          "Secret Power",
          "Nature Power",
          "Power-Up Punch",
          "Confide"
        ],
        "tmMoves5": [
          "Toxic",
          "Hidden Power",
          "Sunny Day",
          "Hyper Beam",
          "Rain Dance",
          "Safeguard",
          "Frustration",
          "Smack Down",
          "Thunderbolt",
          "Thunder",
          "Earthquake",
          "Return",
          "Brick Break",
          "Double Team",
          "Rock Tomb",
          "Aerial Ace",
          "Facade",
          "Round",
          "Focus Blast",
          "Fling",
          "Payback",
          "Retaliate",
          "Giga Impact",
          "Rock Polish",
          "Stone Edge",
          "Thunder Wave",
          "Psych Up",
          "Bulldoze",
          "Rock Slide",
          "Swagger",
          "Substitute",
          "Rock Smash"
        ],
        "tmMoves4": [
          "Focus Punch",
          "Toxic",
          "Hidden Power",
          "Sunny Day",
          "Hyper Beam",
          "Rain Dance",
          "Safeguard",
          "Frustration",
          "Thunderbolt",
          "Thunder",
          "Earthquake",
          "Return",
          "Brick Break",
          "Double Team",
          "Shock Wave",
          "Rock Tomb",
          "Aerial Ace",
          "Facade",
          "Secret Power",
          "Focus Blast",
          "Fling",
          "Endure",
          "Drain Punch",
          "Giga Impact",
          "Rock Polish",
          "Stone Edge",
          "Avalanche",
          "Thunder Wave",
          "Psych Up",
          "Rock Slide",
          "Sleep Talk",
          "Natural Gift",
          "Swagger",
          "Substitute"
        ],
        "tmMoves3": [],
        "tmMoves2": [],
        "tmMoves1": [],
        "tmMoves": []
      },
      "abilities": {
        "abilities": [
          "SlowStart"
        ],
        "hiddenAbilities": []
      },
      "movement": {
        "rideable": true,
        "canFly": false,
        "canSurf": false,
        "canRideShoulder": false,
        "ridingOffsets": {
          "standing": {
            "x": 0.0,
            "y": -0.65,
            "z": -0.35
          },
          "moving": {
            "x": 0.0,
            "y": -0.65,
            "z": -0.35
          }
        }
      },
      "aggression": {
        "timid": 80,
        "passive": 0,
        "aggressive": 20
      },
      "battleStats": {
        "hp": 110,
        "attack": 160,
        "defense": 110,
        "specialAttack": 80,
        "specialDefense": 110,
        "speed": 100
      },
      "tags": [
        "legendary"
      ],
      "spawn": {
        "baseExp": 220,
        "baseFriendship": 0,
        "spawnLevel": 70,
        "spawnLevelRange": 0,
        "spawnLocations": [
          "LAND"
        ]
      },
      "possibleGenders": [
        "MALE",
        "FEMALE"
      ],
      "genderProperties": [
        {
          "gender": "ALL",
          "palettes": [
            {
              "name": "none",
              "texture": "pixelmon:pokemon/486_regigigas/all/base/none/texture.png",
              "sprite": "pixelmon:pokemon/486_regigigas/all/base/none/sprite.png",
              "particle": "",
              "modelLocator": {
                "factoryType": "NORMAL",
                "pqc": [
                  "pixelmon:pokemon/486_regigigas/all/base/none/model.pqc"
                ],
                "animationIncrement": 1.5,
                "movementThreshold": 0.03,
                "rotateAngleX": 0
              },
              "sounds": [
                "pixelmon.mob.regigigas"
              ]
            },
            {
              "name": "shiny",
              "texture": "pixelmon:pokemon/486_regigigas/all/base/shiny/texture.png",
              "sprite": "pixelmon:pokemon/486_regigigas/all/base/shiny/sprite.png",
              "particle": "arcanery:shiny"
            },
			{
              "name": "atlante",
              "texture": "pixelmon:pokemon/486_regigigas/all/base/custom-atlante/texture.png",
              "sprite": "pixelmon:pokemon/486_regigigas/all/base/custom-atlante/sprite.png",
              "particle": ""
            },
			{
              "name": "autumn",
              "texture": "pixelmon:pokemon/486_regigigas/all/base/custom-autumn/texture.png",
              "sprite": "pixelmon:pokemon/486_regigigas/all/base/custom-autumn/sprite.png",
              "particle": ""
            },
			{
              "name": "ben 10",
              "texture": "pixelmon:pokemon/486_regigigas/all/base/custom-ben10/texture.png",
              "sprite": "pixelmon:pokemon/486_regigigas/all/base/custom-ben10/sprite.png",
              "particle": ""
            },
			{
              "name": "christmas",
              "texture": "pixelmon:pokemon/486_regigigas/all/base/custom-christmas/texture.png",
              "sprite": "pixelmon:pokemon/486_regigigas/all/base/custom-christmas/sprite.png",
              "particle": ""
            },
			{
              "name": "coral reef",
              "texture": "pixelmon:pokemon/486_regigigas/all/base/custom-coralreef/texture.png",
              "sprite": "pixelmon:pokemon/486_regigigas/all/base/custom-coralreef/sprite.png",
              "particle": ""
            },
			{
              "name": "crimson",
              "texture": "pixelmon:pokemon/486_regigigas/all/base/custom-crimson/texture.png",
              "sprite": "pixelmon:pokemon/486_regigigas/all/base/custom-crimson/sprite.png",
              "particle": ""
            },
			{
              "name": "deep sea",
              "texture": "pixelmon:pokemon/486_regigigas/all/base/custom-deepsea/texture.png",
              "sprite": "pixelmon:pokemon/486_regigigas/all/base/custom-deepsea/sprite.png",
              "particle": ""
            },
			{
              "name": "elite",
              "texture": "pixelmon:pokemon/486_regigigas/all/base/custom-elite/texture.png",
              "sprite": "pixelmon:pokemon/486_regigigas/all/base/custom-elite/sprite.png",
              "particle": ""
            },
			{
              "name": "gembound",
              "texture": "pixelmon:pokemon/486_regigigas/all/base/custom-gembound/texture.png",
              "sprite": "pixelmon:pokemon/486_regigigas/all/base/custom-gembound/sprite.png",
              "particle": ""
            },
			{
              "name": "halloween",
              "texture": "pixelmon:pokemon/486_regigigas/all/base/custom-halloween/texture.png",
              "sprite": "pixelmon:pokemon/486_regigigas/all/base/custom-halloween/sprite.png",
              "particle": ""
            },
			{
              "name": "irradiated",
              "texture": "pixelmon:pokemon/486_regigigas/all/base/custom-irradiated/texture.png",
              "sprite": "pixelmon:pokemon/486_regigigas/all/base/custom-irradiated/sprite.png",
              "particle": ""
            },
			{
              "name": "mecha",
              "texture": "pixelmon:pokemon/486_regigigas/all/base/custom-mecha/texture.png",
              "sprite": "pixelmon:pokemon/486_regigigas/all/base/custom-mecha/sprite.png",
              "particle": ""
            },
			{
              "name": "norse",
              "texture": "pixelmon:pokemon/486_regigigas/all/base/custom-norse/texture.png",
              "sprite": "pixelmon:pokemon/486_regigigas/all/base/custom-norse/sprite.png",
              "particle": ""
            },
			{
              "name": "shadow",
              "texture": "pixelmon:pokemon/486_regigigas/all/base/custom-shadow/texture.png",
              "sprite": "pixelmon:pokemon/486_regigigas/all/base/custom-shadow/sprite.png",
              "particle": ""
            },
			{
              "name": "soup 1",
              "texture": "pixelmon:pokemon/486_regigigas/all/base/custom-soup1/texture.png",
              "sprite": "pixelmon:pokemon/486_regigigas/all/base/custom-soup1/sprite.png",
              "particle": ""
            },
			{
              "name": "soup 2",
              "texture": "pixelmon:pokemon/486_regigigas/all/base/custom-soup2/texture.png",
              "sprite": "pixelmon:pokemon/486_regigigas/all/base/custom-soup2/sprite.png",
              "particle": ""
            },
			{
              "name": "spartan",
              "texture": "pixelmon:pokemon/486_regigigas/all/base/custom-spartan/texture.png",
              "sprite": "pixelmon:pokemon/486_regigigas/all/base/custom-spartan/sprite.png",
              "particle": ""
            },
			{
              "name": "temple",
              "texture": "pixelmon:pokemon/486_regigigas/all/base/custom-temple/texture.png",
              "sprite": "pixelmon:pokemon/486_regigigas/all/base/custom-temple/sprite.png",
              "particle": ""
            }
          ]
        }
      ],
      "eggGroups": [
        "MINERAL",
        "AMORPHOUS"
      ],
      "types": [
        "NORMAL"
      ],
      "preEvolutions": [],
      "defaultBaseForm": "",
      "megaItems": [],
      "megas": [],
      "gigantamax": {
        "canHaveFactor": false,
        "canGigantamax": false
      },
      "eggCycles": 121,
      "weight": 420.0,
      "catchRate": 3,
      "malePercentage": 0,
      "evolutions": [],
      "evYields": {
        "attack": 3
      }
    }
  ],
  "generation": 4
}
