{
  "name": "Giratina",
  "dex": 487,
  "defaultForms": [
    "altered"
  ],
  "forms": [
    {
      "name": "altered",
      "experienceGroup": "SLOW",
      "dimensions": {
        "height": 3.8,
        "width": 3.0,
        "length": 1,
        "eyeHeight": 3.8,
        "hoverHeight": 3.8
      },
      "moves": {
        "levelUpMoves": [
          {
            "level": 0,
            "attacks": [
              "Defog",
              "Shadow Sneak"
            ]
          },
          {
            "level": 7,
            "attacks": [
              "Dragon Breath"
            ]
          },
          {
            "level": 14,
            "attacks": [
              "Ancient Power"
            ]
          },
          {
            "level": 21,
            "attacks": [
              "Hex"
            ]
          },
          {
            "level": 28,
            "attacks": [
              "Slash"
            ]
          },
          {
            "level": 35,
            "attacks": [
              "Scary Face"
            ]
          },
          {
            "level": 42,
            "attacks": [
              "Shadow Claw"
            ]
          },
          {
            "level": 49,
            "attacks": [
              "Pain Split"
            ]
          },
          {
            "level": 56,
            "attacks": [
              "Aura Sphere"
            ]
          },
          {
            "level": 63,
            "attacks": [
              "Dragon Claw"
            ]
          },
          {
            "level": 70,
            "attacks": [
              "Earth Power"
            ]
          },
          {
            "level": 77,
            "attacks": [
              "Shadow Force"
            ]
          },
          {
            "level": 84,
            "attacks": [
              "Destiny Bond"
            ]
          }
        ],
        "tutorMoves": [
          "Draco Meteor",
          "Dual Wingbeat",
          "Poltergeist"
        ],
        "eggMoves": [

        ],
        "tmMoves8": [
          "Fly",
          "Hyper Beam",
          "Giga Impact",
          "Thunder Wave",
          "Safeguard",
          "Rest",
          "Snore",
          "Protect",
          "Scary Face",
          "Icy Wind",
          "Steel Wing",
          "Rain Dance",
          "Sunny Day",
          "Will-O-Wisp",
          "Facade",
          "Swift",
          "Payback",
          "Shadow Claw",
          "Round",
          "Hex",
          "Bulldoze",
          "Phantom Force",
          "Brutal Swing",
          "Breaking Swipe"
        ],
        "trMoves": [
          "Body Slam",
          "Thunderbolt",
          "Thunder",
          "Earthquake",
          "Psychic",
          "Substitute",
          "Outrage",
          "Endure",
          "Sleep Talk",
          "Iron Tail",
          "Shadow Ball",
          "Hyper Voice",
          "Dragon Claw",
          "Calm Mind",
          "Aura Sphere",
          "Dark Pulse",
          "Dragon Pulse",
          "Energy Ball",
          "Earth Power",
          "Iron Head",
          "Stone Edge"
        ],
        "hmMoves": [

        ],
        "transferMoves": [
          "Aerial Ace",
          "Air Cutter",
          "Aqua Tail",
          "Charge Beam",
          "Confide",
          "Cut",
          "Double Team",
          "Dragon Tail",
          "Dream Eater",
          "Echoed Voice",
          "Frustration",
          "Fury Cutter",
          "Gravity",
          "Headbutt",
          "Heal Block",
          "Hidden Power",
          "Hone Claws",
          "Mud-Slap",
          "Natural Gift",
          "Ominous Wind",
          "Psych Up",
          "Return",
          "Roar",
          "Rock Smash",
          "Secret Power",
          "Shock Wave",
          "Silver Wind",
          "Spite",
          "Strength",
          "Swagger",
          "Telekinesis",
          "Toxic",
          "Twister"
        ],
        "tmMoves7": [
          "Dragon Claw",
          "Calm Mind",
          "Roar",
          "Toxic",
          "Hidden Power",
          "Sunny Day",
          "Hyper Beam",
          "Protect",
          "Rain Dance",
          "Safeguard",
          "Frustration",
          "Thunderbolt",
          "Thunder",
          "Earthquake",
          "Return",
          "Psychic",
          "Shadow Ball",
          "Double Team",
          "Aerial Ace",
          "Facade",
          "Rest",
          "Round",
          "Echoed Voice",
          "Steel Wing",
          "Energy Ball",
          "Charge Beam",
          "Brutal Swing",
          "Will-O-Wisp",
          "Shadow Claw",
          "Payback",
          "Giga Impact",
          "Stone Edge",
          "Thunder Wave",
          "Fly",
          "Psych Up",
          "Bulldoze",
          "Dragon Tail",
          "Dream Eater",
          "Swagger",
          "Sleep Talk",
          "Substitute",
          "Dark Pulse",
          "Confide"
        ],
        "tmMoves6": [
          "Hone Claws",
          "Dragon Claw",
          "Calm Mind",
          "Roar",
          "Toxic",
          "Hidden Power",
          "Sunny Day",
          "Hyper Beam",
          "Protect",
          "Rain Dance",
          "Safeguard",
          "Frustration",
          "Thunderbolt",
          "Thunder",
          "Earthquake",
          "Return",
          "Psychic",
          "Shadow Ball",
          "Double Team",
          "Aerial Ace",
          "Facade",
          "Rest",
          "Round",
          "Echoed Voice",
          "Steel Wing",
          "Energy Ball",
          "Charge Beam",
          "Will-O-Wisp",
          "Shadow Claw",
          "Payback",
          "Giga Impact",
          "Stone Edge",
          "Thunder Wave",
          "Psych Up",
          "Bulldoze",
          "Dragon Tail",
          "Dream Eater",
          "Swagger",
          "Sleep Talk",
          "Substitute",
          "Secret Power",
          "Dark Pulse",
          "Confide"
        ],
        "tmMoves5": [
          "Hone Claws",
          "Dragon Claw",
          "Calm Mind",
          "Roar",
          "Toxic",
          "Hidden Power",
          "Sunny Day",
          "Hyper Beam",
          "Protect",
          "Rain Dance",
          "Telekinesis",
          "Safeguard",
          "Frustration",
          "Thunderbolt",
          "Thunder",
          "Earthquake",
          "Return",
          "Psychic",
          "Shadow Ball",
          "Double Team",
          "Aerial Ace",
          "Facade",
          "Rest",
          "Round",
          "Echoed Voice",
          "Energy Ball",
          "Charge Beam",
          "Will-O-Wisp",
          "Shadow Claw",
          "Payback",
          "Giga Impact",
          "Stone Edge",
          "Thunder Wave",
          "Psych Up",
          "Bulldoze",
          "Dragon Tail",
          "Dream Eater",
          "Swagger",
          "Substitute",
          "Rock Smash"
        ],
        "tmMoves4": [
          "Dragon Claw",
          "Calm Mind",
          "Roar",
          "Toxic",
          "Hidden Power",
          "Sunny Day",
          "Hyper Beam",
          "Protect",
          "Rain Dance",
          "Safeguard",
          "Frustration",
          "Iron Tail",
          "Thunderbolt",
          "Thunder",
          "Earthquake",
          "Return",
          "Psychic",
          "Shadow Ball",
          "Double Team",
          "Shock Wave",
          "Aerial Ace",
          "Facade",
          "Secret Power",
          "Rest",
          "Steel Wing",
          "Energy Ball",
          "Charge Beam",
          "Endure",
          "Dragon Pulse",
          "Will-O-Wisp",
          "Silver Wind",
          "Shadow Claw",
          "Payback",
          "Giga Impact",
          "Stone Edge",
          "Thunder Wave",
          "Psych Up",
          "Dark Pulse",
          "Sleep Talk",
          "Natural Gift",
          "Dream Eater",
          "Swagger",
          "Substitute"
        ],
        "tmMoves3": [

        ],
        "tmMoves2": [

        ],
        "tmMoves1": [

        ],
        "tmMoves": [

        ]
      },
      "abilities": {
        "abilities": [
          "Pressure"
        ],
        "hiddenAbilities": [
          "Telepathy"
        ]
      },
      "movement": {
        "rideable": true,
        "canFly": true,
        "canSurf": false,
        "canRideShoulder": false,
        "ridingOffsets": {
          "standing": {
            "x": 0.0,
            "y": 0.0,
            "z": -0.6
          },
          "moving": {
            "x": 0.0,
            "y": 0.0,
            "z": -0.6
          }
        },
        "flyingParameters": {
          "flyHeightMin": 0,
          "flyHeightMax": 0,
          "flySpeedModifier": 1.0,
          "flyRefreshRateY": 0,
          "flyRefreshRateXZ": 0,
          "flyRefreshRateSpeed": 0,
          "flightTimeMin": 0,
          "flightTimeMax": 0,
          "flapRate": 0,
          "landingMaterials": "LEAVES_AND_GRASS"
        },
        "mountedFlyingParameters": {
          "type": "pixelmon:default",
          "upper_angle_limit": 20,
          "lower_angle_limit": -20,
          "max_fly_speed": 1,
          "deceleration_rate": 0.07,
          "hover_deceleration_rate": 0.09,
          "acceleration_rate": 0.07,
          "strafe_acceleration_rate": 0.08,
          "strafe_roll_conversion": 30,
          "turn_rate": 0.5,
          "pitch_rate": 0.8,
          "stays_horizontal_flying": true,
          "gravity_drop_per_tick": 0.005,
          "continuous_forward_motion": true,
          "continuous_forward_motion_ticks": 5,
          "flying_stamina_charges": 3,
          "hover_ticks": 100
        }
      },
      "aggression": {
        "timid": 80,
        "passive": 0,
        "aggressive": 20
      },
      "battleStats": {
        "hp": 150,
        "attack": 100,
        "defense": 120,
        "specialAttack": 100,
        "specialDefense": 120,
        "speed": 90
      },
      "tags": [
        "legendary"
      ],
      "spawn": {
        "baseExp": 306,
        "baseFriendship": 0,
        "spawnLevel": 70,
        "spawnLevelRange": 0,
        "spawnLocations": [
          "LAND"
        ]
      },
      "possibleGenders": [
        "MALE",
        "FEMALE"
      ],
      "genderProperties": [
        {
          "gender": "ALL",
          "palettes": [
            {
              "name": "none",
              "texture": "pixelmon:pokemon/487_giratina/all/altered/none/texture.png",
              "sprite": "pixelmon:pokemon/487_giratina/all/altered/none/sprite.png",
              "particle": "",
              "modelLocator": {
                "factoryType": "NORMAL",
                "pqc": [
                  "pixelmon:pokemon/487_giratina/all/altered/none/model.pqc"
                ],
                "yRotation": 24.12
              },
              "sounds": [
                "pixelmon.mob.giratina",
                "pixelmon.mob.giratina",
                "pixelmon.mob.giratina"
              ]
            },
            {
              "name": "shiny",
              "texture": "pixelmon:pokemon/487_giratina/all/altered/shiny/texture.png",
              "sprite": "pixelmon:pokemon/487_giratina/all/altered/shiny/sprite.png",
              "particle": "arcanery:shiny"
            },
			{
              "name": "blood",
              "texture": "pixelmon:pokemon/487_giratina/all/altered/custom-blood/texture.png",
              "sprite": "pixelmon:pokemon/487_giratina/all/altered/custom-blood/sprite.png",
              "particle": ""
            },
			{
              "name": "crimson",
              "texture": "pixelmon:pokemon/487_giratina/all/altered/custom-crimson/texture.png",
              "sprite": "pixelmon:pokemon/487_giratina/all/altered/custom-crimson/sprite.png",
              "particle": ""
            },
			{
              "name": "dark",
              "texture": "pixelmon:pokemon/487_giratina/all/altered/custom-dark/texture.png",
              "sprite": "pixelmon:pokemon/487_giratina/all/altered/custom-dark/sprite.png",
              "particle": ""
            },
			{
              "name": "dynasty",
              "texture": "pixelmon:pokemon/487_giratina/all/altered/custom-dynasty/texture.png",
              "sprite": "pixelmon:pokemon/487_giratina/all/altered/custom-dynasty/sprite.png",
              "particle": ""
            },
			{
              "name": "egyptian",
              "texture": "pixelmon:pokemon/487_giratina/all/altered/custom-egyptian/texture.png",
              "sprite": "pixelmon:pokemon/487_giratina/all/altered/custom-egyptian/sprite.png",
              "particle": ""
            },
			{
              "name": "galaxy",
              "texture": "pixelmon:pokemon/487_giratina/all/altered/custom-galaxy/texture.png",
              "sprite": "pixelmon:pokemon/487_giratina/all/altered/custom-galaxy/sprite.png",
              "particle": ""
            },
			{
              "name": "nippon",
              "texture": "pixelmon:pokemon/487_giratina/all/altered/custom-nippon/texture.png",
              "sprite": "pixelmon:pokemon/487_giratina/all/altered/custom-nippon/sprite.png",
              "particle": ""
            },
			{
              "name": "obscuros",
              "texture": "pixelmon:pokemon/487_giratina/all/altered/custom-obscuros/texture.png",
              "sprite": "pixelmon:pokemon/487_giratina/all/altered/custom-obscuros/sprite.png",
              "particle": ""
            },
			{
              "name": "primal",
              "texture": "pixelmon:pokemon/487_giratina/all/altered/custom-primal/texture.png",
              "sprite": "pixelmon:pokemon/487_giratina/all/altered/custom-primal/sprite.png",
              "particle": ""
            },
			{
              "name": "rainbow",
              "texture": "pixelmon:pokemon/487_giratina/all/altered/custom-rainbow/texture.png",
              "sprite": "pixelmon:pokemon/487_giratina/all/altered/custom-rainbow/sprite.png",
              "particle": ""
            },
			{
              "name": "rgb",
              "texture": "pixelmon:pokemon/487_giratina/all/altered/custom-rgb/texture.png",
              "sprite": "pixelmon:pokemon/487_giratina/all/altered/custom-rgb/sprite.png",
              "particle": ""
            },
			{
              "name": "shadow",
              "texture": "pixelmon:pokemon/487_giratina/all/altered/custom-shadow/texture.png",
              "sprite": "pixelmon:pokemon/487_giratina/all/altered/custom-shadow/sprite.png",
              "particle": ""
            },
			{
              "name": "soulfire",
              "texture": "pixelmon:pokemon/487_giratina/all/altered/custom-soulfire/texture.png",
              "sprite": "pixelmon:pokemon/487_giratina/all/altered/custom-soulfire/sprite.png",
              "particle": ""
            }
          ]
        }
      ],
      "eggGroups": [
        "DRAGON",
        "AMORPHOUS"
      ],
      "types": [
        "GHOST",
        "DRAGON"
      ],
      "preEvolutions": [

      ],
      "defaultBaseForm": "",
      "megaItems": [

      ],
      "megas": [

      ],
      "gigantamax": {
        "canHaveFactor": false,
        "canGigantamax": false
      },
      "eggCycles": 121,
      "weight": 750.0,
      "catchRate": 3,
      "malePercentage": 0,
      "evolutions": [

      ],
      "evYields": {
        "hp": 3
      }
    },
    {
      "name": "origin",
      "dimensions": {
        "height": 3.8,
        "width": 3.0,
        "length": 3.0
      },
      "abilities": {
        "abilities": [
          "Levitate"
        ]
      },
      "battleStats": {
        "hp": 150,
        "attack": 120,
        "defense": 100,
        "specialAttack": 120,
        "specialDefense": 100,
        "speed": 90
      },
      "weight": 650.0,
      "genderProperties": [
        {
          "gender": "ALL",
          "palettes": [
            {
              "name": "none",
              "texture": "pixelmon:pokemon/487_giratina/all/origin/none/texture.png",
              "sprite": "pixelmon:pokemon/487_giratina/all/origin/none/sprite.png",
              "particle": "",
              "modelLocator": {
                "factoryType": "NORMAL",
                "pqc": [
                  "pixelmon:pokemon/487_giratina/all/origin/none/model.pqc"
                ]
              }
            },
            {
              "name": "shiny",
              "texture": "pixelmon:pokemon/487_giratina/all/origin/shiny/texture.png",
              "sprite": "pixelmon:pokemon/487_giratina/all/origin/shiny/sprite.png",
              "particle": "arcanery:shiny"
            },
			{
              "name": "blood",
              "texture": "pixelmon:pokemon/487_giratina/all/origin/custom-blood/texture.png",
              "sprite": "pixelmon:pokemon/487_giratina/all/origin/custom-blood/sprite.png",
              "particle": ""
            },
			{
              "name": "crimson",
              "texture": "pixelmon:pokemon/487_giratina/all/origin/custom-crimson/texture.png",
              "sprite": "pixelmon:pokemon/487_giratina/all/origin/custom-crimson/sprite.png",
              "particle": ""
            },
			{
              "name": "dark",
              "texture": "pixelmon:pokemon/487_giratina/all/origin/custom-dark/texture.png",
              "sprite": "pixelmon:pokemon/487_giratina/all/origin/custom-dark/sprite.png",
              "particle": ""
            },
			{
              "name": "dynasty",
              "texture": "pixelmon:pokemon/487_giratina/all/origin/custom-dynasty/texture.png",
              "sprite": "pixelmon:pokemon/487_giratina/all/origin/custom-dynasty/sprite.png",
              "particle": ""
            },
			{
              "name": "egyptian",
              "texture": "pixelmon:pokemon/487_giratina/all/origin/custom-egyptian/texture.png",
              "sprite": "pixelmon:pokemon/487_giratina/all/origin/custom-egyptian/sprite.png",
              "particle": ""
            },
			{
              "name": "galaxy",
              "texture": "pixelmon:pokemon/487_giratina/all/origin/custom-galaxy/texture.png",
              "sprite": "pixelmon:pokemon/487_giratina/all/origin/custom-galaxy/sprite.png",
              "particle": ""
            },
			{
              "name": "nippon",
              "texture": "pixelmon:pokemon/487_giratina/all/origin/custom-nippon/texture.png",
              "sprite": "pixelmon:pokemon/487_giratina/all/origin/custom-nippon/sprite.png",
              "particle": ""
            },
			{
              "name": "obscuros",
              "texture": "pixelmon:pokemon/487_giratina/all/origin/custom-obscuros/texture.png",
              "sprite": "pixelmon:pokemon/487_giratina/all/origin/custom-obscuros/sprite.png",
              "particle": ""
            },
			{
              "name": "primal",
              "texture": "pixelmon:pokemon/487_giratina/all/origin/custom-primal/texture.png",
              "sprite": "pixelmon:pokemon/487_giratina/all/origin/custom-primal/sprite.png",
              "particle": ""
            },
			{
              "name": "shadow",
              "texture": "pixelmon:pokemon/487_giratina/all/origin/custom-shadow/texture.png",
              "sprite": "pixelmon:pokemon/487_giratina/all/origin/custom-shadow/sprite.png",
              "particle": ""
            },
			{
              "name": "soulfire",
              "texture": "pixelmon:pokemon/487_giratina/all/origin/custom-soulfire/texture.png",
              "sprite": "pixelmon:pokemon/487_giratina/all/origin/custom-soulfire/sprite.png",
              "particle": ""
            }
          ]
        }
      ]
    }
  ],
  "generation": 4
}
