{
  "name": "Shaymin",
  "dex": 492,
  "defaultForms": [
    "land"
  ],
  "forms": [
    {
      "name": "land",
      "experienceGroup": "MEDIUM_SLOW",
      "dimensions": {
        "height": 0.25,
        "width": 0.4,
        "length": 1,
        "eyeHeight": 0.25,
        "hoverHeight": 0.25
      },
      "moves": {
        "levelUpMoves": [
          {
            "level": 0,
            "attacks": [
              "Growth"
            ]
          },
          {
            "level": 10,
            "attacks": [
              "Magical Leaf"
            ]
          },
          {
            "level": 19,
            "attacks": [
              "Leech Seed"
            ]
          },
          {
            "level": 28,
            "attacks": [
              "Synthesis"
            ]
          },
          {
            "level": 37,
            "attacks": [
              "Sweet Scent"
            ]
          },
          {
            "level": 46,
            "attacks": [
              "Natural Gift"
            ]
          },
          {
            "level": 55,
            "attacks": [
              "Worry Seed"
            ]
          },
          {
            "level": 64,
            "attacks": [
              "Aromatherapy"
            ]
          },
          {
            "level": 73,
            "attacks": [
              "Energy Ball"
            ]
          },
          {
            "level": 82,
            "attacks": [
              "Sweet Kiss"
            ]
          },
          {
            "level": 91,
            "attacks": [
              "Healing Wish"
            ]
          },
          {
            "level": 100,
            "attacks": [
              "Seed Flare"
            ]
          }
        ],
        "tutorMoves": [
          "Covet",
          "Earth Power",
          "Endeavor",
          "Giga Drain",
          "Laser Focus",
          "Last Resort",
          "Seed Bomb",
          "Snore",
          "Synthesis",
          "Worry Seed",
          "Zen Headbutt"
        ],
        "eggMoves": [],
        "tmMoves8": [],
        "trMoves": [],
        "hmMoves": [],
        "transferMoves": [
          "Air Slash",
          "Bullet Seed",
          "Celebrate",
          "Defense Curl",
          "Endure",
          "Flash",
          "Grass Whistle",
          "Headbutt",
          "Lucky Chant",
          "Mud-Slap",
          "Secret Power",
          "Swift"
        ],
        "tmMoves7": [
          "Toxic",
          "Hidden Power",
          "Sunny Day",
          "Hyper Beam",
          "Protect",
          "Safeguard",
          "Frustration",
          "Solar Beam",
          "Return",
          "Psychic",
          "Double Team",
          "Facade",
          "Rest",
          "Round",
          "Energy Ball",
          "Giga Impact",
          "Swords Dance",
          "Psych Up",
          "Grass Knot",
          "Swagger",
          "Sleep Talk",
          "Substitute",
          "Nature Power",
          "Dazzling Gleam",
          "Confide"
        ],
        "tmMoves6": [
          "Toxic",
          "Hidden Power",
          "Sunny Day",
          "Hyper Beam",
          "Protect",
          "Safeguard",
          "Frustration",
          "Solar Beam",
          "Return",
          "Psychic",
          "Double Team",
          "Facade",
          "Rest",
          "Round",
          "Energy Ball",
          "Giga Impact",
          "Flash",
          "Swords Dance",
          "Psych Up",
          "Grass Knot",
          "Swagger",
          "Sleep Talk",
          "Substitute",
          "Secret Power",
          "Nature Power",
          "Dazzling Gleam",
          "Confide"
        ],
        "tmMoves5": [
          "Toxic",
          "Hidden Power",
          "Sunny Day",
          "Hyper Beam",
          "Protect",
          "Safeguard",
          "Frustration",
          "Solar Beam",
          "Return",
          "Psychic",
          "Double Team",
          "Facade",
          "Rest",
          "Round",
          "Energy Ball",
          "Giga Impact",
          "Flash",
          "Swords Dance",
          "Psych Up",
          "Grass Knot",
          "Swagger",
          "Substitute"
        ],
        "tmMoves4": [
          "Toxic",
          "Bullet Seed",
          "Hidden Power",
          "Sunny Day",
          "Hyper Beam",
          "Protect",
          "Giga Drain",
          "Safeguard",
          "Frustration",
          "Solar Beam",
          "Return",
          "Psychic",
          "Double Team",
          "Facade",
          "Secret Power",
          "Rest",
          "Energy Ball",
          "Endure",
          "Giga Impact",
          "Flash",
          "Swords Dance",
          "Psych Up",
          "Sleep Talk",
          "Natural Gift",
          "Grass Knot",
          "Swagger",
          "Substitute"
        ],
        "tmMoves3": [],
        "tmMoves2": [],
        "tmMoves1": [],
        "tmMoves": []
      },
      "abilities": {
        "abilities": [
          "NaturalCure"
        ],
        "hiddenAbilities": []
      },
      "movement": {
        "rideable": false,
        "canFly": false,
        "canSurf": false,
        "canRideShoulder": false
      },
      "aggression": {
        "timid": 80,
        "passive": 0,
        "aggressive": 20
      },
      "battleStats": {
        "hp": 100,
        "attack": 100,
        "defense": 100,
        "specialAttack": 100,
        "specialDefense": 100,
        "speed": 100
      },
      "tags": [
        "mythical"
      ],
      "spawn": {
        "baseExp": 270,
        "baseFriendship": 100,
        "spawnLevel": 50,
        "spawnLevelRange": 0,
        "spawnLocations": [
          "LAND"
        ]
      },
      "possibleGenders": [
        "MALE",
        "FEMALE"
      ],
      "genderProperties": [
        {
          "gender": "ALL",
          "palettes": [
            {
              "name": "none",
              "texture": "pixelmon:pokemon/492_shaymin/all/land/none/texture.png",
              "sprite": "pixelmon:pokemon/492_shaymin/all/land/none/sprite.png",
              "particle": "",
              "modelLocator": {
                "factoryType": "NORMAL",
                "pqc": [
                  "pixelmon:pokemon/492_shaymin/all/land/none/model.pqc"
                ]
              },
              "sounds": [
                "pixelmon.mob.shaymin"
              ]
            },
            {
              "name": "shiny",
              "texture": "pixelmon:pokemon/492_shaymin/all/land/shiny/texture.png",
              "sprite": "pixelmon:pokemon/492_shaymin/all/land/shiny/sprite.png",
              "particle": "arcanery:shiny"
            },
            {
              "name": "christmas",
              "texture": "pixelmon:pokemon/492_shaymin/all/land/christmas/texture.png",
              "sprite": "pixelmon:pokemon/492_shaymin/all/land/christmas/sprite.png",
              "particle": ""
            },
			{
              "name": "arctic",
              "texture": "pixelmon:pokemon/492_shaymin/all/land/custom-arctic/texture.png",
              "sprite": "pixelmon:pokemon/492_shaymin/all/land/custom-arctic/sprite.png",
              "particle": ""
            },
			{
              "name": "autumn",
              "texture": "pixelmon:pokemon/492_shaymin/all/land/custom-autumn/texture.png",
              "sprite": "pixelmon:pokemon/492_shaymin/all/land/custom-autumn/sprite.png",
              "particle": ""
            },
			{
              "name": "charmin 1",
              "texture": "pixelmon:pokemon/492_shaymin/all/land/custom-charmin1/texture.png",
              "sprite": "pixelmon:pokemon/492_shaymin/all/land/custom-charmin1/sprite.png",
              "particle": ""
            },
			{
              "name": "charmin 2",
              "texture": "pixelmon:pokemon/492_shaymin/all/land/custom-charmin2/texture.png",
              "sprite": "pixelmon:pokemon/492_shaymin/all/land/custom-charmin2/sprite.png",
              "particle": ""
            },
			{
              "name": "christmas 1",
              "texture": "pixelmon:pokemon/492_shaymin/all/land/custom-christmas1/texture.png",
              "sprite": "pixelmon:pokemon/492_shaymin/all/land/custom-christmas1/sprite.png",
              "particle": ""
            },
			{
              "name": "christmas 2",
              "texture": "pixelmon:pokemon/492_shaymin/all/land/custom-christmas2/texture.png",
              "sprite": "pixelmon:pokemon/492_shaymin/all/land/custom-christmas2/sprite.png",
              "particle": ""
            },
			{
              "name": "christmas 3",
              "texture": "pixelmon:pokemon/492_shaymin/all/land/custom-christmas3/texture.png",
              "sprite": "pixelmon:pokemon/492_shaymin/all/land/custom-christmas3/sprite.png",
              "particle": ""
            },
			{
              "name": "crimson",
              "texture": "pixelmon:pokemon/492_shaymin/all/land/custom-crimson/texture.png",
              "sprite": "pixelmon:pokemon/492_shaymin/all/land/custom-crimson/sprite.png",
              "particle": ""
            },
			{
              "name": "dark",
              "texture": "pixelmon:pokemon/492_shaymin/all/land/custom-dark/texture.png",
              "sprite": "pixelmon:pokemon/492_shaymin/all/land/custom-dark/sprite.png",
              "particle": ""
            },
			{
              "name": "fall",
              "texture": "pixelmon:pokemon/492_shaymin/all/land/custom-fall/texture.png",
              "sprite": "pixelmon:pokemon/492_shaymin/all/land/custom-fall/sprite.png",
              "particle": ""
            },
			{
              "name": "festive",
              "texture": "pixelmon:pokemon/492_shaymin/all/land/custom-festive/texture.png",
              "sprite": "pixelmon:pokemon/492_shaymin/all/land/custom-festive/sprite.png",
              "particle": ""
            },
			{
              "name": "galaxy 1",
              "texture": "pixelmon:pokemon/492_shaymin/all/land/custom-galaxy1/texture.png",
              "sprite": "pixelmon:pokemon/492_shaymin/all/land/custom-galaxy1/sprite.png",
              "particle": ""
            },
			{
              "name": "galaxy 2",
              "texture": "pixelmon:pokemon/492_shaymin/all/land/custom-galaxy2/texture.png",
              "sprite": "pixelmon:pokemon/492_shaymin/all/land/custom-galaxy2/sprite.png",
              "particle": ""
            },
			{
              "name": "magma",
              "texture": "pixelmon:pokemon/492_shaymin/all/land/custom-magma/texture.png",
              "sprite": "pixelmon:pokemon/492_shaymin/all/land/custom-magma/sprite.png",
              "particle": ""
            },
			{
              "name": "nippon",
              "texture": "pixelmon:pokemon/492_shaymin/all/land/custom-nippon/texture.png",
              "sprite": "pixelmon:pokemon/492_shaymin/all/land/custom-nippon/sprite.png",
              "particle": ""
            },
			{
              "name": "purple haze",
              "texture": "pixelmon:pokemon/492_shaymin/all/land/custom-purplehaze/texture.png",
              "sprite": "pixelmon:pokemon/492_shaymin/all/land/custom-purplehaze/sprite.png",
              "particle": ""
            },
			{
              "name": "spotted",
              "texture": "pixelmon:pokemon/492_shaymin/all/land/custom-spotted/texture.png",
              "sprite": "pixelmon:pokemon/492_shaymin/all/land/custom-spotted/sprite.png",
              "particle": ""
            },
			{
              "name": "summer",
              "texture": "pixelmon:pokemon/492_shaymin/all/land/custom-summer/texture.png",
              "sprite": "pixelmon:pokemon/492_shaymin/all/land/custom-summer/sprite.png",
              "particle": ""
            },
			{
              "name": "valentines 1",
              "texture": "pixelmon:pokemon/492_shaymin/all/land/custom-val1/texture.png",
              "sprite": "pixelmon:pokemon/492_shaymin/all/land/custom-val1/sprite.png",
              "particle": ""
            },
			{
              "name": "valentines 2",
              "texture": "pixelmon:pokemon/492_shaymin/all/land/custom-val2/texture.png",
              "emissive": "pixelmon:pokemon/492_shaymin/all/land/custom-val2/emissive.png",
              "sprite": "pixelmon:pokemon/492_shaymin/all/land/custom-val2/sprite.png",
              "particle": ""
            },
			{
              "name": "winter 1",
              "texture": "pixelmon:pokemon/492_shaymin/all/land/custom-winter1/texture.png",
              "sprite": "pixelmon:pokemon/492_shaymin/all/land/custom-winter1/sprite.png",
              "particle": ""
            },
			{
              "name": "winter 2",
              "texture": "pixelmon:pokemon/492_shaymin/all/land/custom-winter2/texture.png",
              "sprite": "pixelmon:pokemon/492_shaymin/all/land/custom-winter2/sprite.png",
              "particle": ""
            }
          ]
        }
      ],
      "eggGroups": [
        "GRASS",
        "FIELD"
      ],
      "types": [
        "GRASS"
      ],
      "preEvolutions": [],
      "defaultBaseForm": "",
      "megaItems": [],
      "megas": [],
      "gigantamax": {
        "canHaveFactor": false,
        "canGigantamax": false
      },
      "eggCycles": 121,
      "weight": 2.1,
      "catchRate": 45,
      "malePercentage": 0,
      "evolutions": [],
      "evYields": {
        "hp": 3
      }
    },
    {
      "name": "sky",
      "dimensions": {
        "height": 0.5,
        "width": 0.5,
        "length": 0.5
      },
      "moves": {
        "levelUpMoves": [
          {
            "level": 0,
            "attacks": [
              "Growth"
            ]
          },
          {
            "level": 10,
            "attacks": [
              "Magical Leaf"
            ]
          },
          {
            "level": 19,
            "attacks": [
              "Leech Seed"
            ]
          },
          {
            "level": 28,
            "attacks": [
              "Quick Attack"
            ]
          },
          {
            "level": 37,
            "attacks": [
              "Sweet Scent"
            ]
          },
          {
            "level": 46,
            "attacks": [
              "Natural Gift"
            ]
          },
          {
            "level": 55,
            "attacks": [
              "Worry Seed"
            ]
          },
          {
            "level": 64,
            "attacks": [
              "Air Slash"
            ]
          },
          {
            "level": 73,
            "attacks": [
              "Energy Ball"
            ]
          },
          {
            "level": 82,
            "attacks": [
              "Sweet Kiss"
            ]
          },
          {
            "level": 91,
            "attacks": [
              "Leaf Storm"
            ]
          },
          {
            "level": 100,
            "attacks": [
              "Seed Flare"
            ]
          }
        ],
        "tutorMoves": [
          "Covet",
          "Earth Power",
          "Endeavor",
          "Giga Drain",
          "Laser Focus",
          "Last Resort",
          "Seed Bomb",
          "Snore",
          "Synthesis",
          "Worry Seed",
          "Zen Headbutt"
        ],
        "eggMoves": [],
        "tmMoves8": [],
        "trMoves": [],
        "hmMoves": [],
        "transferMoves": [
          "Air Slash",
          "Bullet Seed",
          "Celebrate",
          "Defense Curl",
          "Endure",
          "Flash",
          "Grass Whistle",
          "Headbutt",
          "Lucky Chant",
          "Mud-Slap",
          "Secret Power",
          "Swift"
        ],
        "tmMoves7": [
          "Toxic",
          "Hidden Power",
          "Sunny Day",
          "Hyper Beam",
          "Protect",
          "Safeguard",
          "Frustration",
          "Solar Beam",
          "Return",
          "Psychic",
          "Double Team",
          "Facade",
          "Rest",
          "Round",
          "Energy Ball",
          "Giga Impact",
          "Swords Dance",
          "Psych Up",
          "Grass Knot",
          "Swagger",
          "Sleep Talk",
          "Substitute",
          "Nature Power",
          "Dazzling Gleam",
          "Confide"
        ],
        "tmMoves6": [
          "Toxic",
          "Hidden Power",
          "Sunny Day",
          "Hyper Beam",
          "Protect",
          "Safeguard",
          "Frustration",
          "Solar Beam",
          "Return",
          "Psychic",
          "Double Team",
          "Facade",
          "Rest",
          "Round",
          "Energy Ball",
          "Giga Impact",
          "Flash",
          "Swords Dance",
          "Psych Up",
          "Grass Knot",
          "Swagger",
          "Sleep Talk",
          "Substitute",
          "Secret Power",
          "Nature Power",
          "Dazzling Gleam",
          "Confide"
        ],
        "tmMoves5": [
          "Toxic",
          "Hidden Power",
          "Sunny Day",
          "Hyper Beam",
          "Protect",
          "Safeguard",
          "Frustration",
          "Solar Beam",
          "Return",
          "Psychic",
          "Double Team",
          "Facade",
          "Rest",
          "Round",
          "Energy Ball",
          "Giga Impact",
          "Flash",
          "Swords Dance",
          "Psych Up",
          "Grass Knot",
          "Swagger",
          "Substitute"
        ],
        "tmMoves4": [
          "Toxic",
          "Bullet Seed",
          "Hidden Power",
          "Sunny Day",
          "Hyper Beam",
          "Protect",
          "Giga Drain",
          "Safeguard",
          "Frustration",
          "Solar Beam",
          "Return",
          "Psychic",
          "Double Team",
          "Facade",
          "Secret Power",
          "Rest",
          "Energy Ball",
          "Endure",
          "Giga Impact",
          "Flash",
          "Swords Dance",
          "Psych Up",
          "Sleep Talk",
          "Natural Gift",
          "Grass Knot",
          "Swagger",
          "Substitute"
        ],
        "tmMoves3": [],
        "tmMoves2": [],
        "tmMoves1": [],
        "tmMoves": []
      },
      "abilities": {
        "abilities": [
          "SereneGrace"
        ]
      },
      "battleStats": {
        "hp": 100,
        "attack": 103,
        "defense": 75,
        "specialAttack": 120,
        "specialDefense": 75,
        "speed": 127
      },
      "types": [
        "GRASS",
        "FLYING"
      ],
      "weight": 5.2,
      "genderProperties": [
        {
          "gender": "ALL",
          "palettes": [
            {
              "name": "none",
              "texture": "pixelmon:pokemon/492_shaymin/all/sky/none/texture.png",
              "sprite": "pixelmon:pokemon/492_shaymin/all/sky/none/sprite.png",
              "particle": "",
              "modelLocator": {
                "factoryType": "NORMAL",
                "pqc": [
                  "pixelmon:pokemon/492_shaymin/all/sky/none/model.pqc"
                ]
              }
            },
            {
              "name": "shiny",
              "texture": "pixelmon:pokemon/492_shaymin/all/sky/shiny/texture.png",
              "sprite": "pixelmon:pokemon/492_shaymin/all/sky/shiny/sprite.png",
              "particle": "arcanery:shiny"
            },
            {
              "name": "christmas",
              "texture": "pixelmon:pokemon/492_shaymin/all/sky/christmas/texture.png",
              "sprite": "pixelmon:pokemon/492_shaymin/all/sky/christmas/sprite.png",
              "particle": ""
            },
			{
              "name": "arctic",
              "texture": "pixelmon:pokemon/492_shaymin/all/sky/custom-arctic/texture.png",
              "sprite": "pixelmon:pokemon/492_shaymin/all/sky/custom-arctic/sprite.png",
              "particle": ""
            },
			{
              "name": "autumn",
              "texture": "pixelmon:pokemon/492_shaymin/all/sky/custom-autumn/texture.png",
              "sprite": "pixelmon:pokemon/492_shaymin/all/sky/custom-autumn/sprite.png",
              "particle": ""
            },
			{
              "name": "charmin 1",
              "texture": "pixelmon:pokemon/492_shaymin/all/sky/custom-charmin1/texture.png",
              "sprite": "pixelmon:pokemon/492_shaymin/all/sky/custom-charmin1/sprite.png",
              "particle": ""
            },
			{
              "name": "charmin 2",
              "texture": "pixelmon:pokemon/492_shaymin/all/sky/custom-charmin2/texture.png",
              "sprite": "pixelmon:pokemon/492_shaymin/all/sky/custom-charmin2/sprite.png",
              "particle": ""
            },
			{
              "name": "christmas 1",
              "texture": "pixelmon:pokemon/492_shaymin/all/sky/custom-christmas1/texture.png",
              "sprite": "pixelmon:pokemon/492_shaymin/all/sky/custom-christmas1/sprite.png",
              "particle": ""
            },
			{
              "name": "christmas 2",
              "texture": "pixelmon:pokemon/492_shaymin/all/sky/custom-christmas2/texture.png",
              "sprite": "pixelmon:pokemon/492_shaymin/all/sky/custom-christmas2/sprite.png",
              "particle": ""
            },
			{
              "name": "christmas 3",
              "texture": "pixelmon:pokemon/492_shaymin/all/sky/custom-christmas3/texture.png",
              "sprite": "pixelmon:pokemon/492_shaymin/all/sky/custom-christmas3/sprite.png",
              "particle": ""
            },
			{
              "name": "crimson",
              "texture": "pixelmon:pokemon/492_shaymin/all/sky/custom-crimson/texture.png",
              "sprite": "pixelmon:pokemon/492_shaymin/all/sky/custom-crimson/sprite.png",
              "particle": ""
            },
			{
              "name": "dark",
              "texture": "pixelmon:pokemon/492_shaymin/all/sky/custom-dark/texture.png",
              "sprite": "pixelmon:pokemon/492_shaymin/all/sky/custom-dark/sprite.png",
              "particle": ""
            },
			{
              "name": "fall",
              "texture": "pixelmon:pokemon/492_shaymin/all/sky/custom-fall/texture.png",
              "sprite": "pixelmon:pokemon/492_shaymin/all/sky/custom-fall/sprite.png",
              "particle": ""
            },
			{
              "name": "festive",
              "texture": "pixelmon:pokemon/492_shaymin/all/sky/custom-festive/texture.png",
              "sprite": "pixelmon:pokemon/492_shaymin/all/sky/custom-festive/sprite.png",
              "particle": ""
            },
			{
              "name": "galaxy 1",
              "texture": "pixelmon:pokemon/492_shaymin/all/sky/custom-galaxy1/texture.png",
              "sprite": "pixelmon:pokemon/492_shaymin/all/sky/custom-galaxy1/sprite.png",
              "particle": ""
            },
			{
              "name": "galaxy 2",
              "texture": "pixelmon:pokemon/492_shaymin/all/sky/custom-galaxy2/texture.png",
              "sprite": "pixelmon:pokemon/492_shaymin/all/sky/custom-galaxy2/sprite.png",
              "particle": ""
            },
			{
              "name": "magma",
              "texture": "pixelmon:pokemon/492_shaymin/all/sky/custom-magma/texture.png",
              "sprite": "pixelmon:pokemon/492_shaymin/all/sky/custom-magma/sprite.png",
              "particle": ""
            },
			{
              "name": "nippon",
              "texture": "pixelmon:pokemon/492_shaymin/all/sky/custom-nippon/texture.png",
              "sprite": "pixelmon:pokemon/492_shaymin/all/sky/custom-nippon/sprite.png",
              "particle": ""
            },
			{
              "name": "purple haze",
              "texture": "pixelmon:pokemon/492_shaymin/all/sky/custom-purplehaze/texture.png",
              "sprite": "pixelmon:pokemon/492_shaymin/all/sky/custom-purplehaze/sprite.png",
              "particle": ""
            },
			{
              "name": "spotted",
              "texture": "pixelmon:pokemon/492_shaymin/all/sky/custom-spotted/texture.png",
              "sprite": "pixelmon:pokemon/492_shaymin/all/sky/custom-spotted/sprite.png",
              "particle": ""
            },
			{
              "name": "summer",
              "texture": "pixelmon:pokemon/492_shaymin/all/sky/custom-summer/texture.png",
              "sprite": "pixelmon:pokemon/492_shaymin/all/sky/custom-summer/sprite.png",
              "particle": ""
            },
			{
              "name": "valentines 1",
              "texture": "pixelmon:pokemon/492_shaymin/all/sky/custom-val1/texture.png",
              "sprite": "pixelmon:pokemon/492_shaymin/all/sky/custom-val1/sprite.png",
              "particle": ""
            },
			{
              "name": "valentines 2",
              "texture": "pixelmon:pokemon/492_shaymin/all/sky/custom-val2/texture.png",
              "emissive": "pixelmon:pokemon/492_shaymin/all/sky/custom-val2/emissive.png",
              "sprite": "pixelmon:pokemon/492_shaymin/all/sky/custom-val2/sprite.png",
              "particle": ""
            },
			{
              "name": "winter 1",
              "texture": "pixelmon:pokemon/492_shaymin/all/sky/custom-winter1/texture.png",
              "sprite": "pixelmon:pokemon/492_shaymin/all/sky/custom-winter1/sprite.png",
              "particle": ""
            },
			{
              "name": "winter 2",
              "texture": "pixelmon:pokemon/492_shaymin/all/sky/custom-winter2/texture.png",
              "sprite": "pixelmon:pokemon/492_shaymin/all/sky/custom-winter2/sprite.png",
              "particle": ""
            }
          ]
        }
      ]
    }
  ],
  "generation": 4
}
