{
  "name": "Arceus",
  "dex": 493,
  "defaultForms": [
    ""
  ],
  "forms": [
    {
      "name": "",
      "experienceGroup": "SLOW",
      "dimensions": {
        "height": 3.3,
        "width": 2.0,
        "length": 1,
        "eyeHeight": 3.3,
        "hoverHeight": 3.3
      },
      "moves": {
        "levelUpMoves": [
          {
            "level": 100,
            "attacks": [
              "Judgment"
            ]
          },
          {
            "level": 0,
            "attacks": [
              "Cosmic Power",
              "Natural Gift",
              "Punishment",
              "Seismic Toss"
            ]
          },
          {
            "level": 10,
            "attacks": [
              "Gravity"
            ]
          },
          {
            "level": 20,
            "attacks": [
              "Earth Power"
            ]
          },
          {
            "level": 30,
            "attacks": [
              "Hyper Voice"
            ]
          },
          {
            "level": 40,
            "attacks": [
              "Extreme Speed"
            ]
          },
          {
            "level": 50,
            "attacks": [
              "Refresh"
            ]
          },
          {
            "level": 60,
            "attacks": [
              "Future Sight"
            ]
          },
          {
            "level": 70,
            "attacks": [
              "Recover"
            ]
          },
          {
            "level": 80,
            "attacks": [
              "Hyper Beam"
            ]
          },
          {
            "level": 90,
            "attacks": [
              "Perish Song"
            ]
          }
        ],
        "tutorMoves": [
          "Aqua Tail",
          "Defog",
          "Draco Meteor",
          "Dragon Pulse",
          "Earth Power",
          "Giga Drain",
          "Gravity",
          "Heat Wave",
          "Hyper Voice",
          "Icy Wind",
          "Iron Defense",
          "Iron Head",
          "Iron Tail",
          "Laser Focus",
          "Last Resort",
          "Liquidation",
          "Magic Coat",
          "Outrage",
          "Recycle",
          "Shock Wave",
          "Signal Beam",
          "Snore",
          "Stealth Rock",
          "Tailwind",
          "Telekinesis",
          "Trick",
          "Water Pulse",
          "Zen Headbutt"
        ],
        "eggMoves": [

        ],
        "tmMoves8": [

        ],
        "trMoves": [

        ],
        "hmMoves": [

        ],
        "transferMoves": [
          "Ancient Power",
          "Avalanche",
          "Blast Burn",
          "Brine",
          "Bullet Seed",
          "Cut",
          "Dive",
          "Endure",
          "Flash",
          "Fury Cutter",
          "Headbutt",
          "Hone Claws",
          "Hydro Cannon",
          "Incinerate",
          "Mud-Slap",
          "Ominous Wind",
          "Retaliate",
          "Roar of Time",
          "Rock Smash",
          "Secret Power",
          "Shadow Force",
          "Silver Wind",
          "Spacial Rend",
          "Strength",
          "Swift",
          "Twister",
          "Whirlpool"
        ],
        "tmMoves7": [
          "Work Up",
          "Dragon Claw",
          "Psyshock",
          "Calm Mind",
          "Roar",
          "Toxic",
          "Hail",
          "Hidden Power",
          "Sunny Day",
          "Ice Beam",
          "Blizzard",
          "Hyper Beam",
          "Light Screen",
          "Protect",
          "Rain Dance",
          "Safeguard",
          "Frustration",
          "Solar Beam",
          "Thunderbolt",
          "Thunder",
          "Earthquake",
          "Return",
          "Psychic",
          "Shadow Ball",
          "Brick Break",
          "Double Team",
          "Reflect",
          "Flamethrower",
          "Sludge Bomb",
          "Sandstorm",
          "Fire Blast",
          "Rock Tomb",
          "Aerial Ace",
          "Facade",
          "Rest",
          "Round",
          "Echoed Voice",
          "Overheat",
          "Focus Blast",
          "Energy Ball",
          "Charge Beam",
          "Quash",
          "Will-O-Wisp",
          "Shadow Claw",
          "Payback",
          "Giga Impact",
          "Stone Edge",
          "Thunder Wave",
          "Swords Dance",
          "Fly",
          "Psych Up",
          "Bulldoze",
          "Rock Slide",
          "X-Scissor",
          "Poison Jab",
          "Dream Eater",
          "Grass Knot",
          "Swagger",
          "Sleep Talk",
          "Substitute",
          "Flash Cannon",
          "Trick Room",
          "Surf",
          "Snarl",
          "Dark Pulse",
          "Waterfall",
          "Confide"
        ],
        "tmMoves6": [
          "Hone Claws",
          "Dragon Claw",
          "Psyshock",
          "Calm Mind",
          "Roar",
          "Toxic",
          "Hail",
          "Hidden Power",
          "Sunny Day",
          "Ice Beam",
          "Blizzard",
          "Hyper Beam",
          "Light Screen",
          "Protect",
          "Rain Dance",
          "Safeguard",
          "Frustration",
          "Solar Beam",
          "Thunderbolt",
          "Thunder",
          "Earthquake",
          "Return",
          "Psychic",
          "Shadow Ball",
          "Brick Break",
          "Double Team",
          "Reflect",
          "Flamethrower",
          "Sludge Bomb",
          "Sandstorm",
          "Fire Blast",
          "Rock Tomb",
          "Aerial Ace",
          "Facade",
          "Rest",
          "Round",
          "Echoed Voice",
          "Overheat",
          "Focus Blast",
          "Energy Ball",
          "Charge Beam",
          "Incinerate",
          "Quash",
          "Will-O-Wisp",
          "Shadow Claw",
          "Payback",
          "Retaliate",
          "Giga Impact",
          "Flash",
          "Stone Edge",
          "Thunder Wave",
          "Swords Dance",
          "Psych Up",
          "Bulldoze",
          "Rock Slide",
          "X-Scissor",
          "Poison Jab",
          "Dream Eater",
          "Grass Knot",
          "Swagger",
          "Sleep Talk",
          "Substitute",
          "Flash Cannon",
          "Trick Room",
          "Secret Power",
          "Snarl",
          "Dark Pulse",
          "Confide"
        ],
        "tmMoves5": [
          "Hone Claws",
          "Dragon Claw",
          "Psyshock",
          "Calm Mind",
          "Roar",
          "Toxic",
          "Hail",
          "Hidden Power",
          "Sunny Day",
          "Ice Beam",
          "Blizzard",
          "Hyper Beam",
          "Light Screen",
          "Protect",
          "Rain Dance",
          "Telekinesis",
          "Safeguard",
          "Frustration",
          "Solar Beam",
          "Thunderbolt",
          "Thunder",
          "Earthquake",
          "Return",
          "Psychic",
          "Shadow Ball",
          "Brick Break",
          "Double Team",
          "Reflect",
          "Flamethrower",
          "Sludge Bomb",
          "Sandstorm",
          "Fire Blast",
          "Rock Tomb",
          "Aerial Ace",
          "Facade",
          "Rest",
          "Round",
          "Echoed Voice",
          "Overheat",
          "Focus Blast",
          "Energy Ball",
          "Charge Beam",
          "Incinerate",
          "Quash",
          "Will-O-Wisp",
          "Shadow Claw",
          "Payback",
          "Retaliate",
          "Giga Impact",
          "Flash",
          "Stone Edge",
          "Thunder Wave",
          "Swords Dance",
          "Psych Up",
          "Bulldoze",
          "Rock Slide",
          "X-Scissor",
          "Work Up",
          "Poison Jab",
          "Dream Eater",
          "Grass Knot",
          "Swagger",
          "Substitute",
          "Flash Cannon",
          "Trick Room",
          "Rock Smash",
          "Snarl"
        ],
        "tmMoves4": [
          "Dragon Claw",
          "Water Pulse",
          "Calm Mind",
          "Roar",
          "Toxic",
          "Hail",
          "Bullet Seed",
          "Hidden Power",
          "Sunny Day",
          "Ice Beam",
          "Blizzard",
          "Hyper Beam",
          "Light Screen",
          "Protect",
          "Rain Dance",
          "Giga Drain",
          "Safeguard",
          "Frustration",
          "Solar Beam",
          "Iron Tail",
          "Thunderbolt",
          "Thunder",
          "Earthquake",
          "Return",
          "Psychic",
          "Shadow Ball",
          "Brick Break",
          "Double Team",
          "Reflect",
          "Shock Wave",
          "Flamethrower",
          "Sludge Bomb",
          "Sandstorm",
          "Fire Blast",
          "Rock Tomb",
          "Aerial Ace",
          "Facade",
          "Secret Power",
          "Rest",
          "Overheat",
          "Focus Blast",
          "Energy Ball",
          "Brine",
          "Charge Beam",
          "Endure",
          "Dragon Pulse",
          "Will-O-Wisp",
          "Silver Wind",
          "Shadow Claw",
          "Payback",
          "Recycle",
          "Giga Impact",
          "Flash",
          "Stone Edge",
          "Avalanche",
          "Thunder Wave",
          "Swords Dance",
          "Stealth Rock",
          "Psych Up",
          "Dark Pulse",
          "Rock Slide",
          "X-Scissor",
          "Sleep Talk",
          "Natural Gift",
          "Poison Jab",
          "Dream Eater",
          "Grass Knot",
          "Swagger",
          "Substitute",
          "Flash Cannon",
          "Trick Room"
        ],
        "tmMoves3": [

        ],
        "tmMoves2": [

        ],
        "tmMoves1": [

        ],
        "tmMoves": [

        ]
      },
      "abilities": {
        "abilities": [
          "Multitype"
        ],
        "hiddenAbilities": [

        ]
      },
      "movement": {
        "rideable": true,
        "canFly": true,
        "canSurf": false,
        "canRideShoulder": false,
        "ridingOffsets": {
          "standing": {
            "x": 0.0,
            "y": -0.2,
            "z": -0.6
          },
          "moving": {
            "x": 0.0,
            "y": -0.2,
            "z": -0.3
          }
        },
        "flyingParameters": {
          "flyHeightMin": 0,
          "flyHeightMax": 0,
          "flySpeedModifier": 1.0,
          "flyRefreshRateY": 0,
          "flyRefreshRateXZ": 0,
          "flyRefreshRateSpeed": 0,
          "flightTimeMin": 0,
          "flightTimeMax": 0,
          "flapRate": 0,
          "landingMaterials": "LEAVES_AND_GRASS"
        },
        "mountedFlyingParameters": {
          "type": "pixelmon:default",
          "upper_angle_limit": 20,
          "lower_angle_limit": -20,
          "max_fly_speed": 1,
          "deceleration_rate": 0.07,
          "hover_deceleration_rate": 0.09,
          "acceleration_rate": 0.07,
          "strafe_acceleration_rate": 0.08,
          "strafe_roll_conversion": 30,
          "turn_rate": 0.5,
          "pitch_rate": 0.8,
          "stays_horizontal_flying": true,
          "gravity_drop_per_tick": 0.005,
          "continuous_forward_motion": true,
          "continuous_forward_motion_ticks": 5,
          "flying_stamina_charges": 3,
          "hover_ticks": 100
        }
      },
      "aggression": {
        "timid": 80,
        "passive": 0,
        "aggressive": 20
      },
      "battleStats": {
        "hp": 120,
        "attack": 120,
        "defense": 120,
        "specialAttack": 120,
        "specialDefense": 120,
        "speed": 120
      },
      "tags": [
        "mythical"
      ],
      "spawn": {
        "baseExp": 324,
        "baseFriendship": 0,
        "spawnLevel": 70,
        "spawnLevelRange": 0,
        "spawnLocations": [
          "LAND"
        ]
      },
      "possibleGenders": [
        "MALE",
        "FEMALE"
      ],
      "genderProperties": [
        {
          "gender": "ALL",
          "palettes": [
            {
              "name": "none",
              "texture": "pixelmon:pokemon/493_arceus/all/base/none/texture.png",
              "sprite": "pixelmon:pokemon/493_arceus/all/base/none/sprite.png",
              "particle": "",
              "modelLocator": {
                "factoryType": "NORMAL",
                "pqc": [
                  "pixelmon:pokemon/493_arceus/all/base/none/model.pqc"
                ]
              },
              "sounds": [
                "pixelmon.mob.arceus"
              ]
            },
            {
              "name": "shiny",
              "texture": "pixelmon:pokemon/493_arceus/all/base/shiny/texture.png",
              "sprite": "pixelmon:pokemon/493_arceus/all/base/shiny/sprite.png",
              "particle": "arcanery:shiny"
            }
          ]
        }
      ],
      "eggGroups": [
        "DITTO"
      ],
      "types": [
        "NORMAL"
      ],
      "preEvolutions": [

      ],
      "defaultBaseForm": "",
      "megaItems": [

      ],
      "megas": [

      ],
      "gigantamax": {
        "canHaveFactor": false,
        "canGigantamax": false
      },
      "eggCycles": 121,
      "weight": 320.0,
      "catchRate": 3,
      "malePercentage": 0,
      "evolutions": [

      ],
      "evYields": {
        "hp": 3
      }
    },
    {
      "name": "grass",
      "types": [
        "GRASS"
      ],
      "genderProperties": [
        {
          "gender": "ALL",
          "palettes": [
            {
              "name": "none",
              "texture": "pixelmon:pokemon/493_arceus/all/grass/none/texture.png",
              "sprite": "pixelmon:pokemon/493_arceus/all/grass/none/sprite.png",
              "particle": "",
              "modelLocator": {
                "factoryType": "NORMAL",
                "pqc": [
                  "pixelmon:pokemon/493_arceus/all/base/none/model.pqc"
                ]
              },
              "sounds": [
                "pixelmon.mob.arceus"
              ]
            },
            {
              "name": "shiny",
              "texture": "pixelmon:pokemon/493_arceus/all/grass/shiny/texture.png",
              "sprite": "pixelmon:pokemon/493_arceus/all/grass/shiny/sprite.png",
              "particle": "arcanery:shiny"
            }
          ]
        }
      ]
    },
    {
      "name": "fire",
      "types": [
        "FIRE"
      ],
      "genderProperties": [
        {
          "gender": "ALL",
          "palettes": [
            {
              "name": "none",
              "texture": "pixelmon:pokemon/493_arceus/all/fire/none/texture.png",
              "sprite": "pixelmon:pokemon/493_arceus/all/fire/none/sprite.png",
              "particle": "",
              "modelLocator": {
                "factoryType": "NORMAL",
                "pqc": [
                  "pixelmon:pokemon/493_arceus/all/base/none/model.pqc"
                ]
              },
              "sounds": [
                "pixelmon.mob.arceus"
              ]
            },
            {
              "name": "shiny",
              "texture": "pixelmon:pokemon/493_arceus/all/fire/shiny/texture.png",
              "sprite": "pixelmon:pokemon/493_arceus/all/fire/shiny/sprite.png",
              "particle": "arcanery:shiny"
            }
          ]
        }
      ]
    },
    {
      "name": "water",
      "types": [
        "WATER"
      ],
      "genderProperties": [
        {
          "gender": "ALL",
          "palettes": [
            {
              "name": "none",
              "texture": "pixelmon:pokemon/493_arceus/all/water/none/texture.png",
              "sprite": "pixelmon:pokemon/493_arceus/all/water/none/sprite.png",
              "particle": "",
              "modelLocator": {
                "factoryType": "NORMAL",
                "pqc": [
                  "pixelmon:pokemon/493_arceus/all/base/none/model.pqc"
                ]
              },
              "sounds": [
                "pixelmon.mob.arceus"
              ]
            },
            {
              "name": "shiny",
              "texture": "pixelmon:pokemon/493_arceus/all/water/shiny/texture.png",
              "sprite": "pixelmon:pokemon/493_arceus/all/water/shiny/sprite.png",
              "particle": "arcanery:shiny"
            }
          ]
        }
      ]
    },
    {
      "name": "flying",
      "types": [
        "FLYING"
      ],
      "genderProperties": [
        {
          "gender": "ALL",
          "palettes": [
            {
              "name": "none",
              "texture": "pixelmon:pokemon/493_arceus/all/flying/none/texture.png",
              "sprite": "pixelmon:pokemon/493_arceus/all/flying/none/sprite.png",
              "particle": "",
              "modelLocator": {
                "factoryType": "NORMAL",
                "pqc": [
                  "pixelmon:pokemon/493_arceus/all/base/none/model.pqc"
                ]
              },
              "sounds": [
                "pixelmon.mob.arceus"
              ]
            },
            {
              "name": "shiny",
              "texture": "pixelmon:pokemon/493_arceus/all/flying/shiny/texture.png",
              "sprite": "pixelmon:pokemon/493_arceus/all/flying/shiny/sprite.png",
              "particle": "arcanery:shiny"
            }
          ]
        }
      ]
    },
    {
      "name": "bug",
      "types": [
        "BUG"
      ],
      "genderProperties": [
        {
          "gender": "ALL",
          "palettes": [
            {
              "name": "none",
              "texture": "pixelmon:pokemon/493_arceus/all/bug/none/texture.png",
              "sprite": "pixelmon:pokemon/493_arceus/all/bug/none/sprite.png",
              "particle": "",
              "modelLocator": {
                "factoryType": "NORMAL",
                "pqc": [
                  "pixelmon:pokemon/493_arceus/all/base/none/model.pqc"
                ]
              },
              "sounds": [
                "pixelmon.mob.arceus"
              ]
            },
            {
              "name": "shiny",
              "texture": "pixelmon:pokemon/493_arceus/all/bug/shiny/texture.png",
              "sprite": "pixelmon:pokemon/493_arceus/all/bug/shiny/sprite.png",
              "particle": "arcanery:shiny"
            }
          ]
        }
      ]
    },
    {
      "name": "poison",
      "types": [
        "POISON"
      ],
      "genderProperties": [
        {
          "gender": "ALL",
          "palettes": [
            {
              "name": "none",
              "texture": "pixelmon:pokemon/493_arceus/all/poison/none/texture.png",
              "sprite": "pixelmon:pokemon/493_arceus/all/poison/none/sprite.png",
              "particle": "",
              "modelLocator": {
                "factoryType": "NORMAL",
                "pqc": [
                  "pixelmon:pokemon/493_arceus/all/base/none/model.pqc"
                ]
              },
              "sounds": [
                "pixelmon.mob.arceus"
              ]
            },
            {
              "name": "shiny",
              "texture": "pixelmon:pokemon/493_arceus/all/poison/shiny/texture.png",
              "sprite": "pixelmon:pokemon/493_arceus/all/poison/shiny/sprite.png",
              "particle": "arcanery:shiny"
            }
          ]
        }
      ]
    },
    {
      "name": "electric",
      "types": [
        "ELECTRIC"
      ],
      "genderProperties": [
        {
          "gender": "ALL",
          "palettes": [
            {
              "name": "none",
              "texture": "pixelmon:pokemon/493_arceus/all/electric/none/texture.png",
              "sprite": "pixelmon:pokemon/493_arceus/all/electric/none/sprite.png",
              "particle": "",
              "modelLocator": {
                "factoryType": "NORMAL",
                "pqc": [
                  "pixelmon:pokemon/493_arceus/all/base/none/model.pqc"
                ]
              },
              "sounds": [
                "pixelmon.mob.arceus"
              ]
            },
            {
              "name": "shiny",
              "texture": "pixelmon:pokemon/493_arceus/all/electric/shiny/texture.png",
              "sprite": "pixelmon:pokemon/493_arceus/all/electric/shiny/sprite.png",
              "particle": "arcanery:shiny"
            }
          ]
        }
      ]
    },
    {
      "name": "psychic",
      "types": [
        "PSYCHIC"
      ],
      "genderProperties": [
        {
          "gender": "ALL",
          "palettes": [
            {
              "name": "none",
              "texture": "pixelmon:pokemon/493_arceus/all/psychic/none/texture.png",
              "sprite": "pixelmon:pokemon/493_arceus/all/psychic/none/sprite.png",
              "particle": "",
              "modelLocator": {
                "factoryType": "NORMAL",
                "pqc": [
                  "pixelmon:pokemon/493_arceus/all/base/none/model.pqc"
                ]
              },
              "sounds": [
                "pixelmon.mob.arceus"
              ]
            },
            {
              "name": "shiny",
              "texture": "pixelmon:pokemon/493_arceus/all/psychic/shiny/texture.png",
              "sprite": "pixelmon:pokemon/493_arceus/all/psychic/shiny/sprite.png",
              "particle": "arcanery:shiny"
            }
          ]
        }
      ]
    },
    {
      "name": "rock",
      "types": [
        "ROCK"
      ],
      "genderProperties": [
        {
          "gender": "ALL",
          "palettes": [
            {
              "name": "none",
              "texture": "pixelmon:pokemon/493_arceus/all/rock/none/texture.png",
              "sprite": "pixelmon:pokemon/493_arceus/all/rock/none/sprite.png",
              "particle": "",
              "modelLocator": {
                "factoryType": "NORMAL",
                "pqc": [
                  "pixelmon:pokemon/493_arceus/all/base/none/model.pqc"
                ]
              },
              "sounds": [
                "pixelmon.mob.arceus"
              ]
            },
            {
              "name": "shiny",
              "texture": "pixelmon:pokemon/493_arceus/all/rock/shiny/texture.png",
              "sprite": "pixelmon:pokemon/493_arceus/all/rock/shiny/sprite.png",
              "particle": "arcanery:shiny"
            }
          ]
        }
      ]
    },
    {
      "name": "ground",
      "types": [
        "GROUND"
      ],
      "genderProperties": [
        {
          "gender": "ALL",
          "palettes": [
            {
              "name": "none",
              "texture": "pixelmon:pokemon/493_arceus/all/ground/none/texture.png",
              "sprite": "pixelmon:pokemon/493_arceus/all/ground/none/sprite.png",
              "particle": "",
              "modelLocator": {
                "factoryType": "NORMAL",
                "pqc": [
                  "pixelmon:pokemon/493_arceus/all/base/none/model.pqc"
                ]
              },
              "sounds": [
                "pixelmon.mob.arceus"
              ]
            },
            {
              "name": "shiny",
              "texture": "pixelmon:pokemon/493_arceus/all/ground/shiny/texture.png",
              "sprite": "pixelmon:pokemon/493_arceus/all/ground/shiny/sprite.png",
              "particle": "arcanery:shiny"
            }
          ]
        }
      ]
    },
    {
      "name": "dark",
      "types": [
        "DARK"
      ],
      "genderProperties": [
        {
          "gender": "ALL",
          "palettes": [
            {
              "name": "none",
              "texture": "pixelmon:pokemon/493_arceus/all/dark/none/texture.png",
              "sprite": "pixelmon:pokemon/493_arceus/all/dark/none/sprite.png",
              "particle": "",
              "modelLocator": {
                "factoryType": "NORMAL",
                "pqc": [
                  "pixelmon:pokemon/493_arceus/all/base/none/model.pqc"
                ]
              },
              "sounds": [
                "pixelmon.mob.arceus"
              ]
            },
            {
              "name": "shiny",
              "texture": "pixelmon:pokemon/493_arceus/all/dark/shiny/texture.png",
              "sprite": "pixelmon:pokemon/493_arceus/all/dark/shiny/sprite.png",
              "particle": "arcanery:shiny"
            }
          ]
        }
      ]
    },
    {
      "name": "ghost",
      "types": [
        "GHOST"
      ],
      "genderProperties": [
        {
          "gender": "ALL",
          "palettes": [
            {
              "name": "none",
              "texture": "pixelmon:pokemon/493_arceus/all/ghost/none/texture.png",
              "sprite": "pixelmon:pokemon/493_arceus/all/ghost/none/sprite.png",
              "particle": "",
              "modelLocator": {
                "factoryType": "NORMAL",
                "pqc": [
                  "pixelmon:pokemon/493_arceus/all/base/none/model.pqc"
                ]
              },
              "sounds": [
                "pixelmon.mob.arceus"
              ]
            },
            {
              "name": "shiny",
              "texture": "pixelmon:pokemon/493_arceus/all/ghost/shiny/texture.png",
              "sprite": "pixelmon:pokemon/493_arceus/all/ghost/shiny/sprite.png",
              "particle": "arcanery:shiny"
            }
          ]
        }
      ]
    },
    {
      "name": "steel",
      "types": [
        "STEEL"
      ],
      "genderProperties": [
        {
          "gender": "ALL",
          "palettes": [
            {
              "name": "none",
              "texture": "pixelmon:pokemon/493_arceus/all/steel/none/texture.png",
              "sprite": "pixelmon:pokemon/493_arceus/all/steel/none/sprite.png",
              "particle": "",
              "modelLocator": {
                "factoryType": "NORMAL",
                "pqc": [
                  "pixelmon:pokemon/493_arceus/all/base/none/model.pqc"
                ]
              },
              "sounds": [
                "pixelmon.mob.arceus"
              ]
            },
            {
              "name": "shiny",
              "texture": "pixelmon:pokemon/493_arceus/all/steel/shiny/texture.png",
              "sprite": "pixelmon:pokemon/493_arceus/all/steel/shiny/sprite.png",
              "particle": "arcanery:shiny"
            }
          ]
        }
      ]
    },
    {
      "name": "fighting",
      "types": [
        "FIGHTING"
      ],
      "genderProperties": [
        {
          "gender": "ALL",
          "palettes": [
            {
              "name": "none",
              "texture": "pixelmon:pokemon/493_arceus/all/fighting/none/texture.png",
              "sprite": "pixelmon:pokemon/493_arceus/all/fighting/none/sprite.png",
              "particle": "",
              "modelLocator": {
                "factoryType": "NORMAL",
                "pqc": [
                  "pixelmon:pokemon/493_arceus/all/base/none/model.pqc"
                ]
              },
              "sounds": [
                "pixelmon.mob.arceus"
              ]
            },
            {
              "name": "shiny",
              "texture": "pixelmon:pokemon/493_arceus/all/fighting/shiny/texture.png",
              "sprite": "pixelmon:pokemon/493_arceus/all/fighting/shiny/sprite.png",
              "particle": "arcanery:shiny"
            }
          ]
        }
      ]
    },
    {
      "name": "ice",
      "types": [
        "ICE"
      ],
      "genderProperties": [
        {
          "gender": "ALL",
          "palettes": [
            {
              "name": "none",
              "texture": "pixelmon:pokemon/493_arceus/all/ice/none/texture.png",
              "sprite": "pixelmon:pokemon/493_arceus/all/ice/none/sprite.png",
              "particle": "",
              "modelLocator": {
                "factoryType": "NORMAL",
                "pqc": [
                  "pixelmon:pokemon/493_arceus/all/base/none/model.pqc"
                ]
              },
              "sounds": [
                "pixelmon.mob.arceus"
              ]
            },
            {
              "name": "shiny",
              "texture": "pixelmon:pokemon/493_arceus/all/ice/shiny/texture.png",
              "sprite": "pixelmon:pokemon/493_arceus/all/ice/shiny/sprite.png",
              "particle": "arcanery:shiny"
            }
          ]
        }
      ]
    },
    {
      "name": "dragon",
      "types": [
        "DRAGON"
      ],
      "genderProperties": [
        {
          "gender": "ALL",
          "palettes": [
            {
              "name": "none",
              "texture": "pixelmon:pokemon/493_arceus/all/dragon/none/texture.png",
              "sprite": "pixelmon:pokemon/493_arceus/all/dragon/none/sprite.png",
              "particle": "",
              "modelLocator": {
                "factoryType": "NORMAL",
                "pqc": [
                  "pixelmon:pokemon/493_arceus/all/base/none/model.pqc"
                ]
              },
              "sounds": [
                "pixelmon.mob.arceus"
              ]
            },
            {
              "name": "shiny",
              "texture": "pixelmon:pokemon/493_arceus/all/dragon/shiny/texture.png",
              "sprite": "pixelmon:pokemon/493_arceus/all/dragon/shiny/sprite.png",
              "particle": "arcanery:shiny"
            }
          ]
        }
      ]
    },
    {
      "name": "fairy",
      "types": [
        "FAIRY"
      ],
      "genderProperties": [
        {
          "gender": "ALL",
          "palettes": [
            {
              "name": "none",
              "texture": "pixelmon:pokemon/493_arceus/all/fairy/none/texture.png",
              "sprite": "pixelmon:pokemon/493_arceus/all/fairy/none/sprite.png",
              "particle": "",
              "modelLocator": {
                "factoryType": "NORMAL",
                "pqc": [
                  "pixelmon:pokemon/493_arceus/all/base/none/model.pqc"
                ]
              },
              "sounds": [
                "pixelmon.mob.arceus"
              ]
            },
            {
              "name": "shiny",
              "texture": "pixelmon:pokemon/493_arceus/all/fairy/shiny/texture.png",
              "sprite": "pixelmon:pokemon/493_arceus/all/fairy/shiny/sprite.png",
              "particle": "arcanery:shiny"
            }
          ]
        }
      ]
    }
  ],
  "generation": 4
}
