{
  "id": "Abomasnow",
  "spawnInfos": [
    {
      "spec": "species:Abomasnow",
      "stringLocationTypes": [
        "Land",
        "Sweet Scent"
      ],
      "minLevel": 40,
      "maxLevel": 45,
      "typeID": "pokemon",
      "heldItems": [
        {
          "itemID": "pixelmon:never_melt_ice",
          "percentChance": 5
        }
      ],
      "condition": {
        "times": [
          "DAWN",
          "MORNING"
        ],
        "biomes": [
          "#pixelmon:spawning/freezing_forests",
          "#pixelmon:spawning/freezing_mountains",
          "pixelmon:mount_lanakila"
        ]
      },
      "rarity": 8.0
    },
	{
      "spec": "species:Abomasnow palette:giftmas 1",
      "stringLocationTypes": [
        "Land",
        "Sweet Scent"
      ],
      "minLevel": 40,
      "maxLevel": 45,
      "typeID": "pokemon",
      "heldItems": [
        {
          "itemID": "pixelmon:never_melt_ice",
          "percentChance": 5
        }
      ],
      "condition": {
        "times": [
          "DAWN",
          "MORNING"
        ],
        "biomes": [
          "#pixelmon:spawning/freezing_forests",
          "#pixelmon:spawning/freezing_mountains",
          "pixelmon:mount_lanakila"
        ]
      },
      "rarity": 1.0
    },
	{
      "spec": "species:Abomasnow palette:giftmas 2",
      "stringLocationTypes": [
        "Land",
        "Sweet Scent"
      ],
      "minLevel": 40,
      "maxLevel": 45,
      "typeID": "pokemon",
      "heldItems": [
        {
          "itemID": "pixelmon:never_melt_ice",
          "percentChance": 5
        }
      ],
      "condition": {
        "times": [
          "DAWN",
          "MORNING"
        ],
        "biomes": [
          "#pixelmon:spawning/freezing_forests",
          "#pixelmon:spawning/freezing_mountains",
          "pixelmon:mount_lanakila"
        ]
      },
      "rarity": 1.0
    },
	{
      "spec": "species:Abomasnow palette:halloween",
      "stringLocationTypes": [
        "Land",
        "Sweet Scent"
      ],
      "minLevel": 40,
      "maxLevel": 45,
      "typeID": "pokemon",
      "heldItems": [
        {
          "itemID": "pixelmon:never_melt_ice",
          "percentChance": 5
        }
      ],
      "condition": {
        "times": [
          "DAWN",
          "MORNING"
        ],
        "biomes": [
          "#pixelmon:spawning/freezing_forests",
          "#pixelmon:spawning/freezing_mountains",
          "pixelmon:mount_lanakila"
        ]
      },
      "rarity": 1.0
    }
  ]
}
