{
  "id": "Aerodactyl",
  "spawnInfos": [
    {
      "spec": "species:Aerodactyl",
      "stringLocationTypes": [
        "Air"
      ],
      "minLevel": 25,
      "maxLevel": 50,
      "typeID": "pokemon",
      "condition": {
        "times": [
          "NIGHT"
        ],
        "biomes": [
          "pixelmon:ultra_jungle"
        ]
      },
      "rarity": 25.0
    },
	{
      "spec": "species:Aerodactyl palette:aether",
      "stringLocationTypes": [
        "Air"
      ],
      "minLevel": 25,
      "maxLevel": 50,
      "typeID": "pokemon",
      "condition": {
        "times": [
          "NIGHT"
        ],
        "biomes": [
          "pixelmon:ultra_jungle"
        ]
      },
      "rarity": 3.0
    },
	{
      "spec": "species:Aerodactyl palette:angelic",
      "stringLocationTypes": [
        "Air"
      ],
      "minLevel": 25,
      "maxLevel": 50,
      "typeID": "pokemon",
      "condition": {
        "times": [
          "NIGHT"
        ],
        "biomes": [
          "pixelmon:ultra_jungle"
        ]
      },
      "rarity": 3.0
    },
	{
      "spec": "species:Aerodactyl palette:arctic 1",
      "stringLocationTypes": [
        "Air"
      ],
      "minLevel": 25,
      "maxLevel": 50,
      "typeID": "pokemon",
      "condition": {
        "times": [
          "NIGHT"
        ],
        "biomes": [
          "pixelmon:ultra_jungle"
        ]
      },
      "rarity": 3.0
    },
	{
      "spec": "species:Aerodactyl palette:arctic 2",
      "stringLocationTypes": [
        "Air"
      ],
      "minLevel": 25,
      "maxLevel": 50,
      "typeID": "pokemon",
      "condition": {
        "times": [
          "NIGHT"
        ],
        "biomes": [
          "pixelmon:ultra_jungle"
        ]
      },
      "rarity": 3.0
    },
	{
      "spec": "species:Aerodactyl palette:dark",
      "stringLocationTypes": [
        "Air"
      ],
      "minLevel": 25,
      "maxLevel": 50,
      "typeID": "pokemon",
      "condition": {
        "times": [
          "NIGHT"
        ],
        "biomes": [
          "pixelmon:ultra_jungle"
        ]
      },
      "rarity": 3.0
    },
	{
      "spec": "species:Aerodactyl palette:midnight",
      "stringLocationTypes": [
        "Air"
      ],
      "minLevel": 25,
      "maxLevel": 50,
      "typeID": "pokemon",
      "condition": {
        "times": [
          "NIGHT"
        ],
        "biomes": [
          "pixelmon:ultra_jungle"
        ]
      },
      "rarity": 3.0
    },
	{
      "spec": "species:Aerodactyl palette:molten",
      "stringLocationTypes": [
        "Air"
      ],
      "minLevel": 25,
      "maxLevel": 50,
      "typeID": "pokemon",
      "condition": {
        "times": [
          "NIGHT"
        ],
        "biomes": [
          "pixelmon:ultra_jungle"
        ]
      },
      "rarity": 3.0
    }
  ]
}
