{
  "id": "Alomomola",
  "spawnInfos": [
    {
      "spec": "species:Alomomola",
      "stringLocationTypes": [
        "Water"
      ],
      "minLevel": 18,
      "maxLevel": 35,
      "typeID": "pokemon",
      "condition": {
        "times": [
          "MORNING"
        ],
        "biomes": [
          "minecraft:warm_ocean",
          "minecraft:deep_warm_ocean",
          "minecraft:lukewarm_ocean",
          "minecraft:deep_lukewarm_ocean"
        ],
        "minY": 50
      },
      "rarity": 90.0
    },
	{
      "spec": "species:Alomomola palette:atlante",
      "stringLocationTypes": [
        "Water"
      ],
      "minLevel": 18,
      "maxLevel": 35,
      "typeID": "pokemon",
      "condition": {
        "times": [
          "MORNING"
        ],
        "biomes": [
          "minecraft:warm_ocean",
          "minecraft:deep_warm_ocean",
          "minecraft:lukewarm_ocean",
          "minecraft:deep_lukewarm_ocean"
        ],
        "minY": 50
      },
      "rarity": 9.0
    },
	{
      "spec": "species:Alomomola palette:valentines",
      "stringLocationTypes": [
        "Water"
      ],
      "minLevel": 18,
      "maxLevel": 35,
      "typeID": "pokemon",
      "condition": {
        "times": [
          "MORNING"
        ],
        "biomes": [
          "minecraft:warm_ocean",
          "minecraft:deep_warm_ocean",
          "minecraft:lukewarm_ocean",
          "minecraft:deep_lukewarm_ocean"
        ],
        "minY": 50
      },
      "rarity": 9.0
    }
  ]
}
