{
  "id": "Anorith",
  "spawnInfos": [
    {
      "spec": "species:Anorith",
      "stringLocationTypes": [
        "Water"
      ],
      "minLevel": 5,
      "maxLevel": 35,
      "typeID": "pokemon",
      "condition": {
        "times": [
          "NIGHT"
        ],
        "biomes": [
          "pixelmon:ultra_jungle"
        ]
      },
      "rarity": 50.0
    },
	{
      "spec": "species:Anorith palette:molten",
      "stringLocationTypes": [
        "Water"
      ],
      "minLevel": 5,
      "maxLevel": 35,
      "typeID": "pokemon",
      "condition": {
        "times": [
          "NIGHT"
        ],
        "biomes": [
          "pixelmon:ultra_jungle"
        ]
      },
      "rarity": 5.0
    },
	{
      "spec": "species:Anorith palette:outer worlds",
      "stringLocationTypes": [
        "Water"
      ],
      "minLevel": 5,
      "maxLevel": 35,
      "typeID": "pokemon",
      "condition": {
        "times": [
          "NIGHT"
        ],
        "biomes": [
          "pixelmon:ultra_jungle"
        ]
      },
      "rarity": 5.0
    }
  ]
}
