{
  "id": "Archeops",
  "spawnInfos": [
    {
      "spec": "species:Archeops",
      "stringLocationTypes": [
        "Tree Top"
      ],
      "minLevel": 40,
      "maxLevel": 55,
      "typeID": "pokemon",
      "condition": {
        "times": [
          "DAY"
        ],
        "biomes": [
          "pixelmon:ultra_jungle"
        ]
      },
      "rarity": 5.0
    },
	{
      "spec": "species:Archeops palette:arctic",
      "stringLocationTypes": [
        "Tree Top"
      ],
      "minLevel": 40,
      "maxLevel": 55,
      "typeID": "pokemon",
      "condition": {
        "times": [
          "DAY"
        ],
        "biomes": [
          "pixelmon:ultra_jungle"
        ]
      },
      "rarity": 0.5
    },
	{
      "spec": "species:Archeops palette:gem 1",
      "stringLocationTypes": [
        "Tree Top"
      ],
      "minLevel": 40,
      "maxLevel": 55,
      "typeID": "pokemon",
      "condition": {
        "times": [
          "DAY"
        ],
        "biomes": [
          "pixelmon:ultra_jungle"
        ]
      },
      "rarity": 0.5
    },
	{
      "spec": "species:Archeops palette:gem 2",
      "stringLocationTypes": [
        "Tree Top"
      ],
      "minLevel": 40,
      "maxLevel": 55,
      "typeID": "pokemon",
      "condition": {
        "times": [
          "DAY"
        ],
        "biomes": [
          "pixelmon:ultra_jungle"
        ]
      },
      "rarity": 0.5
    },
	{
      "spec": "species:Archeops palette:gemstone 1",
      "stringLocationTypes": [
        "Tree Top"
      ],
      "minLevel": 40,
      "maxLevel": 55,
      "typeID": "pokemon",
      "condition": {
        "times": [
          "DAY"
        ],
        "biomes": [
          "pixelmon:ultra_jungle"
        ]
      },
      "rarity": 0.5
    },
	{
      "spec": "species:Archeops palette:gemstone 2",
      "stringLocationTypes": [
        "Tree Top"
      ],
      "minLevel": 40,
      "maxLevel": 55,
      "typeID": "pokemon",
      "condition": {
        "times": [
          "DAY"
        ],
        "biomes": [
          "pixelmon:ultra_jungle"
        ]
      },
      "rarity": 0.5
    },
	{
      "spec": "species:Archeops palette:shadow",
      "stringLocationTypes": [
        "Tree Top"
      ],
      "minLevel": 40,
      "maxLevel": 55,
      "typeID": "pokemon",
      "condition": {
        "times": [
          "DAY"
        ],
        "biomes": [
          "pixelmon:ultra_jungle"
        ]
      },
      "rarity": 0.5
    }
  ]
}
