{
  "id": "Archen",
  "spawnInfos": [
    {
      "spec": "species:Archen",
      "stringLocationTypes": [
        "Tree Top"
      ],
      "minLevel": 5,
      "maxLevel": 35,
      "typeID": "pokemon",
      "condition": {
        "times": [
          "DAY"
        ],
        "biomes": [
          "pixelmon:ultra_jungle"
        ]
      },
      "rarity": 50.0
    },
    {
      "spec": "species:Archen palette:gem 1",
      "stringLocationTypes": [
        "Tree Top"
      ],
      "minLevel": 5,
      "maxLevel": 35,
      "typeID": "pokemon",
      "condition": {
        "times": [
          "DAY"
        ],
        "biomes": [
          "pixelmon:ultra_jungle"
        ]
      },
      "rarity": 5.0
    },	
    {
      "spec": "species:Archen palette:gem 2",
      "stringLocationTypes": [
        "Tree Top"
      ],
      "minLevel": 5,
      "maxLevel": 35,
      "typeID": "pokemon",
      "condition": {
        "times": [
          "DAY"
        ],
        "biomes": [
          "pixelmon:ultra_jungle"
        ]
      },
      "rarity": 5.0
    },	
	{
      "spec": "species:Archen palette:gemstone 1",
      "stringLocationTypes": [
        "Tree Top"
      ],
      "minLevel": 5,
      "maxLevel": 35,
      "typeID": "pokemon",
      "condition": {
        "times": [
          "DAY"
        ],
        "biomes": [
          "pixelmon:ultra_jungle"
        ]
      },
      "rarity": 5.0
    },
	{
      "spec": "species:Archen palette:gemstone 2",
      "stringLocationTypes": [
        "Tree Top"
      ],
      "minLevel": 5,
      "maxLevel": 35,
      "typeID": "pokemon",
      "condition": {
        "times": [
          "DAY"
        ],
        "biomes": [
          "pixelmon:ultra_jungle"
        ]
      },
      "rarity": 5.0
    },
	{
      "spec": "species:Archen palette:shadow",
      "stringLocationTypes": [
        "Tree Top"
      ],
      "minLevel": 5,
      "maxLevel": 35,
      "typeID": "pokemon",
      "condition": {
        "times": [
          "DAY"
        ],
        "biomes": [
          "pixelmon:ultra_jungle"
        ]
      },
      "rarity": 5.0
    }	
  ]
}

