{
  "id": "Arctibax",
  "spawnInfos": [
    {
      "spec": "species:Arctibax",
      "stringLocationTypes": [
        "Land"
      ],
      "minLevel": 35,
      "maxLevel": 53,
      "typeID": "pokemon",
      "condition": {
        "times": [
          "NIGHT"
        ],
        "biomes": [
          "#pixelmon:spawning/freezing_forests",
          "#pixelmon:spawning/freezing_mountains"
        ]
      },
      "rarity": 5.0
    },
	{
      "spec": "species:Arctibax palette:halloween",
      "stringLocationTypes": [
        "Land"
      ],
      "minLevel": 35,
      "maxLevel": 53,
      "typeID": "pokemon",
      "condition": {
        "times": [
          "NIGHT"
        ],
        "biomes": [
          "#pixelmon:spawning/freezing_forests",
          "#pixelmon:spawning/freezing_mountains"
        ]
      },
      "rarity": 0.5
    },
    {
      "spec": "species:Arctibax",
      "stringLocationTypes": [
        "Underground"
      ],
      "minLevel": 35,
      "maxLevel": 53,
      "typeID": "pokemon",
      "condition": {
        "biomes": [
          "#pixelmon:spawning/freezing"
        ],
        "minY": 70
      },
      "rarity": 5.0
    },
	{
      "spec": "species:Arctibax palette:halloween",
      "stringLocationTypes": [
        "Underground"
      ],
      "minLevel": 35,
      "maxLevel": 53,
      "typeID": "pokemon",
      "condition": {
        "biomes": [
          "#pixelmon:spawning/freezing"
        ],
        "minY": 70
      },
      "rarity": 0.5
    }
  ]
}

