{
  "id": "Arctovish",
  "spawnInfos": [
    {
      "spec": "species:Arctovish",
      "stringLocationTypes": [
        "Water"
      ],
      "minLevel": 40,
      "maxLevel": 55,
      "typeID": "pokemon",
      "condition": {
        "times": [
          "DAY"
        ],
        "biomes": [
          "pixelmon:ultra_deep_sea"
        ]
      },
      "rarity": 25.0
    },
	{
      "spec": "species:Arctovish palette:river",
      "stringLocationTypes": [
        "Water"
      ],
      "minLevel": 40,
      "maxLevel": 55,
      "typeID": "pokemon",
      "condition": {
        "times": [
          "DAY"
        ],
        "biomes": [
          "pixelmon:ultra_deep_sea"
        ]
      },
      "rarity": 2.5
    }
  ]
}
