{
  "id": "Arctozolt",
  "spawnInfos": [
    {
      "spec": "species:Arctozolt",
      "stringLocationTypes": [
        "Land"
      ],
      "minLevel": 40,
      "maxLevel": 55,
      "typeID": "pokemon",
      "condition": {
        "times": [
          "NIGHT"
        ],
        "biomes": [
          "pixelmon:ultra_plant"
        ]
      },
      "rarity": 25.0
    },
	{
      "spec": "species:Arctozolt palette:anubis",
      "stringLocationTypes": [
        "Land"
      ],
      "minLevel": 40,
      "maxLevel": 55,
      "typeID": "pokemon",
      "condition": {
        "times": [
          "NIGHT"
        ],
        "biomes": [
          "pixelmon:ultra_plant"
        ]
      },
      "rarity": 2.5
    },
	{
      "spec": "species:Arctozolt palette:charged",
      "stringLocationTypes": [
        "Land"
      ],
      "minLevel": 40,
      "maxLevel": 55,
      "typeID": "pokemon",
      "condition": {
        "times": [
          "NIGHT"
        ],
        "biomes": [
          "pixelmon:ultra_plant"
        ]
      },
      "rarity": 2.5
    },
	{
      "spec": "species:Arctozolt palette:spotted",
      "stringLocationTypes": [
        "Land"
      ],
      "minLevel": 40,
      "maxLevel": 55,
      "typeID": "pokemon",
      "condition": {
        "times": [
          "NIGHT"
        ],
        "biomes": [
          "pixelmon:ultra_plant"
        ]
      },
      "rarity": 2.5
    },
	{
      "spec": "species:Arctozolt palette:sweetshop",
      "stringLocationTypes": [
        "Land"
      ],
      "minLevel": 40,
      "maxLevel": 55,
      "typeID": "pokemon",
      "condition": {
        "times": [
          "NIGHT"
        ],
        "biomes": [
          "pixelmon:ultra_plant"
        ]
      },
      "rarity": 2.5
    }
  ]
}
