{
  "id": "Armaldo",
  "spawnInfos": [
    {
      "spec": "species:Armaldo",
      "stringLocationTypes": [
        "Land"
      ],
      "minLevel": 40,
      "maxLevel": 55,
      "typeID": "pokemon",
      "condition": {
        "times": [
          "NIGHT"
        ],
        "biomes": [
          "pixelmon:ultra_jungle"
        ]
      },
      "rarity": 5.0
    },
	{
      "spec": "species:Armaldo palette:insectoid",
      "stringLocationTypes": [
        "Land"
      ],
      "minLevel": 40,
      "maxLevel": 55,
      "typeID": "pokemon",
      "condition": {
        "times": [
          "NIGHT"
        ],
        "biomes": [
          "pixelmon:ultra_jungle"
        ]
      },
      "rarity": 0.5
    },
	{
      "spec": "species:Armaldo palette:molten",
      "stringLocationTypes": [
        "Land"
      ],
      "minLevel": 40,
      "maxLevel": 55,
      "typeID": "pokemon",
      "condition": {
        "times": [
          "NIGHT"
        ],
        "biomes": [
          "pixelmon:ultra_jungle"
        ]
      },
      "rarity": 0.5
    },
	{
      "spec": "species:Armaldo palette:outer worlds",
      "stringLocationTypes": [
        "Land"
      ],
      "minLevel": 40,
      "maxLevel": 55,
      "typeID": "pokemon",
      "condition": {
        "times": [
          "NIGHT"
        ],
        "biomes": [
          "pixelmon:ultra_jungle"
        ]
      },
      "rarity": 0.5
    }
  ]
}
