{
  "id": "Arrokuda",
  "spawnInfos": [
    {
      "spec": "species:Arrokuda",
      "stringLocationTypes": [
        "Water"
      ],
      "minLevel": 10,
      "maxLevel": 25,
      "typeID": "pokemon",
      "condition": {
        "biomes": [
          "minecraft:ocean",
          "minecraft:deep_ocean",
          "minecraft:warm_ocean",
          "minecraft:deep_warm_ocean",
          "minecraft:lukewarm_ocean",
          "minecraft:deep_lukewarm_ocean",
          "minecraft:river",
          "#pixelmon:spawning/lakes",
          "terralith:warm_river"
        ]
      },
      "groupSpawnSettings": [
        {
          "spec": "Arrokuda",
          "amount": {
            "min_value": 3,
            "max_value": 5
          },
          "spawn_range_minimum": {
            "x": 1,
            "y": 1,
            "z": 1
          },
          "spawn_range_maximum": {
            "x": 5,
            "y": 5,
            "z": 5
          },
          "chance": 0.3
        }
      ],
      "rarity": 200.0
    },
	{
      "spec": "species:Arrokuda palette:gamma",
      "stringLocationTypes": [
        "Water"
      ],
      "minLevel": 10,
      "maxLevel": 25,
      "typeID": "pokemon",
      "condition": {
        "biomes": [
          "minecraft:ocean",
          "minecraft:deep_ocean",
          "minecraft:warm_ocean",
          "minecraft:deep_warm_ocean",
          "minecraft:lukewarm_ocean",
          "minecraft:deep_lukewarm_ocean",
          "minecraft:river",
          "#pixelmon:spawning/lakes",
          "terralith:warm_river"
        ]
      },
      "groupSpawnSettings": [
        {
          "spec": "Arrokuda",
          "amount": {
            "min_value": 3,
            "max_value": 5
          },
          "spawn_range_minimum": {
            "x": 1,
            "y": 1,
            "z": 1
          },
          "spawn_range_maximum": {
            "x": 5,
            "y": 5,
            "z": 5
          },
          "chance": 0.3
        }
      ],
      "rarity": 20.0
    },
	{
      "spec": "species:Arrokuda palette:halloween",
      "stringLocationTypes": [
        "Water"
      ],
      "minLevel": 10,
      "maxLevel": 25,
      "typeID": "pokemon",
      "condition": {
        "biomes": [
          "minecraft:ocean",
          "minecraft:deep_ocean",
          "minecraft:warm_ocean",
          "minecraft:deep_warm_ocean",
          "minecraft:lukewarm_ocean",
          "minecraft:deep_lukewarm_ocean",
          "minecraft:river",
          "#pixelmon:spawning/lakes",
          "terralith:warm_river"
        ]
      },
      "groupSpawnSettings": [
        {
          "spec": "Arrokuda",
          "amount": {
            "min_value": 3,
            "max_value": 5
          },
          "spawn_range_minimum": {
            "x": 1,
            "y": 1,
            "z": 1
          },
          "spawn_range_maximum": {
            "x": 5,
            "y": 5,
            "z": 5
          },
          "chance": 0.3
        }
      ],
      "rarity": 20.0
    }
  ]
}

