{
  "id": "Audino",
  "spawnInfos": [
    {
      "spec": "species:Audino",
      "stringLocationTypes": [
        "Land"
      ],
      "minLevel": 28,
      "maxLevel": 46,
      "typeID": "pokemon",
      "heldItems": [
        {
          "itemID": "pixelmon:sitrus_berry",
          "percentChance": 5
        },
        {
          "itemID": "pixelmon:oran_berry",
          "percentChance": 50
        }
      ],
      "condition": {
        "times": [
          "DAY"
        ],
        "biomes": [
          "#pixelmon:spawning/birches",
          "#pixelmon:spawning/magical"
        ]
      },
      "rarity": 30.0
    },
	{
      "spec": "species:Audino palette:fusion",
      "stringLocationTypes": [
        "Land"
      ],
      "minLevel": 28,
      "maxLevel": 46,
      "typeID": "pokemon",
      "heldItems": [
        {
          "itemID": "pixelmon:sitrus_berry",
          "percentChance": 5
        },
        {
          "itemID": "pixelmon:oran_berry",
          "percentChance": 50
        }
      ],
      "condition": {
        "times": [
          "DAY"
        ],
        "biomes": [
          "#pixelmon:spawning/birches",
          "#pixelmon:spawning/magical"
        ]
      },
      "rarity": 3.0
    },
	{
      "spec": "species:Audino palette:patchwork",
      "stringLocationTypes": [
        "Land"
      ],
      "minLevel": 28,
      "maxLevel": 46,
      "typeID": "pokemon",
      "heldItems": [
        {
          "itemID": "pixelmon:sitrus_berry",
          "percentChance": 5
        },
        {
          "itemID": "pixelmon:oran_berry",
          "percentChance": 50
        }
      ],
      "condition": {
        "times": [
          "DAY"
        ],
        "biomes": [
          "#pixelmon:spawning/birches",
          "#pixelmon:spawning/magical"
        ]
      },
      "rarity": 3.0
    },
	{
      "spec": "species:Audino palette:shadow",
      "stringLocationTypes": [
        "Land"
      ],
      "minLevel": 28,
      "maxLevel": 46,
      "typeID": "pokemon",
      "heldItems": [
        {
          "itemID": "pixelmon:sitrus_berry",
          "percentChance": 5
        },
        {
          "itemID": "pixelmon:oran_berry",
          "percentChance": 50
        }
      ],
      "condition": {
        "times": [
          "DAY"
        ],
        "biomes": [
          "#pixelmon:spawning/birches",
          "#pixelmon:spawning/magical"
        ]
      },
      "rarity": 3.0
    }
  ]
}
