{
  "id": "Avalugg",
  "spawnInfos": [
    {
      "spec": "species:Avalugg",
      "stringLocationTypes": [
        "Land"
      ],
      "minLevel": 38,
      "maxLevel": 50,
      "typeID": "pokemon",
      "condition": {
        "times": [
          "NIGHT"
        ],
        "biomes": [
          "#pixelmon:spawning/freezing"
        ]
      },
      "anticondition": {
        "biomes": [
          "#pixelmon:spawning/freezing_forests"
        ]
      },
      "rarity": 0.5
    },
	{
      "spec": "species:Avalugg palette:anubis",
      "stringLocationTypes": [
        "Land"
      ],
      "minLevel": 38,
      "maxLevel": 50,
      "typeID": "pokemon",
      "condition": {
        "times": [
          "NIGHT"
        ],
        "biomes": [
          "#pixelmon:spawning/freezing"
        ]
      },
      "anticondition": {
        "biomes": [
          "#pixelmon:spawning/freezing_forests"
        ]
      },
      "rarity": 0.05
    },
	{
      "spec": "species:Avalugg palette:food",
      "stringLocationTypes": [
        "Land"
      ],
      "minLevel": 38,
      "maxLevel": 50,
      "typeID": "pokemon",
      "condition": {
        "times": [
          "NIGHT"
        ],
        "biomes": [
          "#pixelmon:spawning/freezing"
        ]
      },
      "anticondition": {
        "biomes": [
          "#pixelmon:spawning/freezing_forests"
        ]
      },
      "rarity": 0.05
    },
	{
      "spec": "species:Avalugg palette:halloween",
      "stringLocationTypes": [
        "Land"
      ],
      "minLevel": 38,
      "maxLevel": 50,
      "typeID": "pokemon",
      "condition": {
        "times": [
          "NIGHT"
        ],
        "biomes": [
          "#pixelmon:spawning/freezing"
        ]
      },
      "anticondition": {
        "biomes": [
          "#pixelmon:spawning/freezing_forests"
        ]
      },
      "rarity": 0.05
    },
	{
      "spec": "species:Avalugg palette:molten",
      "stringLocationTypes": [
        "Land"
      ],
      "minLevel": 38,
      "maxLevel": 50,
      "typeID": "pokemon",
      "condition": {
        "times": [
          "NIGHT"
        ],
        "biomes": [
          "#pixelmon:spawning/freezing"
        ]
      },
      "anticondition": {
        "biomes": [
          "#pixelmon:spawning/freezing_forests"
        ]
      },
      "rarity": 0.05
    },
    {
      "spec": "species:Avalugg form:hisuian",
      "stringLocationTypes": [
        "Land"
      ],
      "minLevel": 38,
      "maxLevel": 50,
      "typeID": "pokemon",
      "condition": {
        "times": [
          "NIGHT"
        ],
        "biomes": [
          "#pixelmon:spawning/freezing"
        ]
      },
      "anticondition": {
        "biomes": [
          "#pixelmon:spawning/freezing_forests"
        ]
      },
      "rarity": 0.01
    },
	{
      "spec": "species:Avalugg form:hisuian palette:halloween",
      "stringLocationTypes": [
        "Land"
      ],
      "minLevel": 38,
      "maxLevel": 50,
      "typeID": "pokemon",
      "condition": {
        "times": [
          "NIGHT"
        ],
        "biomes": [
          "#pixelmon:spawning/freezing"
        ]
      },
      "anticondition": {
        "biomes": [
          "#pixelmon:spawning/freezing_forests"
        ]
      },
      "rarity": 0.01
    }
  ]
}
