{
  "id": "Axew",
  "spawnInfos": [
    {
      "spec": "species:Axew",
      "stringLocationTypes": [
        "Land",
        "Sweet Scent"
      ],
      "minLevel": 22,
      "maxLevel": 37,
      "typeID": "pokemon",
      "condition": {
        "times": [
          "DAWN",
          "DUSK"
        ],
        "biomes": [
          "#pixelmon:spawning/jungles"
        ]
      },
      "rarity": 90.0
    },
	{
      "spec": "species:Axew palette:blood",
      "stringLocationTypes": [
        "Land",
        "Sweet Scent"
      ],
      "minLevel": 22,
      "maxLevel": 37,
      "typeID": "pokemon",
      "condition": {
        "times": [
          "DAWN",
          "DUSK"
        ],
        "biomes": [
          "#pixelmon:spawning/jungles"
        ]
      },
      "rarity": 9.0
    },
    {
      "spec": "species:Axew",
      "stringLocationTypes": [
        "Land"
      ],
      "minLevel": 22,
      "maxLevel": 37,
      "typeID": "pokemon",
      "condition": {
        "times": [
          "NIGHT"
        ],
        "biomes": [
          "pixelmon:ultra_jungle"
        ]
      },
      "rarity": 100.0
    },
	{
      "spec": "species:Axew palette:blood",
      "stringLocationTypes": [
        "Land"
      ],
      "minLevel": 22,
      "maxLevel": 37,
      "typeID": "pokemon",
      "condition": {
        "times": [
          "NIGHT"
        ],
        "biomes": [
          "pixelmon:ultra_jungle"
        ]
      },
      "rarity": 10.0
    }
  ]
}
