{
  "id": "Bagrigous",
  "spawnInfos": [
    {
      "spec": "species:Bagrigous",
      "stringLocationTypes": [
        "Land"
      ],
      "minLevel": 35,
      "maxLevel": 47,
      "typeID": "pokemon",
      "heldItems": [
        {
          "itemID": "pixelmon:spell_tag",
          "percentChance": 5
        }
      ],
      "condition": {
        "times": [
          "NIGHT"
        ],
        "biomes": [
          "#pixelmon:spawning/arid"
        ]
      },
      "rarityMultipliers": [
        {
          "multiplier": 2,
          "condition": {
            "neededNearbyBlocks": [
              "minecraft:sandstone"
            ]
          }
        }
      ],
      "rarity": 0.5
    },
    {
      "spec": "species:Bagrigous",
      "stringLocationTypes": [
        "Underground"
      ],
      "minLevel": 35,
      "maxLevel": 47,
      "typeID": "pokemon",
      "heldItems": [
        {
          "itemID": "pixelmon:spell_tag",
          "percentChance": 5
        }
      ],
      "condition": {
        "times": [
          "NIGHT"
        ],
        "biomes": [
          "#pixelmon:spawning/arid"
        ]
      },
      "rarityMultipliers": [
        {
          "multiplier": 2,
          "condition": {
            "neededNearbyBlocks": [
              "minecraft:sandstone"
            ]
          }
        }
      ],
      "rarity": 0.5
    },
    {
      "spec": "species:Bagrigous",
      "stringLocationTypes": [
        "Land"
      ],
      "minLevel": 35,
      "maxLevel": 47,
      "typeID": "pokemon",
      "heldItems": [
        {
          "itemID": "pixelmon:spell_tag",
          "percentChance": 5
        }
      ],
      "condition": {
        "biomes": [
          "minecraft:basalt_deltas",
          "minecraft:soul_sand_valley",
          "biomesoplenty:withered_abyss",
          "byg:warped_desert",
          "byg:wailing_garth",
          "byg:quartz_desert"
        ]
      },
      "rarity": 0.5
    }
  ]
}
