{
  "id": "Barraskewda",
  "spawnInfos": [
    {
      "spec": "species:Barraskewda",
      "stringLocationTypes": [
        "Water"
      ],
      "minLevel": 26,
      "maxLevel": 40,
      "typeID": "pokemon",
      "condition": {
        "biomes": [
          "minecraft:ocean",
          "minecraft:deep_ocean",
          "minecraft:warm_ocean",
          "minecraft:deep_warm_ocean",
          "minecraft:lukewarm_ocean",
          "minecraft:deep_lukewarm_ocean",
          "minecraft:river",
          "#pixelmon:spawning/lakes",
          "terralith:warm_river"
        ]
      },
      "groupSpawnSettings": [
        {
          "spec": "Arrokuda",
          "amount": {
            "min_value": 3,
            "max_value": 5
          },
          "spawn_range_minimum": {
            "x": 1,
            "y": 1,
            "z": 1
          },
          "spawn_range_maximum": {
            "x": 5,
            "y": 5,
            "z": 5
          },
          "chance": 0.5
        }
      ],
      "rarity": 30.0
    },
	{
      "spec": "species:Barraskewda palette:deep sea",
      "stringLocationTypes": [
        "Water"
      ],
      "minLevel": 26,
      "maxLevel": 40,
      "typeID": "pokemon",
      "condition": {
        "biomes": [
          "minecraft:ocean",
          "minecraft:deep_ocean",
          "minecraft:warm_ocean",
          "minecraft:deep_warm_ocean",
          "minecraft:lukewarm_ocean",
          "minecraft:deep_lukewarm_ocean",
          "minecraft:river",
          "#pixelmon:spawning/lakes",
          "terralith:warm_river"
        ]
      },
      "groupSpawnSettings": [
        {
          "spec": "Arrokuda",
          "amount": {
            "min_value": 3,
            "max_value": 5
          },
          "spawn_range_minimum": {
            "x": 1,
            "y": 1,
            "z": 1
          },
          "spawn_range_maximum": {
            "x": 5,
            "y": 5,
            "z": 5
          },
          "chance": 0.5
        }
      ],
      "rarity": 3.0
    },
	{
      "spec": "species:Barraskewda palette:gamma",
      "stringLocationTypes": [
        "Water"
      ],
      "minLevel": 26,
      "maxLevel": 40,
      "typeID": "pokemon",
      "condition": {
        "biomes": [
          "minecraft:ocean",
          "minecraft:deep_ocean",
          "minecraft:warm_ocean",
          "minecraft:deep_warm_ocean",
          "minecraft:lukewarm_ocean",
          "minecraft:deep_lukewarm_ocean",
          "minecraft:river",
          "#pixelmon:spawning/lakes",
          "terralith:warm_river"
        ]
      },
      "groupSpawnSettings": [
        {
          "spec": "Arrokuda",
          "amount": {
            "min_value": 3,
            "max_value": 5
          },
          "spawn_range_minimum": {
            "x": 1,
            "y": 1,
            "z": 1
          },
          "spawn_range_maximum": {
            "x": 5,
            "y": 5,
            "z": 5
          },
          "chance": 0.5
        }
      ],
      "rarity": 3.0
    },
	{
      "spec": "species:Barraskewda palette:halloween",
      "stringLocationTypes": [
        "Water"
      ],
      "minLevel": 26,
      "maxLevel": 40,
      "typeID": "pokemon",
      "condition": {
        "biomes": [
          "minecraft:ocean",
          "minecraft:deep_ocean",
          "minecraft:warm_ocean",
          "minecraft:deep_warm_ocean",
          "minecraft:lukewarm_ocean",
          "minecraft:deep_lukewarm_ocean",
          "minecraft:river",
          "#pixelmon:spawning/lakes",
          "terralith:warm_river"
        ]
      },
      "groupSpawnSettings": [
        {
          "spec": "Arrokuda",
          "amount": {
            "min_value": 3,
            "max_value": 5
          },
          "spawn_range_minimum": {
            "x": 1,
            "y": 1,
            "z": 1
          },
          "spawn_range_maximum": {
            "x": 5,
            "y": 5,
            "z": 5
          },
          "chance": 0.5
        }
      ],
      "rarity": 3.0
    },
	{
      "spec": "species:Barraskewda palette:infernal",
      "stringLocationTypes": [
        "Water"
      ],
      "minLevel": 26,
      "maxLevel": 40,
      "typeID": "pokemon",
      "condition": {
        "biomes": [
          "minecraft:ocean",
          "minecraft:deep_ocean",
          "minecraft:warm_ocean",
          "minecraft:deep_warm_ocean",
          "minecraft:lukewarm_ocean",
          "minecraft:deep_lukewarm_ocean",
          "minecraft:river",
          "#pixelmon:spawning/lakes",
          "terralith:warm_river"
        ]
      },
      "groupSpawnSettings": [
        {
          "spec": "Arrokuda",
          "amount": {
            "min_value": 3,
            "max_value": 5
          },
          "spawn_range_minimum": {
            "x": 1,
            "y": 1,
            "z": 1
          },
          "spawn_range_maximum": {
            "x": 5,
            "y": 5,
            "z": 5
          },
          "chance": 0.5
        }
      ],
      "rarity": 3.0
    }
  ]
}
