{
  "id": "Basculin",
  "spawnInfos": [
    {
      "spec": "species:Basculin form:red",
      "stringLocationTypes": [
        "Water"
      ],
      "minLevel": 22,
      "maxLevel": 35,
      "typeID": "pokemon",
      "heldItems": [
        {
          "itemID": "pixelmon:deep_sea_tooth",
          "percentChance": 5
        }
      ],
      "condition": {
        "biomes": [
          "#pixelmon:spawning/swamps",
          "minecraft:river",
          "#pixelmon:spawning/jungles",
          "#pixelmon:spawning/lakes",
          "byg:crag_gardens",
          "terralith:warm_river"
        ]
      },
      "groupSpawnSettings": [
        {
          "spec": "Basculin form:red",
          "amount": {
            "min_value": 3,
            "max_value": 5
          },
          "spawn_range_minimum": {
            "x": 1,
            "y": 1,
            "z": 1
          },
          "spawn_range_maximum": {
            "x": 5,
            "y": 5,
            "z": 5
          },
          "chance": 0.3
        }
      ],
      "rarity": 130.0
    },
    {
      "spec": "species:Basculin form:red",
      "stringLocationTypes": [
        "Water"
      ],
      "minLevel": 22,
      "maxLevel": 35,
      "typeID": "pokemon",
      "heldItems": [
        {
          "itemID": "pixelmon:deep_sea_tooth",
          "percentChance": 5
        }
      ],
      "condition": {
        "biomes": [
          "pixelmon:ultra_jungle"
        ]
      },
      "rarity": 50.0
    },
    {
      "spec": "species:Basculin form:blue",
      "stringLocationTypes": [
        "Water"
      ],
      "minLevel": 22,
      "maxLevel": 35,
      "typeID": "pokemon",
      "heldItems": [
        {
          "itemID": "pixelmon:deep_sea_scale",
          "percentChance": 5
        }
      ],
      "condition": {
        "biomes": [
          "#pixelmon:spawning/swamps",
          "minecraft:river",
          "#pixelmon:spawning/jungles",
          "#pixelmon:spawning/lakes",
          "byg:crag_gardens",
          "terralith:warm_river"
        ]
      },
      "groupSpawnSettings": [
        {
          "spec": "Basculin form:blue",
          "amount": {
            "min_value": 3,
            "max_value": 5
          },
          "spawn_range_minimum": {
            "x": 1,
            "y": 1,
            "z": 1
          },
          "spawn_range_maximum": {
            "x": 5,
            "y": 5,
            "z": 5
          },
          "chance": 0.3
        }
      ],
      "rarity": 130.0
    },
    {
      "spec": "species:Basculin form:blue",
      "stringLocationTypes": [
        "Water"
      ],
      "minLevel": 22,
      "maxLevel": 35,
      "typeID": "pokemon",
      "heldItems": [
        {
          "itemID": "pixelmon:deep_sea_scale",
          "percentChance": 5
        }
      ],
      "condition": {
        "biomes": [
          "pixelmon:ultra_jungle"
        ]
      },
      "rarity": 50.0
    },
    {
      "spec": "species:Basculin form:white",
      "stringLocationTypes": [
        "Water"
      ],
      "minLevel": 22,
      "maxLevel": 35,
      "typeID": "pokemon",
      "condition": {
        "biomes": [
          "minecraft:river",
          "#pixelmon:spawning/lakes",
          "terralith:warm_river"
        ]
      },
      "groupSpawnSettings": [
        {
          "spec": "Basculin form:white",
          "amount": {
            "min_value": 3,
            "max_value": 5
          },
          "spawn_range_minimum": {
            "x": 1,
            "y": 1,
            "z": 1
          },
          "spawn_range_maximum": {
            "x": 5,
            "y": 5,
            "z": 5
          },
          "chance": 0.3
        }
      ],
      "rarity": 5.0
    },
    {
      "spec": "species:Basculin form:white",
      "stringLocationTypes": [
        "Water"
      ],
      "minLevel": 22,
      "maxLevel": 35,
      "typeID": "pokemon",
      "condition": {
        "biomes": [
          "pixelmon:ultra_jungle"
        ]
      },
      "rarity": 25.0
    }
  ]
}
