{
  "id": "Basculegion",
  "spawnInfos": [
    {
      "spec": "species:Basculegion",
      "stringLocationTypes": [
        "Water"
      ],
      "minLevel": 30,
      "maxLevel": 50,
      "typeID": "pokemon",
      "condition": {
        "biomes": [
          "byg:dead_sea"
        ]
      },
      "rarity": 0.05
    },
    {
      "spec": "species:Basculegion",
      "stringLocationTypes": [
        "Water"
      ],
      "minLevel": 30,
      "maxLevel": 50,
      "typeID": "pokemon",
      "condition": {
        "times": [
          "NIGHT"
        ],
        "biomes": [
          "minecraft:river",
          "#pixelmon:spawning/lakes",
          "terralith:warm_river"
        ]
      },
      "rarity": 0.01
    },
    {
      "spec": "species:Basculegion",
      "stringLocationTypes": [
        "Water"
      ],
      "minLevel": 30,
      "maxLevel": 50,
      "typeID": "pokemon",
      "condition": {
        "times": [
          "NIGHT"
        ],
        "biomes": [
          "pixelmon:ultra_jungle"
        ]
      },
      "rarity": 0.5
    },
    {
      "spec": "species:Basculegion",
      "stringLocationTypes": [
        "Water",
        "Underground Water"
      ],
      "minLevel": 30,
      "maxLevel": 50,
      "typeID": "pokemon",
      "condition": {
        "structures": [
          "pixelmon:water_chalice"
        ],
        "times": [
          "NIGHT"
        ],
        "biomes": [
          "#pixelmon:spawning/oceanic"
        ]
      },
      "rarity": 0.1
    }
  ]
}
