{
  "id": "Bastiodon",
  "spawnInfos": [
    {
      "spec": "species:Bastiodon",
      "stringLocationTypes": [
        "Land"
      ],
      "minLevel": 40,
      "maxLevel": 55,
      "typeID": "pokemon",
      "condition": {
        "times": [
          "DAY"
        ],
        "biomes": [
          "pixelmon:ultra_crater"
        ]
      },
      "rarity": 5.0
    },
	{
      "spec": "species:Bastiodon palette:molten",
      "stringLocationTypes": [
        "Land"
      ],
      "minLevel": 40,
      "maxLevel": 55,
      "typeID": "pokemon",
      "condition": {
        "times": [
          "DAY"
        ],
        "biomes": [
          "pixelmon:ultra_crater"
        ]
      },
      "rarity": 0.5
    },
	{
      "spec": "species:Bastiodon palette:valentines",
      "stringLocationTypes": [
        "Land"
      ],
      "minLevel": 40,
      "maxLevel": 55,
      "typeID": "pokemon",
      "condition": {
        "times": [
          "DAY"
        ],
        "biomes": [
          "pixelmon:ultra_crater"
        ]
      },
      "rarity": 0.5
    }
  ]
}

