{
  "id": "Baxcalibur",
  "spawnInfos": [
    {
      "spec": "species:Baxcalibur",
      "stringLocationTypes": [
        "Land"
      ],
      "minLevel": 54,
      "maxLevel": 65,
      "typeID": "pokemon",
      "condition": {
        "times": [
          "NIGHT"
        ],
        "biomes": [
          "#pixelmon:spawning/freezing_forests",
          "#pixelmon:spawning/freezing_mountains"
        ]
      },
      "rarity": 0.01
    },
	{
      "spec": "species:Baxcalibur palette:cinematic",
      "stringLocationTypes": [
        "Land"
      ],
      "minLevel": 54,
      "maxLevel": 65,
      "typeID": "pokemon",
      "condition": {
        "times": [
          "NIGHT"
        ],
        "biomes": [
          "#pixelmon:spawning/freezing_forests",
          "#pixelmon:spawning/freezing_mountains"
        ]
      },
      "rarity": 0.01
    },
	{
      "spec": "species:Baxcalibur palette:gembound",
      "stringLocationTypes": [
        "Land"
      ],
      "minLevel": 54,
      "maxLevel": 65,
      "typeID": "pokemon",
      "condition": {
        "times": [
          "NIGHT"
        ],
        "biomes": [
          "#pixelmon:spawning/freezing_forests",
          "#pixelmon:spawning/freezing_mountains"
        ]
      },
      "rarity": 0.01
    },
	{
      "spec": "species:Baxcalibur palette:halloween",
      "stringLocationTypes": [
        "Land"
      ],
      "minLevel": 54,
      "maxLevel": 65,
      "typeID": "pokemon",
      "condition": {
        "times": [
          "NIGHT"
        ],
        "biomes": [
          "#pixelmon:spawning/freezing_forests",
          "#pixelmon:spawning/freezing_mountains"
        ]
      },
      "rarity": 0.01
    }
  ]
}

