{
  "id": "Bayleef",
  "spawnInfos": [
    {
      "spec": "species:Bayleef",
      "stringLocationTypes": [
        "Land"
      ],
      "minLevel": 16,
      "maxLevel": 32,
      "typeID": "pokemon",
      "condition": {
        "times": [
          "DAY"
        ],
        "biomes": [
          "#pixelmon:spawning/plains",
          "#pixelmon:spawning/flowery"
        ]
      },
      "rarityMultipliers": [
        {
          "multiplier": 2,
          "condition": {
            "weathers": [
              "CLEAR"
            ]
          }
        }
      ],
      "rarity": 1.0
    },
	{
      "spec": "species:Bayleef palette:akuma",
      "stringLocationTypes": [
        "Land"
      ],
      "minLevel": 16,
      "maxLevel": 32,
      "typeID": "pokemon",
      "condition": {
        "times": [
          "DAY"
        ],
        "biomes": [
          "#pixelmon:spawning/plains",
          "#pixelmon:spawning/flowery"
        ]
      },
      "rarityMultipliers": [
        {
          "multiplier": 2,
          "condition": {
            "weathers": [
              "CLEAR"
            ]
          }
        }
      ],
      "rarity": 0.1
    },
	{
      "spec": "species:Bayleef palette:diamond",
      "stringLocationTypes": [
        "Land"
      ],
      "minLevel": 16,
      "maxLevel": 32,
      "typeID": "pokemon",
      "condition": {
        "times": [
          "DAY"
        ],
        "biomes": [
          "#pixelmon:spawning/plains",
          "#pixelmon:spawning/flowery"
        ]
      },
      "rarityMultipliers": [
        {
          "multiplier": 2,
          "condition": {
            "weathers": [
              "CLEAR"
            ]
          }
        }
      ],
      "rarity": 0.1
    },
	{
      "spec": "species:Bayleef palette:ice",
      "stringLocationTypes": [
        "Land"
      ],
      "minLevel": 16,
      "maxLevel": 32,
      "typeID": "pokemon",
      "condition": {
        "times": [
          "DAY"
        ],
        "biomes": [
          "#pixelmon:spawning/plains",
          "#pixelmon:spawning/flowery"
        ]
      },
      "rarityMultipliers": [
        {
          "multiplier": 2,
          "condition": {
            "weathers": [
              "CLEAR"
            ]
          }
        }
      ],
      "rarity": 0.1
    },
	{
      "spec": "species:Bayleef palette:infernal",
      "stringLocationTypes": [
        "Land"
      ],
      "minLevel": 16,
      "maxLevel": 32,
      "typeID": "pokemon",
      "condition": {
        "times": [
          "DAY"
        ],
        "biomes": [
          "#pixelmon:spawning/plains",
          "#pixelmon:spawning/flowery"
        ]
      },
      "rarityMultipliers": [
        {
          "multiplier": 2,
          "condition": {
            "weathers": [
              "CLEAR"
            ]
          }
        }
      ],
      "rarity": 0.1
    },
	{
      "spec": "species:Bayleef palette:moon",
      "stringLocationTypes": [
        "Land"
      ],
      "minLevel": 16,
      "maxLevel": 32,
      "typeID": "pokemon",
      "condition": {
        "times": [
          "DAY"
        ],
        "biomes": [
          "#pixelmon:spawning/plains",
          "#pixelmon:spawning/flowery"
        ]
      },
      "rarityMultipliers": [
        {
          "multiplier": 2,
          "condition": {
            "weathers": [
              "CLEAR"
            ]
          }
        }
      ],
      "rarity": 0.1
    },
	{
      "spec": "species:Bayleef palette:pearl",
      "stringLocationTypes": [
        "Land"
      ],
      "minLevel": 16,
      "maxLevel": 32,
      "typeID": "pokemon",
      "condition": {
        "times": [
          "DAY"
        ],
        "biomes": [
          "#pixelmon:spawning/plains",
          "#pixelmon:spawning/flowery"
        ]
      },
      "rarityMultipliers": [
        {
          "multiplier": 2,
          "condition": {
            "weathers": [
              "CLEAR"
            ]
          }
        }
      ],
      "rarity": 0.1
    }
  ]
}
