{
  "id": "Bellsprout",
  "spawnInfos": [
    {
      "spec": "species:Bellsprout",
      "stringLocationTypes": [
        "Land"
      ],
      "minLevel": 2,
      "maxLevel": 21,
      "typeID": "pokemon",
      "condition": {
        "times": [
          "DAWN",
          "DAY"
        ],
        "biomes": [
          "#pixelmon:spawning/forests",
          "#pixelmon:spawning/roofed",
          "#pixelmon:spawning/jungles"
        ]
      },
      "rarity": 250.0
    },
	{
      "spec": "species:Bellsprout palette:rainbow",
      "stringLocationTypes": [
        "Land"
      ],
      "minLevel": 2,
      "maxLevel": 21,
      "typeID": "pokemon",
      "condition": {
        "times": [
          "DAWN",
          "DAY"
        ],
        "biomes": [
          "#pixelmon:spawning/forests",
          "#pixelmon:spawning/roofed",
          "#pixelmon:spawning/jungles"
        ]
      },
      "rarity": 25.0
    },
	{
      "spec": "species:Bellsprout palette:rgb",
      "stringLocationTypes": [
        "Land"
      ],
      "minLevel": 2,
      "maxLevel": 21,
      "typeID": "pokemon",
      "condition": {
        "times": [
          "DAWN",
          "DAY"
        ],
        "biomes": [
          "#pixelmon:spawning/forests",
          "#pixelmon:spawning/roofed",
          "#pixelmon:spawning/jungles"
        ]
      },
      "rarity": 25.0
    },
	{
      "spec": "species:Bellsprout palette:shadow",
      "stringLocationTypes": [
        "Land"
      ],
      "minLevel": 2,
      "maxLevel": 21,
      "typeID": "pokemon",
      "condition": {
        "times": [
          "DAWN",
          "DAY"
        ],
        "biomes": [
          "#pixelmon:spawning/forests",
          "#pixelmon:spawning/roofed",
          "#pixelmon:spawning/jungles"
        ]
      },
      "rarity": 25.0
    },
	{
      "spec": "species:Bellsprout palette:spring",
      "stringLocationTypes": [
        "Land"
      ],
      "minLevel": 2,
      "maxLevel": 21,
      "typeID": "pokemon",
      "condition": {
        "times": [
          "DAWN",
          "DAY"
        ],
        "biomes": [
          "#pixelmon:spawning/forests",
          "#pixelmon:spawning/roofed",
          "#pixelmon:spawning/jungles"
        ]
      },
      "rarity": 25.0
    },
    {
      "spec": "species:Bellsprout palette:valencian",
      "stringLocationTypes": [
        "Land"
      ],
      "minLevel": 2,
      "maxLevel": 21,
      "typeID": "pokemon",
      "condition": {
        "times": [
          "DAWN",
          "DAY"
        ],
        "biomes": [
          "#pixelmon:spawning/jungles"
        ]
      },
      "rarity": 5.0
    },
    {
      "spec": "species:Bellsprout palette:pink",
      "stringLocationTypes": [
        "Land"
      ],
      "minLevel": 2,
      "maxLevel": 21,
      "typeID": "pokemon",
      "condition": {
        "times": [
          "DAWN",
          "DAY"
        ],
        "biomes": [
          "#pixelmon:spawning/forests",
          "#pixelmon:spawning/roofed"
        ]
      },
      "rarity": 5.0
    }
  ]
}
