{
  "id": "Bergmite",
  "spawnInfos": [
    {
      "spec": "species:Bergmite",
      "stringLocationTypes": [
        "Land",
        "Rock Smash"
      ],
      "minLevel": 23,
      "maxLevel": 36,
      "typeID": "pokemon",
      "condition": {
        "biomes": [
          "#pixelmon:spawning/freezing"
        ]
      },
      "anticondition": {
        "biomes": [
          "#pixelmon:spawning/freezing_forests"
        ]
      },
      "rarity": 130.0
    },
	{
      "spec": "species:Bergmite palette:anubis",
      "stringLocationTypes": [
        "Land",
        "Rock Smash"
      ],
      "minLevel": 23,
      "maxLevel": 36,
      "typeID": "pokemon",
      "condition": {
        "biomes": [
          "#pixelmon:spawning/freezing"
        ]
      },
      "anticondition": {
        "biomes": [
          "#pixelmon:spawning/freezing_forests"
        ]
      },
      "rarity": 13.0
    },
	{
      "spec": "species:Bergmite palette:halloween",
      "stringLocationTypes": [
        "Land",
        "Rock Smash"
      ],
      "minLevel": 23,
      "maxLevel": 36,
      "typeID": "pokemon",
      "condition": {
        "biomes": [
          "#pixelmon:spawning/freezing"
        ]
      },
      "anticondition": {
        "biomes": [
          "#pixelmon:spawning/freezing_forests"
        ]
      },
      "rarity": 13.0
    },
	{
      "spec": "species:Bergmite palette:molten",
      "stringLocationTypes": [
        "Land",
        "Rock Smash"
      ],
      "minLevel": 23,
      "maxLevel": 36,
      "typeID": "pokemon",
      "condition": {
        "biomes": [
          "#pixelmon:spawning/freezing"
        ]
      },
      "anticondition": {
        "biomes": [
          "#pixelmon:spawning/freezing_forests"
        ]
      },
      "rarity": 13.0
    }
  ]
}
