{
  "id": "Blissey",
  "spawnInfos": [
    {
      "spec": "species:Blissey",
      "stringLocationTypes": [
        "Land"
      ],
      "minLevel": 30,
      "maxLevel": 60,
      "typeID": "pokemon",
      "heldItems": [
        {
          "itemID": "pixelmon:lucky_egg",
          "percentChance": 100
        }
      ],
      "condition": {
        "times": [
          "MORNING"
        ],
        "biomes": [
          "#pixelmon:spawning/savannas"
        ]
      },
      "rarity": 0.1
    },
	{
      "spec": "species:Blissey palette:easter",
      "stringLocationTypes": [
        "Land"
      ],
      "minLevel": 30,
      "maxLevel": 60,
      "typeID": "pokemon",
      "heldItems": [
        {
          "itemID": "pixelmon:lucky_egg",
          "percentChance": 100
        }
      ],
      "condition": {
        "times": [
          "MORNING"
        ],
        "biomes": [
          "#pixelmon:spawning/savannas"
        ]
      },
      "rarity": 0.01
    },
	{
      "spec": "species:Blissey palette:halloween",
      "stringLocationTypes": [
        "Land"
      ],
      "minLevel": 30,
      "maxLevel": 60,
      "typeID": "pokemon",
      "heldItems": [
        {
          "itemID": "pixelmon:lucky_egg",
          "percentChance": 100
        }
      ],
      "condition": {
        "times": [
          "MORNING"
        ],
        "biomes": [
          "#pixelmon:spawning/savannas"
        ]
      },
      "rarity": 0.01
    },
	{
      "spec": "species:Blissey palette:shadow",
      "stringLocationTypes": [
        "Land"
      ],
      "minLevel": 30,
      "maxLevel": 60,
      "typeID": "pokemon",
      "heldItems": [
        {
          "itemID": "pixelmon:lucky_egg",
          "percentChance": 100
        }
      ],
      "condition": {
        "times": [
          "MORNING"
        ],
        "biomes": [
          "#pixelmon:spawning/savannas"
        ]
      },
      "rarity": 0.01
    },
    {
      "spec": "species:Blissey palette:valencian",
      "stringLocationTypes": [
        "Land"
      ],
      "minLevel": 30,
      "maxLevel": 60,
      "typeID": "pokemon",
      "heldItems": [
        {
          "itemID": "pixelmon:lucky_egg",
          "percentChance": 100
        }
      ],
      "condition": {
        "times": [
          "MORNING"
        ],
        "biomes": [
          "minecraft:sparse_jungle",
          "byg:tropical_islands"
        ]
      },
      "rarity": 0.01
    }
  ]
}
