{
  "id": "Blitzle",
  "spawnInfos": [
    {
      "spec": "species:Blitzle",
      "stringLocationTypes": [
        "Land"
      ],
      "minLevel": 16,
      "maxLevel": 26,
      "typeID": "pokemon",
      "condition": {
        "times": [
          "DAWN",
          "DAY",
          "DUSK"
        ],
        "biomes": [
          "#pixelmon:spawning/savannas"
        ]
      },
      "groupSpawnSettings": [
        {
          "spec": "Blitzle",
          "amount": {
            "min_value": 3,
            "max_value": 4
          },
          "spawn_range_minimum": {
            "x": 1,
            "y": 1,
            "z": 1
          },
          "spawn_range_maximum": {
            "x": 5,
            "y": 5,
            "z": 5
          },
          "chance": 0.5
        }
      ],
      "rarity": 130.0
    },
	{
      "spec": "species:Blitzle palette:akuma",
      "stringLocationTypes": [
        "Land"
      ],
      "minLevel": 16,
      "maxLevel": 26,
      "typeID": "pokemon",
      "condition": {
        "times": [
          "DAWN",
          "DAY",
          "DUSK"
        ],
        "biomes": [
          "#pixelmon:spawning/savannas"
        ]
      },
      "groupSpawnSettings": [
        {
          "spec": "Blitzle",
          "amount": {
            "min_value": 3,
            "max_value": 4
          },
          "spawn_range_minimum": {
            "x": 1,
            "y": 1,
            "z": 1
          },
          "spawn_range_maximum": {
            "x": 5,
            "y": 5,
            "z": 5
          },
          "chance": 0.5
        }
      ],
      "rarity": 13.0
    },
	{
      "spec": "species:Blitzle palette:gamma",
      "stringLocationTypes": [
        "Land"
      ],
      "minLevel": 16,
      "maxLevel": 26,
      "typeID": "pokemon",
      "condition": {
        "times": [
          "DAWN",
          "DAY",
          "DUSK"
        ],
        "biomes": [
          "#pixelmon:spawning/savannas"
        ]
      },
      "groupSpawnSettings": [
        {
          "spec": "Blitzle",
          "amount": {
            "min_value": 3,
            "max_value": 4
          },
          "spawn_range_minimum": {
            "x": 1,
            "y": 1,
            "z": 1
          },
          "spawn_range_maximum": {
            "x": 5,
            "y": 5,
            "z": 5
          },
          "chance": 0.5
        }
      ],
      "rarity": 13.0
    },
	{
      "spec": "species:Blitzle palette:toy 1",
      "stringLocationTypes": [
        "Land"
      ],
      "minLevel": 16,
      "maxLevel": 26,
      "typeID": "pokemon",
      "condition": {
        "times": [
          "DAWN",
          "DAY",
          "DUSK"
        ],
        "biomes": [
          "#pixelmon:spawning/savannas"
        ]
      },
      "groupSpawnSettings": [
        {
          "spec": "Blitzle",
          "amount": {
            "min_value": 3,
            "max_value": 4
          },
          "spawn_range_minimum": {
            "x": 1,
            "y": 1,
            "z": 1
          },
          "spawn_range_maximum": {
            "x": 5,
            "y": 5,
            "z": 5
          },
          "chance": 0.5
        }
      ],
      "rarity": 13.0
    },
	{
      "spec": "species:Blitzle palette:toy 2",
      "stringLocationTypes": [
        "Land"
      ],
      "minLevel": 16,
      "maxLevel": 26,
      "typeID": "pokemon",
      "condition": {
        "times": [
          "DAWN",
          "DAY",
          "DUSK"
        ],
        "biomes": [
          "#pixelmon:spawning/savannas"
        ]
      },
      "groupSpawnSettings": [
        {
          "spec": "Blitzle",
          "amount": {
            "min_value": 3,
            "max_value": 4
          },
          "spawn_range_minimum": {
            "x": 1,
            "y": 1,
            "z": 1
          },
          "spawn_range_maximum": {
            "x": 5,
            "y": 5,
            "z": 5
          },
          "chance": 0.5
        }
      ],
      "rarity": 13.0
    },
	{
      "spec": "species:Blitzle palette:trick or treat",
      "stringLocationTypes": [
        "Land"
      ],
      "minLevel": 16,
      "maxLevel": 26,
      "typeID": "pokemon",
      "condition": {
        "times": [
          "DAWN",
          "DAY",
          "DUSK"
        ],
        "biomes": [
          "#pixelmon:spawning/savannas"
        ]
      },
      "groupSpawnSettings": [
        {
          "spec": "Blitzle",
          "amount": {
            "min_value": 3,
            "max_value": 4
          },
          "spawn_range_minimum": {
            "x": 1,
            "y": 1,
            "z": 1
          },
          "spawn_range_maximum": {
            "x": 5,
            "y": 5,
            "z": 5
          },
          "chance": 0.5
        }
      ],
      "rarity": 13.0
    }
  ]
}
