{
  "id": "Boltund",
  "spawnInfos": [
    {
      "spec": "species:Boltund",
      "stringLocationTypes": [
        "Land",
        "Sweet Scent"
      ],
      "minLevel": 25,
      "maxLevel": 40,
      "typeID": "pokemon",
      "condition": {
        "times": [
          "MORNING"
        ],
        "biomes": [
          "#pixelmon:spawning/savannas"
        ]
      },
      "rarity": 50.0
    },
	{
      "spec": "species:Boltund palette:gamma",
      "stringLocationTypes": [
        "Land",
        "Sweet Scent"
      ],
      "minLevel": 25,
      "maxLevel": 40,
      "typeID": "pokemon",
      "condition": {
        "times": [
          "MORNING"
        ],
        "biomes": [
          "#pixelmon:spawning/savannas"
        ]
      },
      "rarity": 5.0
    },
	{
      "spec": "species:Boltund palette:halloween",
      "stringLocationTypes": [
        "Land",
        "Sweet Scent"
      ],
      "minLevel": 25,
      "maxLevel": 40,
      "typeID": "pokemon",
      "condition": {
        "times": [
          "MORNING"
        ],
        "biomes": [
          "#pixelmon:spawning/savannas"
        ]
      },
      "rarity": 5.0
    },
	{
      "spec": "species:Boltund palette:summer",
      "stringLocationTypes": [
        "Land",
        "Sweet Scent"
      ],
      "minLevel": 25,
      "maxLevel": 40,
      "typeID": "pokemon",
      "condition": {
        "times": [
          "MORNING"
        ],
        "biomes": [
          "#pixelmon:spawning/savannas"
        ]
      },
      "rarity": 5.0
    },
	{
      "spec": "species:Boltund palette:sunset",
      "stringLocationTypes": [
        "Land",
        "Sweet Scent"
      ],
      "minLevel": 25,
      "maxLevel": 40,
      "typeID": "pokemon",
      "condition": {
        "times": [
          "MORNING"
        ],
        "biomes": [
          "#pixelmon:spawning/savannas"
        ]
      },
      "rarity": 5.0
    },
    {
      "spec": "species:Boltund palette:strike",
      "stringLocationTypes": [
        "Land"
      ],
      "minLevel": 25,
      "maxLevel": 40,
      "typeID": "pokemon",
      "condition": {
        "times": [
          "NIGHT"
        ],
        "biomes": [
          "pixelmon:ultra_plant"
        ]
      },
      "rarity": 5.0
    }
  ]
}
