{
  "id": "Bonsly",
  "spawnInfos": [
    {
      "spec": "species:Bonsly",
      "stringLocationTypes": [
        "Land"
      ],
      "minLevel": 5,
      "maxLevel": 15,
      "typeID": "pokemon",
      "condition": {
        "biomes": [
          "pixelmon:ultra_forest"
        ]
      },
      "rarity": 10.0
    },
	{
      "spec": "species:Bonsly palette:ditto 1",
      "stringLocationTypes": [
        "Land"
      ],
      "minLevel": 5,
      "maxLevel": 15,
      "typeID": "pokemon",
      "condition": {
        "biomes": [
          "pixelmon:ultra_forest"
        ]
      },
      "rarity": 1.0
    },
	{
      "spec": "species:Bonsly palette:ditto 2",
      "stringLocationTypes": [
        "Land"
      ],
      "minLevel": 5,
      "maxLevel": 15,
      "typeID": "pokemon",
      "condition": {
        "biomes": [
          "pixelmon:ultra_forest"
        ]
      },
      "rarity": 1.0
    },
	{
      "spec": "species:Bonsly palette:gemstone 1",
      "stringLocationTypes": [
        "Land"
      ],
      "minLevel": 5,
      "maxLevel": 15,
      "typeID": "pokemon",
      "condition": {
        "biomes": [
          "pixelmon:ultra_forest"
        ]
      },
      "rarity": 1.0
    },
	{
      "spec": "species:Bonsly palette:gemstone 2",
      "stringLocationTypes": [
        "Land"
      ],
      "minLevel": 5,
      "maxLevel": 15,
      "typeID": "pokemon",
      "condition": {
        "biomes": [
          "pixelmon:ultra_forest"
        ]
      },
      "rarity": 1.0
    },
	{
      "spec": "species:Bonsly palette:gold",
      "stringLocationTypes": [
        "Land"
      ],
      "minLevel": 5,
      "maxLevel": 15,
      "typeID": "pokemon",
      "condition": {
        "biomes": [
          "pixelmon:ultra_forest"
        ]
      },
      "rarity": 1.0
    },
	{
      "spec": "species:Bonsly palette:hero",
      "stringLocationTypes": [
        "Land"
      ],
      "minLevel": 5,
      "maxLevel": 15,
      "typeID": "pokemon",
      "condition": {
        "biomes": [
          "pixelmon:ultra_forest"
        ]
      },
      "rarity": 1.0
    },
	{
      "spec": "species:Bonsly palette:nintendo",
      "stringLocationTypes": [
        "Land"
      ],
      "minLevel": 5,
      "maxLevel": 15,
      "typeID": "pokemon",
      "condition": {
        "biomes": [
          "pixelmon:ultra_forest"
        ]
      },
      "rarity": 1.0
    },
	{
      "spec": "species:Bonsly palette:poison",
      "stringLocationTypes": [
        "Land"
      ],
      "minLevel": 5,
      "maxLevel": 15,
      "typeID": "pokemon",
      "condition": {
        "biomes": [
          "pixelmon:ultra_forest"
        ]
      },
      "rarity": 1.0
    },
	{
      "spec": "species:Bonsly palette:toxic",
      "stringLocationTypes": [
        "Land"
      ],
      "minLevel": 5,
      "maxLevel": 15,
      "typeID": "pokemon",
      "condition": {
        "biomes": [
          "pixelmon:ultra_forest"
        ]
      },
      "rarity": 1.0
    }
  ]
}

