{
  "id": "Bounsweet",
  "spawnInfos": [
    {
      "spec": "species:Bounsweet",
      "stringLocationTypes": [
        "Land",
        "Headbutt",
        "Sweet Scent"
      ],
      "minLevel": 5,
      "maxLevel": 17,
      "typeID": "pokemon",
      "heldItems": [
        {
          "itemID": "pixelmon:grassy_seed",
          "percentChance": 5
        }
      ],
      "condition": {
        "times": [
          "DAY"
        ],
        "biomes": [
          "#pixelmon:spawning/birches",
          "#pixelmon:spawning/flowery"
        ]
      },
      "rarity": 130.0
    },
	{
      "spec": "species:Bounsweet palette:aquatic",
      "stringLocationTypes": [
        "Land",
        "Headbutt",
        "Sweet Scent"
      ],
      "minLevel": 5,
      "maxLevel": 17,
      "typeID": "pokemon",
      "heldItems": [
        {
          "itemID": "pixelmon:grassy_seed",
          "percentChance": 5
        }
      ],
      "condition": {
        "times": [
          "DAY"
        ],
        "biomes": [
          "#pixelmon:spawning/birches",
          "#pixelmon:spawning/flowery"
        ]
      },
      "rarity": 13.0
    }
  ]
}
