{
  "id": "Bramblin",
  "spawnInfos": [
    {
      "spec": "species:Bramblin",
      "stringLocationTypes": [
        "Land"
      ],
      "minLevel": 10,
      "maxLevel": 25,
      "typeID": "pokemon",
      "condition": {
        "biomes": [
          "#pixelmon:spawning/arid",
          "#pixelmon:spawning/savannas",
          "#pixelmon:spawning/mesas"
        ]
      },
      "rarity": 150.0
    },
    {
      "spec": "species:Bramblin palette:tangela",
      "stringLocationTypes": [
        "Land"
      ],
      "minLevel": 10,
      "maxLevel": 25,
      "typeID": "pokemon",
      "condition": {
        "biomes": [
          "#pixelmon:spawning/arid",
          "#pixelmon:spawning/savannas",
          "#pixelmon:spawning/mesas"
        ],
        "partyHeadSpecies": [
          "Tangrowth"
        ]
      },
      "rarity": 25.0
    }
  ]
}