{
  "id": "Bruxish",
  "spawnInfos": [
    {
      "spec": "species:Bruxish",
      "stringLocationTypes": [
        "Water"
      ],
      "minLevel": 25,
      "maxLevel": 50,
      "typeID": "pokemon",
      "heldItems": [
        {
          "itemID": "pixelmon:razor_fang",
          "percentChance": 5
        }
      ],
      "condition": {
        "times": [
          "DAY"
        ],
        "biomes": [
          "minecraft:ocean",
          "minecraft:warm_ocean",
          "minecraft:lukewarm_ocean",
          "byg:coral_mangroves"
        ]
      },
      "rarity": 90.0
    },
	{
      "spec": "species:Bruxish palette:halloween",
      "stringLocationTypes": [
        "Water"
      ],
      "minLevel": 25,
      "maxLevel": 50,
      "typeID": "pokemon",
      "heldItems": [
        {
          "itemID": "pixelmon:razor_fang",
          "percentChance": 5
        }
      ],
      "condition": {
        "times": [
          "DAY"
        ],
        "biomes": [
          "minecraft:ocean",
          "minecraft:warm_ocean",
          "minecraft:lukewarm_ocean",
          "byg:coral_mangroves"
        ]
      },
      "rarity": 9.0
    }
  ]
}
