{
  "id": "Buizel",
  "spawnInfos": [
    {
      "spec": "species:Buizel",
      "stringLocationTypes": [
        "Land"
      ],
      "minLevel": 10,
      "maxLevel": 20,
      "typeID": "pokemon",
      "condition": {
        "times": [
          "AFTERNOON"
        ],
        "biomes": [
          "minecraft:river",
          "#pixelmon:spawning/lakes",
          "minecraft:stony_shore",
          "byg:rocky_beach",
          "terralith:gravel_beach",
          "terralith:warm_river"
        ]
      },
      "groupSpawnSettings": [
        {
          "spec": "Buizel",
          "amount": {
            "min_value": 3,
            "max_value": 4
          },
          "spawn_range_minimum": {
            "x": 1,
            "y": 1,
            "z": 1
          },
          "spawn_range_maximum": {
            "x": 5,
            "y": 5,
            "z": 5
          },
          "chance": 0.3
        }
      ],
      "rarity": 130.0
    },
	{
      "spec": "species:Buizel palette:dream",
      "stringLocationTypes": [
        "Land"
      ],
      "minLevel": 10,
      "maxLevel": 20,
      "typeID": "pokemon",
      "condition": {
        "times": [
          "AFTERNOON"
        ],
        "biomes": [
          "minecraft:river",
          "#pixelmon:spawning/lakes",
          "minecraft:stony_shore",
          "byg:rocky_beach",
          "terralith:gravel_beach",
          "terralith:warm_river"
        ]
      },
      "groupSpawnSettings": [
        {
          "spec": "Buizel",
          "amount": {
            "min_value": 3,
            "max_value": 4
          },
          "spawn_range_minimum": {
            "x": 1,
            "y": 1,
            "z": 1
          },
          "spawn_range_maximum": {
            "x": 5,
            "y": 5,
            "z": 5
          },
          "chance": 0.3
        }
      ],
      "rarity": 13.0
    },
	{
      "spec": "species:Buizel palette:summer",
      "stringLocationTypes": [
        "Land"
      ],
      "minLevel": 10,
      "maxLevel": 20,
      "typeID": "pokemon",
      "condition": {
        "times": [
          "AFTERNOON"
        ],
        "biomes": [
          "minecraft:river",
          "#pixelmon:spawning/lakes",
          "minecraft:stony_shore",
          "byg:rocky_beach",
          "terralith:gravel_beach",
          "terralith:warm_river"
        ]
      },
      "groupSpawnSettings": [
        {
          "spec": "Buizel",
          "amount": {
            "min_value": 3,
            "max_value": 4
          },
          "spawn_range_minimum": {
            "x": 1,
            "y": 1,
            "z": 1
          },
          "spawn_range_maximum": {
            "x": 5,
            "y": 5,
            "z": 5
          },
          "chance": 0.3
        }
      ],
      "rarity": 13.0
    },
	{
      "spec": "species:Buizel palette:tails",
      "stringLocationTypes": [
        "Land"
      ],
      "minLevel": 10,
      "maxLevel": 20,
      "typeID": "pokemon",
      "condition": {
        "times": [
          "AFTERNOON"
        ],
        "biomes": [
          "minecraft:river",
          "#pixelmon:spawning/lakes",
          "minecraft:stony_shore",
          "byg:rocky_beach",
          "terralith:gravel_beach",
          "terralith:warm_river"
        ]
      },
      "groupSpawnSettings": [
        {
          "spec": "Buizel",
          "amount": {
            "min_value": 3,
            "max_value": 4
          },
          "spawn_range_minimum": {
            "x": 1,
            "y": 1,
            "z": 1
          },
          "spawn_range_maximum": {
            "x": 5,
            "y": 5,
            "z": 5
          },
          "chance": 0.3
        }
      ],
      "rarity": 13.0
    }
  ]
}
