{
  "id": "Burmy",
  "spawnInfos": [
    {
      "spec": "species:Burmy",
      "stringLocationTypes": [
        "Land",
        "Headbutt"
      ],
      "minLevel": 5,
      "maxLevel": 20,
      "typeID": "pokemon",
      "condition": {
        "times": [
          "DAWN",
          "DAY",
          "DUSK"
        ],
        "biomes": [
          "#pixelmon:spawning/forests",
          "#pixelmon:spawning/roofed"
        ]
      },
      "rarityMultipliers": [
        {
          "multiplier": 1.5,
          "condition": {
            "weathers": [
              "CLEAR"
            ]
          }
        }
      ],
      "rarity": 250.0
    },
	{
      "spec": "species:Burmy palette:autumn",
      "stringLocationTypes": [
        "Land",
        "Headbutt"
      ],
      "minLevel": 5,
      "maxLevel": 20,
      "typeID": "pokemon",
      "condition": {
        "times": [
          "DAWN",
          "DAY",
          "DUSK"
        ],
        "biomes": [
          "#pixelmon:spawning/forests",
          "#pixelmon:spawning/roofed"
        ]
      },
      "rarityMultipliers": [
        {
          "multiplier": 1.5,
          "condition": {
            "weathers": [
              "CLEAR"
            ]
          }
        }
      ],
      "rarity": 25.0
    },
	{
      "spec": "species:Burmy palette:festive",
      "stringLocationTypes": [
        "Land",
        "Headbutt"
      ],
      "minLevel": 5,
      "maxLevel": 20,
      "typeID": "pokemon",
      "condition": {
        "times": [
          "DAWN",
          "DAY",
          "DUSK"
        ],
        "biomes": [
          "#pixelmon:spawning/forests",
          "#pixelmon:spawning/roofed"
        ]
      },
      "rarityMultipliers": [
        {
          "multiplier": 1.5,
          "condition": {
            "weathers": [
              "CLEAR"
            ]
          }
        }
      ],
      "rarity": 25.0
    }
  ]
}
