{
  "id": "Carkol",
  "spawnInfos": [
    {
      "spec": "species:Carkol",
      "stringLocationTypes": [
        "Land",
        "Rock Smash"
      ],
      "minLevel": 18,
      "maxLevel": 32,
      "typeID": "pokemon",
      "heldItems": [
        {
          "itemID": "pixelmon:charcoal",
          "percentChance": 5
        }
      ],
      "condition": {
        "biomes": [
          "minecraft:windswept_savanna",
          "#pixelmon:spawning/mesas",
          "#pixelmon:spawning/mountainous",
          "#pixelmon:spawning/volcanic",
          "terralith:savanna_badlands",
          "terralith:savanna_slopes"
        ]
      },
      "groupSpawnSettings": [
        {
          "spec": "Rolycoly",
          "amount": {
            "min_value": 3,
            "max_value": 4
          },
          "spawn_range_minimum": {
            "x": 1,
            "y": 1,
            "z": 1
          },
          "spawn_range_maximum": {
            "x": 5,
            "y": 5,
            "z": 5
          },
          "chance": 0.5
        }
      ],
      "rarity": 40.0
    },
	{
      "spec": "species:Carkol palette:halloween 1",
      "stringLocationTypes": [
        "Land",
        "Rock Smash"
      ],
      "minLevel": 18,
      "maxLevel": 32,
      "typeID": "pokemon",
      "heldItems": [
        {
          "itemID": "pixelmon:charcoal",
          "percentChance": 5
        }
      ],
      "condition": {
        "biomes": [
          "minecraft:windswept_savanna",
          "#pixelmon:spawning/mesas",
          "#pixelmon:spawning/mountainous",
          "#pixelmon:spawning/volcanic",
          "terralith:savanna_badlands",
          "terralith:savanna_slopes"
        ]
      },
      "groupSpawnSettings": [
        {
          "spec": "Rolycoly",
          "amount": {
            "min_value": 3,
            "max_value": 4
          },
          "spawn_range_minimum": {
            "x": 1,
            "y": 1,
            "z": 1
          },
          "spawn_range_maximum": {
            "x": 5,
            "y": 5,
            "z": 5
          },
          "chance": 0.5
        }
      ],
      "rarity": 4.0
    },
	{
      "spec": "species:Carkol palette:halloween 2",
      "stringLocationTypes": [
        "Land",
        "Rock Smash"
      ],
      "minLevel": 18,
      "maxLevel": 32,
      "typeID": "pokemon",
      "heldItems": [
        {
          "itemID": "pixelmon:charcoal",
          "percentChance": 5
        }
      ],
      "condition": {
        "biomes": [
          "minecraft:windswept_savanna",
          "#pixelmon:spawning/mesas",
          "#pixelmon:spawning/mountainous",
          "#pixelmon:spawning/volcanic",
          "terralith:savanna_badlands",
          "terralith:savanna_slopes"
        ]
      },
      "groupSpawnSettings": [
        {
          "spec": "Rolycoly",
          "amount": {
            "min_value": 3,
            "max_value": 4
          },
          "spawn_range_minimum": {
            "x": 1,
            "y": 1,
            "z": 1
          },
          "spawn_range_maximum": {
            "x": 5,
            "y": 5,
            "z": 5
          },
          "chance": 0.5
        }
      ],
      "rarity": 4.0
    },
    {
      "spec": "species:Carkol",
      "stringLocationTypes": [
        "Underground"
      ],
      "minLevel": 18,
      "maxLevel": 32,
      "typeID": "pokemon",
      "heldItems": [
        {
          "itemID": "pixelmon:charcoal",
          "percentChance": 5
        }
      ],
      "condition": {
        "biomes": [
          "#pixelmon:spawning/savannas",
          "#pixelmon:spawning/mesas",
          "#pixelmon:spawning/mountainous",
          "#pixelmon:spawning/volcanic"
        ],
        "maxY": 70
      },
      "rarityMultipliers": [
        {
          "multiplier": 2,
          "condition": {
            "neededNearbyBlocks": [
              "minecraft:coal_ore"
            ]
          }
        }
      ],
      "rarity": 40.0
    },
	{
      "spec": "species:Carkol palette:halloween 1",
      "stringLocationTypes": [
        "Underground"
      ],
      "minLevel": 18,
      "maxLevel": 32,
      "typeID": "pokemon",
      "heldItems": [
        {
          "itemID": "pixelmon:charcoal",
          "percentChance": 5
        }
      ],
      "condition": {
        "biomes": [
          "#pixelmon:spawning/savannas",
          "#pixelmon:spawning/mesas",
          "#pixelmon:spawning/mountainous",
          "#pixelmon:spawning/volcanic"
        ],
        "maxY": 70
      },
      "rarityMultipliers": [
        {
          "multiplier": 2,
          "condition": {
            "neededNearbyBlocks": [
              "minecraft:coal_ore"
            ]
          }
        }
      ],
      "rarity": 4.0
    },
	{
      "spec": "species:Carkol palette:halloween 2",
      "stringLocationTypes": [
        "Underground"
      ],
      "minLevel": 18,
      "maxLevel": 32,
      "typeID": "pokemon",
      "heldItems": [
        {
          "itemID": "pixelmon:charcoal",
          "percentChance": 5
        }
      ],
      "condition": {
        "biomes": [
          "#pixelmon:spawning/savannas",
          "#pixelmon:spawning/mesas",
          "#pixelmon:spawning/mountainous",
          "#pixelmon:spawning/volcanic"
        ],
        "maxY": 70
      },
      "rarityMultipliers": [
        {
          "multiplier": 2,
          "condition": {
            "neededNearbyBlocks": [
              "minecraft:coal_ore"
            ]
          }
        }
      ],
      "rarity": 4.0
    }
  ]
}
