{
  "id": "Cascoon",
  "spawnInfos": [
    {
      "spec": "species:Cascoon",
      "stringLocationTypes": [
        "Land",
        "Headbutt",
        "Sweet Scent"
      ],
      "minLevel": 6,
      "maxLevel": 11,
      "typeID": "pokemon",
      "condition": {
        "times": [
          "AFTERNOON",
          "DUSK"
        ],
        "biomes": [
          "#pixelmon:spawning/all_forests"
        ]
      },
      "rarity": 40.0
    },
	{
      "spec": "species:Cascoon palette:alluring",
      "stringLocationTypes": [
        "Land",
        "Headbutt",
        "Sweet Scent"
      ],
      "minLevel": 6,
      "maxLevel": 11,
      "typeID": "pokemon",
      "condition": {
        "times": [
          "AFTERNOON",
          "DUSK"
        ],
        "biomes": [
          "#pixelmon:spawning/all_forests"
        ]
      },
      "rarity": 4.0
    },
	{
      "spec": "species:Cascoon palette:glass",
      "stringLocationTypes": [
        "Land",
        "Headbutt",
        "Sweet Scent"
      ],
      "minLevel": 6,
      "maxLevel": 11,
      "typeID": "pokemon",
      "condition": {
        "times": [
          "AFTERNOON",
          "DUSK"
        ],
        "biomes": [
          "#pixelmon:spawning/all_forests"
        ]
      },
      "rarity": 4.0
    },
	{
      "spec": "species:Cascoon palette:halloween",
      "stringLocationTypes": [
        "Land",
        "Headbutt",
        "Sweet Scent"
      ],
      "minLevel": 6,
      "maxLevel": 11,
      "typeID": "pokemon",
      "condition": {
        "times": [
          "AFTERNOON",
          "DUSK"
        ],
        "biomes": [
          "#pixelmon:spawning/all_forests"
        ]
      },
      "rarity": 4.0
    },
	{
      "spec": "species:Cascoon palette:valentines",
      "stringLocationTypes": [
        "Land",
        "Headbutt",
        "Sweet Scent"
      ],
      "minLevel": 6,
      "maxLevel": 11,
      "typeID": "pokemon",
      "condition": {
        "times": [
          "AFTERNOON",
          "DUSK"
        ],
        "biomes": [
          "#pixelmon:spawning/all_forests"
        ]
      },
      "rarity": 4.0
    }
  ]
}
