{
  "id": "Centiskorch",
  "spawnInfos": [
    {
      "spec": "species:Centiskorch",
      "stringLocationTypes": [
        "Land",
        "Headbutt"
      ],
      "minLevel": 28,
      "maxLevel": 40,
      "typeID": "pokemon",
      "condition": {
        "times": [
          "DAWN",
          "NIGHT",
          "DUSK"
        ],
        "biomes": [
          "#pixelmon:spawning/arid",
          "#pixelmon:spawning/mesas",
          "#pixelmon:spawning/volcanic"
        ]
      },
      "rarity": 0.5
    },
	{
      "spec": "species:Centiskorch palette:gamma",
      "stringLocationTypes": [
        "Land",
        "Headbutt"
      ],
      "minLevel": 28,
      "maxLevel": 40,
      "typeID": "pokemon",
      "condition": {
        "times": [
          "DAWN",
          "NIGHT",
          "DUSK"
        ],
        "biomes": [
          "#pixelmon:spawning/arid",
          "#pixelmon:spawning/mesas",
          "#pixelmon:spawning/volcanic"
        ]
      },
      "rarity": 0.05
    },
    {
      "spec": "species:Centiskorch",
      "stringLocationTypes": [
        "Land"
      ],
      "minLevel": 28,
      "maxLevel": 40,
      "typeID": "pokemon",
      "condition": {
        "biomes": [
          "#pixelmon:spawning/hellish"
        ]
      },
      "anticondition": {
        "biomes": [
          "byg:subzero_hypogeal"
        ]
      },
      "rarity": 0.5
    },
	{
      "spec": "species:Centiskorch palette:gamma",
      "stringLocationTypes": [
        "Land"
      ],
      "minLevel": 28,
      "maxLevel": 40,
      "typeID": "pokemon",
      "condition": {
        "biomes": [
          "#pixelmon:spawning/hellish"
        ]
      },
      "anticondition": {
        "biomes": [
          "byg:subzero_hypogeal"
        ]
      },
      "rarity": 0.05
    },
    {
      "spec": "species:Centiskorch",
      "stringLocationTypes": [
        "Land"
      ],
      "minLevel": 28,
      "maxLevel": 40,
      "typeID": "pokemon",
      "condition": {
        "times": [
          "DAY"
        ],
        "biomes": [
          "pixelmon:ultra_desert"
        ]
      },
      "rarity": 25.0
    },
	{
      "spec": "species:Centiskorch palette:gamma",
      "stringLocationTypes": [
        "Land"
      ],
      "minLevel": 28,
      "maxLevel": 40,
      "typeID": "pokemon",
      "condition": {
        "times": [
          "DAY"
        ],
        "biomes": [
          "pixelmon:ultra_desert"
        ]
      },
      "rarity": 2.5
    },
    {
      "spec": "species:Centiskorch palette:ashen",
      "stringLocationTypes": [
        "Land"
      ],
      "minLevel": 28,
      "maxLevel": 40,
      "typeID": "pokemon",
      "condition": {
        "times": [
          "AFTERNOON"
        ],
        "biomes": [
          "pixelmon:ultra_desert"
        ]
      },
      "rarity": 0.5
    }
  ]
}
