{
  "id": "Charjabug",
  "spawnInfos": [
    {
      "spec": "species:Charjabug",
      "stringLocationTypes": [
        "Land",
        "Headbutt"
      ],
      "minLevel": 20,
      "maxLevel": 35,
      "typeID": "pokemon",
      "heldItems": [
        {
          "itemID": "pixelmon:cell_battery",
          "percentChance": 5
        }
      ],
      "condition": {
        "times": [
          "AFTERNOON",
          "DUSK",
          "NIGHT"
        ],
        "biomes": [
          "#pixelmon:spawning/taigas",
          "#pixelmon:spawning/redwoods",
          "#pixelmon:spawning/jungles"
        ]
      },
      "rarity": 40.0
    },
	{
      "spec": "species:Charjabug palette:christmas 1",
      "stringLocationTypes": [
        "Land",
        "Headbutt"
      ],
      "minLevel": 20,
      "maxLevel": 35,
      "typeID": "pokemon",
      "heldItems": [
        {
          "itemID": "pixelmon:cell_battery",
          "percentChance": 5
        }
      ],
      "condition": {
        "times": [
          "AFTERNOON",
          "DUSK",
          "NIGHT"
        ],
        "biomes": [
          "#pixelmon:spawning/taigas",
          "#pixelmon:spawning/redwoods",
          "#pixelmon:spawning/jungles"
        ]
      },
      "rarity": 4.0
    },
	{
      "spec": "species:Charjabug palette:christmas 2",
      "stringLocationTypes": [
        "Land",
        "Headbutt"
      ],
      "minLevel": 20,
      "maxLevel": 35,
      "typeID": "pokemon",
      "heldItems": [
        {
          "itemID": "pixelmon:cell_battery",
          "percentChance": 5
        }
      ],
      "condition": {
        "times": [
          "AFTERNOON",
          "DUSK",
          "NIGHT"
        ],
        "biomes": [
          "#pixelmon:spawning/taigas",
          "#pixelmon:spawning/redwoods",
          "#pixelmon:spawning/jungles"
        ]
      },
      "rarity": 4.0
    },
	{
      "spec": "species:Charjabug palette:giftmas",
      "stringLocationTypes": [
        "Land",
        "Headbutt"
      ],
      "minLevel": 20,
      "maxLevel": 35,
      "typeID": "pokemon",
      "heldItems": [
        {
          "itemID": "pixelmon:cell_battery",
          "percentChance": 5
        }
      ],
      "condition": {
        "times": [
          "AFTERNOON",
          "DUSK",
          "NIGHT"
        ],
        "biomes": [
          "#pixelmon:spawning/taigas",
          "#pixelmon:spawning/redwoods",
          "#pixelmon:spawning/jungles"
        ]
      },
      "rarity": 4.0
    },
	{
      "spec": "species:Charjabug palette:halloween",
      "stringLocationTypes": [
        "Land",
        "Headbutt"
      ],
      "minLevel": 20,
      "maxLevel": 35,
      "typeID": "pokemon",
      "heldItems": [
        {
          "itemID": "pixelmon:cell_battery",
          "percentChance": 5
        }
      ],
      "condition": {
        "times": [
          "AFTERNOON",
          "DUSK",
          "NIGHT"
        ],
        "biomes": [
          "#pixelmon:spawning/taigas",
          "#pixelmon:spawning/redwoods",
          "#pixelmon:spawning/jungles"
        ]
      },
      "rarity": 4.0
    },
	{
      "spec": "species:Charjabug palette:magma",
      "stringLocationTypes": [
        "Land",
        "Headbutt"
      ],
      "minLevel": 20,
      "maxLevel": 35,
      "typeID": "pokemon",
      "heldItems": [
        {
          "itemID": "pixelmon:cell_battery",
          "percentChance": 5
        }
      ],
      "condition": {
        "times": [
          "AFTERNOON",
          "DUSK",
          "NIGHT"
        ],
        "biomes": [
          "#pixelmon:spawning/taigas",
          "#pixelmon:spawning/redwoods",
          "#pixelmon:spawning/jungles"
        ]
      },
      "rarity": 4.0
    },
	{
      "spec": "species:Charjabug palette:toon",
      "stringLocationTypes": [
        "Land",
        "Headbutt"
      ],
      "minLevel": 20,
      "maxLevel": 35,
      "typeID": "pokemon",
      "heldItems": [
        {
          "itemID": "pixelmon:cell_battery",
          "percentChance": 5
        }
      ],
      "condition": {
        "times": [
          "AFTERNOON",
          "DUSK",
          "NIGHT"
        ],
        "biomes": [
          "#pixelmon:spawning/taigas",
          "#pixelmon:spawning/redwoods",
          "#pixelmon:spawning/jungles"
        ]
      },
      "rarity": 4.0
    }
  ]
}
