{
  "id": "Cherubi",
  "spawnInfos": [
    {
      "spec": "species:Cherubi",
      "stringLocationTypes": [
        "Land",
        "Headbutt",
        "Sweet Scent"
      ],
      "minLevel": 5,
      "maxLevel": 15,
      "typeID": "pokemon",
      "condition": {
        "times": [
          "DAY"
        ],
        "biomes": [
          "#pixelmon:spawning/forests",
          "#pixelmon:spawning/birches"
        ]
      },
      "rarity": 130.0
    },
	{
      "spec": "species:Cherubi palette:arctic",
      "stringLocationTypes": [
        "Land",
        "Headbutt",
        "Sweet Scent"
      ],
      "minLevel": 5,
      "maxLevel": 15,
      "typeID": "pokemon",
      "condition": {
        "times": [
          "DAY"
        ],
        "biomes": [
          "#pixelmon:spawning/forests",
          "#pixelmon:spawning/birches"
        ]
      },
      "rarity": 13.0
    },
	{
      "spec": "species:Cherubi palette:giftmas 1",
      "stringLocationTypes": [
        "Land",
        "Headbutt",
        "Sweet Scent"
      ],
      "minLevel": 5,
      "maxLevel": 15,
      "typeID": "pokemon",
      "condition": {
        "times": [
          "DAY"
        ],
        "biomes": [
          "#pixelmon:spawning/forests",
          "#pixelmon:spawning/birches"
        ]
      },
      "rarity": 13.0
    },
	{
      "spec": "species:Cherubi palette:giftmas 2",
      "stringLocationTypes": [
        "Land",
        "Headbutt",
        "Sweet Scent"
      ],
      "minLevel": 5,
      "maxLevel": 15,
      "typeID": "pokemon",
      "condition": {
        "times": [
          "DAY"
        ],
        "biomes": [
          "#pixelmon:spawning/forests",
          "#pixelmon:spawning/birches"
        ]
      },
      "rarity": 13.0
    },
	{
      "spec": "species:Cherubi palette:halloween",
      "stringLocationTypes": [
        "Land",
        "Headbutt",
        "Sweet Scent"
      ],
      "minLevel": 5,
      "maxLevel": 15,
      "typeID": "pokemon",
      "condition": {
        "times": [
          "DAY"
        ],
        "biomes": [
          "#pixelmon:spawning/forests",
          "#pixelmon:spawning/birches"
        ]
      },
      "rarity": 13.0
    }
  ]
}
