{
  "id": "Chespin",
  "spawnInfos": [
    {
      "spec": "species:Chespin",
      "stringLocationTypes": [
        "Land"
      ],
      "minLevel": 5,
      "maxLevel": 16,
      "typeID": "pokemon",
      "condition": {
        "times": [
          "DAY"
        ],
        "biomes": [
          "#pixelmon:spawning/birches",
          "#pixelmon:spawning/taigas"
        ]
      },
      "rarity": 10.0
    },
	{
      "spec": "species:Chespin palette:beta",
      "stringLocationTypes": [
        "Land"
      ],
      "minLevel": 5,
      "maxLevel": 16,
      "typeID": "pokemon",
      "condition": {
        "times": [
          "DAY"
        ],
        "biomes": [
          "#pixelmon:spawning/birches",
          "#pixelmon:spawning/taigas"
        ]
      },
      "rarity": 1.0
    },
	{
      "spec": "species:Chespin palette:diamond",
      "stringLocationTypes": [
        "Land"
      ],
      "minLevel": 5,
      "maxLevel": 16,
      "typeID": "pokemon",
      "condition": {
        "times": [
          "DAY"
        ],
        "biomes": [
          "#pixelmon:spawning/birches",
          "#pixelmon:spawning/taigas"
        ]
      },
      "rarity": 1.0
    },
	{
      "spec": "species:Chespin palette:faceless 1",
      "stringLocationTypes": [
        "Land"
      ],
      "minLevel": 5,
      "maxLevel": 16,
      "typeID": "pokemon",
      "condition": {
        "times": [
          "DAY"
        ],
        "biomes": [
          "#pixelmon:spawning/birches",
          "#pixelmon:spawning/taigas"
        ]
      },
      "rarity": 1.0
    },
	{
      "spec": "species:Chespin palette:faceless 2",
      "stringLocationTypes": [
        "Land"
      ],
      "minLevel": 5,
      "maxLevel": 16,
      "typeID": "pokemon",
      "condition": {
        "times": [
          "DAY"
        ],
        "biomes": [
          "#pixelmon:spawning/birches",
          "#pixelmon:spawning/taigas"
        ]
      },
      "rarity": 1.0
    },
	{
      "spec": "species:Chespin palette:pearl",
      "stringLocationTypes": [
        "Land"
      ],
      "minLevel": 5,
      "maxLevel": 16,
      "typeID": "pokemon",
      "condition": {
        "times": [
          "DAY"
        ],
        "biomes": [
          "#pixelmon:spawning/birches",
          "#pixelmon:spawning/taigas"
        ]
      },
      "rarity": 1.0
    }
  ]
}
