{
  "id": "Chesnaught",
  "spawnInfos": [
    {
      "spec": "species:Chesnaught",
      "stringLocationTypes": [
        "Land"
      ],
      "minLevel": 36,
      "maxLevel": 50,
      "typeID": "pokemon",
      "condition": {
        "times": [
          "DAY"
        ],
        "biomes": [
          "#pixelmon:spawning/birches",
          "#pixelmon:spawning/taigas"
        ]
      },
      "rarity": 1.0
    },
	{
      "spec": "species:Chesnaught palette:beta",
      "stringLocationTypes": [
        "Land"
      ],
      "minLevel": 36,
      "maxLevel": 50,
      "typeID": "pokemon",
      "condition": {
        "times": [
          "DAY"
        ],
        "biomes": [
          "#pixelmon:spawning/birches",
          "#pixelmon:spawning/taigas"
        ]
      },
      "rarity": 0.1
    },
	{
      "spec": "species:Chesnaught palette:diamond",
      "stringLocationTypes": [
        "Land"
      ],
      "minLevel": 36,
      "maxLevel": 50,
      "typeID": "pokemon",
      "condition": {
        "times": [
          "DAY"
        ],
        "biomes": [
          "#pixelmon:spawning/birches",
          "#pixelmon:spawning/taigas"
        ]
      },
      "rarity": 0.1
    },
	{
      "spec": "species:Chesnaught palette:gamma",
      "stringLocationTypes": [
        "Land"
      ],
      "minLevel": 36,
      "maxLevel": 50,
      "typeID": "pokemon",
      "condition": {
        "times": [
          "DAY"
        ],
        "biomes": [
          "#pixelmon:spawning/birches",
          "#pixelmon:spawning/taigas"
        ]
      },
      "rarity": 0.1
    },
	{
      "spec": "species:Chesnaught palette:hero",
      "stringLocationTypes": [
        "Land"
      ],
      "minLevel": 36,
      "maxLevel": 50,
      "typeID": "pokemon",
      "condition": {
        "times": [
          "DAY"
        ],
        "biomes": [
          "#pixelmon:spawning/birches",
          "#pixelmon:spawning/taigas"
        ]
      },
      "rarity": 0.1
    },
	{
      "spec": "species:Chesnaught palette:pearl",
      "stringLocationTypes": [
        "Land"
      ],
      "minLevel": 36,
      "maxLevel": 50,
      "typeID": "pokemon",
      "condition": {
        "times": [
          "DAY"
        ],
        "biomes": [
          "#pixelmon:spawning/birches",
          "#pixelmon:spawning/taigas"
        ]
      },
      "rarity": 0.1
    },
	{
      "spec": "species:Chesnaught palette:rainbow",
      "stringLocationTypes": [
        "Land"
      ],
      "minLevel": 36,
      "maxLevel": 50,
      "typeID": "pokemon",
      "condition": {
        "times": [
          "DAY"
        ],
        "biomes": [
          "#pixelmon:spawning/birches",
          "#pixelmon:spawning/taigas"
        ]
      },
      "rarity": 0.1
    },
	{
      "spec": "species:Chesnaught palette:video game",
      "stringLocationTypes": [
        "Land"
      ],
      "minLevel": 36,
      "maxLevel": 50,
      "typeID": "pokemon",
      "condition": {
        "times": [
          "DAY"
        ],
        "biomes": [
          "#pixelmon:spawning/birches",
          "#pixelmon:spawning/taigas"
        ]
      },
      "rarity": 0.1
    }
  ]
}
