{
  "id": "Chewtle",
  "spawnInfos": [
    {
      "spec": "species:Chewtle",
      "stringLocationTypes": [
        "Land",
        "Rock Smash"
      ],
      "minLevel": 7,
      "maxLevel": 20,
      "typeID": "pokemon",
      "condition": {
        "biomes": [
          "minecraft:river",
          "#pixelmon:spawning/swamps",
          "#pixelmon:spawning/lakes",
          "terralith:warm_river"
        ]
      },
      "groupSpawnSettings": [
        {
          "spec": "Chewtle",
          "amount": {
            "min_value": 3,
            "max_value": 4
          },
          "spawn_range_minimum": {
            "x": 1,
            "y": 1,
            "z": 1
          },
          "spawn_range_maximum": {
            "x": 5,
            "y": 5,
            "z": 5
          },
          "chance": 0.3
        }
      ],
      "rarity": 100.0
    },
	{
      "spec": "species:Chewtle palette:skeletal",
      "stringLocationTypes": [
        "Land",
        "Rock Smash"
      ],
      "minLevel": 7,
      "maxLevel": 20,
      "typeID": "pokemon",
      "condition": {
        "biomes": [
          "minecraft:river",
          "#pixelmon:spawning/swamps",
          "#pixelmon:spawning/lakes",
          "terralith:warm_river"
        ]
      },
      "groupSpawnSettings": [
        {
          "spec": "Chewtle",
          "amount": {
            "min_value": 3,
            "max_value": 4
          },
          "spawn_range_minimum": {
            "x": 1,
            "y": 1,
            "z": 1
          },
          "spawn_range_maximum": {
            "x": 5,
            "y": 5,
            "z": 5
          },
          "chance": 0.3
        }
      ],
      "rarity": 10.0
    },
	{
      "spec": "species:Chewtle palette:vapor",
      "stringLocationTypes": [
        "Land",
        "Rock Smash"
      ],
      "minLevel": 7,
      "maxLevel": 20,
      "typeID": "pokemon",
      "condition": {
        "biomes": [
          "minecraft:river",
          "#pixelmon:spawning/swamps",
          "#pixelmon:spawning/lakes",
          "terralith:warm_river"
        ]
      },
      "groupSpawnSettings": [
        {
          "spec": "Chewtle",
          "amount": {
            "min_value": 3,
            "max_value": 4
          },
          "spawn_range_minimum": {
            "x": 1,
            "y": 1,
            "z": 1
          },
          "spawn_range_maximum": {
            "x": 5,
            "y": 5,
            "z": 5
          },
          "chance": 0.3
        }
      ],
      "rarity": 10.0
    },
    {
      "spec": "species:Chewtle",
      "stringLocationTypes": [
        "Land"
      ],
      "minLevel": 7,
      "maxLevel": 20,
      "typeID": "pokemon",
      "condition": {
        "biomes": [
          "pixelmon:ultra_deep_sea"
        ]
      },
      "rarity": 100.0
    },
	{
      "spec": "species:Chewtle palette:skeletal",
      "stringLocationTypes": [
        "Land"
      ],
      "minLevel": 7,
      "maxLevel": 20,
      "typeID": "pokemon",
      "condition": {
        "biomes": [
          "pixelmon:ultra_deep_sea"
        ]
      },
      "rarity": 10.0
    },
	{
      "spec": "species:Chewtle palette:vapor",
      "stringLocationTypes": [
        "Land"
      ],
      "minLevel": 7,
      "maxLevel": 20,
      "typeID": "pokemon",
      "condition": {
        "biomes": [
          "pixelmon:ultra_deep_sea"
        ]
      },
      "rarity": 10.0
    }
  ]
}
