{
  "id": "Chimchar",
  "spawnInfos": [
    {
      "spec": "species:Chimchar",
      "stringLocationTypes": [
        "Land"
      ],
      "minLevel": 5,
      "maxLevel": 13,
      "typeID": "pokemon",
      "condition": {
        "times": [
          "DAY"
        ],
        "biomes": [
          "#pixelmon:spawning/mountainous_forests",
          "#pixelmon:spawning/freezing_forests"
        ],
        "minY": 85
      },
      "rarityMultipliers": [
        {
          "multiplier": 2,
          "condition": {
            "weathers": [
              "CLEAR"
            ]
          }
        }
      ],
      "rarity": 10.0
    },
	{
      "spec": "species:Chimchar palette:diamond",
      "stringLocationTypes": [
        "Land"
      ],
      "minLevel": 5,
      "maxLevel": 13,
      "typeID": "pokemon",
      "condition": {
        "times": [
          "DAY"
        ],
        "biomes": [
          "#pixelmon:spawning/mountainous_forests",
          "#pixelmon:spawning/freezing_forests"
        ],
        "minY": 85
      },
      "rarityMultipliers": [
        {
          "multiplier": 2,
          "condition": {
            "weathers": [
              "CLEAR"
            ]
          }
        }
      ],
      "rarity": 1.0
    },
	{
      "spec": "species:Chimchar palette:faceless 1",
      "stringLocationTypes": [
        "Land"
      ],
      "minLevel": 5,
      "maxLevel": 13,
      "typeID": "pokemon",
      "condition": {
        "times": [
          "DAY"
        ],
        "biomes": [
          "#pixelmon:spawning/mountainous_forests",
          "#pixelmon:spawning/freezing_forests"
        ],
        "minY": 85
      },
      "rarityMultipliers": [
        {
          "multiplier": 2,
          "condition": {
            "weathers": [
              "CLEAR"
            ]
          }
        }
      ],
      "rarity": 1.0
    },
	{
      "spec": "species:Chimchar palette:faceless 2",
      "stringLocationTypes": [
        "Land"
      ],
      "minLevel": 5,
      "maxLevel": 13,
      "typeID": "pokemon",
      "condition": {
        "times": [
          "DAY"
        ],
        "biomes": [
          "#pixelmon:spawning/mountainous_forests",
          "#pixelmon:spawning/freezing_forests"
        ],
        "minY": 85
      },
      "rarityMultipliers": [
        {
          "multiplier": 2,
          "condition": {
            "weathers": [
              "CLEAR"
            ]
          }
        }
      ],
      "rarity": 1.0
    },
	{
      "spec": "species:Chimchar palette:gold",
      "stringLocationTypes": [
        "Land"
      ],
      "minLevel": 5,
      "maxLevel": 13,
      "typeID": "pokemon",
      "condition": {
        "times": [
          "DAY"
        ],
        "biomes": [
          "#pixelmon:spawning/mountainous_forests",
          "#pixelmon:spawning/freezing_forests"
        ],
        "minY": 85
      },
      "rarityMultipliers": [
        {
          "multiplier": 2,
          "condition": {
            "weathers": [
              "CLEAR"
            ]
          }
        }
      ],
      "rarity": 1.0
    },
	{
      "spec": "species:Chimchar palette:pearl",
      "stringLocationTypes": [
        "Land"
      ],
      "minLevel": 5,
      "maxLevel": 13,
      "typeID": "pokemon",
      "condition": {
        "times": [
          "DAY"
        ],
        "biomes": [
          "#pixelmon:spawning/mountainous_forests",
          "#pixelmon:spawning/freezing_forests"
        ],
        "minY": 85
      },
      "rarityMultipliers": [
        {
          "multiplier": 2,
          "condition": {
            "weathers": [
              "CLEAR"
            ]
          }
        }
      ],
      "rarity": 1.0
    }
  ]
}
