{
  "id": "Chinchou",
  "spawnInfos": [
    {
      "spec": "species:Chinchou",
      "stringLocationTypes": [
        "Seafloor"
      ],
      "minLevel": 12,
      "maxLevel": 27,
      "typeID": "pokemon",
      "heldItems": [
        {
          "itemID": "pixelmon:deep_sea_scale",
          "percentChance": 5
        }
      ],
      "condition": {
        "biomes": [
          "minecraft:deep_ocean",
          "minecraft:deep_warm_ocean",
          "minecraft:deep_lukewarm_ocean",
          "minecraft:deep_cold_ocean"
        ]
      },
      "rarity": 130.0
    },
	{
      "spec": "species:Chinchou palette:beta",
      "stringLocationTypes": [
        "Seafloor"
      ],
      "minLevel": 12,
      "maxLevel": 27,
      "typeID": "pokemon",
      "heldItems": [
        {
          "itemID": "pixelmon:deep_sea_scale",
          "percentChance": 5
        }
      ],
      "condition": {
        "biomes": [
          "minecraft:deep_ocean",
          "minecraft:deep_warm_ocean",
          "minecraft:deep_lukewarm_ocean",
          "minecraft:deep_cold_ocean"
        ]
      },
      "rarity": 13.0
    },
	{
      "spec": "species:Chinchou palette:dark",
      "stringLocationTypes": [
        "Seafloor"
      ],
      "minLevel": 12,
      "maxLevel": 27,
      "typeID": "pokemon",
      "heldItems": [
        {
          "itemID": "pixelmon:deep_sea_scale",
          "percentChance": 5
        }
      ],
      "condition": {
        "biomes": [
          "minecraft:deep_ocean",
          "minecraft:deep_warm_ocean",
          "minecraft:deep_lukewarm_ocean",
          "minecraft:deep_cold_ocean"
        ]
      },
      "rarity": 13.0
    },
	{
      "spec": "species:Chinchou palette:halloween 1",
      "stringLocationTypes": [
        "Seafloor"
      ],
      "minLevel": 12,
      "maxLevel": 27,
      "typeID": "pokemon",
      "heldItems": [
        {
          "itemID": "pixelmon:deep_sea_scale",
          "percentChance": 5
        }
      ],
      "condition": {
        "biomes": [
          "minecraft:deep_ocean",
          "minecraft:deep_warm_ocean",
          "minecraft:deep_lukewarm_ocean",
          "minecraft:deep_cold_ocean"
        ]
      },
      "rarity": 13.0
    },
	{
      "spec": "species:Chinchou palette:halloween 2",
      "stringLocationTypes": [
        "Seafloor"
      ],
      "minLevel": 12,
      "maxLevel": 27,
      "typeID": "pokemon",
      "heldItems": [
        {
          "itemID": "pixelmon:deep_sea_scale",
          "percentChance": 5
        }
      ],
      "condition": {
        "biomes": [
          "minecraft:deep_ocean",
          "minecraft:deep_warm_ocean",
          "minecraft:deep_lukewarm_ocean",
          "minecraft:deep_cold_ocean"
        ]
      },
      "rarity": 13.0
    },
	{
      "spec": "species:Chinchou palette:halloween 3",
      "stringLocationTypes": [
        "Seafloor"
      ],
      "minLevel": 12,
      "maxLevel": 27,
      "typeID": "pokemon",
      "heldItems": [
        {
          "itemID": "pixelmon:deep_sea_scale",
          "percentChance": 5
        }
      ],
      "condition": {
        "biomes": [
          "minecraft:deep_ocean",
          "minecraft:deep_warm_ocean",
          "minecraft:deep_lukewarm_ocean",
          "minecraft:deep_cold_ocean"
        ]
      },
      "rarity": 13.0
    },
	{
      "spec": "species:Chinchou palette:valentines",
      "stringLocationTypes": [
        "Seafloor"
      ],
      "minLevel": 12,
      "maxLevel": 27,
      "typeID": "pokemon",
      "heldItems": [
        {
          "itemID": "pixelmon:deep_sea_scale",
          "percentChance": 5
        }
      ],
      "condition": {
        "biomes": [
          "minecraft:deep_ocean",
          "minecraft:deep_warm_ocean",
          "minecraft:deep_lukewarm_ocean",
          "minecraft:deep_cold_ocean"
        ]
      },
      "rarity": 13.0
    }
  ]
}
