{
  "id": "Clamperl",
  "spawnInfos": [
    {
      "spec": "species:Clamperl",
      "stringLocationTypes": [
        "Seafloor"
      ],
      "minLevel": 15,
      "maxLevel": 30,
      "typeID": "pokemon",
      "heldItems": [
        {
          "itemID": "pixelmon:big_pearl",
          "percentChance": 5
        },
        {
          "itemID": "pixelmon:pearl",
          "percentChance": 50
        }
      ],
      "condition": {
        "biomes": [
          "#pixelmon:spawning/oceanic"
        ]
      },
      "rarity": 250.0
    },
	{
      "spec": "species:Clamperl palette:easter",
      "stringLocationTypes": [
        "Seafloor"
      ],
      "minLevel": 15,
      "maxLevel": 30,
      "typeID": "pokemon",
      "heldItems": [
        {
          "itemID": "pixelmon:big_pearl",
          "percentChance": 5
        },
        {
          "itemID": "pixelmon:pearl",
          "percentChance": 50
        }
      ],
      "condition": {
        "biomes": [
          "#pixelmon:spawning/oceanic"
        ]
      },
      "rarity": 25.0
    }
  ]
}
