{
  "id": "Clauncher",
  "spawnInfos": [
    {
      "spec": "species:Clauncher",
      "stringLocationTypes": [
        "Land",
        "Seafloor"
      ],
      "minLevel": 24,
      "maxLevel": 36,
      "typeID": "pokemon",
      "condition": {
        "times": [
          "DAY"
        ],
        "biomes": [
          "#pixelmon:spawning/beaches",
          "#pixelmon:spawning/oceanic"
        ]
      },
      "rarity": 90.0
    },
	{
      "spec": "species:Clauncher palette:metal",
      "stringLocationTypes": [
        "Land",
        "Seafloor"
      ],
      "minLevel": 24,
      "maxLevel": 36,
      "typeID": "pokemon",
      "condition": {
        "times": [
          "DAY"
        ],
        "biomes": [
          "#pixelmon:spawning/beaches",
          "#pixelmon:spawning/oceanic"
        ]
      },
      "rarity": 9.0
    }
  ]
}
