{
  "id": "Clawitzer",
  "spawnInfos": [
    {
      "spec": "species:Clawitzer",
      "stringLocationTypes": [
        "Water"
      ],
      "minLevel": 38,
      "maxLevel": 50,
      "typeID": "pokemon",
      "condition": {
        "times": [
          "DAY"
        ],
        "biomes": [
          "#pixelmon:spawning/oceanic"
        ]
      },
      "rarity": 10.0
    },
	{
      "spec": "species:Clawitzer palette:metal",
      "stringLocationTypes": [
        "Water"
      ],
      "minLevel": 38,
      "maxLevel": 50,
      "typeID": "pokemon",
      "condition": {
        "times": [
          "DAY"
        ],
        "biomes": [
          "#pixelmon:spawning/oceanic"
        ]
      },
      "rarity": 1.0
    }
  ]
}
