{
  "id": "Clobabust",
  "spawnInfos": [
    {
      "spec": "species:Clobabust",
      "stringLocationTypes": [
        "Land",
        "Rock Smash"
      ],
      "minLevel": 7,
      "maxLevel": 16,
      "typeID": "pokemon",
      "heldItems": [
        {
          "itemID": "pixelmon:hard_stone",
          "percentChance": 5
        },
        {
          "itemID": "pixelmon:ever_stone",
          "percentChance": 5
        }
      ],
      "condition": {
        "biomes": [
          "minecraft:windswept_savanna",
          "#pixelmon:spawning/mesas",
          "#pixelmon:spawning/volcanic",
          "terralith:savanna_badlands",
          "terralith:savanna_slopes"
        ]
      },
      "rarity": 250.0
    },
    {
      "spec": "species:Clobabust",
      "stringLocationTypes": [
        "Underground"
      ],
      "minLevel": 7,
      "maxLevel": 16,
      "typeID": "pokemon",
      "heldItems": [
        {
          "itemID": "pixelmon:hard_stone",
          "percentChance": 5
        },
        {
          "itemID": "pixelmon:ever_stone",
          "percentChance": 5
        }
      ],
      "condition": {
        "maxY": 70
      },
      "rarity": 130.0
    }
  ]
}
