{
  "id": "Clodsire",
  "spawnInfos": [
    {
      "spec": "species:Clodsire",
      "stringLocationTypes": [
        "Land",
        "Water"
      ],
      "minLevel": 20,
      "maxLevel": 50,
      "typeID": "pokemon",
      "condition": {
        "times": [
          "NIGHT",
          "DAWN"
        ],
        "biomes": [
          "#pixelmon:spawning/swamps"
        ]
      },
      "rarityMultipliers": [
        {
          "multiplier": 1.5,
          "condition": {
            "weathers": [
              "RAIN"
            ]
          }
        }
      ],
      "rarity": 30.0
    },
	{
      "spec": "species:Clodsire palette:pool",
      "stringLocationTypes": [
        "Land",
        "Water"
      ],
      "minLevel": 20,
      "maxLevel": 50,
      "typeID": "pokemon",
      "condition": {
        "times": [
          "NIGHT",
          "DAWN"
        ],
        "biomes": [
          "#pixelmon:spawning/swamps"
        ]
      },
      "rarityMultipliers": [
        {
          "multiplier": 1.5,
          "condition": {
            "weathers": [
              "RAIN"
            ]
          }
        }
      ],
      "rarity": 3.0
    }
  ]
}

