{
  "id": "Combee",
  "spawnInfos": [
    {
      "spec": "species:Combee",
      "stringLocationTypes": [
        "Air",
        "Headbutt",
        "Sweet Scent"
      ],
      "minLevel": 6,
      "maxLevel": 16,
      "typeID": "pokemon",
      "condition": {
        "times": [
          "DAWN",
          "DAY"
        ],
        "biomes": [
          "#pixelmon:spawning/flowery"
        ]
      },
      "groupSpawnSettings": [
        {
          "spec": "Combee",
          "amount": {
            "min_value": 3,
            "max_value": 5
          },
          "spawn_range_minimum": {
            "x": 1,
            "y": 1,
            "z": 1
          },
          "spawn_range_maximum": {
            "x": 5,
            "y": 5,
            "z": 5
          },
          "chance": 0.5
        }
      ],
      "rarity": 170.0
    },
	{
      "spec": "species:Combee palette:dark",
      "stringLocationTypes": [
        "Air",
        "Headbutt",
        "Sweet Scent"
      ],
      "minLevel": 6,
      "maxLevel": 16,
      "typeID": "pokemon",
      "condition": {
        "times": [
          "DAWN",
          "DAY"
        ],
        "biomes": [
          "#pixelmon:spawning/flowery"
        ]
      },
      "groupSpawnSettings": [
        {
          "spec": "Combee",
          "amount": {
            "min_value": 3,
            "max_value": 5
          },
          "spawn_range_minimum": {
            "x": 1,
            "y": 1,
            "z": 1
          },
          "spawn_range_maximum": {
            "x": 5,
            "y": 5,
            "z": 5
          },
          "chance": 0.5
        }
      ],
      "rarity": 17.0
    },
	{
      "spec": "species:Combee palette:rainbow 1",
      "stringLocationTypes": [
        "Air",
        "Headbutt",
        "Sweet Scent"
      ],
      "minLevel": 6,
      "maxLevel": 16,
      "typeID": "pokemon",
      "condition": {
        "times": [
          "DAWN",
          "DAY"
        ],
        "biomes": [
          "#pixelmon:spawning/flowery"
        ]
      },
      "groupSpawnSettings": [
        {
          "spec": "Combee",
          "amount": {
            "min_value": 3,
            "max_value": 5
          },
          "spawn_range_minimum": {
            "x": 1,
            "y": 1,
            "z": 1
          },
          "spawn_range_maximum": {
            "x": 5,
            "y": 5,
            "z": 5
          },
          "chance": 0.5
        }
      ],
      "rarity": 17.0
    },
	{
      "spec": "species:Combee palette:rainbow 2",
      "stringLocationTypes": [
        "Air",
        "Headbutt",
        "Sweet Scent"
      ],
      "minLevel": 6,
      "maxLevel": 16,
      "typeID": "pokemon",
      "condition": {
        "times": [
          "DAWN",
          "DAY"
        ],
        "biomes": [
          "#pixelmon:spawning/flowery"
        ]
      },
      "groupSpawnSettings": [
        {
          "spec": "Combee",
          "amount": {
            "min_value": 3,
            "max_value": 5
          },
          "spawn_range_minimum": {
            "x": 1,
            "y": 1,
            "z": 1
          },
          "spawn_range_maximum": {
            "x": 5,
            "y": 5,
            "z": 5
          },
          "chance": 0.5
        }
      ],
      "rarity": 17.0
    }
  ]
}
