{
  "id": "Combusken",
  "spawnInfos": [
    {
      "spec": "species:Combusken",
      "stringLocationTypes": [
        "Land"
      ],
      "minLevel": 16,
      "maxLevel": 35,
      "typeID": "pokemon",
      "condition": {
        "times": [
          "AFTERNOON"
        ],
        "biomes": [
          "#pixelmon:spawning/savannas"
        ]
      },
      "rarity": 1.0
    },
	{
      "spec": "species:Combusken palette:akuma",
      "stringLocationTypes": [
        "Land"
      ],
      "minLevel": 16,
      "maxLevel": 35,
      "typeID": "pokemon",
      "condition": {
        "times": [
          "AFTERNOON"
        ],
        "biomes": [
          "#pixelmon:spawning/savannas"
        ]
      },
      "rarity": 0.1
    },
	{
      "spec": "species:Combusken palette:diamond",
      "stringLocationTypes": [
        "Land"
      ],
      "minLevel": 16,
      "maxLevel": 35,
      "typeID": "pokemon",
      "condition": {
        "times": [
          "AFTERNOON"
        ],
        "biomes": [
          "#pixelmon:spawning/savannas"
        ]
      },
      "rarity": 0.1
    },
	{
      "spec": "species:Combusken palette:heroic",
      "stringLocationTypes": [
        "Land"
      ],
      "minLevel": 16,
      "maxLevel": 35,
      "typeID": "pokemon",
      "condition": {
        "times": [
          "AFTERNOON"
        ],
        "biomes": [
          "#pixelmon:spawning/savannas"
        ]
      },
      "rarity": 0.1
    },
	{
      "spec": "species:Combusken palette:pearl",
      "stringLocationTypes": [
        "Land"
      ],
      "minLevel": 16,
      "maxLevel": 35,
      "typeID": "pokemon",
      "condition": {
        "times": [
          "AFTERNOON"
        ],
        "biomes": [
          "#pixelmon:spawning/savannas"
        ]
      },
      "rarity": 0.1
    },
	{
      "spec": "species:Combusken palette:sun",
      "stringLocationTypes": [
        "Land"
      ],
      "minLevel": 16,
      "maxLevel": 35,
      "typeID": "pokemon",
      "condition": {
        "times": [
          "AFTERNOON"
        ],
        "biomes": [
          "#pixelmon:spawning/savannas"
        ]
      },
      "rarity": 0.1
    }
  ]
}
