{
  "id": "Cottonee",
  "spawnInfos": [
    {
      "spec": "species:Cottonee",
      "stringLocationTypes": [
        "Land"
      ],
      "minLevel": 5,
      "maxLevel": 25,
      "typeID": "pokemon",
      "heldItems": [
        {
          "itemID": "pixelmon:absorb_bulb",
          "percentChance": 5
        }
      ],
      "condition": {
        "times": [
          "DAY"
        ],
        "weathers": [
          "CLEAR"
        ],
        "biomes": [
          "#pixelmon:spawning/flowery"
        ]
      },
      "rarity": 130.0
    },
	{
      "spec": "species:Cottonee palette:cosmic 1",
      "stringLocationTypes": [
        "Land"
      ],
      "minLevel": 5,
      "maxLevel": 25,
      "typeID": "pokemon",
      "heldItems": [
        {
          "itemID": "pixelmon:absorb_bulb",
          "percentChance": 5
        }
      ],
      "condition": {
        "times": [
          "DAY"
        ],
        "weathers": [
          "CLEAR"
        ],
        "biomes": [
          "#pixelmon:spawning/flowery"
        ]
      },
      "rarity": 13.0
    },
	{
      "spec": "species:Cottonee palette:cosmic 2",
      "stringLocationTypes": [
        "Land"
      ],
      "minLevel": 5,
      "maxLevel": 25,
      "typeID": "pokemon",
      "heldItems": [
        {
          "itemID": "pixelmon:absorb_bulb",
          "percentChance": 5
        }
      ],
      "condition": {
        "times": [
          "DAY"
        ],
        "weathers": [
          "CLEAR"
        ],
        "biomes": [
          "#pixelmon:spawning/flowery"
        ]
      },
      "rarity": 13.0
    },
	{
      "spec": "species:Cottonee form:centonian",
      "stringLocationTypes": [
        "Land"
      ],
      "minLevel": 5,
      "maxLevel": 25,
      "typeID": "pokemon",
      "heldItems": [
        {
          "itemID": "pixelmon:absorb_bulb",
          "percentChance": 5
        }
      ],
      "condition": {
        "times": [
          "DAY"
        ],
        "weathers": [
          "CLEAR"
        ],
        "biomes": [
          "#pixelmon:spawning/flowery"
        ]
      },
      "rarity": 13.0
    }
  ]
}
