{
  "id": "Crabominable",
  "spawnInfos": [
    {
      "spec": "species:Crabominable",
      "stringLocationTypes": [
        "Land"
      ],
      "minLevel": 15,
      "maxLevel": 35,
      "typeID": "pokemon",
      "heldItems": [
        {
          "itemID": "pixelmon:cheri_berry",
          "percentChance": 5
        }
      ],
      "condition": {
        "times": [
          "NIGHT"
        ],
        "biomes": [
          "minecraft:snowy_beach",
          "byg:snowy_black_beach",
          "byg:snowy_rocky_black_beach"
        ]
      },
      "rarity": 0.5
    }
  ]
}
