{
  "id": "Crawdaunt",
  "spawnInfos": [
    {
      "spec": "species:Crawdaunt",
      "stringLocationTypes": [
        "Land"
      ],
      "minLevel": 30,
      "maxLevel": 55,
      "typeID": "pokemon",
      "condition": {
        "times": [
          "NIGHT"
        ],
        "biomes": [
          "minecraft:river",
          "#pixelmon:spawning/swamps",
          "#pixelmon:spawning/lakes",
          "terralith:warm_river"
        ]
      },
      "rarity": 8.0
    },
	{
      "spec": "species:Crawdaunt palette:demonic",
      "stringLocationTypes": [
        "Land"
      ],
      "minLevel": 30,
      "maxLevel": 55,
      "typeID": "pokemon",
      "condition": {
        "times": [
          "NIGHT"
        ],
        "biomes": [
          "minecraft:river",
          "#pixelmon:spawning/swamps",
          "#pixelmon:spawning/lakes",
          "terralith:warm_river"
        ]
      },
      "rarity": 0.8
    },
	{
      "spec": "species:Crawdaunt palette:fusion",
      "stringLocationTypes": [
        "Land"
      ],
      "minLevel": 30,
      "maxLevel": 55,
      "typeID": "pokemon",
      "condition": {
        "times": [
          "NIGHT"
        ],
        "biomes": [
          "minecraft:river",
          "#pixelmon:spawning/swamps",
          "#pixelmon:spawning/lakes",
          "terralith:warm_river"
        ]
      },
      "rarity": 0.8
    },
	{
      "spec": "species:Crawdaunt palette:mecha",
      "stringLocationTypes": [
        "Land"
      ],
      "minLevel": 30,
      "maxLevel": 55,
      "typeID": "pokemon",
      "condition": {
        "times": [
          "NIGHT"
        ],
        "biomes": [
          "minecraft:river",
          "#pixelmon:spawning/swamps",
          "#pixelmon:spawning/lakes",
          "terralith:warm_river"
        ]
      },
      "rarity": 0.8
    }
  ]
}
