{
  "id": "Croagunk",
  "spawnInfos": [
    {
      "spec": "species:Croagunk",
      "stringLocationTypes": [
        "Land"
      ],
      "minLevel": 25,
      "maxLevel": 36,
      "typeID": "pokemon",
      "heldItems": [
        {
          "itemID": "pixelmon:black_sludge",
          "percentChance": 5
        }
      ],
      "condition": {
        "times": [
          "AFTERNOON",
          "DUSK",
          "NIGHT"
        ],
        "biomes": [
          "#pixelmon:spawning/swamps",
          "minecraft:river",
          "#pixelmon:spawning/lakes",
          "pixelmon:ultra_deep_sea",
          "terralith:warm_river"
        ]
      },
      "rarity": 130.0
    },
	{
      "spec": "species:Croagunk palette:dream",
      "stringLocationTypes": [
        "Land"
      ],
      "minLevel": 25,
      "maxLevel": 36,
      "typeID": "pokemon",
      "heldItems": [
        {
          "itemID": "pixelmon:black_sludge",
          "percentChance": 5
        }
      ],
      "condition": {
        "times": [
          "AFTERNOON",
          "DUSK",
          "NIGHT"
        ],
        "biomes": [
          "#pixelmon:spawning/swamps",
          "minecraft:river",
          "#pixelmon:spawning/lakes",
          "pixelmon:ultra_deep_sea",
          "terralith:warm_river"
        ]
      },
      "rarity": 13.0
    },
	{
      "spec": "species:Croagunk palette:poison",
      "stringLocationTypes": [
        "Land"
      ],
      "minLevel": 25,
      "maxLevel": 36,
      "typeID": "pokemon",
      "heldItems": [
        {
          "itemID": "pixelmon:black_sludge",
          "percentChance": 5
        }
      ],
      "condition": {
        "times": [
          "AFTERNOON",
          "DUSK",
          "NIGHT"
        ],
        "biomes": [
          "#pixelmon:spawning/swamps",
          "minecraft:river",
          "#pixelmon:spawning/lakes",
          "pixelmon:ultra_deep_sea",
          "terralith:warm_river"
        ]
      },
      "rarity": 13.0
    },
	{
      "spec": "species:Croagunk palette:toxic",
      "stringLocationTypes": [
        "Land"
      ],
      "minLevel": 25,
      "maxLevel": 36,
      "typeID": "pokemon",
      "heldItems": [
        {
          "itemID": "pixelmon:black_sludge",
          "percentChance": 5
        }
      ],
      "condition": {
        "times": [
          "AFTERNOON",
          "DUSK",
          "NIGHT"
        ],
        "biomes": [
          "#pixelmon:spawning/swamps",
          "minecraft:river",
          "#pixelmon:spawning/lakes",
          "pixelmon:ultra_deep_sea",
          "terralith:warm_river"
        ]
      },
      "rarity": 13.0
    }
  ]
}
