{
  "id": "Cursola",
  "spawnInfos": [
    {
      "spec": "species:Cursola",
      "stringLocationTypes": [
        "Seafloor"
      ],
      "minLevel": 40,
      "maxLevel": 55,
      "typeID": "pokemon",
      "condition": {
        "times": [
          "DUSK",
          "NIGHT"
        ],
        "biomes": [
          "#pixelmon:spawning/oceanic"
        ]
      },
      "rarity": 1.0
    },
	{
      "spec": "species:Cursola palette:vapor",
      "stringLocationTypes": [
        "Seafloor"
      ],
      "minLevel": 40,
      "maxLevel": 55,
      "typeID": "pokemon",
      "condition": {
        "times": [
          "DUSK",
          "NIGHT"
        ],
        "biomes": [
          "#pixelmon:spawning/oceanic"
        ]
      },
      "rarity": 0.1
    },
    {
      "spec": "species:Cursola",
      "stringLocationTypes": [
        "Seafloor"
      ],
      "minLevel": 40,
      "maxLevel": 55,
      "typeID": "pokemon",
      "condition": {
        "biomes": [
          "byg:dead_sea"
        ]
      },
      "rarity": 1.0
    },
	{
      "spec": "species:Cursola palette:vapor",
      "stringLocationTypes": [
        "Seafloor"
      ],
      "minLevel": 40,
      "maxLevel": 55,
      "typeID": "pokemon",
      "condition": {
        "biomes": [
          "byg:dead_sea"
        ]
      },
      "rarity": 0.1
    }
  ]
}
