{
  "id": "Cutiefly",
  "spawnInfos": [
    {
      "spec": "species:Cutiefly",
      "stringLocationTypes": [
        "Land",
        "Sweet Scent"
      ],
      "minLevel": 5,
      "maxLevel": 24,
      "typeID": "pokemon",
      "condition": {
        "times": [
          "DAWN",
          "MORNING"
        ],
        "biomes": [
          "#pixelmon:spawning/flowery"
        ]
      },
      "rarity": 130.0
    },
	{
      "spec": "species:Cutiefly palette:halloween",
      "stringLocationTypes": [
        "Land",
        "Sweet Scent"
      ],
      "minLevel": 5,
      "maxLevel": 24,
      "typeID": "pokemon",
      "condition": {
        "times": [
          "DAWN",
          "MORNING"
        ],
        "biomes": [
          "#pixelmon:spawning/flowery"
        ]
      },
      "rarity": 13.0
    },
	{
      "spec": "species:Cutiefly palette:valentines",
      "stringLocationTypes": [
        "Land",
        "Sweet Scent"
      ],
      "minLevel": 5,
      "maxLevel": 24,
      "typeID": "pokemon",
      "condition": {
        "times": [
          "DAWN",
          "MORNING"
        ],
        "biomes": [
          "#pixelmon:spawning/flowery"
        ]
      },
      "rarity": 13.0
    },
	{
      "spec": "species:Cutiefly palette:winter 1",
      "stringLocationTypes": [
        "Land",
        "Sweet Scent"
      ],
      "minLevel": 5,
      "maxLevel": 24,
      "typeID": "pokemon",
      "condition": {
        "times": [
          "DAWN",
          "MORNING"
        ],
        "biomes": [
          "#pixelmon:spawning/flowery"
        ]
      },
      "rarity": 13.0
    },
	{
      "spec": "species:Cutiefly palette:winter 2",
      "stringLocationTypes": [
        "Land",
        "Sweet Scent"
      ],
      "minLevel": 5,
      "maxLevel": 24,
      "typeID": "pokemon",
      "condition": {
        "times": [
          "DAWN",
          "MORNING"
        ],
        "biomes": [
          "#pixelmon:spawning/flowery"
        ]
      },
      "rarity": 13.0
    }
  ]
}
