{
  "id": "Darumaka",
  "spawnInfos": [
    {
      "spec": "species:Darumaka",
      "stringLocationTypes": [
        "Land"
      ],
      "minLevel": 23,
      "maxLevel": 34,
      "typeID": "pokemon",
      "condition": {
        "times": [
          "DAWN",
          "DAY"
        ],
        "biomes": [
          "#pixelmon:spawning/arid"
        ],
        "minY": 85
      },
      "rarity": 90.0
    },
	{
      "spec": "species:Darumaka palette:dark",
      "stringLocationTypes": [
        "Land"
      ],
      "minLevel": 23,
      "maxLevel": 34,
      "typeID": "pokemon",
      "condition": {
        "times": [
          "DAWN",
          "DAY"
        ],
        "biomes": [
          "#pixelmon:spawning/arid"
        ],
        "minY": 85
      },
      "rarity": 9.0
    },
	{
      "spec": "species:Darumaka palette:dream",
      "stringLocationTypes": [
        "Land"
      ],
      "minLevel": 23,
      "maxLevel": 34,
      "typeID": "pokemon",
      "condition": {
        "times": [
          "DAWN",
          "DAY"
        ],
        "biomes": [
          "#pixelmon:spawning/arid"
        ],
        "minY": 85
      },
      "rarity": 9.0
    },
	{
      "spec": "species:Darumaka palette:rainbow",
      "stringLocationTypes": [
        "Land"
      ],
      "minLevel": 23,
      "maxLevel": 34,
      "typeID": "pokemon",
      "condition": {
        "times": [
          "DAWN",
          "DAY"
        ],
        "biomes": [
          "#pixelmon:spawning/arid"
        ],
        "minY": 85
      },
      "rarity": 9.0
    },
	{
      "spec": "species:Darumaka palette:rgb",
      "stringLocationTypes": [
        "Land"
      ],
      "minLevel": 23,
      "maxLevel": 34,
      "typeID": "pokemon",
      "condition": {
        "times": [
          "DAWN",
          "DAY"
        ],
        "biomes": [
          "#pixelmon:spawning/arid"
        ],
        "minY": 85
      },
      "rarity": 9.0
    },
    {
      "spec": "species:Darumaka form:galarian",
      "stringLocationTypes": [
        "Land"
      ],
      "minLevel": 23,
      "maxLevel": 34,
      "typeID": "pokemon",
      "condition": {
        "times": [
          "DUSK",
          "NIGHT"
        ],
        "biomes": [
          "#pixelmon:spawning/freezing_mountains"
        ]
      },
      "rarity": 25.0
    }
  ]
}
