{
  "id": "Dedenne",
  "spawnInfos": [
    {
      "spec": "species:Dedenne",
      "stringLocationTypes": [
        "Land"
      ],
      "minLevel": 12,
      "maxLevel": 23,
      "typeID": "pokemon",
      "condition": {
        "times": [
          "DAY"
        ],
        "biomes": [
          "#pixelmon:spawning/redwoods"
        ]
      },
      "rarityMultipliers": [
        {
          "multiplier": 1.5,
          "condition": {
            "weathers": [
              "STORM"
            ]
          }
        }
      ],
      "rarity": 130.0
    },
	{
      "spec": "species:Dedenne palette:otaku",
      "stringLocationTypes": [
        "Land"
      ],
      "minLevel": 12,
      "maxLevel": 23,
      "typeID": "pokemon",
      "condition": {
        "times": [
          "DAY"
        ],
        "biomes": [
          "#pixelmon:spawning/redwoods"
        ]
      },
      "rarityMultipliers": [
        {
          "multiplier": 1.5,
          "condition": {
            "weathers": [
              "STORM"
            ]
          }
        }
      ],
      "rarity": 13.0
    },
    {
      "spec": "species:Dedenne",
      "stringLocationTypes": [
        "Land"
      ],
      "minLevel": 12,
      "maxLevel": 23,
      "typeID": "pokemon",
      "condition": {
        "times": [
          "DAY"
        ],
        "biomes": [
          "pixelmon:ultra_plant"
        ]
      },
      "rarity": 100.0
    },
	{
      "spec": "species:Dedenne palette:otaku",
      "stringLocationTypes": [
        "Land"
      ],
      "minLevel": 12,
      "maxLevel": 23,
      "typeID": "pokemon",
      "condition": {
        "times": [
          "DAY"
        ],
        "biomes": [
          "pixelmon:ultra_plant"
        ]
      },
      "rarity": 10.0
    }
  ]
}
