{
  "id": "Deerling",
  "spawnInfos": [
    {
      "spec": "species:Deerling form:spring",
      "stringLocationTypes": [
        "Land"
      ],
      "minLevel": 21,
      "maxLevel": 33,
      "typeID": "pokemon",
      "condition": {
        "biomes": [
          "#pixelmon:spawning/flowery",
          "#pixelmon:spawning/birches"
        ]
      },
      "groupSpawnSettings": [
        {
          "spec": "Deerling form:spring",
          "amount": {
            "min_value": 3,
            "max_value": 4
          },
          "spawn_range_minimum": {
            "x": 1,
            "y": 1,
            "z": 1
          },
          "spawn_range_maximum": {
            "x": 5,
            "y": 5,
            "z": 5
          },
          "chance": 0.3
        }
      ],
      "rarity": 130.0
    },
	{
      "spec": "species:Deerling form:spring palette:halloween",
      "stringLocationTypes": [
        "Land"
      ],
      "minLevel": 21,
      "maxLevel": 33,
      "typeID": "pokemon",
      "condition": {
        "biomes": [
          "#pixelmon:spawning/flowery",
          "#pixelmon:spawning/birches"
        ]
      },
      "groupSpawnSettings": [
        {
          "spec": "Deerling form:spring",
          "amount": {
            "min_value": 3,
            "max_value": 4
          },
          "spawn_range_minimum": {
            "x": 1,
            "y": 1,
            "z": 1
          },
          "spawn_range_maximum": {
            "x": 5,
            "y": 5,
            "z": 5
          },
          "chance": 0.3
        }
      ],
      "rarity": 13.0
    },
    {
      "spec": "species:Deerling form:summer",
      "stringLocationTypes": [
        "Land"
      ],
      "minLevel": 21,
      "maxLevel": 33,
      "typeID": "pokemon",
      "condition": {
        "biomes": [
          "#pixelmon:spawning/forests",
          "#pixelmon:spawning/roofed",
          "#pixelmon:spawning/magical"
        ]
      },
      "groupSpawnSettings": [
        {
          "spec": "Deerling form:summer",
          "amount": {
            "min_value": 3,
            "max_value": 4
          },
          "spawn_range_minimum": {
            "x": 1,
            "y": 1,
            "z": 1
          },
          "spawn_range_maximum": {
            "x": 5,
            "y": 5,
            "z": 5
          },
          "chance": 0.3
        }
      ],
      "rarity": 130.0
    },
	{
      "spec": "species:Deerling form:summer palette:halloween",
      "stringLocationTypes": [
        "Land"
      ],
      "minLevel": 21,
      "maxLevel": 33,
      "typeID": "pokemon",
      "condition": {
        "biomes": [
          "#pixelmon:spawning/forests",
          "#pixelmon:spawning/roofed",
          "#pixelmon:spawning/magical"
        ]
      },
      "groupSpawnSettings": [
        {
          "spec": "Deerling form:summer",
          "amount": {
            "min_value": 3,
            "max_value": 4
          },
          "spawn_range_minimum": {
            "x": 1,
            "y": 1,
            "z": 1
          },
          "spawn_range_maximum": {
            "x": 5,
            "y": 5,
            "z": 5
          },
          "chance": 0.3
        }
      ],
      "rarity": 13.0
    },
    {
      "spec": "species:Deerling form:autumn",
      "stringLocationTypes": [
        "Land"
      ],
      "minLevel": 21,
      "maxLevel": 33,
      "typeID": "pokemon",
      "condition": {
        "biomes": [
          "#pixelmon:spawning/redwoods",
          "#pixelmon:spawning/taigas"
        ]
      },
      "groupSpawnSettings": [
        {
          "spec": "Deerling form:autumn",
          "amount": {
            "min_value": 3,
            "max_value": 4
          },
          "spawn_range_minimum": {
            "x": 1,
            "y": 1,
            "z": 1
          },
          "spawn_range_maximum": {
            "x": 5,
            "y": 5,
            "z": 5
          },
          "chance": 0.3
        }
      ],
      "rarity": 130.0
    },
	{
      "spec": "species:Deerling form:autumn palette:christmas",
      "stringLocationTypes": [
        "Land"
      ],
      "minLevel": 21,
      "maxLevel": 33,
      "typeID": "pokemon",
      "condition": {
        "biomes": [
          "#pixelmon:spawning/redwoods",
          "#pixelmon:spawning/taigas"
        ]
      },
      "groupSpawnSettings": [
        {
          "spec": "Deerling form:autumn",
          "amount": {
            "min_value": 3,
            "max_value": 4
          },
          "spawn_range_minimum": {
            "x": 1,
            "y": 1,
            "z": 1
          },
          "spawn_range_maximum": {
            "x": 5,
            "y": 5,
            "z": 5
          },
          "chance": 0.3
        }
      ],
      "rarity": 13.0
    },
	{
      "spec": "species:Deerling form:autumn palette:halloween",
      "stringLocationTypes": [
        "Land"
      ],
      "minLevel": 21,
      "maxLevel": 33,
      "typeID": "pokemon",
      "condition": {
        "biomes": [
          "#pixelmon:spawning/redwoods",
          "#pixelmon:spawning/taigas"
        ]
      },
      "groupSpawnSettings": [
        {
          "spec": "Deerling form:autumn",
          "amount": {
            "min_value": 3,
            "max_value": 4
          },
          "spawn_range_minimum": {
            "x": 1,
            "y": 1,
            "z": 1
          },
          "spawn_range_maximum": {
            "x": 5,
            "y": 5,
            "z": 5
          },
          "chance": 0.3
        }
      ],
      "rarity": 13.0
    },
    {
      "spec": "species:Deerling form:winter",
      "stringLocationTypes": [
        "Land"
      ],
      "minLevel": 21,
      "maxLevel": 33,
      "typeID": "pokemon",
      "condition": {
        "biomes": [
          "#pixelmon:spawning/freezing_forests"
        ]
      },
      "groupSpawnSettings": [
        {
          "spec": "Deerling form:winter",
          "amount": {
            "min_value": 3,
            "max_value": 4
          },
          "spawn_range_minimum": {
            "x": 1,
            "y": 1,
            "z": 1
          },
          "spawn_range_maximum": {
            "x": 5,
            "y": 5,
            "z": 5
          },
          "chance": 0.3
        }
      ],
      "rarity": 130.0
    },
	{
      "spec": "species:Deerling form:winter palette:halloween",
      "stringLocationTypes": [
        "Land"
      ],
      "minLevel": 21,
      "maxLevel": 33,
      "typeID": "pokemon",
      "condition": {
        "biomes": [
          "#pixelmon:spawning/freezing_forests"
        ]
      },
      "groupSpawnSettings": [
        {
          "spec": "Deerling form:winter",
          "amount": {
            "min_value": 3,
            "max_value": 4
          },
          "spawn_range_minimum": {
            "x": 1,
            "y": 1,
            "z": 1
          },
          "spawn_range_maximum": {
            "x": 5,
            "y": 5,
            "z": 5
          },
          "chance": 0.3
        }
      ],
      "rarity": 13.0
    }
  ]
}
