{
  "id": "Delibird",
  "spawnInfos": [
    {
      "spec": "species:Delibird",
      "stringLocationTypes": [
        "Land"
      ],
      "minLevel": 10,
      "maxLevel": 55,
      "typeID": "pokemon",
      "condition": {
        "times": [
          "NIGHT"
        ],
        "biomes": [
          "#pixelmon:spawning/freezing_mountains",
          "#pixelmon:spawning/mountainous"
        ],
        "minY": 120
      },
      "rarity": 30.0
    },
	{
      "spec": "species:Delibird palette:festive",
      "stringLocationTypes": [
        "Land"
      ],
      "minLevel": 10,
      "maxLevel": 55,
      "typeID": "pokemon",
      "condition": {
        "times": [
          "NIGHT"
        ],
        "biomes": [
          "#pixelmon:spawning/freezing_mountains",
          "#pixelmon:spawning/mountainous"
        ],
        "minY": 120
      },
      "rarity": 3.0
    },
	{
      "spec": "species:Delibird palette:gold",
      "stringLocationTypes": [
        "Land"
      ],
      "minLevel": 10,
      "maxLevel": 55,
      "typeID": "pokemon",
      "condition": {
        "times": [
          "NIGHT"
        ],
        "biomes": [
          "#pixelmon:spawning/freezing_mountains",
          "#pixelmon:spawning/mountainous"
        ],
        "minY": 120
      },
      "rarity": 3.0
    },
	{
      "spec": "species:Delibird palette:halloween",
      "stringLocationTypes": [
        "Land"
      ],
      "minLevel": 10,
      "maxLevel": 55,
      "typeID": "pokemon",
      "condition": {
        "times": [
          "NIGHT"
        ],
        "biomes": [
          "#pixelmon:spawning/freezing_mountains",
          "#pixelmon:spawning/mountainous"
        ],
        "minY": 120
      },
      "rarity": 3.0
    },
	{
      "spec": "species:Delibird palette:magma",
      "stringLocationTypes": [
        "Land"
      ],
      "minLevel": 10,
      "maxLevel": 55,
      "typeID": "pokemon",
      "condition": {
        "times": [
          "NIGHT"
        ],
        "biomes": [
          "#pixelmon:spawning/freezing_mountains",
          "#pixelmon:spawning/mountainous"
        ],
        "minY": 120
      },
      "rarity": 3.0
    },
	{
      "spec": "species:Delibird palette:nippon",
      "stringLocationTypes": [
        "Land"
      ],
      "minLevel": 10,
      "maxLevel": 55,
      "typeID": "pokemon",
      "condition": {
        "times": [
          "NIGHT"
        ],
        "biomes": [
          "#pixelmon:spawning/freezing_mountains",
          "#pixelmon:spawning/mountainous"
        ],
        "minY": 120
      },
      "rarity": 3.0
    },
	{
      "spec": "species:Delibird palette:otaku",
      "stringLocationTypes": [
        "Land"
      ],
      "minLevel": 10,
      "maxLevel": 55,
      "typeID": "pokemon",
      "condition": {
        "times": [
          "NIGHT"
        ],
        "biomes": [
          "#pixelmon:spawning/freezing_mountains",
          "#pixelmon:spawning/mountainous"
        ],
        "minY": 120
      },
      "rarity": 3.0
    }
  ]
}
