{
  "id": "Dewgong",
  "spawnInfos": [
    {
      "spec": "species:Dewgong",
      "stringLocationTypes": [
        "Water",
        "Land"
      ],
      "minLevel": 34,
      "maxLevel": 50,
      "typeID": "pokemon",
      "condition": {
        "times": [
          "DAWN",
          "DAY"
        ],
        "biomes": [
          "minecraft:frozen_ocean",
          "minecraft:deep_frozen_ocean",
          "minecraft:cold_ocean",
          "minecraft:deep_cold_ocean",
          "minecraft:snowy_beach",
          "byg:snowy_rocky_black_beach",
          "byg:snowy_black_beach",
          "byg:frozen_lake"
        ]
      },
      "groupSpawnSettings": [
        {
          "spec": "Seel",
          "amount": {
            "min_value": 3,
            "max_value": 4
          },
          "spawn_range_minimum": {
            "x": 1,
            "y": 1,
            "z": 1
          },
          "spawn_range_maximum": {
            "x": 5,
            "y": 5,
            "z": 5
          },
          "chance": 0.5
        }
      ],
      "rarity": 8.0
    },
	{
      "spec": "species:Dewgong palette:event",
      "stringLocationTypes": [
        "Water",
        "Land"
      ],
      "minLevel": 34,
      "maxLevel": 50,
      "typeID": "pokemon",
      "condition": {
        "times": [
          "DAWN",
          "DAY"
        ],
        "biomes": [
          "minecraft:frozen_ocean",
          "minecraft:deep_frozen_ocean",
          "minecraft:cold_ocean",
          "minecraft:deep_cold_ocean",
          "minecraft:snowy_beach",
          "byg:snowy_rocky_black_beach",
          "byg:snowy_black_beach",
          "byg:frozen_lake"
        ]
      },
      "groupSpawnSettings": [
        {
          "spec": "Seel",
          "amount": {
            "min_value": 3,
            "max_value": 4
          },
          "spawn_range_minimum": {
            "x": 1,
            "y": 1,
            "z": 1
          },
          "spawn_range_maximum": {
            "x": 5,
            "y": 5,
            "z": 5
          },
          "chance": 0.5
        }
      ],
      "rarity": 0.8
    },
	{
      "spec": "species:Dewgong palette:purified 1",
      "stringLocationTypes": [
        "Water",
        "Land"
      ],
      "minLevel": 34,
      "maxLevel": 50,
      "typeID": "pokemon",
      "condition": {
        "times": [
          "DAWN",
          "DAY"
        ],
        "biomes": [
          "minecraft:frozen_ocean",
          "minecraft:deep_frozen_ocean",
          "minecraft:cold_ocean",
          "minecraft:deep_cold_ocean",
          "minecraft:snowy_beach",
          "byg:snowy_rocky_black_beach",
          "byg:snowy_black_beach",
          "byg:frozen_lake"
        ]
      },
      "groupSpawnSettings": [
        {
          "spec": "Seel",
          "amount": {
            "min_value": 3,
            "max_value": 4
          },
          "spawn_range_minimum": {
            "x": 1,
            "y": 1,
            "z": 1
          },
          "spawn_range_maximum": {
            "x": 5,
            "y": 5,
            "z": 5
          },
          "chance": 0.5
        }
      ],
      "rarity": 0.8
    },
	{
      "spec": "species:Dewgong palette:purified 2",
      "stringLocationTypes": [
        "Water",
        "Land"
      ],
      "minLevel": 34,
      "maxLevel": 50,
      "typeID": "pokemon",
      "condition": {
        "times": [
          "DAWN",
          "DAY"
        ],
        "biomes": [
          "minecraft:frozen_ocean",
          "minecraft:deep_frozen_ocean",
          "minecraft:cold_ocean",
          "minecraft:deep_cold_ocean",
          "minecraft:snowy_beach",
          "byg:snowy_rocky_black_beach",
          "byg:snowy_black_beach",
          "byg:frozen_lake"
        ]
      },
      "groupSpawnSettings": [
        {
          "spec": "Seel",
          "amount": {
            "min_value": 3,
            "max_value": 4
          },
          "spawn_range_minimum": {
            "x": 1,
            "y": 1,
            "z": 1
          },
          "spawn_range_maximum": {
            "x": 5,
            "y": 5,
            "z": 5
          },
          "chance": 0.5
        }
      ],
      "rarity": 0.8
    },
	{
      "spec": "species:Dewgong palette:shadow",
      "stringLocationTypes": [
        "Water",
        "Land"
      ],
      "minLevel": 34,
      "maxLevel": 50,
      "typeID": "pokemon",
      "condition": {
        "times": [
          "DAWN",
          "DAY"
        ],
        "biomes": [
          "minecraft:frozen_ocean",
          "minecraft:deep_frozen_ocean",
          "minecraft:cold_ocean",
          "minecraft:deep_cold_ocean",
          "minecraft:snowy_beach",
          "byg:snowy_rocky_black_beach",
          "byg:snowy_black_beach",
          "byg:frozen_lake"
        ]
      },
      "groupSpawnSettings": [
        {
          "spec": "Seel",
          "amount": {
            "min_value": 3,
            "max_value": 4
          },
          "spawn_range_minimum": {
            "x": 1,
            "y": 1,
            "z": 1
          },
          "spawn_range_maximum": {
            "x": 5,
            "y": 5,
            "z": 5
          },
          "chance": 0.5
        }
      ],
      "rarity": 0.8
    }
  ]
}
