{
  "id": "Dewott",
  "spawnInfos": [
    {
      "spec": "species:Dewott",
      "stringLocationTypes": [
        "Land"
      ],
      "minLevel": 17,
      "maxLevel": 35,
      "typeID": "pokemon",
      "condition": {
        "times": [
          "AFTERNOON"
        ],
        "biomes": [
          "minecraft:stony_shore",
          "byg:basalt_barrera",
          "byg:rocky_beach",
          "terralith:gravel_beach"
        ]
      },
      "rarityMultipliers": [
        {
          "multiplier": 2,
          "condition": {
            "weathers": [
              "RAIN"
            ]
          }
        }
      ],
      "rarity": 1.0
    },
	{
      "spec": "species:Dewott palette:diamond",
      "stringLocationTypes": [
        "Land"
      ],
      "minLevel": 17,
      "maxLevel": 35,
      "typeID": "pokemon",
      "condition": {
        "times": [
          "AFTERNOON"
        ],
        "biomes": [
          "minecraft:stony_shore",
          "byg:basalt_barrera",
          "byg:rocky_beach",
          "terralith:gravel_beach"
        ]
      },
      "rarityMultipliers": [
        {
          "multiplier": 2,
          "condition": {
            "weathers": [
              "RAIN"
            ]
          }
        }
      ],
      "rarity": 0.1
    },
	{
      "spec": "species:Dewott palette:pearl",
      "stringLocationTypes": [
        "Land"
      ],
      "minLevel": 17,
      "maxLevel": 35,
      "typeID": "pokemon",
      "condition": {
        "times": [
          "AFTERNOON"
        ],
        "biomes": [
          "minecraft:stony_shore",
          "byg:basalt_barrera",
          "byg:rocky_beach",
          "terralith:gravel_beach"
        ]
      },
      "rarityMultipliers": [
        {
          "multiplier": 2,
          "condition": {
            "weathers": [
              "RAIN"
            ]
          }
        }
      ],
      "rarity": 0.1
    },
    {
      "spec": "species:Dewott",
      "stringLocationTypes": [
        "Land"
      ],
      "minLevel": 17,
      "maxLevel": 35,
      "typeID": "pokemon",
      "condition": {
        "times": [
          "DAY"
        ],
        "biomes": [
          "pixelmon:ultra_deep_sea"
        ]
      },
      "rarity": 1.0
    },
	{
      "spec": "species:Dewott palette:diamond",
      "stringLocationTypes": [
        "Land"
      ],
      "minLevel": 17,
      "maxLevel": 35,
      "typeID": "pokemon",
      "condition": {
        "times": [
          "DAY"
        ],
        "biomes": [
          "pixelmon:ultra_deep_sea"
        ]
      },
      "rarity": 0.1
    },
	{
      "spec": "species:Dewott palette:pearl",
      "stringLocationTypes": [
        "Land"
      ],
      "minLevel": 17,
      "maxLevel": 35,
      "typeID": "pokemon",
      "condition": {
        "times": [
          "DAY"
        ],
        "biomes": [
          "pixelmon:ultra_deep_sea"
        ]
      },
      "rarity": 0.1
    }
  ]
}
