{
  "id": "Dodrio",
  "spawnInfos": [
    {
      "spec": "species:Dodrio",
      "stringLocationTypes": [
        "Land"
      ],
      "minLevel": 31,
      "maxLevel": 50,
      "typeID": "pokemon",
      "heldItems": [
        {
          "itemID": "pixelmon:sharp_beak",
          "percentChance": 5
        }
      ],
      "condition": {
        "times": [
          "DAY",
          "DAWN"
        ],
        "biomes": [
          "#pixelmon:spawning/savannas"
        ]
      },
      "rarity": 6.0
    },
	{
      "spec": "species:Dodrio palette:christmas",
      "stringLocationTypes": [
        "Land"
      ],
      "minLevel": 31,
      "maxLevel": 50,
      "typeID": "pokemon",
      "heldItems": [
        {
          "itemID": "pixelmon:sharp_beak",
          "percentChance": 5
        }
      ],
      "condition": {
        "times": [
          "DAY",
          "DAWN"
        ],
        "biomes": [
          "#pixelmon:spawning/savannas"
        ]
      },
      "rarity": 0.6
    },
	{
      "spec": "species:Dodrio palette:shadow",
      "stringLocationTypes": [
        "Land"
      ],
      "minLevel": 31,
      "maxLevel": 50,
      "typeID": "pokemon",
      "heldItems": [
        {
          "itemID": "pixelmon:sharp_beak",
          "percentChance": 5
        }
      ],
      "condition": {
        "times": [
          "DAY",
          "DAWN"
        ],
        "biomes": [
          "#pixelmon:spawning/savannas"
        ]
      },
      "rarity": 0.6
    },
	{
      "spec": "species:Dodrio palette:summer 1",
      "stringLocationTypes": [
        "Land"
      ],
      "minLevel": 31,
      "maxLevel": 50,
      "typeID": "pokemon",
      "heldItems": [
        {
          "itemID": "pixelmon:sharp_beak",
          "percentChance": 5
        }
      ],
      "condition": {
        "times": [
          "DAY",
          "DAWN"
        ],
        "biomes": [
          "#pixelmon:spawning/savannas"
        ]
      },
      "rarity": 0.6
    },
	{
      "spec": "species:Dodrio palette:summer 2",
      "stringLocationTypes": [
        "Land"
      ],
      "minLevel": 31,
      "maxLevel": 50,
      "typeID": "pokemon",
      "heldItems": [
        {
          "itemID": "pixelmon:sharp_beak",
          "percentChance": 5
        }
      ],
      "condition": {
        "times": [
          "DAY",
          "DAWN"
        ],
        "biomes": [
          "#pixelmon:spawning/savannas"
        ]
      },
      "rarity": 0.6
    },
	{
      "spec": "species:Dodrio palette:summer 3",
      "stringLocationTypes": [
        "Land"
      ],
      "minLevel": 31,
      "maxLevel": 50,
      "typeID": "pokemon",
      "heldItems": [
        {
          "itemID": "pixelmon:sharp_beak",
          "percentChance": 5
        }
      ],
      "condition": {
        "times": [
          "DAY",
          "DAWN"
        ],
        "biomes": [
          "#pixelmon:spawning/savannas"
        ]
      },
      "rarity": 0.6
    },
    {
      "spec": "species:Dodrio palette:pink",
      "stringLocationTypes": [
        "Land"
      ],
      "minLevel": 31,
      "maxLevel": 50,
      "typeID": "pokemon",
      "heldItems": [
        {
          "itemID": "pixelmon:sharp_beak",
          "percentChance": 5
        }
      ],
      "condition": {
        "times": [
          "DAY",
          "DAWN"
        ],
        "biomes": [
          "#pixelmon:spawning/savannas"
        ]
      },
      "rarity": 0.5
    }
  ]
}
