{
  "id": "Doduo",
  "spawnInfos": [
    {
      "spec": "species:Doduo",
      "stringLocationTypes": [
        "Land"
      ],
      "minLevel": 15,
      "maxLevel": 31,
      "typeID": "pokemon",
      "heldItems": [
        {
          "itemID": "pixelmon:sharp_beak",
          "percentChance": 5
        }
      ],
      "condition": {
        "times": [
          "DAY",
          "DAWN"
        ],
        "biomes": [
          "#pixelmon:spawning/savannas"
        ]
      },
      "rarity": 130.0
    },
	{
      "spec": "species:Doduo palette:christmas",
      "stringLocationTypes": [
        "Land"
      ],
      "minLevel": 15,
      "maxLevel": 31,
      "typeID": "pokemon",
      "heldItems": [
        {
          "itemID": "pixelmon:sharp_beak",
          "percentChance": 5
        }
      ],
      "condition": {
        "times": [
          "DAY",
          "DAWN"
        ],
        "biomes": [
          "#pixelmon:spawning/savannas"
        ]
      },
      "rarity": 13.0
    },
	{
      "spec": "species:Doduo palette:shadow",
      "stringLocationTypes": [
        "Land"
      ],
      "minLevel": 15,
      "maxLevel": 31,
      "typeID": "pokemon",
      "heldItems": [
        {
          "itemID": "pixelmon:sharp_beak",
          "percentChance": 5
        }
      ],
      "condition": {
        "times": [
          "DAY",
          "DAWN"
        ],
        "biomes": [
          "#pixelmon:spawning/savannas"
        ]
      },
      "rarity": 13.0
    },
	{
      "spec": "species:Doduo palette:summer 1",
      "stringLocationTypes": [
        "Land"
      ],
      "minLevel": 15,
      "maxLevel": 31,
      "typeID": "pokemon",
      "heldItems": [
        {
          "itemID": "pixelmon:sharp_beak",
          "percentChance": 5
        }
      ],
      "condition": {
        "times": [
          "DAY",
          "DAWN"
        ],
        "biomes": [
          "#pixelmon:spawning/savannas"
        ]
      },
      "rarity": 13.0
    },
	{
      "spec": "species:Doduo palette:summer 2",
      "stringLocationTypes": [
        "Land"
      ],
      "minLevel": 15,
      "maxLevel": 31,
      "typeID": "pokemon",
      "heldItems": [
        {
          "itemID": "pixelmon:sharp_beak",
          "percentChance": 5
        }
      ],
      "condition": {
        "times": [
          "DAY",
          "DAWN"
        ],
        "biomes": [
          "#pixelmon:spawning/savannas"
        ]
      },
      "rarity": 13.0
    },
	{
      "spec": "species:Doduo palette:summer 3",
      "stringLocationTypes": [
        "Land"
      ],
      "minLevel": 15,
      "maxLevel": 31,
      "typeID": "pokemon",
      "heldItems": [
        {
          "itemID": "pixelmon:sharp_beak",
          "percentChance": 5
        }
      ],
      "condition": {
        "times": [
          "DAY",
          "DAWN"
        ],
        "biomes": [
          "#pixelmon:spawning/savannas"
        ]
      },
      "rarity": 13.0
    },
    {
      "spec": "species:Doduo palette:pink",
      "stringLocationTypes": [
        "Land"
      ],
      "minLevel": 15,
      "maxLevel": 31,
      "typeID": "pokemon",
      "heldItems": [
        {
          "itemID": "pixelmon:sharp_beak",
          "percentChance": 5
        }
      ],
      "condition": {
        "times": [
          "DAY",
          "DAWN"
        ],
        "biomes": [
          "#pixelmon:spawning/savannas"
        ]
      },
      "rarity": 5.0
    }
  ]
}
