{
  "id": "Dottler",
  "spawnInfos": [
    {
      "spec": "species:Dottler",
      "stringLocationTypes": [
        "Land",
        "Headbutt"
      ],
      "minLevel": 10,
      "maxLevel": 25,
      "typeID": "pokemon",
      "heldItems": [
        {
          "itemID": "pixelmon:psychic_seed",
          "percentChance": 5
        }
      ],
      "condition": {
        "times": [
          "NIGHT"
        ],
        "biomes": [
          "#pixelmon:spawning/taigas",
          "#pixelmon:spawning/redwoods"
        ]
      },
      "rarity": 50.0
    },
	{
      "spec": "species:Dottler palette:dark galaxy",
      "stringLocationTypes": [
        "Land",
        "Headbutt"
      ],
      "minLevel": 10,
      "maxLevel": 25,
      "typeID": "pokemon",
      "heldItems": [
        {
          "itemID": "pixelmon:psychic_seed",
          "percentChance": 5
        }
      ],
      "condition": {
        "times": [
          "NIGHT"
        ],
        "biomes": [
          "#pixelmon:spawning/taigas",
          "#pixelmon:spawning/redwoods"
        ]
      },
      "rarity": 5.0
    },
	{
      "spec": "species:Dottler palette:halloween",
      "stringLocationTypes": [
        "Land",
        "Headbutt"
      ],
      "minLevel": 10,
      "maxLevel": 25,
      "typeID": "pokemon",
      "heldItems": [
        {
          "itemID": "pixelmon:psychic_seed",
          "percentChance": 5
        }
      ],
      "condition": {
        "times": [
          "NIGHT"
        ],
        "biomes": [
          "#pixelmon:spawning/taigas",
          "#pixelmon:spawning/redwoods"
        ]
      },
      "rarity": 5.0
    },
	{
      "spec": "species:Dottler palette:spring",
      "stringLocationTypes": [
        "Land",
        "Headbutt"
      ],
      "minLevel": 10,
      "maxLevel": 25,
      "typeID": "pokemon",
      "heldItems": [
        {
          "itemID": "pixelmon:psychic_seed",
          "percentChance": 5
        }
      ],
      "condition": {
        "times": [
          "NIGHT"
        ],
        "biomes": [
          "#pixelmon:spawning/taigas",
          "#pixelmon:spawning/redwoods"
        ]
      },
      "rarity": 5.0
    },
    {
      "spec": "species:Dottler",
      "stringLocationTypes": [
        "Land"
      ],
      "minLevel": 10,
      "maxLevel": 25,
      "typeID": "pokemon",
      "heldItems": [
        {
          "itemID": "pixelmon:psychic_seed",
          "percentChance": 5
        }
      ],
      "condition": {
        "biomes": [
          "#pixelmon:spawning/end"
        ]
      },
      "rarity": 50.0
    },
	{
      "spec": "species:Dottler palette:dark galaxy",
      "stringLocationTypes": [
        "Land"
      ],
      "minLevel": 10,
      "maxLevel": 25,
      "typeID": "pokemon",
      "heldItems": [
        {
          "itemID": "pixelmon:psychic_seed",
          "percentChance": 5
        }
      ],
      "condition": {
        "biomes": [
          "#pixelmon:spawning/end"
        ]
      },
      "rarity": 5.0
    },
	{
      "spec": "species:Dottler palette:halloween",
      "stringLocationTypes": [
        "Land"
      ],
      "minLevel": 10,
      "maxLevel": 25,
      "typeID": "pokemon",
      "heldItems": [
        {
          "itemID": "pixelmon:psychic_seed",
          "percentChance": 5
        }
      ],
      "condition": {
        "biomes": [
          "#pixelmon:spawning/end"
        ]
      },
      "rarity": 5.0
    },
	{
      "spec": "species:Dottler palette:spring",
      "stringLocationTypes": [
        "Land"
      ],
      "minLevel": 10,
      "maxLevel": 25,
      "typeID": "pokemon",
      "heldItems": [
        {
          "itemID": "pixelmon:psychic_seed",
          "percentChance": 5
        }
      ],
      "condition": {
        "biomes": [
          "#pixelmon:spawning/end"
        ]
      },
      "rarity": 5.0
    }
  ]
}
