{
  "id": "Dracozolt",
  "spawnInfos": [
    {
      "spec": "species:Dracozolt",
      "stringLocationTypes": [
        "Land"
      ],
      "minLevel": 40,
      "maxLevel": 55,
      "typeID": "pokemon",
      "condition": {
        "times": [
          "DAY"
        ],
        "biomes": [
          "pixelmon:ultra_plant"
        ]
      },
      "rarity": 25.0
    },
	{
      "spec": "species:Dracozolt palette:fall festival ",
      "stringLocationTypes": [
        "Land"
      ],
      "minLevel": 40,
      "maxLevel": 55,
      "typeID": "pokemon",
      "condition": {
        "times": [
          "DAY"
        ],
        "biomes": [
          "pixelmon:ultra_plant"
        ]
      },
      "rarity": 2.5
    },
	{
      "spec": "species:Dracozolt palette:fall festival 2",
      "stringLocationTypes": [
        "Land"
      ],
      "minLevel": 40,
      "maxLevel": 55,
      "typeID": "pokemon",
      "condition": {
        "times": [
          "DAY"
        ],
        "biomes": [
          "pixelmon:ultra_plant"
        ]
      },
      "rarity": 2.5
    },
	{
      "spec": "species:Dracozolt palette:spotted",
      "stringLocationTypes": [
        "Land"
      ],
      "minLevel": 40,
      "maxLevel": 55,
      "typeID": "pokemon",
      "condition": {
        "times": [
          "DAY"
        ],
        "biomes": [
          "pixelmon:ultra_plant"
        ]
      },
      "rarity": 2.5
    },
	{
      "spec": "species:Dracozolt palette:sweetshop",
      "stringLocationTypes": [
        "Land"
      ],
      "minLevel": 40,
      "maxLevel": 55,
      "typeID": "pokemon",
      "condition": {
        "times": [
          "DAY"
        ],
        "biomes": [
          "pixelmon:ultra_plant"
        ]
      },
      "rarity": 2.5
    }
  ]
}
