{
  "id": "Dracmon",
  "spawnInfos": [
    {
      "spec": "species:Dracmon",
      "stringLocationTypes": [
        "Land"
      ],
      "tags": [
      "legendary"
      ], 
      "minLevel": 10,
      "maxLevel": 16,
      "typeID": "pokemon",
      "condition": {
        "times": [
          "NIGHT"
        ],
        "stringBiomes": [
          "minecraft:dark_forest",
          "biomesoplenty:mystic_grove",
          "biomesoplenty:mystic_plains",
          "byg:weeping_witch_forest",
          "byg:weeping_witch_clearing"
        ]
      },
      "rarity": 0.5
    }
  ]
}