{
  "id": "Dracovish",
  "spawnInfos": [
    {
      "spec": "species:Dracovish",
      "stringLocationTypes": [
        "Land"
      ],
      "minLevel": 40,
      "maxLevel": 55,
      "typeID": "pokemon",
      "condition": {
        "times": [
          "NIGHT"
        ],
        "biomes": [
          "pixelmon:ultra_deep_sea"
        ]
      },
      "rarity": 25.0
    },
	{
      "spec": "species:Dracovish palette:dark galaxy",
      "stringLocationTypes": [
        "Land"
      ],
      "minLevel": 40,
      "maxLevel": 55,
      "typeID": "pokemon",
      "condition": {
        "times": [
          "NIGHT"
        ],
        "biomes": [
          "pixelmon:ultra_deep_sea"
        ]
      },
      "rarity": 2.5
    },
	{
      "spec": "species:Dracovish palette:halloween",
      "stringLocationTypes": [
        "Land"
      ],
      "minLevel": 40,
      "maxLevel": 55,
      "typeID": "pokemon",
      "condition": {
        "times": [
          "NIGHT"
        ],
        "biomes": [
          "pixelmon:ultra_deep_sea"
        ]
      },
      "rarity": 2.5
    },
	{
      "spec": "species:Dracovish palette:outer worlds",
      "stringLocationTypes": [
        "Land"
      ],
      "minLevel": 40,
      "maxLevel": 55,
      "typeID": "pokemon",
      "condition": {
        "times": [
          "NIGHT"
        ],
        "biomes": [
          "pixelmon:ultra_deep_sea"
        ]
      },
      "rarity": 2.5
    }
  ]
}
