{
  "id": "Drakle",
  "spawnInfos": [
    {
      "spec": "species:Drakle",
      "stringLocationTypes": [
        "Land"
      ],
      "minLevel": 10,
      "maxLevel": 16,
      "typeID": "pokemon",
      "condition": {
        "times": [
          "DAY"
        ],
        "weathers": [
          "CLEAR"
        ],
        "biomes": [
          "#pixelmon:spawning/mountainous",
          "minecraft:eroded_badlands",
          "#pixelmon:spawning/volcanic"
        ]
      },
      "rarity": 5.0
    },
    {
      "spec": "species:Drakle",
      "stringLocationTypes": [
        "Land"
      ],
      "minLevel": 10,
      "maxLevel": 16,
      "typeID": "pokemon",
      "condition": {
        "times": [
          "DAY"
        ],
        "biomes": [
          "pixelmon:ultra_crater"
        ]
      },
      "rarity": 10.0
    }
  ]
}
