{
  "id": "Drapion",
  "spawnInfos": [
    {
      "spec": "species:Drapion",
      "stringLocationTypes": [
        "Land",
        "Headbutt"
      ],
      "minLevel": 40,
      "maxLevel": 55,
      "typeID": "pokemon",
      "heldItems": [
        {
          "itemID": "pixelmon:poison_barb",
          "percentChance": 5
        }
      ],
      "condition": {
        "times": [
          "NIGHT"
        ],
        "biomes": [
          "#pixelmon:spawning/arid",
          "#pixelmon:spawning/swamps",
          "#pixelmon:spawning/mesas"
        ]
      },
      "rarity": 8.0
    },
	{
      "spec": "species:Drapion palette:gamma",
      "stringLocationTypes": [
        "Land",
        "Headbutt"
      ],
      "minLevel": 40,
      "maxLevel": 55,
      "typeID": "pokemon",
      "heldItems": [
        {
          "itemID": "pixelmon:poison_barb",
          "percentChance": 5
        }
      ],
      "condition": {
        "times": [
          "NIGHT"
        ],
        "biomes": [
          "#pixelmon:spawning/arid",
          "#pixelmon:spawning/swamps",
          "#pixelmon:spawning/mesas"
        ]
      },
      "rarity": 0.8
    },
	{
      "spec": "species:Drapion palette:special",
      "stringLocationTypes": [
        "Land",
        "Headbutt"
      ],
      "minLevel": 40,
      "maxLevel": 55,
      "typeID": "pokemon",
      "heldItems": [
        {
          "itemID": "pixelmon:poison_barb",
          "percentChance": 5
        }
      ],
      "condition": {
        "times": [
          "NIGHT"
        ],
        "biomes": [
          "#pixelmon:spawning/arid",
          "#pixelmon:spawning/swamps",
          "#pixelmon:spawning/mesas"
        ]
      },
      "rarity": 0.8
    },
    {
      "spec": "species:Drapion",
      "stringLocationTypes": [
        "Land"
      ],
      "minLevel": 40,
      "maxLevel": 55,
      "typeID": "pokemon",
      "heldItems": [
        {
          "itemID": "pixelmon:poison_barb",
          "percentChance": 5
        }
      ],
      "condition": {
        "times": [
          "NIGHT"
        ],
        "biomes": [
          "pixelmon:ultra_desert"
        ]
      },
      "rarity": 50.0
    },
	{
      "spec": "species:Drapion palette:gamma",
      "stringLocationTypes": [
        "Land"
      ],
      "minLevel": 40,
      "maxLevel": 55,
      "typeID": "pokemon",
      "heldItems": [
        {
          "itemID": "pixelmon:poison_barb",
          "percentChance": 5
        }
      ],
      "condition": {
        "times": [
          "NIGHT"
        ],
        "biomes": [
          "pixelmon:ultra_desert"
        ]
      },
      "rarity": 5.0
    },
	{
      "spec": "species:Drapion palette:special",
      "stringLocationTypes": [
        "Land"
      ],
      "minLevel": 40,
      "maxLevel": 55,
      "typeID": "pokemon",
      "heldItems": [
        {
          "itemID": "pixelmon:poison_barb",
          "percentChance": 5
        }
      ],
      "condition": {
        "times": [
          "NIGHT"
        ],
        "biomes": [
          "pixelmon:ultra_desert"
        ]
      },
      "rarity": 5.0
    }
  ]
}
