{
  "id": "Drilbur",
  "spawnInfos": [
    {
      "spec": "species:Drilbur",
      "stringLocationTypes": [
        "Underground"
      ],
      "minLevel": 23,
      "maxLevel": 30,
      "typeID": "pokemon",
      "condition": {
        "maxY": 80
      },
      "rarity": 130.0
    },
	{
      "spec": "species:Drilbur palette:terror",
      "stringLocationTypes": [
        "Underground"
      ],
      "minLevel": 23,
      "maxLevel": 30,
      "typeID": "pokemon",
      "condition": {
        "maxY": 80
      },
      "rarity": 13.0
    }
  ]
}