{
  "id": "Drowzee",
  "spawnInfos": [
    {
      "spec": "species:Drowzee",
      "stringLocationTypes": [
        "Land"
      ],
      "minLevel": 15,
      "maxLevel": 26,
      "typeID": "pokemon",
      "condition": {
        "times": [
          "NIGHT"
        ],
        "biomes": [
          "#pixelmon:spawning/taigas",
          "#pixelmon:spawning/swamps",
          "#pixelmon:spawning/lakes"
        ]
      },
      "rarity": 100.0
    },
	{
      "spec": "species:Drowzee palette:shadow",
      "stringLocationTypes": [
        "Land"
      ],
      "minLevel": 15,
      "maxLevel": 26,
      "typeID": "pokemon",
      "condition": {
        "times": [
          "NIGHT"
        ],
        "biomes": [
          "#pixelmon:spawning/taigas",
          "#pixelmon:spawning/swamps",
          "#pixelmon:spawning/lakes"
        ]
      },
      "rarity": 10.0
    },
	{
      "spec": "species:Drowzee palette:valentines",
      "stringLocationTypes": [
        "Land"
      ],
      "minLevel": 15,
      "maxLevel": 26,
      "typeID": "pokemon",
      "condition": {
        "times": [
          "NIGHT"
        ],
        "biomes": [
          "#pixelmon:spawning/taigas",
          "#pixelmon:spawning/swamps",
          "#pixelmon:spawning/lakes"
        ]
      },
      "rarity": 10.0
    }
  ]
}
