{
  "id": "Ducklett",
  "spawnInfos": [
    {
      "spec": "species:Ducklett",
      "stringLocationTypes": [
        "Land"
      ],
      "minLevel": 20,
      "maxLevel": 34,
      "typeID": "pokemon",
      "condition": {
        "times": [
          "DAY"
        ],
        "biomes": [
          "minecraft:river",
          "#pixelmon:spawning/swamps",
          "#pixelmon:spawning/lakes",
          "terralith:warm_river"
        ]
      },
      "rarity": 130.0
    },
	{
      "spec": "species:Ducklett palette:painted 1",
      "stringLocationTypes": [
        "Land"
      ],
      "minLevel": 20,
      "maxLevel": 34,
      "typeID": "pokemon",
      "condition": {
        "times": [
          "DAY"
        ],
        "biomes": [
          "minecraft:river",
          "#pixelmon:spawning/swamps",
          "#pixelmon:spawning/lakes",
          "terralith:warm_river"
        ]
      },
      "rarity": 13.0
    },
	{
      "spec": "species:Ducklett palette:painted 2",
      "stringLocationTypes": [
        "Land"
      ],
      "minLevel": 20,
      "maxLevel": 34,
      "typeID": "pokemon",
      "condition": {
        "times": [
          "DAY"
        ],
        "biomes": [
          "minecraft:river",
          "#pixelmon:spawning/swamps",
          "#pixelmon:spawning/lakes",
          "terralith:warm_river"
        ]
      },
      "rarity": 13.0
    },
	{
      "spec": "species:Ducklett palette:toy",
      "stringLocationTypes": [
        "Land"
      ],
      "minLevel": 20,
      "maxLevel": 34,
      "typeID": "pokemon",
      "condition": {
        "times": [
          "DAY"
        ],
        "biomes": [
          "minecraft:river",
          "#pixelmon:spawning/swamps",
          "#pixelmon:spawning/lakes",
          "terralith:warm_river"
        ]
      },
      "rarity": 13.0
    },
	{
      "spec": "species:Ducklett palette:trick or treat",
      "stringLocationTypes": [
        "Land"
      ],
      "minLevel": 20,
      "maxLevel": 34,
      "typeID": "pokemon",
      "condition": {
        "times": [
          "DAY"
        ],
        "biomes": [
          "minecraft:river",
          "#pixelmon:spawning/swamps",
          "#pixelmon:spawning/lakes",
          "terralith:warm_river"
        ]
      },
      "rarity": 13.0
    },
	{
      "spec": "species:Ducklett palette:vapor",
      "stringLocationTypes": [
        "Land"
      ],
      "minLevel": 20,
      "maxLevel": 34,
      "typeID": "pokemon",
      "condition": {
        "times": [
          "DAY"
        ],
        "biomes": [
          "minecraft:river",
          "#pixelmon:spawning/swamps",
          "#pixelmon:spawning/lakes",
          "terralith:warm_river"
        ]
      },
      "rarity": 13.0
    }
  ]
}
