{
  "id": "Duosion",
  "spawnInfos": [
    {
      "spec": "species:Duosion",
      "stringLocationTypes": [
        "Land"
      ],
      "minLevel": 32,
      "maxLevel": 40,
      "typeID": "pokemon",
      "condition": {
        "times": [
          "DAY"
        ],
        "biomes": [
          "#pixelmon:spawning/swamps"
        ]
      },
      "rarity": 8.0
    },
	{
      "spec": "species:Duosion palette:cosmic",
      "stringLocationTypes": [
        "Land"
      ],
      "minLevel": 32,
      "maxLevel": 40,
      "typeID": "pokemon",
      "condition": {
        "times": [
          "DAY"
        ],
        "biomes": [
          "#pixelmon:spawning/swamps"
        ]
      },
      "rarity": 0.8
    },
	{
      "spec": "species:Duosion palette:easter",
      "stringLocationTypes": [
        "Land"
      ],
      "minLevel": 32,
      "maxLevel": 40,
      "typeID": "pokemon",
      "condition": {
        "times": [
          "DAY"
        ],
        "biomes": [
          "#pixelmon:spawning/swamps"
        ]
      },
      "rarity": 0.8
    },
	{
      "spec": "species:Duosion palette:galaxy 1",
      "stringLocationTypes": [
        "Land"
      ],
      "minLevel": 32,
      "maxLevel": 40,
      "typeID": "pokemon",
      "condition": {
        "times": [
          "DAY"
        ],
        "biomes": [
          "#pixelmon:spawning/swamps"
        ]
      },
      "rarity": 0.8
    },
	{
      "spec": "species:Duosion palette:galaxy 2",
      "stringLocationTypes": [
        "Land"
      ],
      "minLevel": 32,
      "maxLevel": 40,
      "typeID": "pokemon",
      "condition": {
        "times": [
          "DAY"
        ],
        "biomes": [
          "#pixelmon:spawning/swamps"
        ]
      },
      "rarity": 0.8
    },
	{
      "spec": "species:Duosion palette:halloween",
      "stringLocationTypes": [
        "Land"
      ],
      "minLevel": 32,
      "maxLevel": 40,
      "typeID": "pokemon",
      "condition": {
        "times": [
          "DAY"
        ],
        "biomes": [
          "#pixelmon:spawning/swamps"
        ]
      },
      "rarity": 0.8
    },
	{
      "spec": "species:Duosion palette:heroic",
      "stringLocationTypes": [
        "Land"
      ],
      "minLevel": 32,
      "maxLevel": 40,
      "typeID": "pokemon",
      "condition": {
        "times": [
          "DAY"
        ],
        "biomes": [
          "#pixelmon:spawning/swamps"
        ]
      },
      "rarity": 0.8
    }
  ]
}
