{
  "id": "Dwebble",
  "spawnInfos": [
    {
      "spec": "species:Dwebble",
      "stringLocationTypes": [
        "Land",
        "Rock Smash"
      ],
      "minLevel": 5,
      "maxLevel": 34,
      "typeID": "pokemon",
      "heldItems": [
        {
          "itemID": "pixelmon:hard_stone",
          "percentChance": 5
        }
      ],
      "condition": {
        "times": [
          "DAWN",
          "DAY",
          "DUSK"
        ],
        "biomes": [
          "#pixelmon:spawning/beaches"
        ]
      },
      "rarity": 130.0
    },
	{
      "spec": "species:Dwebble palette:christmas",
      "stringLocationTypes": [
        "Land",
        "Rock Smash"
      ],
      "minLevel": 5,
      "maxLevel": 34,
      "typeID": "pokemon",
      "heldItems": [
        {
          "itemID": "pixelmon:hard_stone",
          "percentChance": 5
        }
      ],
      "condition": {
        "times": [
          "DAWN",
          "DAY",
          "DUSK"
        ],
        "biomes": [
          "#pixelmon:spawning/beaches"
        ]
      },
      "rarity": 13.0
    },
	{
      "spec": "species:Dwebble palette:gem 1",
      "stringLocationTypes": [
        "Land",
        "Rock Smash"
      ],
      "minLevel": 5,
      "maxLevel": 34,
      "typeID": "pokemon",
      "heldItems": [
        {
          "itemID": "pixelmon:hard_stone",
          "percentChance": 5
        }
      ],
      "condition": {
        "times": [
          "DAWN",
          "DAY",
          "DUSK"
        ],
        "biomes": [
          "#pixelmon:spawning/beaches"
        ]
      },
      "rarity": 13.0
    },
	{
      "spec": "species:Dwebble palette:gem 2",
      "stringLocationTypes": [
        "Land",
        "Rock Smash"
      ],
      "minLevel": 5,
      "maxLevel": 34,
      "typeID": "pokemon",
      "heldItems": [
        {
          "itemID": "pixelmon:hard_stone",
          "percentChance": 5
        }
      ],
      "condition": {
        "times": [
          "DAWN",
          "DAY",
          "DUSK"
        ],
        "biomes": [
          "#pixelmon:spawning/beaches"
        ]
      },
      "rarity": 13.0
    }
  ]
}
