{
  "id": "Eelektross",
  "spawnInfos": [
    {
      "spec": "species:Eelektross",
      "stringLocationTypes": [
        "Water"
      ],
      "minLevel": 53,
      "maxLevel": 64,
      "typeID": "pokemon",
      "condition": {
        "times": [
          "NIGHT"
        ],
        "biomes": [
          "minecraft:deep_ocean",
          "minecraft:deep_warm_ocean",
          "minecraft:deep_lukewarm_ocean",
          "minecraft:deep_cold_ocean"
        ],
        "maxY": 40
      },
      "rarity": 0.5
    },
	{
      "spec": "species:Eelektross palette:deep sea",
      "stringLocationTypes": [
        "Water"
      ],
      "minLevel": 53,
      "maxLevel": 64,
      "typeID": "pokemon",
      "condition": {
        "times": [
          "NIGHT"
        ],
        "biomes": [
          "minecraft:deep_ocean",
          "minecraft:deep_warm_ocean",
          "minecraft:deep_lukewarm_ocean",
          "minecraft:deep_cold_ocean"
        ],
        "maxY": 40
      },
      "rarity": 0.05
    },
    {
      "spec": "species:Eelektross",
      "stringLocationTypes": [
        "Water"
      ],
      "minLevel": 53,
      "maxLevel": 64,
      "typeID": "pokemon",
      "condition": {
        "biomes": [
          "pixelmon:ultra_deep_sea"
        ]
      },
      "rarity": 0.5
    },
	{
      "spec": "species:Eelektross palette:deep sea",
      "stringLocationTypes": [
        "Water"
      ],
      "minLevel": 53,
      "maxLevel": 64,
      "typeID": "pokemon",
      "condition": {
        "biomes": [
          "pixelmon:ultra_deep_sea"
        ]
      },
      "rarity": 0.05
    }
  ]
}
