{
  "id": "Eiscue",
  "spawnInfos": [
    {
      "spec": "species:Eiscue",
      "stringLocationTypes": [
        "Land"
      ],
      "minLevel": 15,
      "maxLevel": 35,
      "typeID": "pokemon",
      "condition": {
        "biomes": [
          "minecraft:frozen_ocean",
          "minecraft:deep_frozen_ocean",
          "minecraft:frozen_river",
          "minecraft:snowy_beach",
          "byg:snowy_rocky_black_beach",
          "byg:snowy_black_beach",
          "byg:frozen_lake"
        ]
      },
      "rarityMultipliers": [
        {
          "multiplier": 2,
          "condition": {
            "weathers": [
              "RAIN"
            ]
          }
        }
      ],
      "rarity": 75.0
    },
	{
      "spec": "species:Eiscue palette:community goal",
      "stringLocationTypes": [
        "Land"
      ],
      "minLevel": 15,
      "maxLevel": 35,
      "typeID": "pokemon",
      "condition": {
        "biomes": [
          "minecraft:frozen_ocean",
          "minecraft:deep_frozen_ocean",
          "minecraft:frozen_river",
          "minecraft:snowy_beach",
          "byg:snowy_rocky_black_beach",
          "byg:snowy_black_beach",
          "byg:frozen_lake"
        ]
      },
      "rarityMultipliers": [
        {
          "multiplier": 2,
          "condition": {
            "weathers": [
              "RAIN"
            ]
          }
        }
      ],
      "rarity": 7.5
    },
	{
      "spec": "species:Eiscue palette:fusion",
      "stringLocationTypes": [
        "Land"
      ],
      "minLevel": 15,
      "maxLevel": 35,
      "typeID": "pokemon",
      "condition": {
        "biomes": [
          "minecraft:frozen_ocean",
          "minecraft:deep_frozen_ocean",
          "minecraft:frozen_river",
          "minecraft:snowy_beach",
          "byg:snowy_rocky_black_beach",
          "byg:snowy_black_beach",
          "byg:frozen_lake"
        ]
      },
      "rarityMultipliers": [
        {
          "multiplier": 2,
          "condition": {
            "weathers": [
              "RAIN"
            ]
          }
        }
      ],
      "rarity": 7.5
    },
	{
      "spec": "species:Eiscue palette:halloween 1",
      "stringLocationTypes": [
        "Land"
      ],
      "minLevel": 15,
      "maxLevel": 35,
      "typeID": "pokemon",
      "condition": {
        "biomes": [
          "minecraft:frozen_ocean",
          "minecraft:deep_frozen_ocean",
          "minecraft:frozen_river",
          "minecraft:snowy_beach",
          "byg:snowy_rocky_black_beach",
          "byg:snowy_black_beach",
          "byg:frozen_lake"
        ]
      },
      "rarityMultipliers": [
        {
          "multiplier": 2,
          "condition": {
            "weathers": [
              "RAIN"
            ]
          }
        }
      ],
      "rarity": 7.5
    },
	{
      "spec": "species:Eiscue palette:halloween 2",
      "stringLocationTypes": [
        "Land"
      ],
      "minLevel": 15,
      "maxLevel": 35,
      "typeID": "pokemon",
      "condition": {
        "biomes": [
          "minecraft:frozen_ocean",
          "minecraft:deep_frozen_ocean",
          "minecraft:frozen_river",
          "minecraft:snowy_beach",
          "byg:snowy_rocky_black_beach",
          "byg:snowy_black_beach",
          "byg:frozen_lake"
        ]
      },
      "rarityMultipliers": [
        {
          "multiplier": 2,
          "condition": {
            "weathers": [
              "RAIN"
            ]
          }
        }
      ],
      "rarity": 7.5
    },
	{
      "spec": "species:Eiscue palette:summer",
      "stringLocationTypes": [
        "Land"
      ],
      "minLevel": 15,
      "maxLevel": 35,
      "typeID": "pokemon",
      "condition": {
        "biomes": [
          "minecraft:frozen_ocean",
          "minecraft:deep_frozen_ocean",
          "minecraft:frozen_river",
          "minecraft:snowy_beach",
          "byg:snowy_rocky_black_beach",
          "byg:snowy_black_beach",
          "byg:frozen_lake"
        ]
      },
      "rarityMultipliers": [
        {
          "multiplier": 2,
          "condition": {
            "weathers": [
              "RAIN"
            ]
          }
        }
      ],
      "rarity": 7.5
    },
	{
      "spec": "species:Eiscue palette:sunset",
      "stringLocationTypes": [
        "Land"
      ],
      "minLevel": 15,
      "maxLevel": 35,
      "typeID": "pokemon",
      "condition": {
        "biomes": [
          "minecraft:frozen_ocean",
          "minecraft:deep_frozen_ocean",
          "minecraft:frozen_river",
          "minecraft:snowy_beach",
          "byg:snowy_rocky_black_beach",
          "byg:snowy_black_beach",
          "byg:frozen_lake"
        ]
      },
      "rarityMultipliers": [
        {
          "multiplier": 2,
          "condition": {
            "weathers": [
              "RAIN"
            ]
          }
        }
      ],
      "rarity": 7.5
    }
  ]
}
