{
  "id": "Ekans",
  "spawnInfos": [
    {
      "spec": "species:Ekans",
      "stringLocationTypes": [
        "Land",
        "Headbutt"
      ],
      "minLevel": 10,
      "maxLevel": 22,
      "typeID": "pokemon",
      "condition": {
        "biomes": [
          "#pixelmon:spawning/plains",
          "#pixelmon:spawning/savannas",
          "#pixelmon:spawning/swamps",
          "#pixelmon:spawning/evil",
          "minecraft:crimson_forest",
          "minecraft:warped_forest",
          "biomesoplenty:undergrowth",
          "byg:crimson_gardens",
          "byg:withering_woods",
          "incendium:inverted_forest",
          "incendium:withered_forest"
        ]
      },
      "rarity": 250.0
    },
	{
      "spec": "species:Ekans palette:gamma",
      "stringLocationTypes": [
        "Land",
        "Headbutt"
      ],
      "minLevel": 10,
      "maxLevel": 22,
      "typeID": "pokemon",
      "condition": {
        "biomes": [
          "#pixelmon:spawning/plains",
          "#pixelmon:spawning/savannas",
          "#pixelmon:spawning/swamps",
          "#pixelmon:spawning/evil",
          "minecraft:crimson_forest",
          "minecraft:warped_forest",
          "biomesoplenty:undergrowth",
          "byg:crimson_gardens",
          "byg:withering_woods",
          "incendium:inverted_forest",
          "incendium:withered_forest"
        ]
      },
      "rarity": 25.0
    },
	{
      "spec": "species:Ekans palette:glass",
      "stringLocationTypes": [
        "Land",
        "Headbutt"
      ],
      "minLevel": 10,
      "maxLevel": 22,
      "typeID": "pokemon",
      "condition": {
        "biomes": [
          "#pixelmon:spawning/plains",
          "#pixelmon:spawning/savannas",
          "#pixelmon:spawning/swamps",
          "#pixelmon:spawning/evil",
          "minecraft:crimson_forest",
          "minecraft:warped_forest",
          "biomesoplenty:undergrowth",
          "byg:crimson_gardens",
          "byg:withering_woods",
          "incendium:inverted_forest",
          "incendium:withered_forest"
        ]
      },
      "rarity": 25.0
    },
	{
      "spec": "species:Ekans palette:halloween",
      "stringLocationTypes": [
        "Land",
        "Headbutt"
      ],
      "minLevel": 10,
      "maxLevel": 22,
      "typeID": "pokemon",
      "condition": {
        "biomes": [
          "#pixelmon:spawning/plains",
          "#pixelmon:spawning/savannas",
          "#pixelmon:spawning/swamps",
          "#pixelmon:spawning/evil",
          "minecraft:crimson_forest",
          "minecraft:warped_forest",
          "biomesoplenty:undergrowth",
          "byg:crimson_gardens",
          "byg:withering_woods",
          "incendium:inverted_forest",
          "incendium:withered_forest"
        ]
      },
      "rarity": 25.0
    },
	{
      "spec": "species:Ekans palette:shadow",
      "stringLocationTypes": [
        "Land",
        "Headbutt"
      ],
      "minLevel": 10,
      "maxLevel": 22,
      "typeID": "pokemon",
      "condition": {
        "biomes": [
          "#pixelmon:spawning/plains",
          "#pixelmon:spawning/savannas",
          "#pixelmon:spawning/swamps",
          "#pixelmon:spawning/evil",
          "minecraft:crimson_forest",
          "minecraft:warped_forest",
          "biomesoplenty:undergrowth",
          "byg:crimson_gardens",
          "byg:withering_woods",
          "incendium:inverted_forest",
          "incendium:withered_forest"
        ]
      },
      "rarity": 25.0
    }
  ]
}
