{
  "id": "Eldegoss",
  "spawnInfos": [
    {
      "spec": "species:Eldegoss",
      "stringLocationTypes": [
        "Land",
        "Sweet Scent"
      ],
      "minLevel": 20,
      "maxLevel": 40,
      "typeID": "pokemon",
      "condition": {
        "times": [
          "DAY"
        ],
        "biomes": [
          "#pixelmon:spawning/flowery"
        ]
      },
      "rarity": 6.0
    },
	{
      "spec": "species:Eldegoss palette:ice",
      "stringLocationTypes": [
        "Land",
        "Sweet Scent"
      ],
      "minLevel": 20,
      "maxLevel": 40,
      "typeID": "pokemon",
      "condition": {
        "times": [
          "DAY"
        ],
        "biomes": [
          "#pixelmon:spawning/flowery"
        ]
      },
      "rarity": 0.6
    }
  ]
}
