{
  "id": "Electrike",
  "spawnInfos": [
    {
      "spec": "species:Electrike",
      "stringLocationTypes": [
        "Land"
      ],
      "minLevel": 10,
      "maxLevel": 25,
      "typeID": "pokemon",
      "condition": {
        "times": [
          "DAY"
        ],
        "biomes": [
          "#pixelmon:spawning/plains",
          "#pixelmon:spawning/savannas"
        ]
      },
      "rarity": 250.0
    },
	{
      "spec": "species:Electrike palette:anubis",
      "stringLocationTypes": [
        "Land"
      ],
      "minLevel": 10,
      "maxLevel": 25,
      "typeID": "pokemon",
      "condition": {
        "times": [
          "DAY"
        ],
        "biomes": [
          "#pixelmon:spawning/plains",
          "#pixelmon:spawning/savannas"
        ]
      },
      "rarity": 25.0
    },
	{
      "spec": "species:Electrike palette:heroic",
      "stringLocationTypes": [
        "Land"
      ],
      "minLevel": 10,
      "maxLevel": 25,
      "typeID": "pokemon",
      "condition": {
        "times": [
          "DAY"
        ],
        "biomes": [
          "#pixelmon:spawning/plains",
          "#pixelmon:spawning/savannas"
        ]
      },
      "rarity": 25.0
    },
	{
      "spec": "species:Electrike palette:shadow",
      "stringLocationTypes": [
        "Land"
      ],
      "minLevel": 10,
      "maxLevel": 25,
      "typeID": "pokemon",
      "condition": {
        "times": [
          "DAY"
        ],
        "biomes": [
          "#pixelmon:spawning/plains",
          "#pixelmon:spawning/savannas"
        ]
      },
      "rarity": 25.0
    }
  ]
}
