{
  "id": "Elekid",
  "spawnInfos": [
    {
      "spec": "species:Elekid",
      "stringLocationTypes": [
        "Land"
      ],
      "minLevel": 5,
      "maxLevel": 15,
      "typeID": "pokemon",
      "condition": {
        "times": [
          "NIGHT"
        ],
        "biomes": [
          "pixelmon:ultra_plant"
        ]
      },
      "rarity": 50.0
    },
	{
      "spec": "species:Elekid palette:shadow",
      "stringLocationTypes": [
        "Land"
      ],
      "minLevel": 5,
      "maxLevel": 15,
      "typeID": "pokemon",
      "condition": {
        "times": [
          "NIGHT"
        ],
        "biomes": [
          "pixelmon:ultra_plant"
        ]
      },
      "rarity": 5.0
    }
  ]
}

