{
  "id": "Emboar",
  "spawnInfos": [
    {
      "spec": "species:Emboar",
      "stringLocationTypes": [
        "Land"
      ],
      "minLevel": 36,
      "maxLevel": 55,
      "typeID": "pokemon",
      "condition": {
        "times": [
          "DAWN",
          "DUSK"
        ],
        "biomes": [
          "#pixelmon:spawning/savannas"
        ]
      },
      "rarity": 1.0
    },
	{
      "spec": "species:Emboar palette:city",
      "stringLocationTypes": [
        "Land"
      ],
      "minLevel": 36,
      "maxLevel": 55,
      "typeID": "pokemon",
      "condition": {
        "times": [
          "DAWN",
          "DUSK"
        ],
        "biomes": [
          "#pixelmon:spawning/savannas"
        ]
      },
      "rarity": 0.1
    },
	{
      "spec": "species:Emboar palette:diamond",
      "stringLocationTypes": [
        "Land"
      ],
      "minLevel": 36,
      "maxLevel": 55,
      "typeID": "pokemon",
      "condition": {
        "times": [
          "DAWN",
          "DUSK"
        ],
        "biomes": [
          "#pixelmon:spawning/savannas"
        ]
      },
      "rarity": 0.1
    },
	{
      "spec": "species:Emboar palette:fall festival 1",
      "stringLocationTypes": [
        "Land"
      ],
      "minLevel": 36,
      "maxLevel": 55,
      "typeID": "pokemon",
      "condition": {
        "times": [
          "DAWN",
          "DUSK"
        ],
        "biomes": [
          "#pixelmon:spawning/savannas"
        ]
      },
      "rarity": 0.1
    },
	{
      "spec": "species:Emboar palette:fall festival 2",
      "stringLocationTypes": [
        "Land"
      ],
      "minLevel": 36,
      "maxLevel": 55,
      "typeID": "pokemon",
      "condition": {
        "times": [
          "DAWN",
          "DUSK"
        ],
        "biomes": [
          "#pixelmon:spawning/savannas"
        ]
      },
      "rarity": 0.1
    },
	{
      "spec": "species:Emboar palette:festive",
      "stringLocationTypes": [
        "Land"
      ],
      "minLevel": 36,
      "maxLevel": 55,
      "typeID": "pokemon",
      "condition": {
        "times": [
          "DAWN",
          "DUSK"
        ],
        "biomes": [
          "#pixelmon:spawning/savannas"
        ]
      },
      "rarity": 0.1
    },
	{
      "spec": "species:Emboar palette:pearl",
      "stringLocationTypes": [
        "Land"
      ],
      "minLevel": 36,
      "maxLevel": 55,
      "typeID": "pokemon",
      "condition": {
        "times": [
          "DAWN",
          "DUSK"
        ],
        "biomes": [
          "#pixelmon:spawning/savannas"
        ]
      },
      "rarity": 0.1
    },
	{
      "spec": "species:Emboar palette:soulfire",
      "stringLocationTypes": [
        "Land"
      ],
      "minLevel": 36,
      "maxLevel": 55,
      "typeID": "pokemon",
      "condition": {
        "times": [
          "DAWN",
          "DUSK"
        ],
        "biomes": [
          "#pixelmon:spawning/savannas"
        ]
      },
      "rarity": 0.1
    },
	{
      "spec": "species:Emboar palette:video game",
      "stringLocationTypes": [
        "Land"
      ],
      "minLevel": 36,
      "maxLevel": 55,
      "typeID": "pokemon",
      "condition": {
        "times": [
          "DAWN",
          "DUSK"
        ],
        "biomes": [
          "#pixelmon:spawning/savannas"
        ]
      },
      "rarity": 0.1
    }
  ]
}
