{
  "id": "Exeggcute",
  "spawnInfos": [
    {
      "spec": "species:Exeggcute",
      "stringLocationTypes": [
        "Land",
        "Headbutt"
      ],
      "minLevel": 15,
      "maxLevel": 20,
      "typeID": "pokemon",
      "heldItems": [
        {
          "itemID": "pixelmon:psychic_seed",
          "percentChance": 5
        }
      ],
      "condition": {
        "times": [
          "DAWN",
          "DAY",
          "DUSK"
        ],
        "biomes": [
          "#pixelmon:spawning/taigas",
          "#pixelmon:spawning/jungles"
        ]
      },
      "rarity": 90.0
    },
	{
      "spec": "species:Exeggcute palette:easter",
      "stringLocationTypes": [
        "Land",
        "Headbutt"
      ],
      "minLevel": 15,
      "maxLevel": 20,
      "typeID": "pokemon",
      "heldItems": [
        {
          "itemID": "pixelmon:psychic_seed",
          "percentChance": 5
        }
      ],
      "condition": {
        "times": [
          "DAWN",
          "DAY",
          "DUSK"
        ],
        "biomes": [
          "#pixelmon:spawning/taigas",
          "#pixelmon:spawning/jungles"
        ]
      },
      "rarity": 9.0
    },
	{
      "spec": "species:Exeggcute palette:shadow",
      "stringLocationTypes": [
        "Land",
        "Headbutt"
      ],
      "minLevel": 15,
      "maxLevel": 20,
      "typeID": "pokemon",
      "heldItems": [
        {
          "itemID": "pixelmon:psychic_seed",
          "percentChance": 5
        }
      ],
      "condition": {
        "times": [
          "DAWN",
          "DAY",
          "DUSK"
        ],
        "biomes": [
          "#pixelmon:spawning/taigas",
          "#pixelmon:spawning/jungles"
        ]
      },
      "rarity": 9.0
    },
	{
      "spec": "species:Exeggcute palette:summer",
      "stringLocationTypes": [
        "Land",
        "Headbutt"
      ],
      "minLevel": 15,
      "maxLevel": 20,
      "typeID": "pokemon",
      "heldItems": [
        {
          "itemID": "pixelmon:psychic_seed",
          "percentChance": 5
        }
      ],
      "condition": {
        "times": [
          "DAWN",
          "DAY",
          "DUSK"
        ],
        "biomes": [
          "#pixelmon:spawning/taigas",
          "#pixelmon:spawning/jungles"
        ]
      },
      "rarity": 9.0
    },
	{
      "spec": "species:Exeggcute palette:toy",
      "stringLocationTypes": [
        "Land",
        "Headbutt"
      ],
      "minLevel": 15,
      "maxLevel": 20,
      "typeID": "pokemon",
      "heldItems": [
        {
          "itemID": "pixelmon:psychic_seed",
          "percentChance": 5
        }
      ],
      "condition": {
        "times": [
          "DAWN",
          "DAY",
          "DUSK"
        ],
        "biomes": [
          "#pixelmon:spawning/taigas",
          "#pixelmon:spawning/jungles"
        ]
      },
      "rarity": 9.0
    },
    {
      "spec": "species:Exeggcute palette:pink",
      "stringLocationTypes": [
        "Land"
      ],
      "minLevel": 15,
      "maxLevel": 20,
      "typeID": "pokemon",
      "heldItems": [
        {
          "itemID": "pixelmon:psychic_seed",
          "percentChance": 5
        }
      ],
      "condition": {
        "times": [
          "DAWN",
          "DAY",
          "DUSK"
        ],
        "biomes": [
          "#pixelmon:spawning/taigas",
          "#pixelmon:spawning/jungles"
        ]
      },
      "rarity": 5.0
    }
  ]
}
