{
  "id": "Exeggutor",
  "spawnInfos": [
    {
      "spec": "species:Exeggutor",
      "stringLocationTypes": [
        "Land"
      ],
      "minLevel": 38,
      "maxLevel": 50,
      "typeID": "pokemon",
      "condition": {
        "times": [
          "DAWN",
          "DAY",
          "DUSK"
        ],
        "biomes": [
          "#pixelmon:spawning/taigas",
          "#pixelmon:spawning/jungles"
        ]
      },
      "rarity": 0.5
    },
	{
      "spec": "species:Exeggutor palette:easter 1",
      "stringLocationTypes": [
        "Land"
      ],
      "minLevel": 38,
      "maxLevel": 50,
      "typeID": "pokemon",
      "condition": {
        "times": [
          "DAWN",
          "DAY",
          "DUSK"
        ],
        "biomes": [
          "#pixelmon:spawning/taigas",
          "#pixelmon:spawning/jungles"
        ]
      },
      "rarity": 0.05
    },
	{
      "spec": "species:Exeggutor palette:easter 2",
      "stringLocationTypes": [
        "Land"
      ],
      "minLevel": 38,
      "maxLevel": 50,
      "typeID": "pokemon",
      "condition": {
        "times": [
          "DAWN",
          "DAY",
          "DUSK"
        ],
        "biomes": [
          "#pixelmon:spawning/taigas",
          "#pixelmon:spawning/jungles"
        ]
      },
      "rarity": 0.05
    },
	{
      "spec": "species:Exeggutor palette:easter 3",
      "stringLocationTypes": [
        "Land"
      ],
      "minLevel": 38,
      "maxLevel": 50,
      "typeID": "pokemon",
      "condition": {
        "times": [
          "DAWN",
          "DAY",
          "DUSK"
        ],
        "biomes": [
          "#pixelmon:spawning/taigas",
          "#pixelmon:spawning/jungles"
        ]
      },
      "rarity": 0.05
    },
	{
      "spec": "species:Exeggutor palette:shadow",
      "stringLocationTypes": [
        "Land"
      ],
      "minLevel": 38,
      "maxLevel": 50,
      "typeID": "pokemon",
      "condition": {
        "times": [
          "DAWN",
          "DAY",
          "DUSK"
        ],
        "biomes": [
          "#pixelmon:spawning/taigas",
          "#pixelmon:spawning/jungles"
        ]
      },
      "rarity": 0.05
    },
	{
      "spec": "species:Exeggutor palette:summer",
      "stringLocationTypes": [
        "Land"
      ],
      "minLevel": 38,
      "maxLevel": 50,
      "typeID": "pokemon",
      "condition": {
        "times": [
          "DAWN",
          "DAY",
          "DUSK"
        ],
        "biomes": [
          "#pixelmon:spawning/taigas",
          "#pixelmon:spawning/jungles"
        ]
      },
      "rarity": 0.05
    },
    {
      "spec": "species:Exeggutor form:alolan",
      "stringLocationTypes": [
        "Land"
      ],
      "minLevel": 38,
      "maxLevel": 50,
      "typeID": "pokemon",
      "condition": {
        "times": [
          "MORNING"
        ],
        "biomes": [
          "minecraft:sparse_jungle"
        ]
      },
      "rarity": 0.1
    },
	{
      "spec": "species:Exeggutor form:alolan palette:summer",
      "stringLocationTypes": [
        "Land"
      ],
      "minLevel": 38,
      "maxLevel": 50,
      "typeID": "pokemon",
      "condition": {
        "times": [
          "MORNING"
        ],
        "biomes": [
          "minecraft:sparse_jungle"
        ]
      },
      "rarity": 0.01
    },
    {
      "spec": "species:Exeggutor form:base palette:pink",
      "stringLocationTypes": [
        "Land"
      ],
      "minLevel": 38,
      "maxLevel": 50,
      "typeID": "pokemon",
      "condition": {
        "times": [
          "DAWN",
          "DAY",
          "DUSK"
        ],
        "biomes": [
          "#pixelmon:spawning/taigas",
          "#pixelmon:spawning/jungles"
        ]
      },
      "rarity": 0.01
    }
  ]
}
