{
  "id": "Farfetchd",
  "spawnInfos": [
    {
      "spec": "species:Farfetchd",
      "stringLocationTypes": [
        "Land"
      ],
      "minLevel": 24,
      "maxLevel": 50,
      "typeID": "pokemon",
      "heldItems": [
        {
          "itemID": "pixelmon:leek",
          "percentChance": 5
        }
      ],
      "condition": {
        "times": [
          "DAY"
        ],
        "biomes": [
          "#pixelmon:spawning/plains",
          "minecraft:river",
          "#pixelmon:spawning/lakes",
          "terralith:warm_river"
        ]
      },
      "rarity": 40.0
    },
	{
      "spec": "species:Farfetchd palette:shadow",
      "stringLocationTypes": [
        "Land"
      ],
      "minLevel": 24,
      "maxLevel": 50,
      "typeID": "pokemon",
      "heldItems": [
        {
          "itemID": "pixelmon:leek",
          "percentChance": 5
        }
      ],
      "condition": {
        "times": [
          "DAY"
        ],
        "biomes": [
          "#pixelmon:spawning/plains",
          "minecraft:river",
          "#pixelmon:spawning/lakes",
          "terralith:warm_river"
        ]
      },
      "rarity": 4.0
    },
	{
      "spec": "species:Farfetchd palette:skeletal",
      "stringLocationTypes": [
        "Land"
      ],
      "minLevel": 24,
      "maxLevel": 50,
      "typeID": "pokemon",
      "heldItems": [
        {
          "itemID": "pixelmon:leek",
          "percentChance": 5
        }
      ],
      "condition": {
        "times": [
          "DAY"
        ],
        "biomes": [
          "#pixelmon:spawning/plains",
          "minecraft:river",
          "#pixelmon:spawning/lakes",
          "terralith:warm_river"
        ]
      },
      "rarity": 4.0
    },
    {
      "spec": "species:Farfetchd form:galarian",
      "stringLocationTypes": [
        "Land"
      ],
      "minLevel": 24,
      "maxLevel": 50,
      "typeID": "pokemon",
      "heldItems": [
        {
          "itemID": "pixelmon:leek",
          "percentChance": 5
        }
      ],
      "condition": {
        "times": [
          "NIGHT"
        ],
        "biomes": [
          "#pixelmon:spawning/plains",
          "minecraft:river",
          "#pixelmon:spawning/lakes",
          "terralith:warm_river"
        ]
      },
      "rarity": 40.0
    }
  ]
}
