{
  "id": "Finneon",
  "spawnInfos": [
    {
      "spec": "species:Finneon",
      "stringLocationTypes": [
        "Water"
      ],
      "minLevel": 19,
      "maxLevel": 30,
      "typeID": "pokemon",
      "condition": {
        "biomes": [
          "minecraft:ocean",
          "minecraft:deep_ocean",
          "minecraft:warm_ocean",
          "minecraft:deep_warm_ocean",
          "minecraft:lukewarm_ocean",
          "minecraft:deep_lukewarm_ocean",
          "#pixelmon:spawning/beaches",
          "byg:coral_mangroves"
        ]
      },
      "groupSpawnSettings": [
        {
          "spec": "Finneon",
          "amount": {
            "min_value": 3,
            "max_value": 5
          },
          "spawn_range_minimum": {
            "x": 1,
            "y": 1,
            "z": 1
          },
          "spawn_range_maximum": {
            "x": 5,
            "y": 5,
            "z": 5
          },
          "chance": 1.0
        }
      ],
      "rarity": 250.0
    },
	{
      "spec": "species:Finneon palette:magical",
      "stringLocationTypes": [
        "Water"
      ],
      "minLevel": 19,
      "maxLevel": 30,
      "typeID": "pokemon",
      "condition": {
        "biomes": [
          "minecraft:ocean",
          "minecraft:deep_ocean",
          "minecraft:warm_ocean",
          "minecraft:deep_warm_ocean",
          "minecraft:lukewarm_ocean",
          "minecraft:deep_lukewarm_ocean",
          "#pixelmon:spawning/beaches",
          "byg:coral_mangroves"
        ]
      },
      "groupSpawnSettings": [
        {
          "spec": "Finneon",
          "amount": {
            "min_value": 3,
            "max_value": 5
          },
          "spawn_range_minimum": {
            "x": 1,
            "y": 1,
            "z": 1
          },
          "spawn_range_maximum": {
            "x": 5,
            "y": 5,
            "z": 5
          },
          "chance": 1.0
        }
      ],
      "rarity": 25.0
    },
	{
      "spec": "species:Finneon palette:vapor",
      "stringLocationTypes": [
        "Water"
      ],
      "minLevel": 19,
      "maxLevel": 30,
      "typeID": "pokemon",
      "condition": {
        "biomes": [
          "minecraft:ocean",
          "minecraft:deep_ocean",
          "minecraft:warm_ocean",
          "minecraft:deep_warm_ocean",
          "minecraft:lukewarm_ocean",
          "minecraft:deep_lukewarm_ocean",
          "#pixelmon:spawning/beaches",
          "byg:coral_mangroves"
        ]
      },
      "groupSpawnSettings": [
        {
          "spec": "Finneon",
          "amount": {
            "min_value": 3,
            "max_value": 5
          },
          "spawn_range_minimum": {
            "x": 1,
            "y": 1,
            "z": 1
          },
          "spawn_range_maximum": {
            "x": 5,
            "y": 5,
            "z": 5
          },
          "chance": 1.0
        }
      ],
      "rarity": 25.0
    }
  ]
}
