{
  "id": "Flaaffy",
  "spawnInfos": [
    {
      "spec": "species:Flaaffy",
      "stringLocationTypes": [
        "Land"
      ],
      "minLevel": 15,
      "maxLevel": 30,
      "typeID": "pokemon",
      "condition": {
        "times": [
          "AFTERNOON",
          "DUSK"
        ],
        "biomes": [
          "#pixelmon:spawning/plains",
          "minecraft:snowy_plains"
        ]
      },
      "groupSpawnSettings": [
        {
          "spec": "Mareep",
          "amount": {
            "min_value": 3,
            "max_value": 4
          },
          "spawn_range_minimum": {
            "x": 1,
            "y": 1,
            "z": 1
          },
          "spawn_range_maximum": {
            "x": 5,
            "y": 5,
            "z": 5
          },
          "chance": 0.3
        }
      ],
      "rarity": 40.0
    },
	{
      "spec": "species:Flaaffy palette:christmas 1",
      "stringLocationTypes": [
        "Land"
      ],
      "minLevel": 15,
      "maxLevel": 30,
      "typeID": "pokemon",
      "condition": {
        "times": [
          "AFTERNOON",
          "DUSK"
        ],
        "biomes": [
          "#pixelmon:spawning/plains",
          "minecraft:snowy_plains"
        ]
      },
      "groupSpawnSettings": [
        {
          "spec": "Mareep",
          "amount": {
            "min_value": 3,
            "max_value": 4
          },
          "spawn_range_minimum": {
            "x": 1,
            "y": 1,
            "z": 1
          },
          "spawn_range_maximum": {
            "x": 5,
            "y": 5,
            "z": 5
          },
          "chance": 0.3
        }
      ],
      "rarity": 4.0
    },
	{
      "spec": "species:Flaaffy palette:christmas 2",
      "stringLocationTypes": [
        "Land"
      ],
      "minLevel": 15,
      "maxLevel": 30,
      "typeID": "pokemon",
      "condition": {
        "times": [
          "AFTERNOON",
          "DUSK"
        ],
        "biomes": [
          "#pixelmon:spawning/plains",
          "minecraft:snowy_plains"
        ]
      },
      "groupSpawnSettings": [
        {
          "spec": "Mareep",
          "amount": {
            "min_value": 3,
            "max_value": 4
          },
          "spawn_range_minimum": {
            "x": 1,
            "y": 1,
            "z": 1
          },
          "spawn_range_maximum": {
            "x": 5,
            "y": 5,
            "z": 5
          },
          "chance": 0.3
        }
      ],
      "rarity": 4.0
    },
	{
      "spec": "species:Flaaffy palette:easter",
      "stringLocationTypes": [
        "Land"
      ],
      "minLevel": 15,
      "maxLevel": 30,
      "typeID": "pokemon",
      "condition": {
        "times": [
          "AFTERNOON",
          "DUSK"
        ],
        "biomes": [
          "#pixelmon:spawning/plains",
          "minecraft:snowy_plains"
        ]
      },
      "groupSpawnSettings": [
        {
          "spec": "Mareep",
          "amount": {
            "min_value": 3,
            "max_value": 4
          },
          "spawn_range_minimum": {
            "x": 1,
            "y": 1,
            "z": 1
          },
          "spawn_range_maximum": {
            "x": 5,
            "y": 5,
            "z": 5
          },
          "chance": 0.3
        }
      ],
      "rarity": 4.0
    },
	{
      "spec": "species:Flaaffy palette:shadow",
      "stringLocationTypes": [
        "Land"
      ],
      "minLevel": 15,
      "maxLevel": 30,
      "typeID": "pokemon",
      "condition": {
        "times": [
          "AFTERNOON",
          "DUSK"
        ],
        "biomes": [
          "#pixelmon:spawning/plains",
          "minecraft:snowy_plains"
        ]
      },
      "groupSpawnSettings": [
        {
          "spec": "Mareep",
          "amount": {
            "min_value": 3,
            "max_value": 4
          },
          "spawn_range_minimum": {
            "x": 1,
            "y": 1,
            "z": 1
          },
          "spawn_range_maximum": {
            "x": 5,
            "y": 5,
            "z": 5
          },
          "chance": 0.3
        }
      ],
      "rarity": 4.0
    },
	{
      "spec": "species:Flaaffy palette:summer",
      "stringLocationTypes": [
        "Land"
      ],
      "minLevel": 15,
      "maxLevel": 30,
      "typeID": "pokemon",
      "condition": {
        "times": [
          "AFTERNOON",
          "DUSK"
        ],
        "biomes": [
          "#pixelmon:spawning/plains",
          "minecraft:snowy_plains"
        ]
      },
      "groupSpawnSettings": [
        {
          "spec": "Mareep",
          "amount": {
            "min_value": 3,
            "max_value": 4
          },
          "spawn_range_minimum": {
            "x": 1,
            "y": 1,
            "z": 1
          },
          "spawn_range_maximum": {
            "x": 5,
            "y": 5,
            "z": 5
          },
          "chance": 0.3
        }
      ],
      "rarity": 4.0
    }
  ]
}
