{
  "id": "Flabebe",
  "spawnInfos": [
    {
      "spec": "species:Flabebe palette:red",
      "stringLocationTypes": [
        "Land",
        "Sweet Scent"
      ],
      "minLevel": 6,
      "maxLevel": 18,
      "typeID": "pokemon",
      "condition": {
        "times": [
          "DAY"
        ],
        "biomes": [
          "#pixelmon:spawning/flowery",
          "#pixelmon:spawning/magical"
        ]
      },
      "groupSpawnSettings": [
        {
          "spec": "Flabebe palette:red",
          "amount": {
            "min_value": 3,
            "max_value": 4
          },
          "spawn_range_minimum": {
            "x": 1,
            "y": 1,
            "z": 1
          },
          "spawn_range_maximum": {
            "x": 5,
            "y": 5,
            "z": 5
          },
          "chance": 0.1
        }
      ],
      "rarity": 130.0
    },
	{
      "spec": "species:Flabebe palette:arctic",
      "stringLocationTypes": [
        "Land",
        "Sweet Scent"
      ],
      "minLevel": 6,
      "maxLevel": 18,
      "typeID": "pokemon",
      "condition": {
        "times": [
          "DAY"
        ],
        "biomes": [
          "#pixelmon:spawning/flowery",
          "#pixelmon:spawning/magical"
        ]
      },
      "groupSpawnSettings": [
        {
          "spec": "Flabebe palette:arctic",
          "amount": {
            "min_value": 3,
            "max_value": 4
          },
          "spawn_range_minimum": {
            "x": 1,
            "y": 1,
            "z": 1
          },
          "spawn_range_maximum": {
            "x": 5,
            "y": 5,
            "z": 5
          },
          "chance": 0.1
        }
      ],
      "rarity": 13.0
    },
    {
      "spec": "species:Flabebe palette:orange",
      "stringLocationTypes": [
        "Land",
        "Sweet Scent"
      ],
      "minLevel": 6,
      "maxLevel": 18,
      "typeID": "pokemon",
      "condition": {
        "times": [
          "DAY"
        ],
        "biomes": [
          "#pixelmon:spawning/flowery",
          "#pixelmon:spawning/magical"
        ]
      },
      "groupSpawnSettings": [
        {
          "spec": "Flabebe palette:orange",
          "amount": {
            "min_value": 3,
            "max_value": 4
          },
          "spawn_range_minimum": {
            "x": 1,
            "y": 1,
            "z": 1
          },
          "spawn_range_maximum": {
            "x": 5,
            "y": 5,
            "z": 5
          },
          "chance": 0.1
        }
      ],
      "rarity": 130.0
    },
    {
      "spec": "species:Flabebe palette:yellow",
      "stringLocationTypes": [
        "Land",
        "Sweet Scent"
      ],
      "minLevel": 6,
      "maxLevel": 18,
      "typeID": "pokemon",
      "condition": {
        "times": [
          "DAY"
        ],
        "biomes": [
          "#pixelmon:spawning/flowery",
          "#pixelmon:spawning/magical"
        ]
      },
      "groupSpawnSettings": [
        {
          "spec": "Flabebe palette:yellow",
          "amount": {
            "min_value": 3,
            "max_value": 4
          },
          "spawn_range_minimum": {
            "x": 1,
            "y": 1,
            "z": 1
          },
          "spawn_range_maximum": {
            "x": 5,
            "y": 5,
            "z": 5
          },
          "chance": 0.1
        }
      ],
      "rarity": 130.0
    },
    {
      "spec": "species:Flabebe palette:white",
      "stringLocationTypes": [
        "Land",
        "Sweet Scent"
      ],
      "minLevel": 6,
      "maxLevel": 18,
      "typeID": "pokemon",
      "condition": {
        "times": [
          "DAY"
        ],
        "biomes": [
          "#pixelmon:spawning/flowery",
          "#pixelmon:spawning/magical"
        ]
      },
      "groupSpawnSettings": [
        {
          "spec": "Flabebe palette:white",
          "amount": {
            "min_value": 3,
            "max_value": 4
          },
          "spawn_range_minimum": {
            "x": 1,
            "y": 1,
            "z": 1
          },
          "spawn_range_maximum": {
            "x": 5,
            "y": 5,
            "z": 5
          },
          "chance": 0.1
        }
      ],
      "rarity": 130.0
    },
    {
      "spec": "species:Flabebe palette:blue",
      "stringLocationTypes": [
        "Land",
        "Sweet Scent"
      ],
      "minLevel": 6,
      "maxLevel": 18,
      "typeID": "pokemon",
      "condition": {
        "times": [
          "DAY"
        ],
        "biomes": [
          "#pixelmon:spawning/flowery",
          "#pixelmon:spawning/magical"
        ]
      },
      "groupSpawnSettings": [
        {
          "spec": "Flabebe palette:blue",
          "amount": {
            "min_value": 3,
            "max_value": 4
          },
          "spawn_range_minimum": {
            "x": 1,
            "y": 1,
            "z": 1
          },
          "spawn_range_maximum": {
            "x": 5,
            "y": 5,
            "z": 5
          },
          "chance": 0.1
        }
      ],
      "rarity": 130.0
    }
  ]
}
