{
  "id": "Florges",
  "spawnInfos": [
    {
      "spec": "species:Florges palette:red",
      "stringLocationTypes": [
        "Land",
        "Sweet Scent"
      ],
      "minLevel": 34,
      "maxLevel": 49,
      "typeID": "pokemon",
      "condition": {
        "times": [
          "DAY"
        ],
        "biomes": [
          "#pixelmon:spawning/flowery",
          "#pixelmon:spawning/magical"
        ]
      },
      "groupSpawnSettings": [
        {
          "spec": "Floette palette:red",
          "amount": {
            "min_value": 3,
            "max_value": 4
          },
          "spawn_range_minimum": {
            "x": 1,
            "y": 1,
            "z": 1
          },
          "spawn_range_maximum": {
            "x": 5,
            "y": 5,
            "z": 5
          },
          "chance": 1.0
        }
      ],
      "rarity": 0.5
    },
	{
      "spec": "species:Florges palette:arctic",
      "stringLocationTypes": [
        "Land",
        "Sweet Scent"
      ],
      "minLevel": 34,
      "maxLevel": 49,
      "typeID": "pokemon",
      "condition": {
        "times": [
          "DAY"
        ],
        "biomes": [
          "#pixelmon:spawning/flowery",
          "#pixelmon:spawning/magical"
        ]
      },
      "groupSpawnSettings": [
        {
          "spec": "Floette palette:arctic",
          "amount": {
            "min_value": 3,
            "max_value": 4
          },
          "spawn_range_minimum": {
            "x": 1,
            "y": 1,
            "z": 1
          },
          "spawn_range_maximum": {
            "x": 5,
            "y": 5,
            "z": 5
          },
          "chance": 1.0
        }
      ],
      "rarity": 0.05
    },
    {
      "spec": "species:Florges palette:orange",
      "stringLocationTypes": [
        "Land",
        "Sweet Scent"
      ],
      "minLevel": 34,
      "maxLevel": 49,
      "typeID": "pokemon",
      "condition": {
        "times": [
          "DAY"
        ],
        "biomes": [
          "#pixelmon:spawning/flowery",
          "#pixelmon:spawning/magical"
        ]
      },
      "groupSpawnSettings": [
        {
          "spec": "Floette palette:orange",
          "amount": {
            "min_value": 3,
            "max_value": 4
          },
          "spawn_range_minimum": {
            "x": 1,
            "y": 1,
            "z": 1
          },
          "spawn_range_maximum": {
            "x": 5,
            "y": 5,
            "z": 5
          },
          "chance": 1.0
        }
      ],
      "rarity": 0.5
    },
    {
      "spec": "species:Florges palette:yellow",
      "stringLocationTypes": [
        "Land",
        "Sweet Scent"
      ],
      "minLevel": 34,
      "maxLevel": 49,
      "typeID": "pokemon",
      "condition": {
        "times": [
          "DAY"
        ],
        "biomes": [
          "#pixelmon:spawning/flowery",
          "#pixelmon:spawning/magical"
        ]
      },
      "groupSpawnSettings": [
        {
          "spec": "Floette palette:yellow",
          "amount": {
            "min_value": 3,
            "max_value": 4
          },
          "spawn_range_minimum": {
            "x": 1,
            "y": 1,
            "z": 1
          },
          "spawn_range_maximum": {
            "x": 5,
            "y": 5,
            "z": 5
          },
          "chance": 1.0
        }
      ],
      "rarity": 0.5
    },
    {
      "spec": "species:Florges palette:white",
      "stringLocationTypes": [
        "Land",
        "Sweet Scent"
      ],
      "minLevel": 34,
      "maxLevel": 49,
      "typeID": "pokemon",
      "condition": {
        "times": [
          "DAY"
        ],
        "biomes": [
          "#pixelmon:spawning/flowery",
          "#pixelmon:spawning/magical"
        ]
      },
      "groupSpawnSettings": [
        {
          "spec": "Floette palette:white",
          "amount": {
            "min_value": 3,
            "max_value": 4
          },
          "spawn_range_minimum": {
            "x": 1,
            "y": 1,
            "z": 1
          },
          "spawn_range_maximum": {
            "x": 5,
            "y": 5,
            "z": 5
          },
          "chance": 1.0
        }
      ],
      "rarity": 0.5
    },
    {
      "spec": "species:Florges palette:blue",
      "stringLocationTypes": [
        "Land",
        "Sweet Scent"
      ],
      "minLevel": 34,
      "maxLevel": 49,
      "typeID": "pokemon",
      "condition": {
        "times": [
          "DAY"
        ],
        "biomes": [
          "#pixelmon:spawning/flowery",
          "#pixelmon:spawning/magical"
        ]
      },
      "groupSpawnSettings": [
        {
          "spec": "Floette palette:blue",
          "amount": {
            "min_value": 3,
            "max_value": 4
          },
          "spawn_range_minimum": {
            "x": 1,
            "y": 1,
            "z": 1
          },
          "spawn_range_maximum": {
            "x": 5,
            "y": 5,
            "z": 5
          },
          "chance": 1.0
        }
      ],
      "rarity": 0.5
    }
  ]
}
