{
  "id": "Floragato",
  "spawnInfos": [
    {
      "spec": "species:Floragato",
      "stringLocationTypes": [
        "Land"
      ],
      "minLevel": 16,
      "maxLevel": 36,
      "typeID": "pokemon",
      "condition": {
        "times": [
          "DAY"
        ],
        "biomes": [
          "#pixelmon:spawning/birches"
        ]
      },
      "rarity": 1.0
    },
	{
      "spec": "species:Floragato palette:halloween",
      "stringLocationTypes": [
        "Land"
      ],
      "minLevel": 16,
      "maxLevel": 36,
      "typeID": "pokemon",
      "condition": {
        "times": [
          "DAY"
        ],
        "biomes": [
          "#pixelmon:spawning/birches"
        ]
      },
      "rarity": 0.1
    }
  ]
}

