{
  "id": "Fomantis",
  "spawnInfos": [
    {
      "spec": "species:Fomantis",
      "stringLocationTypes": [
        "Land",
        "Tree Top"
      ],
      "minLevel": 10,
      "maxLevel": 30,
      "typeID": "pokemon",
      "heldItems": [
        {
          "itemID": "pixelmon:miracle_seed",
          "percentChance": 5
        }
      ],
      "condition": {
        "times": [
          "DAY"
        ],
        "biomes": [
          "#pixelmon:spawning/jungles"
        ]
      },
      "rarity": 40.0
    }
  ]
}
