{
  "id": "Forretress",
  "spawnInfos": [
    {
      "spec": "species:Forretress",
      "stringLocationTypes": [
        "Land",
        "Headbutt"
      ],
      "minLevel": 31,
      "maxLevel": 55,
      "typeID": "pokemon",
      "condition": {
        "biomes": [
          "#pixelmon:spawning/taigas",
          "#pixelmon:spawning/redwoods",
          "#pixelmon:spawning/mountainous_forests"
        ]
      },
      "rarity": 8.0
    },
	{
      "spec": "species:Forretress palette:magma",
      "stringLocationTypes": [
        "Land",
        "Headbutt"
      ],
      "minLevel": 31,
      "maxLevel": 55,
      "typeID": "pokemon",
      "condition": {
        "biomes": [
          "#pixelmon:spawning/taigas",
          "#pixelmon:spawning/redwoods",
          "#pixelmon:spawning/mountainous_forests"
        ]
      },
      "rarity": 0.8
    },
	{
      "spec": "species:Forretress palette:shadow",
      "stringLocationTypes": [
        "Land",
        "Headbutt"
      ],
      "minLevel": 31,
      "maxLevel": 55,
      "typeID": "pokemon",
      "condition": {
        "biomes": [
          "#pixelmon:spawning/taigas",
          "#pixelmon:spawning/redwoods",
          "#pixelmon:spawning/mountainous_forests"
        ]
      },
      "rarity": 0.8
    },
	{
      "spec": "species:Forretress palette:snowfall",
      "stringLocationTypes": [
        "Land",
        "Headbutt"
      ],
      "minLevel": 31,
      "maxLevel": 55,
      "typeID": "pokemon",
      "condition": {
        "biomes": [
          "#pixelmon:spawning/taigas",
          "#pixelmon:spawning/redwoods",
          "#pixelmon:spawning/mountainous_forests"
        ]
      },
      "rarity": 0.8
    }
  ]
}
