{
  "id": "Furfrou",
  "spawnInfos": [
    {
      "spec": "species:Furfrou",
      "stringLocationTypes": [
        "Land"
      ],
      "minLevel": 42,
      "maxLevel": 56,
      "typeID": "pokemon",
      "condition": {
        "times": [
          "DAY"
        ],
        "biomes": [
          "#pixelmon:spawning/birches",
          "#pixelmon:spawning/plains"
        ]
      },
      "rarity": 90.0
    },
	{
      "spec": "species:Furfrou palette:halloween",
      "stringLocationTypes": [
        "Land"
      ],
      "minLevel": 42,
      "maxLevel": 56,
      "typeID": "pokemon",
      "condition": {
        "times": [
          "DAY"
        ],
        "biomes": [
          "#pixelmon:spawning/birches",
          "#pixelmon:spawning/plains"
        ]
      },
      "rarity": 9.0
    }
  ]
}
