{
  "id": "Garbodor",
  "spawnInfos": [
    {
      "spec": "species:Garbodor",
      "stringLocationTypes": [
        "Land"
      ],
      "minLevel": 37,
      "maxLevel": 49,
      "typeID": "pokemon",
      "heldItems": [
        {
          "itemID": "pixelmon:black_sludge",
          "percentChance": 5
        },
        {
          "itemID": "pixelmon:silk_scarf",
          "percentChance": 50
        }
      ],
      "condition": {
        "times": [
          "DAY"
        ],
        "biomes": [
          "#pixelmon:spawning/swamps",
          "#pixelmon:spawning/evil"
        ]
      },
      "rarity": 0.5
    }
  ]
}
