{
  "id": "Garganacl",
  "spawnInfos": [
    {
      "spec": "species:Garganacl",
      "stringLocationTypes": [
        "Land"
      ],
      "minLevel": 38,
      "maxLevel": 55,
      "typeID": "pokemon",
      "condition": {
        "biomes": [
          "#pixelmon:spawning/mountainous",
          "#pixelmon:spawning/mesas",
          "minecraft:stony_shore",
          "byg:rocky_beach",
          "terralith:gravel_beach"
        ]
      },
      "rarity": 1.0
    },
    {
      "spec": "species:Garganacl",
      "stringLocationTypes": [
        "Land"
      ],
      "minLevel": 38,
      "maxLevel": 55,
      "typeID": "pokemon",
      "condition": {
        "biomes": [
          "pixelmon:ultra_desert",
          "pixelmon:ultra_crater"
        ]
      },
      "rarity": 25.0
    },
    {
      "spec": "species:Garganacl",
      "stringLocationTypes": [
        "Underground"
      ],
      "minLevel": 38,
      "maxLevel": 55,
      "typeID": "pokemon",
      "condition": {
        "maxY": 64
      },
      "rarity": 1.0
    }
  ]
}
