{
  "id": "Glimmet",
  "spawnInfos": [
    {
      "spec": "species:Glimmet",
      "stringLocationTypes": [
        "Land"
      ],
      "minLevel": 15,
      "maxLevel": 34,
      "typeID": "pokemon",
      "condition": {
        "biomes": [
          "pixelmon:ultra_deep_sea"
        ]
      },
      "rarity": 150.0
    },
    {
      "spec": "species:Glimmet",
      "stringLocationTypes": [
        "Underground"
      ],
      "minLevel": 15,
      "maxLevel": 34,
      "typeID": "pokemon",
      "condition": {
        "maxY": 64
      },
      "rarity": 100.0
    }
  ]
}


