{
  "id": "Golbat",
  "spawnInfos": [
    {
      "spec": "species:Golbat",
      "stringLocationTypes": [
        "Air"
      ],
      "minLevel": 22,
      "maxLevel": 50,
      "typeID": "pokemon",
      "condition": {
        "times": [
          "NIGHT"
        ],
        "weathers": [
          "CLEAR"
        ],
        "biomes": [
          "#pixelmon:spawning/all_forests",
          "#pixelmon:spawning/swamps",
          "#pixelmon:spawning/plains",
          "#pixelmon:spawning/evil"
        ]
      },
      "groupSpawnSettings": [
        {
          "spec": "Zubat",
          "amount": {
            "min_value": 3,
            "max_value": 5
          },
          "spawn_range_minimum": {
            "x": 1,
            "y": 1,
            "z": 1
          },
          "spawn_range_maximum": {
            "x": 5,
            "y": 5,
            "z": 5
          },
          "chance": 0.5
        }
      ],
      "rarity": 40.0
    },
	{
      "spec": "species:Golbat palette:halloween",
      "stringLocationTypes": [
        "Air"
      ],
      "minLevel": 22,
      "maxLevel": 50,
      "typeID": "pokemon",
      "condition": {
        "times": [
          "NIGHT"
        ],
        "weathers": [
          "CLEAR"
        ],
        "biomes": [
          "#pixelmon:spawning/all_forests",
          "#pixelmon:spawning/swamps",
          "#pixelmon:spawning/plains",
          "#pixelmon:spawning/evil"
        ]
      },
      "groupSpawnSettings": [
        {
          "spec": "Zubat",
          "amount": {
            "min_value": 3,
            "max_value": 5
          },
          "spawn_range_minimum": {
            "x": 1,
            "y": 1,
            "z": 1
          },
          "spawn_range_maximum": {
            "x": 5,
            "y": 5,
            "z": 5
          },
          "chance": 0.5
        }
      ],
      "rarity": 4.0
    },
	{
      "spec": "species:Golbat palette:primal",
      "stringLocationTypes": [
        "Air"
      ],
      "minLevel": 22,
      "maxLevel": 50,
      "typeID": "pokemon",
      "condition": {
        "times": [
          "NIGHT"
        ],
        "weathers": [
          "CLEAR"
        ],
        "biomes": [
          "#pixelmon:spawning/all_forests",
          "#pixelmon:spawning/swamps",
          "#pixelmon:spawning/plains",
          "#pixelmon:spawning/evil"
        ]
      },
      "groupSpawnSettings": [
        {
          "spec": "Zubat",
          "amount": {
            "min_value": 3,
            "max_value": 5
          },
          "spawn_range_minimum": {
            "x": 1,
            "y": 1,
            "z": 1
          },
          "spawn_range_maximum": {
            "x": 5,
            "y": 5,
            "z": 5
          },
          "chance": 0.5
        }
      ],
      "rarity": 4.0
    },
    {
      "spec": "species:Golbat",
      "stringLocationTypes": [
        "Underground"
      ],
      "minLevel": 22,
      "maxLevel": 50,
      "typeID": "pokemon",
      "condition": {
        "maxLightLevel": 0
      },
      "rarity": 8.0
    },
	{
      "spec": "species:Golbat palette:halloween",
      "stringLocationTypes": [
        "Underground"
      ],
      "minLevel": 22,
      "maxLevel": 50,
      "typeID": "pokemon",
      "condition": {
        "maxLightLevel": 0
      },
      "rarity": 0.8
    },
	
      "spec": "species:Golbat palette:primal",
      "stringLocationTypes": [
        "Underground"
      ],
      "minLevel": 22,
      "maxLevel": 50,
      "typeID": "pokemon",
      "condition": {
        "maxLightLevel": 0
      },
      "rarity": 0.8
    },
    {
      "spec": "species:Golbat palette:strike",
      "stringLocationTypes": [
        "Air"
      ],
      "minLevel": 22,
      "maxLevel": 50,
      "typeID": "pokemon",
      "condition": {
        "times": [
          "NIGHT"
        ],
        "biomes": [
          "pixelmon:ultra_plant"
        ]
      },
      "rarity": 10.0
    }
  ]
}
