{
  "id": "Golduck",
  "spawnInfos": [
    {
      "spec": "species:Golduck",
      "stringLocationTypes": [
        "Land"
      ],
      "minLevel": 33,
      "maxLevel": 50,
      "typeID": "pokemon",
      "condition": {
        "times": [
          "DAY"
        ],
        "biomes": [
          "#pixelmon:spawning/swamps",
          "minecraft:river",
          "#pixelmon:spawning/lakes",
          "terralith:warm_river"
        ]
      },
      "rarityMultipliers": [
        {
          "multiplier": 1.5,
          "condition": {
            "weathers": [
              "RAIN"
            ]
          }
        }
      ],
      "rarity": 5.0
    },
	{
      "spec": "species:Golduck palette:anubis",
      "stringLocationTypes": [
        "Land"
      ],
      "minLevel": 33,
      "maxLevel": 50,
      "typeID": "pokemon",
      "condition": {
        "times": [
          "DAY"
        ],
        "biomes": [
          "#pixelmon:spawning/swamps",
          "minecraft:river",
          "#pixelmon:spawning/lakes",
          "terralith:warm_river"
        ]
      },
      "rarityMultipliers": [
        {
          "multiplier": 1.5,
          "condition": {
            "weathers": [
              "RAIN"
            ]
          }
        }
      ],
      "rarity": 0.5
    },
	{
      "spec": "species:Golduck palette:primal",
      "stringLocationTypes": [
        "Land"
      ],
      "minLevel": 33,
      "maxLevel": 50,
      "typeID": "pokemon",
      "condition": {
        "times": [
          "DAY"
        ],
        "biomes": [
          "#pixelmon:spawning/swamps",
          "minecraft:river",
          "#pixelmon:spawning/lakes",
          "terralith:warm_river"
        ]
      },
      "rarityMultipliers": [
        {
          "multiplier": 1.5,
          "condition": {
            "weathers": [
              "RAIN"
            ]
          }
        }
      ],
      "rarity": 0.5
    },
	{
      "spec": "species:Golduck palette:shadow",
      "stringLocationTypes": [
        "Land"
      ],
      "minLevel": 33,
      "maxLevel": 50,
      "typeID": "pokemon",
      "condition": {
        "times": [
          "DAY"
        ],
        "biomes": [
          "#pixelmon:spawning/swamps",
          "minecraft:river",
          "#pixelmon:spawning/lakes",
          "terralith:warm_river"
        ]
      },
      "rarityMultipliers": [
        {
          "multiplier": 1.5,
          "condition": {
            "weathers": [
              "RAIN"
            ]
          }
        }
      ],
      "rarity": 0.5
    }
  ]
}
