{
  "id": "Goldeen",
  "spawnInfos": [
    {
      "spec": "species:Goldeen",
      "stringLocationTypes": [
        "Water"
      ],
      "minLevel": 10,
      "maxLevel": 33,
      "typeID": "pokemon",
      "heldItems": [
        {
          "itemID": "pixelmon:mystic_water",
          "percentChance": 5
        }
      ],
      "condition": {
        "biomes": [
          "minecraft:river",
          "#pixelmon:spawning/all_forests",
          "#pixelmon:spawning/lakes",
          "#pixelmon:spawning/swamps",
          "#pixelmon:spawning/magical",
          "byg:crag_gardens",
          "terralith:warm_river"
        ]
      },
      "rarity": 250.0
    },
	{
      "spec": "species:Goldeen palette:akuma",
      "stringLocationTypes": [
        "Water"
      ],
      "minLevel": 10,
      "maxLevel": 33,
      "typeID": "pokemon",
      "heldItems": [
        {
          "itemID": "pixelmon:mystic_water",
          "percentChance": 5
        }
      ],
      "condition": {
        "biomes": [
          "minecraft:river",
          "#pixelmon:spawning/all_forests",
          "#pixelmon:spawning/lakes",
          "#pixelmon:spawning/swamps",
          "#pixelmon:spawning/magical",
          "byg:crag_gardens",
          "terralith:warm_river"
        ]
      },
      "rarity": 25.0
    },
	{
      "spec": "species:Goldeen palette:ice",
      "stringLocationTypes": [
        "Water"
      ],
      "minLevel": 10,
      "maxLevel": 33,
      "typeID": "pokemon",
      "heldItems": [
        {
          "itemID": "pixelmon:mystic_water",
          "percentChance": 5
        }
      ],
      "condition": {
        "biomes": [
          "minecraft:river",
          "#pixelmon:spawning/all_forests",
          "#pixelmon:spawning/lakes",
          "#pixelmon:spawning/swamps",
          "#pixelmon:spawning/magical",
          "byg:crag_gardens",
          "terralith:warm_river"
        ]
      },
      "rarity": 25.0
    },
	{
      "spec": "species:Goldeen palette:soulfire",
      "stringLocationTypes": [
        "Water"
      ],
      "minLevel": 10,
      "maxLevel": 33,
      "typeID": "pokemon",
      "heldItems": [
        {
          "itemID": "pixelmon:mystic_water",
          "percentChance": 5
        }
      ],
      "condition": {
        "biomes": [
          "minecraft:river",
          "#pixelmon:spawning/all_forests",
          "#pixelmon:spawning/lakes",
          "#pixelmon:spawning/swamps",
          "#pixelmon:spawning/magical",
          "byg:crag_gardens",
          "terralith:warm_river"
        ]
      },
      "rarity": 25.0
    }
  ]
}
