{
  "id": "Goomy",
  "spawnInfos": [
    {
      "spec": "species:Goomy",
      "stringLocationTypes": [
        "Land"
      ],
      "minLevel": 22,
      "maxLevel": 39,
      "typeID": "pokemon",
      "heldItems": [
        {
          "itemID": "pixelmon:shed_shell",
          "percentChance": 5
        }
      ],
      "condition": {
        "times": [
          "NIGHT"
        ],
        "weathers": [
          "RAIN"
        ],
        "biomes": [
          "#pixelmon:spawning/swamps"
        ]
      },
      "rarity": 90.0
    },
	{
      "spec": "species:Goomy palette:alluring",
      "stringLocationTypes": [
        "Land"
      ],
      "minLevel": 22,
      "maxLevel": 39,
      "typeID": "pokemon",
      "heldItems": [
        {
          "itemID": "pixelmon:shed_shell",
          "percentChance": 5
        }
      ],
      "condition": {
        "times": [
          "NIGHT"
        ],
        "weathers": [
          "RAIN"
        ],
        "biomes": [
          "#pixelmon:spawning/swamps"
        ]
      },
      "rarity": 9.0
    },
	{
      "spec": "species:Goomy palette:chocolate",
      "stringLocationTypes": [
        "Land"
      ],
      "minLevel": 22,
      "maxLevel": 39,
      "typeID": "pokemon",
      "heldItems": [
        {
          "itemID": "pixelmon:shed_shell",
          "percentChance": 5
        }
      ],
      "condition": {
        "times": [
          "NIGHT"
        ],
        "weathers": [
          "RAIN"
        ],
        "biomes": [
          "#pixelmon:spawning/swamps"
        ]
      },
      "rarity": 9.0
    },
	{
      "spec": "species:Goomy palette:christmas",
      "stringLocationTypes": [
        "Land"
      ],
      "minLevel": 22,
      "maxLevel": 39,
      "typeID": "pokemon",
      "heldItems": [
        {
          "itemID": "pixelmon:shed_shell",
          "percentChance": 5
        }
      ],
      "condition": {
        "times": [
          "NIGHT"
        ],
        "weathers": [
          "RAIN"
        ],
        "biomes": [
          "#pixelmon:spawning/swamps"
        ]
      },
      "rarity": 9.0
    },
	{
      "spec": "species:Goomy palette:dark",
      "stringLocationTypes": [
        "Land"
      ],
      "minLevel": 22,
      "maxLevel": 39,
      "typeID": "pokemon",
      "heldItems": [
        {
          "itemID": "pixelmon:shed_shell",
          "percentChance": 5
        }
      ],
      "condition": {
        "times": [
          "NIGHT"
        ],
        "weathers": [
          "RAIN"
        ],
        "biomes": [
          "#pixelmon:spawning/swamps"
        ]
      },
      "rarity": 9.0
    }
  ]
}
