{
  "id": "Gorebyss",
  "spawnInfos": [
    {
      "spec": "species:Gorebyss",
      "stringLocationTypes": [
        "Water"
      ],
      "minLevel": 30,
      "maxLevel": 40,
      "typeID": "pokemon",
      "heldItems": [
        {
          "itemID": "pixelmon:deep_sea_scale",
          "percentChance": 5
        }
      ],
      "condition": {
        "times": [
          "DAY"
        ],
        "biomes": [
          "minecraft:ocean",
          "minecraft:deep_ocean",
          "minecraft:warm_ocean",
          "minecraft:deep_warm_ocean",
          "minecraft:lukewarm_ocean",
          "minecraft:deep_lukewarm_ocean",
          "minecraft:deep_cold_ocean",
          "#pixelmon:spawning/beaches"
        ]
      },
      "rarity": 1.0
    },
    {
      "spec": "species:Gorebyss",
      "stringLocationTypes": [
        "Water",
        "Underground Water"
      ],
      "minLevel": 30,
      "maxLevel": 40,
      "typeID": "pokemon",
      "heldItems": [
        {
          "itemID": "pixelmon:deep_sea_scale",
          "percentChance": 5
        }
      ],
      "condition": {
        "structures": [
          "pixelmon:water_chalice"
        ],
        "biomes": [
          "#pixelmon:spawning/oceanic"
        ]
      },
      "rarity": 5.0
    }
  ]
}
