{
  "id": "Gossifleur",
  "spawnInfos": [
    {
      "spec": "species:Gossifleur",
      "stringLocationTypes": [
        "Land",
        "Sweet Scent"
      ],
      "minLevel": 5,
      "maxLevel": 19,
      "typeID": "pokemon",
      "condition": {
        "times": [
          "DAY"
        ],
        "biomes": [
          "#pixelmon:spawning/flowery"
        ]
      },
      "rarity": 130.0
    },
	{
      "spec": "species:Gossifleur palette:ice",
      "stringLocationTypes": [
        "Land",
        "Sweet Scent"
      ],
      "minLevel": 5,
      "maxLevel": 19,
      "typeID": "pokemon",
      "condition": {
        "times": [
          "DAY"
        ],
        "biomes": [
          "#pixelmon:spawning/flowery"
        ]
      },
      "rarity": 13.0
    }
  ]
}
