{
  "id": "Gothorita",
  "spawnInfos": [
    {
      "spec": "species:Gothorita",
      "stringLocationTypes": [
        "Land"
      ],
      "minLevel": 33,
      "maxLevel": 40,
      "typeID": "pokemon",
      "condition": {
        "times": [
          "NIGHT"
        ],
        "biomes": [
          "#pixelmon:spawning/roofed",
          "byg:weeping_witch_forest",
          "byg:weeping_witch_clearing"
        ]
      },
      "rarity": 8.0
    },
	{
      "spec": "species:Gothorita palette:halloween",
      "stringLocationTypes": [
        "Land"
      ],
      "minLevel": 33,
      "maxLevel": 40,
      "typeID": "pokemon",
      "condition": {
        "times": [
          "NIGHT"
        ],
        "biomes": [
          "#pixelmon:spawning/roofed",
          "byg:weeping_witch_forest",
          "byg:weeping_witch_clearing"
        ]
      },
      "rarity": 0.8
    },
    {
      "spec": "species:Gothorita",
      "stringLocationTypes": [
        "Land",
        "Indoors",
        "Manmade"
      ],
      "minLevel": 33,
      "maxLevel": 40,
      "typeID": "pokemon",
      "condition": {
        "times": [
          "DAY"
        ],
        "structures": [
          "pixelmon:pumpkin_house"
        ]
      },
      "rarity": 50.0
    },
	{
      "spec": "species:Gothorita palette:halloween",
      "stringLocationTypes": [
        "Land",
        "Indoors",
        "Manmade"
      ],
      "minLevel": 33,
      "maxLevel": 40,
      "typeID": "pokemon",
      "condition": {
        "times": [
          "DAY"
        ],
        "structures": [
          "pixelmon:pumpkin_house"
        ]
      },
      "rarity": 5.0
    },
    {
      "spec": "species:Gothorita",
      "stringLocationTypes": [
        "Land"
      ],
      "minLevel": 33,
      "maxLevel": 40,
      "typeID": "pokemon",
      "condition": {
        "biomes": [
          "minecraft:end_midlands",
          "minecraft:end_highlands",
          "minecraft:small_end_islands",
          "byg:nightshade_forest",
          "byg:shulkren_forest",
          "byg:imparius_grove",
          "byg:imparius_clearing",
          "byg:ethereal_forest",
          "byg:ethereal_clearing"
        ]
      },
      "rarity": 8.0
    },
	{
      "spec": "species:Gothorita palette:halloween",
      "stringLocationTypes": [
        "Land"
      ],
      "minLevel": 33,
      "maxLevel": 40,
      "typeID": "pokemon",
      "condition": {
        "biomes": [
          "minecraft:end_midlands",
          "minecraft:end_highlands",
          "minecraft:small_end_islands",
          "byg:nightshade_forest",
          "byg:shulkren_forest",
          "byg:imparius_grove",
          "byg:imparius_clearing",
          "byg:ethereal_forest",
          "byg:ethereal_clearing"
        ]
      },
      "rarity": 0.8
    }
  ]
}
