{
  "id": "Gothita",
  "spawnInfos": [
    {
      "spec": "species:Gothita",
      "stringLocationTypes": [
        "Land"
      ],
      "minLevel": 20,
      "maxLevel": 31,
      "typeID": "pokemon",
      "condition": {
        "times": [
          "NIGHT"
        ],
        "biomes": [
          "#pixelmon:spawning/roofed",
          "byg:weeping_witch_forest",
          "byg:weeping_witch_clearing"
        ]
      },
      "rarity": 80.0
    },
	{
      "spec": "species:Gothita palette:halloween",
      "stringLocationTypes": [
        "Land"
      ],
      "minLevel": 20,
      "maxLevel": 31,
      "typeID": "pokemon",
      "condition": {
        "times": [
          "NIGHT"
        ],
        "biomes": [
          "#pixelmon:spawning/roofed",
          "byg:weeping_witch_forest",
          "byg:weeping_witch_clearing"
        ]
      },
      "rarity": 8.0
    },
    {
      "spec": "species:Gothita",
      "stringLocationTypes": [
        "Land",
        "Indoors",
        "Manmade"
      ],
      "minLevel": 20,
      "maxLevel": 31,
      "typeID": "pokemon",
      "condition": {
        "times": [
          "DAY"
        ],
        "structures": [
          "pixelmon:pumpkin_house"
        ]
      },
      "rarity": 100.0
    },
	{
      "spec": "species:Gothita palette:halloween",
      "stringLocationTypes": [
        "Land",
        "Indoors",
        "Manmade"
      ],
      "minLevel": 20,
      "maxLevel": 31,
      "typeID": "pokemon",
      "condition": {
        "times": [
          "DAY"
        ],
        "structures": [
          "pixelmon:pumpkin_house"
        ]
      },
      "rarity": 10.0
    },
    {
      "spec": "species:Gothita",
      "stringLocationTypes": [
        "Land"
      ],
      "minLevel": 20,
      "maxLevel": 31,
      "typeID": "pokemon",
      "condition": {
        "biomes": [
          "minecraft:end_midlands",
          "minecraft:end_highlands",
          "minecraft:small_end_islands",
          "byg:nightshade_forest",
          "byg:shulkren_forest",
          "byg:imparius_grove",
          "byg:imparius_clearing",
          "byg:ethereal_forest",
          "byg:ethereal_clearing"
        ]
      },
      "rarity": 80.0
    },
	{
      "spec": "species:Gothita palette:halloween",
      "stringLocationTypes": [
        "Land"
      ],
      "minLevel": 20,
      "maxLevel": 31,
      "typeID": "pokemon",
      "condition": {
        "biomes": [
          "minecraft:end_midlands",
          "minecraft:end_highlands",
          "minecraft:small_end_islands",
          "byg:nightshade_forest",
          "byg:shulkren_forest",
          "byg:imparius_grove",
          "byg:imparius_clearing",
          "byg:ethereal_forest",
          "byg:ethereal_clearing"
        ]
      },
      "rarity": 8.0
    }
  ]
}
