{
  "id": "Grapploct",
  "spawnInfos": [
    {
      "spec": "species:Grapploct",
      "stringLocationTypes": [
        "Seafloor"
      ],
      "minLevel": 35,
      "maxLevel": 50,
      "typeID": "pokemon",
      "heldItems": [
        {
          "itemID": "pixelmon:black_belt",
          "percentChance": 5
        }
      ],
      "condition": {
        "biomes": [
          "#pixelmon:spawning/beaches",
          "minecraft:ocean",
          "minecraft:lukewarm_ocean",
          "minecraft:cold_ocean",
          "minecraft:frozen_ocean"
        ]
      },
      "rarity": 30.0
    },
	{
      "spec": "species:Grapploct palette:battlecast",
      "stringLocationTypes": [
        "Seafloor"
      ],
      "minLevel": 35,
      "maxLevel": 50,
      "typeID": "pokemon",
      "heldItems": [
        {
          "itemID": "pixelmon:black_belt",
          "percentChance": 5
        }
      ],
      "condition": {
        "biomes": [
          "#pixelmon:spawning/beaches",
          "minecraft:ocean",
          "minecraft:lukewarm_ocean",
          "minecraft:cold_ocean",
          "minecraft:frozen_ocean"
        ]
      },
      "rarity": 3.0
    },
	{
      "spec": "species:Grapploct palette:gamma",
      "stringLocationTypes": [
        "Seafloor"
      ],
      "minLevel": 35,
      "maxLevel": 50,
      "typeID": "pokemon",
      "heldItems": [
        {
          "itemID": "pixelmon:black_belt",
          "percentChance": 5
        }
      ],
      "condition": {
        "biomes": [
          "#pixelmon:spawning/beaches",
          "minecraft:ocean",
          "minecraft:lukewarm_ocean",
          "minecraft:cold_ocean",
          "minecraft:frozen_ocean"
        ]
      },
      "rarity": 3.0
    },
	{
      "spec": "species:Grapploct palette:st patricks 1",
      "stringLocationTypes": [
        "Seafloor"
      ],
      "minLevel": 35,
      "maxLevel": 50,
      "typeID": "pokemon",
      "heldItems": [
        {
          "itemID": "pixelmon:black_belt",
          "percentChance": 5
        }
      ],
      "condition": {
        "biomes": [
          "#pixelmon:spawning/beaches",
          "minecraft:ocean",
          "minecraft:lukewarm_ocean",
          "minecraft:cold_ocean",
          "minecraft:frozen_ocean"
        ]
      },
      "rarity": 3.0
    },
	{
      "spec": "species:Grapploct palette:st patricks 2",
      "stringLocationTypes": [
        "Seafloor"
      ],
      "minLevel": 35,
      "maxLevel": 50,
      "typeID": "pokemon",
      "heldItems": [
        {
          "itemID": "pixelmon:black_belt",
          "percentChance": 5
        }
      ],
      "condition": {
        "biomes": [
          "#pixelmon:spawning/beaches",
          "minecraft:ocean",
          "minecraft:lukewarm_ocean",
          "minecraft:cold_ocean",
          "minecraft:frozen_ocean"
        ]
      },
      "rarity": 3.0
    }
  ]
}
