{
  "id": "Greavard",
  "spawnInfos": [
    {
      "spec": "species:Greavard",
      "stringLocationTypes": [
        "Land"
      ],
      "minLevel": 10,
      "maxLevel": 30,
      "typeID": "pokemon",
      "condition": {
        "times": [
          "NIGHT"
        ],
        "biomes": [
          "#pixelmon:spawning/freezing"
        ]
      },
      "rarity": 100.0
    },
    {
      "spec": "species:Greavard",
      "stringLocationTypes": [
        "Land"
      ],
      "minLevel": 10,
      "maxLevel": 30,
      "typeID": "pokemon",
      "condition": {
        "times": [
          "NIGHT"
        ],
        "structures": [
          "pixelmon:graveyard"
        ]
      },
      "rarity": 100.0
    },
    {
      "spec": "species:Greavard palette:witch",
      "stringLocationTypes": [
        "Land",
        "Manmade",
        "Indoors"
      ],
      "minLevel": 10,
      "maxLevel": 30,
      "typeID": "pokemon",
      "condition": {
        "times": [
          "NIGHT"
        ],
        "structures": [
          "pixelmon:pumpkin_house"
        ]
      },
      "rarity": 120.0
    },
    {
      "spec": "species:Greavard palette:witch boss:haunted",
      "stringLocationTypes": [
        "Land",
        "Manmade",
        "Indoors"
      ],
      "minLevel": 10,
      "maxLevel": 30,
      "typeID": "pokemon",
      "condition": {
        "times": [
          "NIGHT"
        ],
        "structures": [
          "pixelmon:pumpkin_house"
        ]
      },
      "rarity": 160.0
    }
  ]
}