{
  "id": "Greedent",
  "spawnInfos": [
    {
      "spec": "species:Greedent",
      "stringLocationTypes": [
        "Land",
        "Tree Top",
        "Headbutt"
      ],
      "minLevel": 25,
      "maxLevel": 40,
      "typeID": "pokemon",
      "heldItems": [
        {
          "itemID": "pixelmon:sitrus_berry",
          "percentChance": 5
        }
      ],
      "condition": {
        "times": [
          "DAY"
        ],
        "biomes": [
          "#pixelmon:spawning/freezing_forests",
          "#pixelmon:spawning/all_forests"
        ]
      },
      "rarity": 100.0
    },
	{
      "spec": "species:Greedent palette:gamma",
      "stringLocationTypes": [
        "Land",
        "Tree Top",
        "Headbutt"
      ],
      "minLevel": 25,
      "maxLevel": 40,
      "typeID": "pokemon",
      "heldItems": [
        {
          "itemID": "pixelmon:sitrus_berry",
          "percentChance": 5
        }
      ],
      "condition": {
        "times": [
          "DAY"
        ],
        "biomes": [
          "#pixelmon:spawning/freezing_forests",
          "#pixelmon:spawning/all_forests"
        ]
      },
      "rarity": 10.0
    },
	{
      "spec": "species:Greedent palette:trainer",
      "stringLocationTypes": [
        "Land",
        "Tree Top",
        "Headbutt"
      ],
      "minLevel": 25,
      "maxLevel": 40,
      "typeID": "pokemon",
      "heldItems": [
        {
          "itemID": "pixelmon:sitrus_berry",
          "percentChance": 5
        }
      ],
      "condition": {
        "times": [
          "DAY"
        ],
        "biomes": [
          "#pixelmon:spawning/freezing_forests",
          "#pixelmon:spawning/all_forests"
        ]
      },
      "rarity": 10.0
    }
  ]
}
