{
  "id": "Grovyle",
  "spawnInfos": [
    {
      "spec": "species:Grovyle",
      "stringLocationTypes": [
        "Land",
        "Tree Top"
      ],
      "minLevel": 17,
      "maxLevel": 23,
      "typeID": "pokemon",
      "condition": {
        "times": [
          "DAY"
        ],
        "biomes": [
          "#pixelmon:spawning/jungles"
        ]
      },
      "rarity": 0.5
    },
	{
      "spec": "species:Grovyle palette:diamond",
      "stringLocationTypes": [
        "Land",
        "Tree Top"
      ],
      "minLevel": 17,
      "maxLevel": 23,
      "typeID": "pokemon",
      "condition": {
        "times": [
          "DAY"
        ],
        "biomes": [
          "#pixelmon:spawning/jungles"
        ]
      },
      "rarity": 0.05
    },
	{
      "spec": "species:Grovyle palette:lunar",
      "stringLocationTypes": [
        "Land",
        "Tree Top"
      ],
      "minLevel": 17,
      "maxLevel": 23,
      "typeID": "pokemon",
      "condition": {
        "times": [
          "DAY"
        ],
        "biomes": [
          "#pixelmon:spawning/jungles"
        ]
      },
      "rarity": 0.05
    },
	{
      "spec": "species:Grovyle palette:pearl",
      "stringLocationTypes": [
        "Land",
        "Tree Top"
      ],
      "minLevel": 17,
      "maxLevel": 23,
      "typeID": "pokemon",
      "condition": {
        "times": [
          "DAY"
        ],
        "biomes": [
          "#pixelmon:spawning/jungles"
        ]
      },
      "rarity": 0.05
    },
	{
      "spec": "species:Grovyle palette:rainbow",
      "stringLocationTypes": [
        "Land",
        "Tree Top"
      ],
      "minLevel": 17,
      "maxLevel": 23,
      "typeID": "pokemon",
      "condition": {
        "times": [
          "DAY"
        ],
        "biomes": [
          "#pixelmon:spawning/jungles"
        ]
      },
      "rarity": 0.05
    },
	{
      "spec": "species:Grovyle palette:rgb",
      "stringLocationTypes": [
        "Land",
        "Tree Top"
      ],
      "minLevel": 17,
      "maxLevel": 23,
      "typeID": "pokemon",
      "condition": {
        "times": [
          "DAY"
        ],
        "biomes": [
          "#pixelmon:spawning/jungles"
        ]
      },
      "rarity": 0.05
    },
	{
      "spec": "species:Grovyle palette:shadow",
      "stringLocationTypes": [
        "Land",
        "Tree Top"
      ],
      "minLevel": 17,
      "maxLevel": 23,
      "typeID": "pokemon",
      "condition": {
        "times": [
          "DAY"
        ],
        "biomes": [
          "#pixelmon:spawning/jungles"
        ]
      },
      "rarity": 0.05
    },
	{
      "spec": "species:Grovyle palette:sun",
      "stringLocationTypes": [
        "Land",
        "Tree Top"
      ],
      "minLevel": 17,
      "maxLevel": 23,
      "typeID": "pokemon",
      "condition": {
        "times": [
          "DAY"
        ],
        "biomes": [
          "#pixelmon:spawning/jungles"
        ]
      },
      "rarity": 0.05
    }
  ]
}
