{
  "id": "Grumpig",
  "spawnInfos": [
    {
      "spec": "species:Grumpig",
      "stringLocationTypes": [
        "Land"
      ],
      "minLevel": 35,
      "maxLevel": 50,
      "typeID": "pokemon",
      "condition": {
        "times": [
          "AFTERNOON"
        ],
        "biomes": [
          "#pixelmon:spawning/mountainous_forests"
        ]
      },
      "rarity": 6.0
    },
	{
      "spec": "species:Grumpig palette:cny 1",
      "stringLocationTypes": [
        "Land"
      ],
      "minLevel": 35,
      "maxLevel": 50,
      "typeID": "pokemon",
      "condition": {
        "times": [
          "AFTERNOON"
        ],
        "biomes": [
          "#pixelmon:spawning/mountainous_forests"
        ]
      },
      "rarity": 0.6
    },
	{
      "spec": "species:Grumpig palette:cny 2",
      "stringLocationTypes": [
        "Land"
      ],
      "minLevel": 35,
      "maxLevel": 50,
      "typeID": "pokemon",
      "condition": {
        "times": [
          "AFTERNOON"
        ],
        "biomes": [
          "#pixelmon:spawning/mountainous_forests"
        ]
      },
      "rarity": 0.6
    },
	{
      "spec": "species:Grumpig palette:magical",
      "stringLocationTypes": [
        "Land"
      ],
      "minLevel": 35,
      "maxLevel": 50,
      "typeID": "pokemon",
      "condition": {
        "times": [
          "AFTERNOON"
        ],
        "biomes": [
          "#pixelmon:spawning/mountainous_forests"
        ]
      },
      "rarity": 0.6
    }
  ]
}
