{
  "id": "Gumshoos",
  "spawnInfos": [
    {
      "spec": "species:Gumshoos",
      "stringLocationTypes": [
        "Land"
      ],
      "minLevel": 20,
      "maxLevel": 35,
      "typeID": "pokemon",
      "heldItems": [
        {
          "itemID": "pixelmon:pecha_berry",
          "percentChance": 5
        }
      ],
      "condition": {
        "times": [
          "DAY"
        ],
        "biomes": [
          "#pixelmon:spawning/hills",
          "#pixelmon:spawning/all_forests"
        ],
        "minY": 85
      },
      "rarity": 8.0
    }
  ]
}
