{
  "id": "Hackmon",
  "spawnInfos": [
    {
      "spec": "species:Hackmon",
      "stringLocationTypes": [
        "Land"
      ],
      "tags": [
      "legendary"
      ], 
      "minLevel": 10,
      "maxLevel": 16,
      "typeID": "pokemon",
      "condition": {
        "times": [
          "DAWN"
        ],
        "weathers": [
          "CLEAR"
        ],
        "stringBiomes": [
          "plains",
          "biomesoplenty:tundra",
          "biomesoplenty:tundra_basin",
          "biomesoplenty:tundra_bog"
        ]
      },
      "rarity": 0.5
    }
  ]
}