{
  "id": "Hakamoo",
  "spawnInfos": [
    {
      "spec": "species:Hakamo-o",
      "stringLocationTypes": [
        "Land"
      ],
      "minLevel": 35,
      "maxLevel": 44,
      "typeID": "pokemon",
      "heldItems": [
        {
          "itemID": "pixelmon:razor_claw",
          "percentChance": 5
        }
      ],
      "condition": {
        "times": [
          "DAY"
        ],
        "biomes": [
          "#pixelmon:spawning/mountainous"
        ]
      },
      "rarity": 6.0
    },
	{
      "spec": "species:Hakamo-o palette:valentines",
      "stringLocationTypes": [
        "Land"
      ],
      "minLevel": 35,
      "maxLevel": 44,
      "typeID": "pokemon",
      "heldItems": [
        {
          "itemID": "pixelmon:razor_claw",
          "percentChance": 5
        }
      ],
      "condition": {
        "times": [
          "DAY"
        ],
        "biomes": [
          "#pixelmon:spawning/mountainous"
        ]
      },
      "rarity": 0.6
    }
  ]
}
