{
  "id": "Hariyama",
  "spawnInfos": [
    {
      "spec": "species:Hariyama",
      "stringLocationTypes": [
        "Land"
      ],
      "minLevel": 20,
      "maxLevel": 40,
      "typeID": "pokemon",
      "heldItems": [
        {
          "itemID": "pixelmon:kings_rock",
          "percentChance": 5
        }
      ],
      "condition": {
        "times": [
          "AFTERNOON"
        ],
        "biomes": [
          "#pixelmon:spawning/mountainous_forests"
        ]
      },
      "rarity": 8.0
    },
	{
      "spec": "species:Hariyama palette:molten",
      "stringLocationTypes": [
        "Land"
      ],
      "minLevel": 20,
      "maxLevel": 40,
      "typeID": "pokemon",
      "heldItems": [
        {
          "itemID": "pixelmon:kings_rock",
          "percentChance": 5
        }
      ],
      "condition": {
        "times": [
          "AFTERNOON"
        ],
        "biomes": [
          "#pixelmon:spawning/mountainous_forests"
        ]
      },
      "rarity": 0.8
    },
	{
      "spec": "species:Hariyama palette:shadow",
      "stringLocationTypes": [
        "Land"
      ],
      "minLevel": 20,
      "maxLevel": 40,
      "typeID": "pokemon",
      "heldItems": [
        {
          "itemID": "pixelmon:kings_rock",
          "percentChance": 5
        }
      ],
      "condition": {
        "times": [
          "AFTERNOON"
        ],
        "biomes": [
          "#pixelmon:spawning/mountainous_forests"
        ]
      },
      "rarity": 0.8
    }
  ]
}
