{
  "id": "Heliolisk",
  "spawnInfos": [
    {
      "spec": "species:Heliolisk",
      "stringLocationTypes": [
        "Land"
      ],
      "minLevel": 25,
      "maxLevel": 37,
      "typeID": "pokemon",
      "condition": {
        "times": [
          "MORNING"
        ],
        "biomes": [
          "#pixelmon:spawning/arid"
        ]
      },
      "rarity": 6.0
    },
	{
      "spec": "species:Heliolisk palette:atante",
      "stringLocationTypes": [
        "Land"
      ],
      "minLevel": 25,
      "maxLevel": 37,
      "typeID": "pokemon",
      "condition": {
        "times": [
          "MORNING"
        ],
        "biomes": [
          "#pixelmon:spawning/arid"
        ]
      },
      "rarity": 0.6
    },
	{
      "spec": "species:Heliolisk palette:halloween",
      "stringLocationTypes": [
        "Land"
      ],
      "minLevel": 25,
      "maxLevel": 37,
      "typeID": "pokemon",
      "condition": {
        "times": [
          "MORNING"
        ],
        "biomes": [
          "#pixelmon:spawning/arid"
        ]
      },
      "rarity": 0.6
    },
    {
      "spec": "species:Heliolisk",
      "stringLocationTypes": [
        "Land"
      ],
      "minLevel": 25,
      "maxLevel": 37,
      "typeID": "pokemon",
      "condition": {
        "times": [
          "DAY"
        ],
        "biomes": [
          "pixelmon:ultra_desert"
        ]
      },
      "rarity": 50.0
    },
	{
      "spec": "species:Heliolisk palette:atlante",
      "stringLocationTypes": [
        "Land"
      ],
      "minLevel": 25,
      "maxLevel": 37,
      "typeID": "pokemon",
      "condition": {
        "times": [
          "DAY"
        ],
        "biomes": [
          "pixelmon:ultra_desert"
        ]
      },
      "rarity": 5.0
    },
	{
      "spec": "species:Heliolisk palette:halloween",
      "stringLocationTypes": [
        "Land"
      ],
      "minLevel": 25,
      "maxLevel": 37,
      "typeID": "pokemon",
      "condition": {
        "times": [
          "DAY"
        ],
        "biomes": [
          "pixelmon:ultra_desert"
        ]
      },
      "rarity": 5.0
    }
  ]
}
