{
  "id": "Herdier",
  "spawnInfos": [
    {
      "spec": "species:Herdier",
      "stringLocationTypes": [
        "Land",
        "Sweet Scent"
      ],
      "minLevel": 17,
      "maxLevel": 31,
      "typeID": "pokemon",
      "condition": {
        "times": [
          "AFTERNOON"
        ],
        "biomes": [
          "#pixelmon:spawning/plains"
        ]
      },
      "rarityMultipliers": [
        {
          "multiplier": 1.5,
          "condition": {
            "structures": [
              "minecraft:village_plains"
            ]
          }
        }
      ],
      "rarity": 90.0
    },
	{
      "spec": "species:Herdier palette:halloween",
      "stringLocationTypes": [
        "Land",
        "Sweet Scent"
      ],
      "minLevel": 17,
      "maxLevel": 31,
      "typeID": "pokemon",
      "condition": {
        "times": [
          "AFTERNOON"
        ],
        "biomes": [
          "#pixelmon:spawning/plains"
        ]
      },
      "rarityMultipliers": [
        {
          "multiplier": 1.5,
          "condition": {
            "structures": [
              "minecraft:village_plains"
            ]
          }
        }
      ],
      "rarity": 9.0
    }
  ]
}
