{
  "id": "Hippopotas",
  "spawnInfos": [
    {
      "spec": "species:Hippopotas",
      "stringLocationTypes": [
        "Land",
        "Sweet Scent"
      ],
      "minLevel": 22,
      "maxLevel": 33,
      "typeID": "pokemon",
      "condition": {
        "times": [
          "MORNING"
        ],
        "biomes": [
          "#pixelmon:spawning/arid"
        ],
        "maxY": 85
      },
      "rarity": 170.0
    },
	{
      "spec": "species:Hippopotas palette:battecast",
      "stringLocationTypes": [
        "Land",
        "Sweet Scent"
      ],
      "minLevel": 22,
      "maxLevel": 33,
      "typeID": "pokemon",
      "condition": {
        "times": [
          "MORNING"
        ],
        "biomes": [
          "#pixelmon:spawning/arid"
        ],
        "maxY": 85
      },
      "rarity": 17.0
    },
	{
      "spec": "species:Hippopotas palette:egyptian",
      "stringLocationTypes": [
        "Land",
        "Sweet Scent"
      ],
      "minLevel": 22,
      "maxLevel": 33,
      "typeID": "pokemon",
      "condition": {
        "times": [
          "MORNING"
        ],
        "biomes": [
          "#pixelmon:spawning/arid"
        ],
        "maxY": 85
      },
      "rarity": 17.0
    },
    {
      "spec": "species:Hippopotas",
      "stringLocationTypes": [
        "Land"
      ],
      "minLevel": 22,
      "maxLevel": 33,
      "typeID": "pokemon",
      "condition": {
        "times": [
          "DAY"
        ],
        "biomes": [
          "pixelmon:ultra_desert"
        ]
      },
      "rarity": 100.0
    },
	{
      "spec": "species:Hippopotas palette:battlecast",
      "stringLocationTypes": [
        "Land"
      ],
      "minLevel": 22,
      "maxLevel": 33,
      "typeID": "pokemon",
      "condition": {
        "times": [
          "DAY"
        ],
        "biomes": [
          "pixelmon:ultra_desert"
        ]
      },
      "rarity": 10.0
    },
	{
      "spec": "species:Hippopotas palette:egyptian",
      "stringLocationTypes": [
        "Land"
      ],
      "minLevel": 22,
      "maxLevel": 33,
      "typeID": "pokemon",
      "condition": {
        "times": [
          "DAY"
        ],
        "biomes": [
          "pixelmon:ultra_desert"
        ]
      },
      "rarity": 10.0
    }
  ]
}
