{
  "id": "Hitmonlee",
  "spawnInfos": [
    {
      "spec": "species:Hitmonlee",
      "stringLocationTypes": [
        "Land"
      ],
      "minLevel": 25,
      "maxLevel": 50,
      "typeID": "pokemon",
      "condition": {
        "times": [
          "DAWN",
          "MORNING"
        ],
        "biomes": [
          "#pixelmon:spawning/mountainous"
        ]
      },
      "rarity": 6.0
    },
	{
      "spec": "species:Hitmonlee palette:phantom",
      "stringLocationTypes": [
        "Land"
      ],
      "minLevel": 25,
      "maxLevel": 50,
      "typeID": "pokemon",
      "condition": {
        "times": [
          "DAWN",
          "MORNING"
        ],
        "biomes": [
          "#pixelmon:spawning/mountainous"
        ]
      },
      "rarity": 0.6
    },
	{
      "spec": "species:Hitmonlee palette:shadow",
      "stringLocationTypes": [
        "Land"
      ],
      "minLevel": 25,
      "maxLevel": 50,
      "typeID": "pokemon",
      "condition": {
        "times": [
          "DAWN",
          "MORNING"
        ],
        "biomes": [
          "#pixelmon:spawning/mountainous"
        ]
      },
      "rarity": 0.6
    },
	{
      "spec": "species:Hitmonlee palette:summer",
      "stringLocationTypes": [
        "Land"
      ],
      "minLevel": 25,
      "maxLevel": 50,
      "typeID": "pokemon",
      "condition": {
        "times": [
          "DAWN",
          "MORNING"
        ],
        "biomes": [
          "#pixelmon:spawning/mountainous"
        ]
      },
      "rarity": 0.6
    }
  ]
}
