{
  "id": "Hitmontop",
  "spawnInfos": [
    {
      "spec": "species:Hitmontop",
      "stringLocationTypes": [
        "Land"
      ],
      "minLevel": 20,
      "maxLevel": 40,
      "typeID": "pokemon",
      "condition": {
        "times": [
          "AFTERNOON",
          "DUSK"
        ],
        "biomes": [
          "#pixelmon:spawning/mountainous"
        ]
      },
      "rarity": 6.0
    },
	{
      "spec": "species:Hitmontop palette:shadow",
      "stringLocationTypes": [
        "Land"
      ],
      "minLevel": 20,
      "maxLevel": 40,
      "typeID": "pokemon",
      "condition": {
        "times": [
          "AFTERNOON",
          "DUSK"
        ],
        "biomes": [
          "#pixelmon:spawning/mountainous"
        ]
      },
      "rarity": 0.6
    }
  ]
}
