{
  "id": "Hooperflip",
  "spawnInfos": [
    {
      "spec": "species:Hooperflip",
      "stringLocationTypes": [
        "Land",
        "Headbutt",
        "Tree Top"
      ],
      "minLevel": 7,
      "maxLevel": 10,
      "typeID": "pokemon",
      "condition": {
        "times": [
          "DAWN",
          "MORNING"
        ],
        "biomes": [
          "#pixelmon:spawning/forests",
          "#pixelmon:spawning/roofed",
          "#pixelmon:spawning/birches",
          "#pixelmon:spawning/flowery",
          "#pixelmon:spawning/jungles",
          "byg:crag_gardens",
          "#pixelmon:spawning/magical"
        ]
      },
      "rarity": 130.0
    }
  ]
}
