{
  "id": "Horsea",
  "spawnInfos": [
    {
      "spec": "species:Horsea",
      "stringLocationTypes": [
        "Water"
      ],
      "minLevel": 10,
      "maxLevel": 32,
      "typeID": "pokemon",
      "heldItems": [
        {
          "itemID": "pixelmon:dragon_scale",
          "percentChance": 5
        }
      ],
      "condition": {
        "times": [
          "DAY"
        ],
        "biomes": [
          "minecraft:ocean",
          "minecraft:warm_ocean",
          "minecraft:lukewarm_ocean",
          "byg:coral_mangroves"
        ]
      },
      "rarityMultipliers": [
        {
          "multiplier": 2.5,
          "condition": {
            "weathers": [
              "RAIN"
            ]
          }
        }
      ],
      "groupSpawnSettings": [
        {
          "spec": "Horsea",
          "amount": {
            "min_value": 3,
            "max_value": 5
          },
          "spawn_range_minimum": {
            "x": 1,
            "y": 1,
            "z": 1
          },
          "spawn_range_maximum": {
            "x": 5,
            "y": 5,
            "z": 5
          },
          "chance": 0.3
        }
      ],
      "rarity": 90.0
    },
	{
      "spec": "species:Horsea palette:halloween",
      "stringLocationTypes": [
        "Water"
      ],
      "minLevel": 10,
      "maxLevel": 32,
      "typeID": "pokemon",
      "heldItems": [
        {
          "itemID": "pixelmon:dragon_scale",
          "percentChance": 5
        }
      ],
      "condition": {
        "times": [
          "DAY"
        ],
        "biomes": [
          "minecraft:ocean",
          "minecraft:warm_ocean",
          "minecraft:lukewarm_ocean",
          "byg:coral_mangroves"
        ]
      },
      "rarityMultipliers": [
        {
          "multiplier": 2.5,
          "condition": {
            "weathers": [
              "RAIN"
            ]
          }
        }
      ],
      "groupSpawnSettings": [
        {
          "spec": "Horsea",
          "amount": {
            "min_value": 3,
            "max_value": 5
          },
          "spawn_range_minimum": {
            "x": 1,
            "y": 1,
            "z": 1
          },
          "spawn_range_maximum": {
            "x": 5,
            "y": 5,
            "z": 5
          },
          "chance": 0.3
        }
      ],
      "rarity": 9.0
    },
	{
      "spec": "species:Horsea palette:vapor",
      "stringLocationTypes": [
        "Water"
      ],
      "minLevel": 10,
      "maxLevel": 32,
      "typeID": "pokemon",
      "heldItems": [
        {
          "itemID": "pixelmon:dragon_scale",
          "percentChance": 5
        }
      ],
      "condition": {
        "times": [
          "DAY"
        ],
        "biomes": [
          "minecraft:ocean",
          "minecraft:warm_ocean",
          "minecraft:lukewarm_ocean",
          "byg:coral_mangroves"
        ]
      },
      "rarityMultipliers": [
        {
          "multiplier": 2.5,
          "condition": {
            "weathers": [
              "RAIN"
            ]
          }
        }
      ],
      "groupSpawnSettings": [
        {
          "spec": "Horsea",
          "amount": {
            "min_value": 3,
            "max_value": 5
          },
          "spawn_range_minimum": {
            "x": 1,
            "y": 1,
            "z": 1
          },
          "spawn_range_maximum": {
            "x": 5,
            "y": 5,
            "z": 5
          },
          "chance": 0.3
        }
      ],
      "rarity": 9.0
    }
  ]
}
