{
  "id": "Houndstone",
  "spawnInfos": [
    {
      "spec": "species:Houndstone",
      "stringLocationTypes": [
        "Land"
      ],
      "minLevel": 30,
      "maxLevel": 45,
      "typeID": "pokemon",
      "condition": {
        "times": [
          "NIGHT"
        ],
        "biomes": [
          "#pixelmon:spawning/freezing"
        ]
      },
      "rarity": 20.0
    },
    {
      "spec": "species:Houndstone",
      "stringLocationTypes": [
        "Land"
      ],
      "minLevel": 30,
      "maxLevel": 45,
      "typeID": "pokemon",
      "condition": {
        "times": [
          "NIGHT"
        ],
        "structures": [
          "pixelmon:graveyard"
        ]
      },
      "rarity": 5.0
    },
    {
      "spec": "species:Houndstone palette:witch",
      "stringLocationTypes": [
        "Land",
        "Manmade",
        "Indoors"
      ],
      "minLevel": 30,
      "maxLevel": 45,
      "typeID": "pokemon",
      "condition": {
        "times": [
          "NIGHT"
        ],
        "structures": [
          "pixelmon:pumpkin_house"
        ]
      },
      "rarity": 20.0
    },
    {
      "spec": "species:Houndstone palette:witch boss:haunted",
      "stringLocationTypes": [
        "Land",
        "Manmade",
        "Indoors"
      ],
      "minLevel": 30,
      "maxLevel": 45,
      "typeID": "pokemon",
      "condition": {
        "times": [
          "NIGHT"
        ],
        "structures": [
          "pixelmon:pumpkin_house"
        ]
      },
      "rarity": 50.0
    }
  ]
}