{
  "id": "Hydrax",
  "spawnInfos": [
    {
      "spec": "species:Hydrax",
      "stringLocationTypes": [
        "Land"
      ],
      "minLevel": 36,
      "maxLevel": 50,
      "typeID": "pokemon",
      "condition": {
        "times": [
          "NIGHT"
        ],
        "biomes": [
          "minecraft:beach",
          "biomesoplenty:dune_beach",
          "byg:rainbow_beach",
          "byg:white_beach"
        ]
      },
      "rarityMultipliers": [
        {
          "multiplier": 2,
          "condition": {
            "weathers": [
              "RAIN"
            ]
          }
        }
      ],
      "rarity": 1.0
    }
  ]
}
