{
  "id": "Illumise",
  "spawnInfos": [
    {
      "spec": "species:Illumise",
      "stringLocationTypes": [
        "Land"
      ],
      "minLevel": 10,
      "maxLevel": 15,
      "typeID": "pokemon",
      "heldItems": [
        {
          "itemID": "pixelmon:bright_powder",
          "percentChance": 5
        }
      ],
      "condition": {
        "times": [
          "DUSK",
          "NIGHT"
        ],
        "biomes": [
          "#pixelmon:spawning/taigas",
          "#pixelmon:spawning/redwoods"
        ]
      },
      "rarity": 90.0
    }
  ]
}
