{
  "id": "Inkay",
  "spawnInfos": [
    {
      "spec": "species:Inkay",
      "stringLocationTypes": [
        "Land"
      ],
      "minLevel": 18,
      "maxLevel": 29,
      "typeID": "pokemon",
      "condition": {
        "times": [
          "AFTERNOON",
          "NIGHT"
        ],
        "biomes": [
          "#pixelmon:spawning/beaches"
        ]
      },
      "anticondition": {
        "biomes": [
          "#pixelmon:spawning/freezing"
        ]
      },
      "rarity": 90.0
    },
	{
      "spec": "species:Inkay palette:halloween",
      "stringLocationTypes": [
        "Land"
      ],
      "minLevel": 18,
      "maxLevel": 29,
      "typeID": "pokemon",
      "condition": {
        "times": [
          "AFTERNOON",
          "NIGHT"
        ],
        "biomes": [
          "#pixelmon:spawning/beaches"
        ]
      },
      "anticondition": {
        "biomes": [
          "#pixelmon:spawning/freezing"
        ]
      },
      "rarity": 9.0
    }
  ]
}
