{
  "id": "IronMoth",
  "spawnInfos": [
    {
      "spec": "species:IronMoth",
      "stringLocationTypes": [
        "Land"
      ],
      "minLevel": 55,
      "maxLevel": 60,
      "typeID": "pokemon",
	  "heldItems": [
		  {
			  "itemID": "pixelmon:booster_energy",
			  "percentChance": 5
		  }
	  ],
      "condition": {
        "biomes": [
          "minecraft:small_end_islands"
        ]
      },
      "rarity": 5.0
    },
	{
      "spec": "species:IronMoth palette:abyss",
      "stringLocationTypes": [
        "Land"
      ],
      "minLevel": 55,
      "maxLevel": 60,
      "typeID": "pokemon",
	  "heldItems": [
		  {
			  "itemID": "pixelmon:booster_energy",
			  "percentChance": 5
		  }
	  ],
      "condition": {
        "biomes": [
          "minecraft:small_end_islands"
        ]
      },
      "rarity": 0.5
    }
  ]
}
