{
  "id": "Jangmoo",
  "spawnInfos": [
    {
      "spec": "species:Jangmo-o",
      "stringLocationTypes": [
        "Land"
      ],
      "minLevel": 15,
      "maxLevel": 34,
      "typeID": "pokemon",
      "heldItems": [
        {
          "itemID": "pixelmon:razor_claw",
          "percentChance": 5
        }
      ],
      "condition": {
        "times": [
          "DAY"
        ],
        "biomes": [
          "#pixelmon:spawning/mountainous"
        ]
      },
      "rarity": 50.0
    },
	{
      "spec": "species:Jangmo-o palette:valentines",
      "stringLocationTypes": [
        "Land"
      ],
      "minLevel": 15,
      "maxLevel": 34,
      "typeID": "pokemon",
      "heldItems": [
        {
          "itemID": "pixelmon:razor_claw",
          "percentChance": 5
        }
      ],
      "condition": {
        "times": [
          "DAY"
        ],
        "biomes": [
          "#pixelmon:spawning/mountainous"
        ]
      },
      "rarity": 5.0
    }
  ]
}
