{
  "id": "Jazamon",
  "spawnInfos": [
    {
      "spec": "species:Jazamon",
      "stringLocationTypes": [
        "Land"
      ],
      "tags": [
        "legendary"
      ],
      "minLevel": 10,
      "maxLevel": 16,
      "typeID": "pokemon",
      "heldItems": [
        {
          "itemID": "pixelmon:metal_coat",
          "percentChance": 5
        }
      ],
      "condition": {
        "stringBiomes": [
          "mountainous",
          "biomesoplenty:tundra",
          "biomesoplenty:tundra_basin",
          "biomesoplenty:tundra_bog"
        ]
      },
      "rarity": 0.25
    }
  ]
}