{
  "id": "Jigglypuff",
  "spawnInfos": [
    {
      "spec": "species:Jigglypuff",
      "stringLocationTypes": [
        "Land"
      ],
      "minLevel": 10,
      "maxLevel": 50,
      "typeID": "pokemon",
      "heldItems": [
        {
          "itemID": "pixelmon:moon_stone",
          "percentChance": 5
        }
      ],
      "condition": {
        "times": [
          "AFTERNOON",
          "DUSK"
        ],
        "biomes": [
          "#pixelmon:spawning/plains",
          "#pixelmon:spawning/roofed"
        ]
      },
      "rarity": 8.0
    }
  ]
}
