{
  "id": "Jumpafloo",
  "spawnInfos": [
    {
      "spec": "species:Jumpafloo",
      "stringLocationTypes": [
        "Air",
        "Headbutt",
        "Sweet Scent"
      ],
      "minLevel": 10,
      "maxLevel": 50,
      "typeID": "pokemon",
      "heldItems": [
        {
          "itemID": "pixelmon:silver_powder",
          "percentChance": 5
        }
      ],
      "condition": {
        "times": [
          "DAWN",
          "MORNING"
        ],
        "biomes": [
          "#pixelmon:spawning/forests",
          "#pixelmon:spawning/roofed",
          "#pixelmon:spawning/birches",
          "#pixelmon:spawning/flowery",
          "#pixelmon:spawning/jungles",
          "byg:crag_gardens",
          "#pixelmon:spawning/magical"
        ]
      },
      "rarity": 5.0
    },
    {
      "spec": "species:Jumpafloo",
      "stringLocationTypes": [
        "Air"
      ],
      "minLevel": 10,
      "maxLevel": 50,
      "typeID": "pokemon",
      "heldItems": [
        {
          "itemID": "pixelmon:silver_powder",
          "percentChance": 5
        }
      ],
      "condition": {
        "times": [
          "DAWN",
          "MORNING"
        ],
        "biomes": [
          "pixelmon:ultra_jungle"
        ]
      },
      "rarity": 50.0
    }
  ]
}
