{
  "id": "Jynx",
  "spawnInfos": [
    {
      "spec": "species:Jynx",
      "stringLocationTypes": [
        "Land"
      ],
      "minLevel": 25,
      "maxLevel": 50,
      "typeID": "pokemon",
      "condition": {
        "times": [
          "NIGHT"
        ],
        "biomes": [
          "#pixelmon:spawning/freezing_forests"
        ]
      },
      "rarity": 8.0
    },
	{
      "spec": "species:Jynx palette:christmas",
      "stringLocationTypes": [
        "Land"
      ],
      "minLevel": 25,
      "maxLevel": 50,
      "typeID": "pokemon",
      "condition": {
        "times": [
          "NIGHT"
        ],
        "biomes": [
          "#pixelmon:spawning/freezing_forests"
        ]
      },
      "rarity": 0.8
    },
	{
      "spec": "species:Jynx palette:halloween 1",
      "stringLocationTypes": [
        "Land"
      ],
      "minLevel": 25,
      "maxLevel": 50,
      "typeID": "pokemon",
      "condition": {
        "times": [
          "NIGHT"
        ],
        "biomes": [
          "#pixelmon:spawning/freezing_forests"
        ]
      },
      "rarity": 0.8
    },
	{
      "spec": "species:Jynx palette:halloween 2",
      "stringLocationTypes": [
        "Land"
      ],
      "minLevel": 25,
      "maxLevel": 50,
      "typeID": "pokemon",
      "condition": {
        "times": [
          "NIGHT"
        ],
        "biomes": [
          "#pixelmon:spawning/freezing_forests"
        ]
      },
      "rarity": 0.8
    },
	{
      "spec": "species:Jynx palette:magical",
      "stringLocationTypes": [
        "Land"
      ],
      "minLevel": 25,
      "maxLevel": 50,
      "typeID": "pokemon",
      "condition": {
        "times": [
          "NIGHT"
        ],
        "biomes": [
          "#pixelmon:spawning/freezing_forests"
        ]
      },
      "rarity": 0.8
    }
  ]
}
