{
  "id": "Kabuto",
  "spawnInfos": [
    {
      "spec": "species:Kabuto",
      "stringLocationTypes": [
        "Water"
      ],
      "minLevel": 5,
      "maxLevel": 35,
      "typeID": "pokemon",
      "condition": {
        "times": [
          "NIGHT"
        ],
        "biomes": [
          "pixelmon:ultra_deep_sea"
        ]
      },
      "rarity": 50.0
    },
	{
      "spec": "species:Kabuto palette:aether",
      "stringLocationTypes": [
        "Water"
      ],
      "minLevel": 5,
      "maxLevel": 35,
      "typeID": "pokemon",
      "condition": {
        "times": [
          "NIGHT"
        ],
        "biomes": [
          "pixelmon:ultra_deep_sea"
        ]
      },
      "rarity": 5.0
    },
	{
      "spec": "species:Kabuto palette:battlecast",
      "stringLocationTypes": [
        "Water"
      ],
      "minLevel": 5,
      "maxLevel": 35,
      "typeID": "pokemon",
      "condition": {
        "times": [
          "NIGHT"
        ],
        "biomes": [
          "pixelmon:ultra_deep_sea"
        ]
      },
      "rarity": 5.0
    },
	{
      "spec": "species:Kabuto palette:gemstone 1",
      "stringLocationTypes": [
        "Water"
      ],
      "minLevel": 5,
      "maxLevel": 35,
      "typeID": "pokemon",
      "condition": {
        "times": [
          "NIGHT"
        ],
        "biomes": [
          "pixelmon:ultra_deep_sea"
        ]
      },
      "rarity": 5.0
    },
	{
      "spec": "species:Kabuto palette:gemstone 2",
      "stringLocationTypes": [
        "Water"
      ],
      "minLevel": 5,
      "maxLevel": 35,
      "typeID": "pokemon",
      "condition": {
        "times": [
          "NIGHT"
        ],
        "biomes": [
          "pixelmon:ultra_deep_sea"
        ]
      },
      "rarity": 5.0
    },
	{
      "spec": "species:Kabuto palette:halloween",
      "stringLocationTypes": [
        "Water"
      ],
      "minLevel": 5,
      "maxLevel": 35,
      "typeID": "pokemon",
      "condition": {
        "times": [
          "NIGHT"
        ],
        "biomes": [
          "pixelmon:ultra_deep_sea"
        ]
      },
      "rarity": 5.0
    }
  ]
}
