{
  "id": "Kangaskhan",
  "spawnInfos": [
    {
      "spec": "species:Kangaskhan",
      "stringLocationTypes": [
        "Land"
      ],
      "minLevel": 25,
      "maxLevel": 50,
      "typeID": "pokemon",
      "condition": {
        "times": [
          "AFTERNOON"
        ],
        "biomes": [
          "#pixelmon:spawning/savannas"
        ]
      },
      "rarity": 8.0
    },
	{
      "spec": "species:Kangaskhan palette:city",
      "stringLocationTypes": [
        "Land"
      ],
      "minLevel": 25,
      "maxLevel": 50,
      "typeID": "pokemon",
      "condition": {
        "times": [
          "AFTERNOON"
        ],
        "biomes": [
          "#pixelmon:spawning/savannas"
        ]
      },
      "rarity": 0.8
    },
	{
      "spec": "species:Kangaskhan palette:easter",
      "stringLocationTypes": [
        "Land"
      ],
      "minLevel": 25,
      "maxLevel": 50,
      "typeID": "pokemon",
      "condition": {
        "times": [
          "AFTERNOON"
        ],
        "biomes": [
          "#pixelmon:spawning/savannas"
        ]
      },
      "rarity": 0.8
    },
	{
      "spec": "species:Kangaskhan palette:resolute",
      "stringLocationTypes": [
        "Land"
      ],
      "minLevel": 25,
      "maxLevel": 50,
      "typeID": "pokemon",
      "condition": {
        "times": [
          "AFTERNOON"
        ],
        "biomes": [
          "#pixelmon:spawning/savannas"
        ]
      },
      "rarity": 0.8
    },
	{
      "spec": "species:Kangaskhan palette:shadow",
      "stringLocationTypes": [
        "Land"
      ],
      "minLevel": 25,
      "maxLevel": 50,
      "typeID": "pokemon",
      "condition": {
        "times": [
          "AFTERNOON"
        ],
        "biomes": [
          "#pixelmon:spawning/savannas"
        ]
      },
      "rarity": 0.8
    }
  ]
}
