{
  "id": "Karrablast",
  "spawnInfos": [
    {
      "spec": "species:Karrablast",
      "stringLocationTypes": [
        "Land",
        "Sweet Scent"
      ],
      "minLevel": 15,
      "maxLevel": 24,
      "typeID": "pokemon",
      "condition": {
        "times": [
          "DUSK",
          "NIGHT"
        ],
        "biomes": [
          "#pixelmon:spawning/swamps"
        ]
      },
      "rarity": 130.0
    },
	{
      "spec": "species:Karrablast palette:halloween",
      "stringLocationTypes": [
        "Land",
        "Sweet Scent"
      ],
      "minLevel": 15,
      "maxLevel": 24,
      "typeID": "pokemon",
      "condition": {
        "times": [
          "DUSK",
          "NIGHT"
        ],
        "biomes": [
          "#pixelmon:spawning/swamps"
        ]
      },
      "rarity": 13.0
    }
  ]
}
