{
  "id": "Kingdra",
  "spawnInfos": [
    {
      "spec": "species:Kingdra",
      "stringLocationTypes": [
        "Water"
      ],
      "minLevel": 30,
      "maxLevel": 35,
      "typeID": "pokemon",
      "heldItems": [
        {
          "itemID": "pixelmon:dragon_scale",
          "percentChance": 5
        }
      ],
      "condition": {
        "times": [
          "DAY"
        ],
        "biomes": [
          "minecraft:ocean",
          "minecraft:warm_ocean",
          "minecraft:lukewarm_ocean",
          "byg:coral_mangroves"
        ]
      },
      "rarityMultipliers": [
        {
          "multiplier": 2.5,
          "condition": {
            "weathers": [
              "RAIN"
            ]
          }
        }
      ],
      "groupSpawnSettings": [
        {
          "spec": "Horsea",
          "amount": {
            "min_value": 3,
            "max_value": 5
          },
          "spawn_range_minimum": {
            "x": 1,
            "y": 1,
            "z": 1
          },
          "spawn_range_maximum": {
            "x": 5,
            "y": 5,
            "z": 5
          },
          "chance": 1.0
        }
      ],
      "rarity": 0.5
    },
	{
      "spec": "species:Kingdra palette:coralp",
      "stringLocationTypes": [
        "Water"
      ],
      "minLevel": 30,
      "maxLevel": 35,
      "typeID": "pokemon",
      "heldItems": [
        {
          "itemID": "pixelmon:dragon_scale",
          "percentChance": 5
        }
      ],
      "condition": {
        "times": [
          "DAY"
        ],
        "biomes": [
          "minecraft:ocean",
          "minecraft:warm_ocean",
          "minecraft:lukewarm_ocean",
          "byg:coral_mangroves"
        ]
      },
      "rarityMultipliers": [
        {
          "multiplier": 2.5,
          "condition": {
            "weathers": [
              "RAIN"
            ]
          }
        }
      ],
      "groupSpawnSettings": [
        {
          "spec": "Horsea",
          "amount": {
            "min_value": 3,
            "max_value": 5
          },
          "spawn_range_minimum": {
            "x": 1,
            "y": 1,
            "z": 1
          },
          "spawn_range_maximum": {
            "x": 5,
            "y": 5,
            "z": 5
          },
          "chance": 1.0
        }
      ],
      "rarity": 0.05
    },
	{
      "spec": "species:Kingdra palette:coral reef",
      "stringLocationTypes": [
        "Water"
      ],
      "minLevel": 30,
      "maxLevel": 35,
      "typeID": "pokemon",
      "heldItems": [
        {
          "itemID": "pixelmon:dragon_scale",
          "percentChance": 5
        }
      ],
      "condition": {
        "times": [
          "DAY"
        ],
        "biomes": [
          "minecraft:ocean",
          "minecraft:warm_ocean",
          "minecraft:lukewarm_ocean",
          "byg:coral_mangroves"
        ]
      },
      "rarityMultipliers": [
        {
          "multiplier": 2.5,
          "condition": {
            "weathers": [
              "RAIN"
            ]
          }
        }
      ],
      "groupSpawnSettings": [
        {
          "spec": "Horsea",
          "amount": {
            "min_value": 3,
            "max_value": 5
          },
          "spawn_range_minimum": {
            "x": 1,
            "y": 1,
            "z": 1
          },
          "spawn_range_maximum": {
            "x": 5,
            "y": 5,
            "z": 5
          },
          "chance": 1.0
        }
      ],
      "rarity": 0.05
    },
	{
      "spec": "species:Kingdra palette:coralw",
      "stringLocationTypes": [
        "Water"
      ],
      "minLevel": 30,
      "maxLevel": 35,
      "typeID": "pokemon",
      "heldItems": [
        {
          "itemID": "pixelmon:dragon_scale",
          "percentChance": 5
        }
      ],
      "condition": {
        "times": [
          "DAY"
        ],
        "biomes": [
          "minecraft:ocean",
          "minecraft:warm_ocean",
          "minecraft:lukewarm_ocean",
          "byg:coral_mangroves"
        ]
      },
      "rarityMultipliers": [
        {
          "multiplier": 2.5,
          "condition": {
            "weathers": [
              "RAIN"
            ]
          }
        }
      ],
      "groupSpawnSettings": [
        {
          "spec": "Horsea",
          "amount": {
            "min_value": 3,
            "max_value": 5
          },
          "spawn_range_minimum": {
            "x": 1,
            "y": 1,
            "z": 1
          },
          "spawn_range_maximum": {
            "x": 5,
            "y": 5,
            "z": 5
          },
          "chance": 1.0
        }
      ],
      "rarity": 0.05
    },
	{
      "spec": "species:Kingdra palette:corrupt",
      "stringLocationTypes": [
        "Water"
      ],
      "minLevel": 30,
      "maxLevel": 35,
      "typeID": "pokemon",
      "heldItems": [
        {
          "itemID": "pixelmon:dragon_scale",
          "percentChance": 5
        }
      ],
      "condition": {
        "times": [
          "DAY"
        ],
        "biomes": [
          "minecraft:ocean",
          "minecraft:warm_ocean",
          "minecraft:lukewarm_ocean",
          "byg:coral_mangroves"
        ]
      },
      "rarityMultipliers": [
        {
          "multiplier": 2.5,
          "condition": {
            "weathers": [
              "RAIN"
            ]
          }
        }
      ],
      "groupSpawnSettings": [
        {
          "spec": "Horsea",
          "amount": {
            "min_value": 3,
            "max_value": 5
          },
          "spawn_range_minimum": {
            "x": 1,
            "y": 1,
            "z": 1
          },
          "spawn_range_maximum": {
            "x": 5,
            "y": 5,
            "z": 5
          },
          "chance": 1.0
        }
      ],
      "rarity": 0.05
    },
	{
      "spec": "species:Kingdra palette:halloween",
      "stringLocationTypes": [
        "Water"
      ],
      "minLevel": 30,
      "maxLevel": 35,
      "typeID": "pokemon",
      "heldItems": [
        {
          "itemID": "pixelmon:dragon_scale",
          "percentChance": 5
        }
      ],
      "condition": {
        "times": [
          "DAY"
        ],
        "biomes": [
          "minecraft:ocean",
          "minecraft:warm_ocean",
          "minecraft:lukewarm_ocean",
          "byg:coral_mangroves"
        ]
      },
      "rarityMultipliers": [
        {
          "multiplier": 2.5,
          "condition": {
            "weathers": [
              "RAIN"
            ]
          }
        }
      ],
      "groupSpawnSettings": [
        {
          "spec": "Horsea",
          "amount": {
            "min_value": 3,
            "max_value": 5
          },
          "spawn_range_minimum": {
            "x": 1,
            "y": 1,
            "z": 1
          },
          "spawn_range_maximum": {
            "x": 5,
            "y": 5,
            "z": 5
          },
          "chance": 1.0
        }
      ],
      "rarity": 0.05
    },
	{
      "spec": "species:Kingdra palette:infernal",
      "stringLocationTypes": [
        "Water"
      ],
      "minLevel": 30,
      "maxLevel": 35,
      "typeID": "pokemon",
      "heldItems": [
        {
          "itemID": "pixelmon:dragon_scale",
          "percentChance": 5
        }
      ],
      "condition": {
        "times": [
          "DAY"
        ],
        "biomes": [
          "minecraft:ocean",
          "minecraft:warm_ocean",
          "minecraft:lukewarm_ocean",
          "byg:coral_mangroves"
        ]
      },
      "rarityMultipliers": [
        {
          "multiplier": 2.5,
          "condition": {
            "weathers": [
              "RAIN"
            ]
          }
        }
      ],
      "groupSpawnSettings": [
        {
          "spec": "Horsea",
          "amount": {
            "min_value": 3,
            "max_value": 5
          },
          "spawn_range_minimum": {
            "x": 1,
            "y": 1,
            "z": 1
          },
          "spawn_range_maximum": {
            "x": 5,
            "y": 5,
            "z": 5
          },
          "chance": 1.0
        }
      ],
      "rarity": 0.05
    },
	{
      "spec": "species:Kingdra palette:shadow",
      "stringLocationTypes": [
        "Water"
      ],
      "minLevel": 30,
      "maxLevel": 35,
      "typeID": "pokemon",
      "heldItems": [
        {
          "itemID": "pixelmon:dragon_scale",
          "percentChance": 5
        }
      ],
      "condition": {
        "times": [
          "DAY"
        ],
        "biomes": [
          "minecraft:ocean",
          "minecraft:warm_ocean",
          "minecraft:lukewarm_ocean",
          "byg:coral_mangroves"
        ]
      },
      "rarityMultipliers": [
        {
          "multiplier": 2.5,
          "condition": {
            "weathers": [
              "RAIN"
            ]
          }
        }
      ],
      "groupSpawnSettings": [
        {
          "spec": "Horsea",
          "amount": {
            "min_value": 3,
            "max_value": 5
          },
          "spawn_range_minimum": {
            "x": 1,
            "y": 1,
            "z": 1
          },
          "spawn_range_maximum": {
            "x": 5,
            "y": 5,
            "z": 5
          },
          "chance": 1.0
        }
      ],
      "rarity": 0.05
    },
	{
      "spec": "species:Kingdra palette:sunset",
      "stringLocationTypes": [
        "Water"
      ],
      "minLevel": 30,
      "maxLevel": 35,
      "typeID": "pokemon",
      "heldItems": [
        {
          "itemID": "pixelmon:dragon_scale",
          "percentChance": 5
        }
      ],
      "condition": {
        "times": [
          "DAY"
        ],
        "biomes": [
          "minecraft:ocean",
          "minecraft:warm_ocean",
          "minecraft:lukewarm_ocean",
          "byg:coral_mangroves"
        ]
      },
      "rarityMultipliers": [
        {
          "multiplier": 2.5,
          "condition": {
            "weathers": [
              "RAIN"
            ]
          }
        }
      ],
      "groupSpawnSettings": [
        {
          "spec": "Horsea",
          "amount": {
            "min_value": 3,
            "max_value": 5
          },
          "spawn_range_minimum": {
            "x": 1,
            "y": 1,
            "z": 1
          },
          "spawn_range_maximum": {
            "x": 5,
            "y": 5,
            "z": 5
          },
          "chance": 1.0
        }
      ],
      "rarity": 0.05
    },
	{
      "spec": "species:Kingdra palette:vapor",
      "stringLocationTypes": [
        "Water"
      ],
      "minLevel": 30,
      "maxLevel": 35,
      "typeID": "pokemon",
      "heldItems": [
        {
          "itemID": "pixelmon:dragon_scale",
          "percentChance": 5
        }
      ],
      "condition": {
        "times": [
          "DAY"
        ],
        "biomes": [
          "minecraft:ocean",
          "minecraft:warm_ocean",
          "minecraft:lukewarm_ocean",
          "byg:coral_mangroves"
        ]
      },
      "rarityMultipliers": [
        {
          "multiplier": 2.5,
          "condition": {
            "weathers": [
              "RAIN"
            ]
          }
        }
      ],
      "groupSpawnSettings": [
        {
          "spec": "Horsea",
          "amount": {
            "min_value": 3,
            "max_value": 5
          },
          "spawn_range_minimum": {
            "x": 1,
            "y": 1,
            "z": 1
          },
          "spawn_range_maximum": {
            "x": 5,
            "y": 5,
            "z": 5
          },
          "chance": 1.0
        }
      ],
      "rarity": 0.05
    }
  ]
}
