{
  "id": "Kleavor",
  "spawnInfos": [
    {
      "spec": "species:Kleavor",
      "stringLocationTypes": [
        "Land"
      ],
      "minLevel": 30,
      "maxLevel": 50,
      "typeID": "pokemon",
      "heldItems": [
        {
          "itemID": "pixelmon:black_augurite",
          "percentChance": 5
        }
      ],
      "condition": {
        "times": [
          "MORNING"
        ],
        "biomes": [
          "#pixelmon:spawning/mountainous_forests"
        ]
      },
      "rarity": 0.05
    },
	{
      "spec": "species:Kleavor palette:shadow",
      "stringLocationTypes": [
        "Land"
      ],
      "minLevel": 30,
      "maxLevel": 50,
      "typeID": "pokemon",
      "heldItems": [
        {
          "itemID": "pixelmon:black_augurite",
          "percentChance": 5
        }
      ],
      "condition": {
        "times": [
          "MORNING"
        ],
        "biomes": [
          "#pixelmon:spawning/mountainous_forests"
        ]
      },
      "rarity": 0.05
    },
    {
      "spec": "species:Kleavor",
      "stringLocationTypes": [
        "Land"
      ],
      "minLevel": 30,
      "maxLevel": 50,
      "typeID": "pokemon",
      "heldItems": [
        {
          "itemID": "pixelmon:black_augurite",
          "percentChance": 5
        }
      ],
      "condition": {
        "times": [
          "AFTERNOON"
        ],
        "biomes": [
          "pixelmon:ultra_forest"
        ]
      },
      "rarity": 0.5
    },
	{
      "spec": "species:Kleavor palette:shadow",
      "stringLocationTypes": [
        "Land"
      ],
      "minLevel": 30,
      "maxLevel": 50,
      "typeID": "pokemon",
      "heldItems": [
        {
          "itemID": "pixelmon:black_augurite",
          "percentChance": 5
        }
      ],
      "condition": {
        "times": [
          "AFTERNOON"
        ],
        "biomes": [
          "pixelmon:ultra_forest"
        ]
      },
      "rarity": 0.05
    }
  ]
}
