{
  "id": "Klefki",
  "spawnInfos": [
    {
      "spec": "species:Klefki",
      "stringLocationTypes": [
        "Land"
      ],
      "minLevel": 42,
      "maxLevel": 54,
      "typeID": "pokemon",
      "condition": {
        "times": [
          "NIGHT"
        ],
        "biomes": [
          "#pixelmon:spawning/taigas",
          "#pixelmon:spawning/magical"
        ]
      },
      "rarity": 40.0
    },
	{
      "spec": "species:Klefki palette:anubis",
      "stringLocationTypes": [
        "Land"
      ],
      "minLevel": 42,
      "maxLevel": 54,
      "typeID": "pokemon",
      "condition": {
        "times": [
          "NIGHT"
        ],
        "biomes": [
          "#pixelmon:spawning/taigas",
          "#pixelmon:spawning/magical"
        ]
      },
      "rarity": 4.0
    }
  ]
}
