{
  "id": "Krabby",
  "spawnInfos": [
    {
      "spec": "species:Krabby",
      "stringLocationTypes": [
        "Seafloor",
        "Land",
        "Rock Smash"
      ],
      "minLevel": 15,
      "maxLevel": 28,
      "typeID": "pokemon",
      "condition": {
        "times": [
          "DAWN",
          "MORNING",
          "NIGHT"
        ],
        "biomes": [
          "minecraft:ocean",
          "minecraft:warm_ocean",
          "#pixelmon:spawning/beaches"
        ]
      },
      "rarity": 250.0
    },
	{
      "spec": "species:Krabby palette:christmas",
      "stringLocationTypes": [
        "Seafloor",
        "Land",
        "Rock Smash"
      ],
      "minLevel": 15,
      "maxLevel": 28,
      "typeID": "pokemon",
      "condition": {
        "times": [
          "DAWN",
          "MORNING",
          "NIGHT"
        ],
        "biomes": [
          "minecraft:ocean",
          "minecraft:warm_ocean",
          "#pixelmon:spawning/beaches"
        ]
      },
      "rarity": 25.0
    }
  ]
}
