{
  "id": "Kricketot",
  "spawnInfos": [
    {
      "spec": "species:Kricketot",
      "stringLocationTypes": [
        "Land"
      ],
      "minLevel": 5,
      "maxLevel": 10,
      "typeID": "pokemon",
      "heldItems": [
        {
          "itemID": "pixelmon:metronome",
          "percentChance": 5
        }
      ],
      "condition": {
        "times": [
          "DAWN",
          "DUSK"
        ],
        "biomes": [
          "#pixelmon:spawning/all_forests"
        ]
      },
      "groupSpawnSettings": [
        {
          "spec": "Kricketot",
          "amount": {
            "min_value": 3,
            "max_value": 4
          },
          "spawn_range_minimum": {
            "x": 1,
            "y": 1,
            "z": 1
          },
          "spawn_range_maximum": {
            "x": 5,
            "y": 5,
            "z": 5
          },
          "chance": 0.5
        }
      ],
      "rarity": 130.0
    }
  ]
}
