{
  "id": "Krokorok",
  "spawnInfos": [
    {
      "spec": "species:Krokorok",
      "stringLocationTypes": [
        "Land"
      ],
      "minLevel": 29,
      "maxLevel": 40,
      "typeID": "pokemon",
      "heldItems": [
        {
          "itemID": "pixelmon:black_glasses",
          "percentChance": 5
        }
      ],
      "condition": {
        "times": [
          "NIGHT"
        ],
        "biomes": [
          "#pixelmon:spawning/arid"
        ]
      },
      "groupSpawnSettings": [
        {
          "spec": "Sandile",
          "amount": {
            "min_value": 3,
            "max_value": 4
          },
          "spawn_range_minimum": {
            "x": 1,
            "y": 1,
            "z": 1
          },
          "spawn_range_maximum": {
            "x": 5,
            "y": 5,
            "z": 5
          },
          "chance": 0.5
        }
      ],
      "rarity": 8.0
    },
    {
      "spec": "species:Krokorok",
      "stringLocationTypes": [
        "Land"
      ],
      "minLevel": 29,
      "maxLevel": 40,
      "typeID": "pokemon",
      "heldItems": [
        {
          "itemID": "pixelmon:black_glasses",
          "percentChance": 5
        }
      ],
      "condition": {
        "times": [
          "NIGHT"
        ],
        "biomes": [
          "pixelmon:ultra_desert"
        ]
      },
      "rarity": 50.0
    }
  ]
}
