{
  "id": "Leavanny",
  "spawnInfos": [
    {
      "spec": "species:Leavanny",
      "stringLocationTypes": [
        "Land"
      ],
      "minLevel": 35,
      "maxLevel": 45,
      "typeID": "pokemon",
      "heldItems": [
        {
          "itemID": "pixelmon:mental_herb",
          "percentChance": 5
        }
      ],
      "condition": {
        "times": [
          "DAWN",
          "DUSK"
        ],
        "biomes": [
          "#pixelmon:spawning/forests",
          "#pixelmon:spawning/flowery"
        ]
      },
      "rarity": 0.5
    },
	{
      "spec": "species:Leavanny palette:fusion",
      "stringLocationTypes": [
        "Land"
      ],
      "minLevel": 35,
      "maxLevel": 45,
      "typeID": "pokemon",
      "heldItems": [
        {
          "itemID": "pixelmon:mental_herb",
          "percentChance": 5
        }
      ],
      "condition": {
        "times": [
          "DAWN",
          "DUSK"
        ],
        "biomes": [
          "#pixelmon:spawning/forests",
          "#pixelmon:spawning/flowery"
        ]
      },
      "rarity": 0.05
    },
	{
      "spec": "species:Leavanny palette:infernal",
      "stringLocationTypes": [
        "Land"
      ],
      "minLevel": 35,
      "maxLevel": 45,
      "typeID": "pokemon",
      "heldItems": [
        {
          "itemID": "pixelmon:mental_herb",
          "percentChance": 5
        }
      ],
      "condition": {
        "times": [
          "DAWN",
          "DUSK"
        ],
        "biomes": [
          "#pixelmon:spawning/forests",
          "#pixelmon:spawning/flowery"
        ]
      },
      "rarity": 0.05
    },
	{
      "spec": "species:Leavanny palette:leaf 1",
      "stringLocationTypes": [
        "Land"
      ],
      "minLevel": 35,
      "maxLevel": 45,
      "typeID": "pokemon",
      "heldItems": [
        {
          "itemID": "pixelmon:mental_herb",
          "percentChance": 5
        }
      ],
      "condition": {
        "times": [
          "DAWN",
          "DUSK"
        ],
        "biomes": [
          "#pixelmon:spawning/forests",
          "#pixelmon:spawning/flowery"
        ]
      },
      "rarity": 0.05
    },
	{
      "spec": "species:Leavanny palette:leaf 2",
      "stringLocationTypes": [
        "Land"
      ],
      "minLevel": 35,
      "maxLevel": 45,
      "typeID": "pokemon",
      "heldItems": [
        {
          "itemID": "pixelmon:mental_herb",
          "percentChance": 5
        }
      ],
      "condition": {
        "times": [
          "DAWN",
          "DUSK"
        ],
        "biomes": [
          "#pixelmon:spawning/forests",
          "#pixelmon:spawning/flowery"
        ]
      },
      "rarity": 0.05
    }
  ]
}
