{
  "id": "Ledian",
  "spawnInfos": [
    {
      "spec": "species:Ledian",
      "stringLocationTypes": [
        "Air",
        "Headbutt",
        "Sweet Scent"
      ],
      "minLevel": 18,
      "maxLevel": 30,
      "typeID": "pokemon",
      "condition": {
        "times": [
          "MORNING"
        ],
        "biomes": [
          "#pixelmon:spawning/forests",
          "#pixelmon:spawning/birches",
          "#pixelmon:spawning/flowery",
          "#pixelmon:spawning/magical"
        ]
      },
      "rarity": 8.0
    },
	{
      "spec": "species:Ledian palette:anubis",
      "stringLocationTypes": [
        "Air",
        "Headbutt",
        "Sweet Scent"
      ],
      "minLevel": 18,
      "maxLevel": 30,
      "typeID": "pokemon",
      "condition": {
        "times": [
          "MORNING"
        ],
        "biomes": [
          "#pixelmon:spawning/forests",
          "#pixelmon:spawning/birches",
          "#pixelmon:spawning/flowery",
          "#pixelmon:spawning/magical"
        ]
      },
      "rarity": 0.8
    },
	{
      "spec": "species:Ledian palette:shadow",
      "stringLocationTypes": [
        "Air",
        "Headbutt",
        "Sweet Scent"
      ],
      "minLevel": 18,
      "maxLevel": 30,
      "typeID": "pokemon",
      "condition": {
        "times": [
          "MORNING"
        ],
        "biomes": [
          "#pixelmon:spawning/forests",
          "#pixelmon:spawning/birches",
          "#pixelmon:spawning/flowery",
          "#pixelmon:spawning/magical"
        ]
      },
      "rarity": 0.8
    }
  ]
}
