{
  "id": "Ledyba",
  "spawnInfos": [
    {
      "spec": "species:Ledyba",
      "stringLocationTypes": [
        "Air",
        "Headbutt",
        "Sweet Scent"
      ],
      "minLevel": 5,
      "maxLevel": 17,
      "typeID": "pokemon",
      "condition": {
        "times": [
          "MORNING"
        ],
        "biomes": [
          "#pixelmon:spawning/forests",
          "#pixelmon:spawning/birches",
          "#pixelmon:spawning/flowery",
          "#pixelmon:spawning/magical"
        ]
      },
      "rarity": 250.0
    },
	{
      "spec": "species:Ledyba palette:anubis",
      "stringLocationTypes": [
        "Air",
        "Headbutt",
        "Sweet Scent"
      ],
      "minLevel": 5,
      "maxLevel": 17,
      "typeID": "pokemon",
      "condition": {
        "times": [
          "MORNING"
        ],
        "biomes": [
          "#pixelmon:spawning/forests",
          "#pixelmon:spawning/birches",
          "#pixelmon:spawning/flowery",
          "#pixelmon:spawning/magical"
        ]
      },
      "rarity": 25.0
    },
	{
      "spec": "species:Ledyba palette:shadow",
      "stringLocationTypes": [
        "Air",
        "Headbutt",
        "Sweet Scent"
      ],
      "minLevel": 5,
      "maxLevel": 17,
      "typeID": "pokemon",
      "condition": {
        "times": [
          "MORNING"
        ],
        "biomes": [
          "#pixelmon:spawning/forests",
          "#pixelmon:spawning/birches",
          "#pixelmon:spawning/flowery",
          "#pixelmon:spawning/magical"
        ]
      },
      "rarity": 25.0
    }
  ]
}
