{
  "id": "Liepard",
  "spawnInfos": [
    {
      "spec": "species:Liepard",
      "stringLocationTypes": [
        "Land",
        "Tree Top"
      ],
      "minLevel": 21,
      "maxLevel": 34,
      "typeID": "pokemon",
      "condition": {
        "times": [
          "NIGHT"
        ],
        "biomes": [
          "#pixelmon:spawning/jungles"
        ]
      },
      "rarity": 8.0
    },
	{
      "spec": "species:Liepard palette:anubis",
      "stringLocationTypes": [
        "Land",
        "Tree Top"
      ],
      "minLevel": 21,
      "maxLevel": 34,
      "typeID": "pokemon",
      "condition": {
        "times": [
          "NIGHT"
        ],
        "biomes": [
          "#pixelmon:spawning/jungles"
        ]
      },
      "rarity": 0.8
    },
	{
      "spec": "species:Liepard palette:halloween",
      "stringLocationTypes": [
        "Land",
        "Tree Top"
      ],
      "minLevel": 21,
      "maxLevel": 34,
      "typeID": "pokemon",
      "condition": {
        "times": [
          "NIGHT"
        ],
        "biomes": [
          "#pixelmon:spawning/jungles"
        ]
      },
      "rarity": 0.8
    },
	{
      "spec": "species:Liepard palette:valentines",
      "stringLocationTypes": [
        "Land",
        "Tree Top"
      ],
      "minLevel": 21,
      "maxLevel": 34,
      "typeID": "pokemon",
      "condition": {
        "times": [
          "NIGHT"
        ],
        "biomes": [
          "#pixelmon:spawning/jungles"
        ]
      },
      "rarity": 0.8
    }
  ]
}
