{
  "id": "Lileep",
  "spawnInfos": [
    {
      "spec": "species:Lileep",
      "stringLocationTypes": [
        "Seafloor"
      ],
      "minLevel": 5,
      "maxLevel": 35,
      "typeID": "pokemon",
      "condition": {
        "times": [
          "DAY"
        ],
        "biomes": [
          "pixelmon:ultra_jungle"
        ]
      },
      "rarity": 50.0
    },
	{
      "spec": "species:Lileep palette:halloween",
      "stringLocationTypes": [
        "Seafloor"
      ],
      "minLevel": 5,
      "maxLevel": 35,
      "typeID": "pokemon",
      "condition": {
        "times": [
          "DAY"
        ],
        "biomes": [
          "pixelmon:ultra_jungle"
        ]
      },
      "rarity": 5.0
    }
  ]
}
