{
  "id": "Lillipup",
  "spawnInfos": [
    {
      "spec": "species:Lillipup",
      "stringLocationTypes": [
        "Land",
        "Sweet Scent"
      ],
      "minLevel": 4,
      "maxLevel": 15,
      "typeID": "pokemon",
      "condition": {
        "times": [
          "AFTERNOON"
        ],
        "biomes": [
          "#pixelmon:spawning/plains"
        ]
      },
      "rarityMultipliers": [
        {
          "multiplier": 1.5,
          "condition": {
            "structures": [
              "minecraft:village_plains"
            ]
          }
        }
      ],
      "rarity": 300.0
    },
	{
      "spec": "species:Lillipup palette:halloween",
      "stringLocationTypes": [
        "Land",
        "Sweet Scent"
      ],
      "minLevel": 4,
      "maxLevel": 15,
      "typeID": "pokemon",
      "condition": {
        "times": [
          "AFTERNOON"
        ],
        "biomes": [
          "#pixelmon:spawning/plains"
        ]
      },
      "rarityMultipliers": [
        {
          "multiplier": 1.5,
          "condition": {
            "structures": [
              "minecraft:village_plains"
            ]
          }
        }
      ],
      "rarity": 30.0
    }
  ]
}
