{
  "id": "Litleo",
  "spawnInfos": [
    {
      "spec": "species:Litleo",
      "stringLocationTypes": [
        "Land"
      ],
      "minLevel": 21,
      "maxLevel": 34,
      "typeID": "pokemon",
      "condition": {
        "times": [
          "DAY"
        ],
        "biomes": [
          "#pixelmon:spawning/savannas"
        ]
      },
      "groupSpawnSettings": [
        {
          "spec": "Litleo",
          "amount": {
            "min_value": 3,
            "max_value": 4
          },
          "spawn_range_minimum": {
            "x": 1,
            "y": 1,
            "z": 1
          },
          "spawn_range_maximum": {
            "x": 5,
            "y": 5,
            "z": 5
          },
          "chance": 0.3
        }
      ],
      "rarity": 170.0
    }
  ]
}
