{
  "id": "Loudred",
  "spawnInfos": [
    {
      "spec": "species:Loudred",
      "stringLocationTypes": [
        "Land"
      ],
      "minLevel": 20,
      "maxLevel": 40,
      "typeID": "pokemon",
      "condition": {
        "times": [
          "DAY"
        ],
        "biomes": [
          "#pixelmon:spawning/mountainous"
        ]
      },
      "rarityMultipliers": [
        {
          "multiplier": 2,
          "condition": {
            "neededNearbyBlocks": [
              "minecraft:gravel"
            ]
          }
        }
      ],
      "rarity": 8.0
    },
	{
      "spec": "species:Loudred palette:city",
      "stringLocationTypes": [
        "Land"
      ],
      "minLevel": 20,
      "maxLevel": 40,
      "typeID": "pokemon",
      "condition": {
        "times": [
          "DAY"
        ],
        "biomes": [
          "#pixelmon:spawning/mountainous"
        ]
      },
      "rarityMultipliers": [
        {
          "multiplier": 2,
          "condition": {
            "neededNearbyBlocks": [
              "minecraft:gravel"
            ]
          }
        }
      ],
      "rarity": 0.8
    },
    {
      "spec": "species:Loudred",
      "stringLocationTypes": [
        "Underground"
      ],
      "minLevel": 20,
      "maxLevel": 40,
      "typeID": "pokemon",
      "condition": {
        "maxY": 70
      },
      "rarityMultipliers": [
        {
          "multiplier": 2,
          "condition": {
            "neededNearbyBlocks": [
              "minecraft:gravel"
            ]
          }
        }
      ],
      "rarity": 5.0
    },
	{
      "spec": "species:Loudred palette:city",
      "stringLocationTypes": [
        "Underground"
      ],
      "minLevel": 20,
      "maxLevel": 40,
      "typeID": "pokemon",
      "condition": {
        "maxY": 70
      },
      "rarityMultipliers": [
        {
          "multiplier": 2,
          "condition": {
            "neededNearbyBlocks": [
              "minecraft:gravel"
            ]
          }
        }
      ],
      "rarity": 0.5
    }
  ]
}
