{
  "id": "Lurantis",
  "spawnInfos": [
    {
      "spec": "species:Lurantis",
      "stringLocationTypes": [
        "Land",
        "Tree Top"
      ],
      "minLevel": 34,
      "maxLevel": 50,
      "typeID": "pokemon",
      "heldItems": [
        {
          "itemID": "pixelmon:miracle_seed",
          "percentChance": 5
        }
      ],
      "condition": {
        "times": [
          "DAWN",
          "DUSK"
        ],
        "biomes": [
          "#pixelmon:spawning/jungles"
        ]
      },
      "rarity": 0.5
    },
	{
      "spec": "species:Lurantis palette:cny tiger 1",
      "stringLocationTypes": [
        "Land",
        "Tree Top"
      ],
      "minLevel": 34,
      "maxLevel": 50,
      "typeID": "pokemon",
      "heldItems": [
        {
          "itemID": "pixelmon:miracle_seed",
          "percentChance": 5
        }
      ],
      "condition": {
        "times": [
          "DAWN",
          "DUSK"
        ],
        "biomes": [
          "#pixelmon:spawning/jungles"
        ]
      },
      "rarity": 0.05
    },
	{
      "spec": "species:Lurantis palette:cny tiger 2",
      "stringLocationTypes": [
        "Land",
        "Tree Top"
      ],
      "minLevel": 34,
      "maxLevel": 50,
      "typeID": "pokemon",
      "heldItems": [
        {
          "itemID": "pixelmon:miracle_seed",
          "percentChance": 5
        }
      ],
      "condition": {
        "times": [
          "DAWN",
          "DUSK"
        ],
        "biomes": [
          "#pixelmon:spawning/jungles"
        ]
      },
      "rarity": 0.05
    },
    {
      "spec": "species:Lurantis",
      "stringLocationTypes": [
        "Land"
      ],
      "minLevel": 34,
      "maxLevel": 50,
      "typeID": "pokemon",
      "heldItems": [
        {
          "itemID": "pixelmon:miracle_seed",
          "percentChance": 5
        }
      ],
      "condition": {
        "times": [
          "MORNING"
        ],
        "biomes": [
          "pixelmon:ultra_jungle"
        ]
      },
      "rarity": 50.0
    },
	{
      "spec": "species:Lurantis palette:cny tiger 1",
      "stringLocationTypes": [
        "Land"
      ],
      "minLevel": 34,
      "maxLevel": 50,
      "typeID": "pokemon",
      "heldItems": [
        {
          "itemID": "pixelmon:miracle_seed",
          "percentChance": 5
        }
      ],
      "condition": {
        "times": [
          "MORNING"
        ],
        "biomes": [
          "pixelmon:ultra_jungle"
        ]
      },
      "rarity": 5.0
    },
	{
      "spec": "species:Lurantis palette:cny tiger 2",
      "stringLocationTypes": [
        "Land"
      ],
      "minLevel": 34,
      "maxLevel": 50,
      "typeID": "pokemon",
      "heldItems": [
        {
          "itemID": "pixelmon:miracle_seed",
          "percentChance": 5
        }
      ],
      "condition": {
        "times": [
          "MORNING"
        ],
        "biomes": [
          "pixelmon:ultra_jungle"
        ]
      },
      "rarity": 5.0
    }
  ]
}
