{
  "id": "Lurish",
  "spawnInfos": [
    {
      "spec": "species:Lurish",
      "stringLocationTypes": [
        "Water"
      ],
      "minLevel": 5,
      "maxLevel": 29,
      "typeID": "pokemon",
      "heldItems": [
        {
          "itemID": "pixelmon:deep_sea_tooth",
          "percentChance": 5
        }
      ],
      "condition": {
        "biomes": [
          "minecraft:river",
          "#pixelmon:spawning/jungles",
          "terralith:warm_river"
        ]
      },
      "groupSpawnSettings": [
        {
          "spec": "Carvanha",
          "amount": {
            "min_value": 3,
            "max_value": 5
          },
          "spawn_range_minimum": {
            "x": 1,
            "y": 1,
            "z": 1
          },
          "spawn_range_maximum": {
            "x": 5,
            "y": 5,
            "z": 5
          },
          "chance": 0.5
        }
      ],
      "rarity": 250.0
    },
    {
      "spec": "species:Lurish",
      "stringLocationTypes": [
        "Water"
      ],
      "minLevel": 5,
      "maxLevel": 29,
      "typeID": "pokemon",
      "heldItems": [
        {
          "itemID": "pixelmon:deep_sea_tooth",
          "percentChance": 5
        }
      ],
      "condition": {
        "biomes": [
          "pixelmon:ultra_jungle"
        ]
      },
      "rarity": 100.0
    },
    {
      "spec": "species:Lurish",
      "stringLocationTypes": [
        "Water",
        "Underground Water"
      ],
      "minLevel": 5,
      "maxLevel": 29,
      "typeID": "pokemon",
      "heldItems": [
        {
          "itemID": "pixelmon:deep_sea_tooth",
          "percentChance": 5
        }
      ],
      "condition": {
        "structures": [
          "pixelmon:water_chalice"
        ],
        "biomes": [
          "#pixelmon:spawning/oceanic"
        ]
      },
      "rarity": 250.0
    }
  ]
}
