{
  "id": "Luxio",
  "spawnInfos": [
    {
      "spec": "species:Luxio",
      "stringLocationTypes": [
        "Land"
      ],
      "minLevel": 15,
      "maxLevel": 29,
      "typeID": "pokemon",
      "condition": {
        "times": [
          "NIGHT"
        ],
        "biomes": [
          "#pixelmon:spawning/savannas"
        ]
      },
      "rarity": 30.0
    },
	{
      "spec": "species:Luxio palette:akuma",
      "stringLocationTypes": [
        "Land"
      ],
      "minLevel": 15,
      "maxLevel": 29,
      "typeID": "pokemon",
      "condition": {
        "times": [
          "NIGHT"
        ],
        "biomes": [
          "#pixelmon:spawning/savannas"
        ]
      },
      "rarity": 3.0
    },
	{
      "spec": "species:Luxio palette:anubis",
      "stringLocationTypes": [
        "Land"
      ],
      "minLevel": 15,
      "maxLevel": 29,
      "typeID": "pokemon",
      "condition": {
        "times": [
          "NIGHT"
        ],
        "biomes": [
          "#pixelmon:spawning/savannas"
        ]
      },
      "rarity": 3.0
    },
	{
      "spec": "species:Luxio palette:summer",
      "stringLocationTypes": [
        "Land"
      ],
      "minLevel": 15,
      "maxLevel": 29,
      "typeID": "pokemon",
      "condition": {
        "times": [
          "NIGHT"
        ],
        "biomes": [
          "#pixelmon:spawning/savannas"
        ]
      },
      "rarity": 3.0
    },
	{
      "spec": "species:Luxio palette:toy",
      "stringLocationTypes": [
        "Land"
      ],
      "minLevel": 15,
      "maxLevel": 29,
      "typeID": "pokemon",
      "condition": {
        "times": [
          "NIGHT"
        ],
        "biomes": [
          "#pixelmon:spawning/savannas"
        ]
      },
      "rarity": 3.0
    }
  ]
}
