{
  "id": "Machop",
  "spawnInfos": [
    {
      "spec": "species:Machop",
      "stringLocationTypes": [
        "Land"
      ],
      "minLevel": 5,
      "maxLevel": 28,
      "typeID": "pokemon",
      "heldItems": [
        {
          "itemID": "pixelmon:focus_band",
          "percentChance": 5
        }
      ],
      "condition": {
        "times": [
          "DAY"
        ],
        "biomes": [
          "#pixelmon:spawning/mountainous"
        ],
        "maxY": 80
      },
      "rarity": 250.0
    }
  ]
}
