{
  "id": "Machoke",
  "spawnInfos": [
    {
      "spec": "species:Machoke",
      "stringLocationTypes": [
        "Land"
      ],
      "minLevel": 28,
      "maxLevel": 39,
      "typeID": "pokemon",
      "heldItems": [
        {
          "itemID": "pixelmon:focus_band",
          "percentChance": 5
        }
      ],
      "condition": {
        "times": [
          "DAY"
        ],
        "biomes": [
          "#pixelmon:spawning/mountainous"
        ],
        "maxY": 80
      },
      "rarity": 40.0
    },
	{
      "spec": "species:Machoke palette:city",
      "stringLocationTypes": [
        "Land"
      ],
      "minLevel": 28,
      "maxLevel": 39,
      "typeID": "pokemon",
      "heldItems": [
        {
          "itemID": "pixelmon:focus_band",
          "percentChance": 5
        }
      ],
      "condition": {
        "times": [
          "DAY"
        ],
        "biomes": [
          "#pixelmon:spawning/mountainous"
        ],
        "maxY": 80
      },
      "rarity": 4.0
    },
    {
      "spec": "species:Machoke",
      "stringLocationTypes": [
        "Land"
      ],
      "minLevel": 28,
      "maxLevel": 39,
      "typeID": "pokemon",
      "heldItems": [
        {
          "itemID": "pixelmon:focus_band",
          "percentChance": 5
        }
      ],
      "condition": {
        "times": [
          "DAY"
        ],
        "biomes": [
          "pixelmon:ultra_plant"
        ]
      },
      "rarity": 50.0
    },
	{
      "spec": "species:Machoke palette:city",
      "stringLocationTypes": [
        "Land"
      ],
      "minLevel": 28,
      "maxLevel": 39,
      "typeID": "pokemon",
      "heldItems": [
        {
          "itemID": "pixelmon:focus_band",
          "percentChance": 5
        }
      ],
      "condition": {
        "times": [
          "DAY"
        ],
        "biomes": [
          "pixelmon:ultra_plant"
        ]
      },
      "rarity": 5.0
    }
  ]
}
