{
  "id": "Malamar",
  "spawnInfos": [
    {
      "spec": "species:Malamar",
      "stringLocationTypes": [
        "Land"
      ],
      "minLevel": 31,
      "maxLevel": 45,
      "typeID": "pokemon",
      "condition": {
        "times": [
          "AFTERNOON",
          "NIGHT"
        ],
        "biomes": [
          "#pixelmon:spawning/beaches"
        ]
      },
      "anticondition": {
        "biomes": [
          "#pixelmon:spawning/freezing"
        ]
      },
      "rarity": 0.5
    },
	{
      "spec": "species:Malamar palette:halloween",
      "stringLocationTypes": [
        "Land"
      ],
      "minLevel": 31,
      "maxLevel": 45,
      "typeID": "pokemon",
      "condition": {
        "times": [
          "AFTERNOON",
          "NIGHT"
        ],
        "biomes": [
          "#pixelmon:spawning/beaches"
        ]
      },
      "anticondition": {
        "biomes": [
          "#pixelmon:spawning/freezing"
        ]
      },
      "rarity": 0.05
    }
  ]
}
