{
  "id": "Mamoswine",
  "spawnInfos": [
    {
      "spec": "species:Mamoswine",
      "stringLocationTypes": [
        "Land"
      ],
      "minLevel": 40,
      "maxLevel": 50,
      "typeID": "pokemon",
      "condition": {
        "times": [
          "DAWN",
          "DUSK"
        ],
        "weathers": [
          "RAIN",
          "STORM"
        ],
        "biomes": [
          "minecraft:snowy_plains",
          "biomesoplenty:tundra"
        ]
      },
      "rarity": 0.1
    },
	{
      "spec": "species:Mamoswine palette:arctic",
      "stringLocationTypes": [
        "Land"
      ],
      "minLevel": 40,
      "maxLevel": 50,
      "typeID": "pokemon",
      "condition": {
        "times": [
          "DAWN",
          "DUSK"
        ],
        "weathers": [
          "RAIN",
          "STORM"
        ],
        "biomes": [
          "minecraft:snowy_plains",
          "biomesoplenty:tundra"
        ]
      },
      "rarity": 0.01
    },
	{
      "spec": "species:Mamoswine palette:fantasy",
      "stringLocationTypes": [
        "Land"
      ],
      "minLevel": 40,
      "maxLevel": 50,
      "typeID": "pokemon",
      "condition": {
        "times": [
          "DAWN",
          "DUSK"
        ],
        "weathers": [
          "RAIN",
          "STORM"
        ],
        "biomes": [
          "minecraft:snowy_plains",
          "biomesoplenty:tundra"
        ]
      },
      "rarity": 0.01
    },
	{
      "spec": "species:Mamoswine palette:shadow",
      "stringLocationTypes": [
        "Land"
      ],
      "minLevel": 40,
      "maxLevel": 50,
      "typeID": "pokemon",
      "condition": {
        "times": [
          "DAWN",
          "DUSK"
        ],
        "weathers": [
          "RAIN",
          "STORM"
        ],
        "biomes": [
          "minecraft:snowy_plains",
          "biomesoplenty:tundra"
        ]
      },
      "rarity": 0.01
    },
	{
      "spec": "species:Mamoswine palette:soulfire",
      "stringLocationTypes": [
        "Land"
      ],
      "minLevel": 40,
      "maxLevel": 50,
      "typeID": "pokemon",
      "condition": {
        "times": [
          "DAWN",
          "DUSK"
        ],
        "weathers": [
          "RAIN",
          "STORM"
        ],
        "biomes": [
          "minecraft:snowy_plains",
          "biomesoplenty:tundra"
        ]
      },
      "rarity": 0.01
    }
  ]
}
