{
  "id": "Mandibuzz",
  "spawnInfos": [
    {
      "spec": "species:Mandibuzz",
      "stringLocationTypes": [
        "Air"
      ],
      "minLevel": 55,
      "maxLevel": 63,
      "typeID": "pokemon",
      "condition": {
        "times": [
          "AFTERNOON",
          "DUSK",
          "NIGHT"
        ],
        "biomes": [
          "#pixelmon:spawning/arid",
          "#pixelmon:spawning/mesas",
          "#pixelmon:spawning/evil",
          "#pixelmon:spawning/savannas"
        ]
      },
      "anticondition": {
        "biomes": [
          "terralith:desert_oasis",
          "terralith:red_oasis"
        ]
      },
      "rarity": 0.5
    },
	{
      "spec": "species:Mandibuzz palette:skeletal",
      "stringLocationTypes": [
        "Air"
      ],
      "minLevel": 55,
      "maxLevel": 63,
      "typeID": "pokemon",
      "condition": {
        "times": [
          "AFTERNOON",
          "DUSK",
          "NIGHT"
        ],
        "biomes": [
          "#pixelmon:spawning/arid",
          "#pixelmon:spawning/mesas",
          "#pixelmon:spawning/evil",
          "#pixelmon:spawning/savannas"
        ]
      },
      "anticondition": {
        "biomes": [
          "terralith:desert_oasis",
          "terralith:red_oasis"
        ]
      },
      "rarity": 0.05
    },
    {
      "spec": "species:Mandibuzz",
      "stringLocationTypes": [
        "Air"
      ],
      "minLevel": 55,
      "maxLevel": 63,
      "typeID": "pokemon",
      "condition": {
        "biomes": [
          "pixelmon:ultra_desert"
        ]
      },
      "rarity": 100.0
    },
	{
      "spec": "species:Mandibuzz palette:skeletal",
      "stringLocationTypes": [
        "Air"
      ],
      "minLevel": 55,
      "maxLevel": 63,
      "typeID": "pokemon",
      "condition": {
        "biomes": [
          "pixelmon:ultra_desert"
        ]
      },
      "rarity": 10.0
    }
  ]
}
