{
  "id": "Manectric",
  "spawnInfos": [
    {
      "spec": "species:Manectric",
      "stringLocationTypes": [
        "Land"
      ],
      "minLevel": 40,
      "maxLevel": 50,
      "typeID": "pokemon",
      "condition": {
        "times": [
          "AFTERNOON"
        ],
        "biomes": [
          "#pixelmon:spawning/savannas",
          "#pixelmon:spawning/plains"
        ]
      },
      "rarity": 8.0
    },
	{
      "spec": "species:Manectric palette:anubis",
      "stringLocationTypes": [
        "Land"
      ],
      "minLevel": 40,
      "maxLevel": 50,
      "typeID": "pokemon",
      "condition": {
        "times": [
          "AFTERNOON"
        ],
        "biomes": [
          "#pixelmon:spawning/savannas",
          "#pixelmon:spawning/plains"
        ]
      },
      "rarity": 0.8
    },
	{
      "spec": "species:Manectric palette:heroic",
      "stringLocationTypes": [
        "Land"
      ],
      "minLevel": 40,
      "maxLevel": 50,
      "typeID": "pokemon",
      "condition": {
        "times": [
          "AFTERNOON"
        ],
        "biomes": [
          "#pixelmon:spawning/savannas",
          "#pixelmon:spawning/plains"
        ]
      },
      "rarity": 0.8
    },
	{
      "spec": "species:Manectric palette:shadow",
      "stringLocationTypes": [
        "Land"
      ],
      "minLevel": 40,
      "maxLevel": 50,
      "typeID": "pokemon",
      "condition": {
        "times": [
          "AFTERNOON"
        ],
        "biomes": [
          "#pixelmon:spawning/savannas",
          "#pixelmon:spawning/plains"
        ]
      },
      "rarity": 0.8
    }
  ]
}
