{
  "id": "Mankey",
  "spawnInfos": [
    {
      "spec": "species:Mankey",
      "stringLocationTypes": [
        "Tree Top",
        "Headbutt"
      ],
      "minLevel": 10,
      "maxLevel": 28,
      "typeID": "pokemon",
      "condition": {
        "biomes": [
          "#pixelmon:spawning/jungles",
          "byg:crag_gardens"
        ]
      },
      "rarity": 250.0
    },
	{
      "spec": "species:Mankey palette:cosmic 1",
      "stringLocationTypes": [
        "Tree Top",
        "Headbutt"
      ],
      "minLevel": 10,
      "maxLevel": 28,
      "typeID": "pokemon",
      "condition": {
        "biomes": [
          "#pixelmon:spawning/jungles",
          "byg:crag_gardens"
        ]
      },
      "rarity": 25.0
    },
	{
      "spec": "species:Mankey palette:cosmic 2",
      "stringLocationTypes": [
        "Tree Top",
        "Headbutt"
      ],
      "minLevel": 10,
      "maxLevel": 28,
      "typeID": "pokemon",
      "condition": {
        "biomes": [
          "#pixelmon:spawning/jungles",
          "byg:crag_gardens"
        ]
      },
      "rarity": 25.0
    },
	{
      "spec": "species:Mankey palette:molten",
      "stringLocationTypes": [
        "Tree Top",
        "Headbutt"
      ],
      "minLevel": 10,
      "maxLevel": 28,
      "typeID": "pokemon",
      "condition": {
        "biomes": [
          "#pixelmon:spawning/jungles",
          "byg:crag_gardens"
        ]
      },
      "rarity": 25.0
    },
	{
      "spec": "species:Mankey palette:shadow",
      "stringLocationTypes": [
        "Tree Top",
        "Headbutt"
      ],
      "minLevel": 10,
      "maxLevel": 28,
      "typeID": "pokemon",
      "condition": {
        "biomes": [
          "#pixelmon:spawning/jungles",
          "byg:crag_gardens"
        ]
      },
      "rarity": 25.0
    },
    {
      "spec": "species:Mankey palette:pink",
      "stringLocationTypes": [
        "Tree Top"
      ],
      "minLevel": 10,
      "maxLevel": 28,
      "typeID": "pokemon",
      "condition": {
        "biomes": [
          "#pixelmon:spawning/jungles",
          "byg:crag_gardens"
        ]
      },
      "rarity": 5.0
    }
  ]
}
