{
  "id": "Maractus",
  "spawnInfos": [
    {
      "spec": "species:Maractus",
      "stringLocationTypes": [
        "Land",
        "Sweet Scent"
      ],
      "minLevel": 14,
      "maxLevel": 28,
      "typeID": "pokemon",
      "heldItems": [
        {
          "itemID": "pixelmon:miracle_seed",
          "percentChance": 5
        }
      ],
      "condition": {
        "times": [
          "DAWN",
          "DAY"
        ],
        "biomes": [
          "#pixelmon:spawning/arid",
          "#pixelmon:spawning/mesas"
        ]
      },
      "rarity": 40.0
    },
	{
      "spec": "species:Maractus palette:black and white",
      "stringLocationTypes": [
        "Land",
        "Sweet Scent"
      ],
      "minLevel": 14,
      "maxLevel": 28,
      "typeID": "pokemon",
      "heldItems": [
        {
          "itemID": "pixelmon:miracle_seed",
          "percentChance": 5
        }
      ],
      "condition": {
        "times": [
          "DAWN",
          "DAY"
        ],
        "biomes": [
          "#pixelmon:spawning/arid",
          "#pixelmon:spawning/mesas"
        ]
      },
      "rarity": 4.0
    },
	{
      "spec": "species:Maractus palette:halloween",
      "stringLocationTypes": [
        "Land",
        "Sweet Scent"
      ],
      "minLevel": 14,
      "maxLevel": 28,
      "typeID": "pokemon",
      "heldItems": [
        {
          "itemID": "pixelmon:miracle_seed",
          "percentChance": 5
        }
      ],
      "condition": {
        "times": [
          "DAWN",
          "DAY"
        ],
        "biomes": [
          "#pixelmon:spawning/arid",
          "#pixelmon:spawning/mesas"
        ]
      },
      "rarity": 4.0
    }
  ]
}
