{
  "id": "Mareep",
  "spawnInfos": [
    {
      "spec": "species:Mareep",
      "stringLocationTypes": [
        "Land"
      ],
      "minLevel": 5,
      "maxLevel": 15,
      "typeID": "pokemon",
      "condition": {
        "times": [
          "AFTERNOON",
          "DUSK"
        ],
        "biomes": [
          "#pixelmon:spawning/plains",
          "minecraft:snowy_plains"
        ]
      },
      "groupSpawnSettings": [
        {
          "spec": "Mareep",
          "amount": {
            "min_value": 3,
            "max_value": 4
          },
          "spawn_range_minimum": {
            "x": 1,
            "y": 1,
            "z": 1
          },
          "spawn_range_maximum": {
            "x": 5,
            "y": 5,
            "z": 5
          },
          "chance": 0.1
        }
      ],
      "rarity": 250.0
    },
	{
      "spec": "species:Mareep palette:christmas 1",
      "stringLocationTypes": [
        "Land"
      ],
      "minLevel": 5,
      "maxLevel": 15,
      "typeID": "pokemon",
      "condition": {
        "times": [
          "AFTERNOON",
          "DUSK"
        ],
        "biomes": [
          "#pixelmon:spawning/plains",
          "minecraft:snowy_plains"
        ]
      },
      "groupSpawnSettings": [
        {
          "spec": "Mareep",
          "amount": {
            "min_value": 3,
            "max_value": 4
          },
          "spawn_range_minimum": {
            "x": 1,
            "y": 1,
            "z": 1
          },
          "spawn_range_maximum": {
            "x": 5,
            "y": 5,
            "z": 5
          },
          "chance": 0.1
        }
      ],
      "rarity": 25.0
    },
	{
      "spec": "species:Mareep palette:christmas 2",
      "stringLocationTypes": [
        "Land"
      ],
      "minLevel": 5,
      "maxLevel": 15,
      "typeID": "pokemon",
      "condition": {
        "times": [
          "AFTERNOON",
          "DUSK"
        ],
        "biomes": [
          "#pixelmon:spawning/plains",
          "minecraft:snowy_plains"
        ]
      },
      "groupSpawnSettings": [
        {
          "spec": "Mareep",
          "amount": {
            "min_value": 3,
            "max_value": 4
          },
          "spawn_range_minimum": {
            "x": 1,
            "y": 1,
            "z": 1
          },
          "spawn_range_maximum": {
            "x": 5,
            "y": 5,
            "z": 5
          },
          "chance": 0.1
        }
      ],
      "rarity": 25.0
    },
	{
      "spec": "species:Mareep palette:easter",
      "stringLocationTypes": [
        "Land"
      ],
      "minLevel": 5,
      "maxLevel": 15,
      "typeID": "pokemon",
      "condition": {
        "times": [
          "AFTERNOON",
          "DUSK"
        ],
        "biomes": [
          "#pixelmon:spawning/plains",
          "minecraft:snowy_plains"
        ]
      },
      "groupSpawnSettings": [
        {
          "spec": "Mareep",
          "amount": {
            "min_value": 3,
            "max_value": 4
          },
          "spawn_range_minimum": {
            "x": 1,
            "y": 1,
            "z": 1
          },
          "spawn_range_maximum": {
            "x": 5,
            "y": 5,
            "z": 5
          },
          "chance": 0.1
        }
      ],
      "rarity": 25.0
    },
	{
      "spec": "species:Mareep palette:shadow",
      "stringLocationTypes": [
        "Land"
      ],
      "minLevel": 5,
      "maxLevel": 15,
      "typeID": "pokemon",
      "condition": {
        "times": [
          "AFTERNOON",
          "DUSK"
        ],
        "biomes": [
          "#pixelmon:spawning/plains",
          "minecraft:snowy_plains"
        ]
      },
      "groupSpawnSettings": [
        {
          "spec": "Mareep",
          "amount": {
            "min_value": 3,
            "max_value": 4
          },
          "spawn_range_minimum": {
            "x": 1,
            "y": 1,
            "z": 1
          },
          "spawn_range_maximum": {
            "x": 5,
            "y": 5,
            "z": 5
          },
          "chance": 0.1
        }
      ],
      "rarity": 25.0
    },
	{
      "spec": "species:Mareep palette:summer",
      "stringLocationTypes": [
        "Land"
      ],
      "minLevel": 5,
      "maxLevel": 15,
      "typeID": "pokemon",
      "condition": {
        "times": [
          "AFTERNOON",
          "DUSK"
        ],
        "biomes": [
          "#pixelmon:spawning/plains",
          "minecraft:snowy_plains"
        ]
      },
      "groupSpawnSettings": [
        {
          "spec": "Mareep",
          "amount": {
            "min_value": 3,
            "max_value": 4
          },
          "spawn_range_minimum": {
            "x": 1,
            "y": 1,
            "z": 1
          },
          "spawn_range_maximum": {
            "x": 5,
            "y": 5,
            "z": 5
          },
          "chance": 0.1
        }
      ],
      "rarity": 25.0
    }
  ]
}
