{
  "id": "Masquerain",
  "spawnInfos": [
    {
      "spec": "species:Masquerain",
      "stringLocationTypes": [
        "Land"
      ],
      "minLevel": 25,
      "maxLevel": 35,
      "typeID": "pokemon",
      "heldItems": [
        {
          "itemID": "pixelmon:silver_powder",
          "percentChance": 5
        }
      ],
      "condition": {
        "times": [
          "DAWN",
          "DUSK"
        ],
        "biomes": [
          "minecraft:river",
          "#pixelmon:spawning/swamps",
          "#pixelmon:spawning/lakes",
          "byg:crag_gardens",
          "terralith:warm_river"
        ]
      },
      "rarity": 6.0
    },
	{
      "spec": "species:Masquerain palette:arctic",
      "stringLocationTypes": [
        "Land"
      ],
      "minLevel": 25,
      "maxLevel": 35,
      "typeID": "pokemon",
      "heldItems": [
        {
          "itemID": "pixelmon:silver_powder",
          "percentChance": 5
        }
      ],
      "condition": {
        "times": [
          "DAWN",
          "DUSK"
        ],
        "biomes": [
          "minecraft:river",
          "#pixelmon:spawning/swamps",
          "#pixelmon:spawning/lakes",
          "byg:crag_gardens",
          "terralith:warm_river"
        ]
      },
      "rarity": 0.6
    },
	{
      "spec": "species:Masquerain palette:fusion",
      "stringLocationTypes": [
        "Land"
      ],
      "minLevel": 25,
      "maxLevel": 35,
      "typeID": "pokemon",
      "heldItems": [
        {
          "itemID": "pixelmon:silver_powder",
          "percentChance": 5
        }
      ],
      "condition": {
        "times": [
          "DAWN",
          "DUSK"
        ],
        "biomes": [
          "minecraft:river",
          "#pixelmon:spawning/swamps",
          "#pixelmon:spawning/lakes",
          "byg:crag_gardens",
          "terralith:warm_river"
        ]
      },
      "rarity": 0.6
    },
	{
      "spec": "species:Masquerain palette:halloween 1",
      "stringLocationTypes": [
        "Land"
      ],
      "minLevel": 25,
      "maxLevel": 35,
      "typeID": "pokemon",
      "heldItems": [
        {
          "itemID": "pixelmon:silver_powder",
          "percentChance": 5
        }
      ],
      "condition": {
        "times": [
          "DAWN",
          "DUSK"
        ],
        "biomes": [
          "minecraft:river",
          "#pixelmon:spawning/swamps",
          "#pixelmon:spawning/lakes",
          "byg:crag_gardens",
          "terralith:warm_river"
        ]
      },
      "rarity": 0.6
    },
	{
      "spec": "species:Masquerain palette:halloween 2",
      "stringLocationTypes": [
        "Land"
      ],
      "minLevel": 25,
      "maxLevel": 35,
      "typeID": "pokemon",
      "heldItems": [
        {
          "itemID": "pixelmon:silver_powder",
          "percentChance": 5
        }
      ],
      "condition": {
        "times": [
          "DAWN",
          "DUSK"
        ],
        "biomes": [
          "minecraft:river",
          "#pixelmon:spawning/swamps",
          "#pixelmon:spawning/lakes",
          "byg:crag_gardens",
          "terralith:warm_river"
        ]
      },
      "rarity": 0.6
    }
  ]
}
