{
  "id": "Medicham",
  "spawnInfos": [
    {
      "spec": "species:Medicham",
      "stringLocationTypes": [
        "Land"
      ],
      "minLevel": 38,
      "maxLevel": 45,
      "typeID": "pokemon",
      "condition": {
        "times": [
          "NIGHT"
        ],
        "biomes": [
          "#pixelmon:spawning/mountainous_forests"
        ]
      },
      "rarity": 6.0
    },
	{
      "spec": "species:Medicham palette:anubis",
      "stringLocationTypes": [
        "Land"
      ],
      "minLevel": 38,
      "maxLevel": 45,
      "typeID": "pokemon",
      "condition": {
        "times": [
          "NIGHT"
        ],
        "biomes": [
          "#pixelmon:spawning/mountainous_forests"
        ]
      },
      "rarity": 0.6
    },
	{
      "spec": "species:Medicham palette:fusion 1",
      "stringLocationTypes": [
        "Land"
      ],
      "minLevel": 38,
      "maxLevel": 45,
      "typeID": "pokemon",
      "condition": {
        "times": [
          "NIGHT"
        ],
        "biomes": [
          "#pixelmon:spawning/mountainous_forests"
        ]
      },
      "rarity": 0.6
    },
	{
      "spec": "species:Medicham palette:fusion 2",
      "stringLocationTypes": [
        "Land"
      ],
      "minLevel": 38,
      "maxLevel": 45,
      "typeID": "pokemon",
      "condition": {
        "times": [
          "NIGHT"
        ],
        "biomes": [
          "#pixelmon:spawning/mountainous_forests"
        ]
      },
      "rarity": 0.6
    },
	{
      "spec": "species:Medicham palette:galaxy",
      "stringLocationTypes": [
        "Land"
      ],
      "minLevel": 38,
      "maxLevel": 45,
      "typeID": "pokemon",
      "condition": {
        "times": [
          "NIGHT"
        ],
        "biomes": [
          "#pixelmon:spawning/mountainous_forests"
        ]
      },
      "rarity": 0.6
    }
  ]
}
